entity_type	entity_name	internal_id	location	sub_area	region	acquisition_method	cost	currency	quantity	repeatable	prerequisites	earliest_gate	gate_basis	trade_given	trade_received	vendor_stock	missable	missable_reason	source_file	confidence	notes	reward_trainer
TM	TM001 Focus Punch	264	Jagged Pass, from Maylene after defeating her		Hoenn	reward/ground			1	one_time	location reachability	07_Pre-MtChimney-Magma	location reachability				UNK		General_Documents___Locations.xlsx	Measured	move name reconstructed from split columns	
TM	TM002 Dragon Claw	337	Fallarbor Town, from the former Move Tutor after defeating Flannery		Hoenn	reward/ground			1	one_time	after flannery	09_Pre-TrickHouse	after flannery				UNK		General_Documents___Locations.xlsx	Measured	move name reconstructed from split columns	
TM	TM003 Flip Turn	740	Slateport City, from the Aqua grunt nearest the entrace inside		Hoenn	reward/ground			1	one_time	location reachability	04_Pre-Aqua-Museum	location reachability				UNK		General_Documents___Locations.xlsx	Measured	move name reconstructed from split columns	
TM	TM004 Calm Mind	347	Verdanturf Town, from Ursula after defeating her in a “dance battle”		Hoenn	reward/ground			1	one_time	location reachability	06_Pre-Wattson	location reachability				UNK		General_Documents___Locations.xlsx	Measured	move name reconstructed from split columns	
TM	TM005 Roar	46	Route 114, from the man next to his Poochyena		Hoenn	reward/ground			1	one_time	location reachability	08_Pre-Flannery	location reachability				UNK		General_Documents___Locations.xlsx	Measured	NONE	
TM	TM006 Toxic	92	Mauville City’s Game Corner		Hoenn	reward/ground			1	one_time	location reachability	06_Pre-Wattson	location reachability				UNK		General_Documents___Locations.xlsx	Measured	NONE	
TM	TM007 Snowscape	809	Route 114, on the cliffs past a smashable rock		Hoenn	reward/ground			1	one_time	location reachability	08_Pre-Flannery	location reachability				UNK		General_Documents___Locations.xlsx	Measured	NONE	
TM	TM008 Bulk Up	339	Verdanturf Town, from Ursula after defeating her in a “dance battle”		Hoenn	reward/ground			1	one_time	location reachability	06_Pre-Wattson	location reachability				UNK		General_Documents___Locations.xlsx	Measured	move name reconstructed from split columns	
TM	TM009 Bullet Seed	331	Route 104, from the man close to the northern exit of Petalburg Woods		Hoenn	reward/ground			1	one_time	location reachability	01_Pre-Roxanne	location reachability				UNK		General_Documents___Locations.xlsx	Measured	move name reconstructed from split columns	
TM	TM010 Hidden Power	237	Route 117, from the Ninja Kid hidden below the flower field		Hoenn	reward/ground			1	one_time	location reachability	06_Pre-Wattson	location reachability				UNK		General_Documents___Locations.xlsx	Measured	move name reconstructed from split columns	
TM	TM011 Sunny Day	241	Route 124, on the ground, requires Surf		Hoenn	reward/ground			1	one_time	location reachability	15_Pre-Tate-and-Liza	location reachability				UNK		General_Documents___Locations.xlsx	Measured	move name reconstructed from split columns	
TM	TM012 Taunt	269	Mauville City’s Game Corner		Hoenn	reward/ground			1	one_time	location reachability	06_Pre-Wattson	location reachability				UNK		General_Documents___Locations.xlsx	Measured	NONE	
TM	TM013 Ice Beam	58	Lavaridge Town’s outdoor Mart worker		Hoenn	reward/ground			1	one_time	location reachability	08_Pre-Flannery	location reachability				UNK		General_Documents___Locations.xlsx	Measured	move name reconstructed from split columns	
TM	TM014 Blizzard	59	Route 125, from Candice after defeating her		Hoenn	reward/ground			1	one_time	location reachability	16_Pre-Seafloor-Cavern	location reachability				UNK		General_Documents___Locations.xlsx	Measured	NONE	
TM	TM015 Electroweb	527	Dewford Town’s outdoor Mart workers		Hoenn	reward/ground			1	one_time	location reachability	03_Pre-Brawly	location reachability				UNK		General_Documents___Locations.xlsx	Measured	NONE	
TM	TM016 Light Screen	113	Mauville City’s Game Corner		Hoenn	reward/ground			1	one_time	location reachability	06_Pre-Wattson	location reachability				UNK		General_Documents___Locations.xlsx	Measured	move name reconstructed from split columns	
TM	TM017 Protect	182	Mauville City’s Game Corner		Hoenn	reward/ground			1	one_time	location reachability	06_Pre-Wattson	location reachability				UNK		General_Documents___Locations.xlsx	Measured	NONE	
TM	TM018 Rain Dance	240	Route 121, on the ground South of the entrance to the Safari Zone		Hoenn	reward/ground			1	one_time	location reachability	13_Pre-Dawn-Lilycove	location reachability				UNK		General_Documents___Locations.xlsx	Measured	move name reconstructed from split columns	
TM	TM019 Giga Drain	202	Mauville City’s Game Corner		Hoenn	reward/ground			1	one_time	location reachability	06_Pre-Wattson	location reachability				UNK		General_Documents___Locations.xlsx	Measured	move name reconstructed from split columns	
TM	TM020 Hyper Voice	304	Lavaridge Town’s outdoor Mart worker		Hoenn	reward/ground			1	one_time	location reachability	08_Pre-Flannery	location reachability				UNK		General_Documents___Locations.xlsx	Measured	move name reconstructed from split columns	
TM	TM021 Icy Wind	196	Dewford Town’s outdoor Mart workers		Hoenn	reward/ground			1	one_time	location reachability	03_Pre-Brawly	location reachability				UNK		General_Documents___Locations.xlsx	Measured	move name reconstructed from split columns	
TM	TM022 Solar Beam	76	Trick House, reward for completing second puzzle		Hoenn	reward/ground			1	one_time	location reachability	05_Pre-Route110-Rival	location reachability				UNK		General_Documents___Locations.xlsx	Measured	move name reconstructed from split columns	
TM	TM023 Iron Tail	231	Meteor Falls, on the ground near the Southern exit		Hoenn	reward/ground			1	one_time	location reachability	07_Pre-MtChimney-Magma	location reachability				UNK		General_Documents___Locations.xlsx	Measured	move name reconstructed from split columns	
TM	TM024 Thunderbolt	85	Lavaridge Town’s outdoor Mart worker		Hoenn	reward/ground			1	one_time	location reachability	08_Pre-Flannery	location reachability				UNK		General_Documents___Locations.xlsx	Measured	NONE	
TM	TM025 Thunder	87	Fallarbor Town, from the former Move Tutor after defeating Flannery		Hoenn	reward/ground			1	one_time	after flannery	09_Pre-TrickHouse	after flannery				UNK		General_Documents___Locations.xlsx	Measured	NONE	
TM	TM026 Earthquake	89	Fortree City, from creator Xavier after defeating him		Hoenn	reward/ground			1	one_time	location reachability	12_Pre-Winona	location reachability				UNK		General_Documents___Locations.xlsx	Measured	NONE	
TM	TM027 Return	216	Petalburg City, from Norman after defeating him		Hoenn	reward/ground			1	one_time	after norman	11_Pre-Route119-Rival	after norman				UNK		General_Documents___Locations.xlsx	Measured	NONE	
TM	TM028 Dig	91	Fallarbor Town, from kid brother of the Fossil Maniac		Hoenn	reward/ground			1	one_time	location reachability	07_Pre-MtChimney-Magma	location reachability				UNK		General_Documents___Locations.xlsx	Measured	NONE	
TM	TM029 Psychic	94	Route 117, from Fantina after defeating her in the flower field		Hoenn	reward/ground			1	one_time	location reachability	06_Pre-Wattson	location reachability				UNK		General_Documents___Locations.xlsx	Measured	NONE	
TM	TM030 Shadow Ball	247	Route 117, from Fantina after defeating her in the flower field		Hoenn	reward/ground			1	one_time	location reachability	06_Pre-Wattson	location reachability				UNK		General_Documents___Locations.xlsx	Measured	move name reconstructed from split columns	
TM	TM031 Brick Break	280	Route 117, from Fantina after defeating her in the flower field		Hoenn	reward/ground			1	one_time	location reachability	06_Pre-Wattson	location reachability				UNK		General_Documents___Locations.xlsx	Measured	move name reconstructed from split columns	
TM	TM032 Solar Blade	632	Trick House, reward for completing second puzzle		Hoenn	reward/ground			1	one_time	location reachability	05_Pre-Route110-Rival	location reachability				UNK		General_Documents___Locations.xlsx	Measured	move name reconstructed from split columns	
TM	TM033 Reflect	115	Mauville City’s Game Corner		Hoenn	reward/ground			1	one_time	location reachability	06_Pre-Wattson	location reachability				UNK		General_Documents___Locations.xlsx	Measured	NONE	
TM	TM034 Teleport	100	Fallarbor Town, from the former Move Tutor after defeating Flannery		Hoenn	reward/ground			1	one_time	after flannery	09_Pre-TrickHouse	after flannery				UNK		General_Documents___Locations.xlsx	Measured	NONE	
TM	TM035 Flamethrower	53	Lavaridge Town’s outdoor Mart worker		Hoenn	reward/ground			1	one_time	location reachability	08_Pre-Flannery	location reachability				UNK		General_Documents___Locations.xlsx	Measured	NONE	
TM	TM036 Sludge	124	Bomb Lavaridge Town’s outdoor Mart worker		Hoenn	reward/ground			1	one_time	location reachability	08_Pre-Flannery	location reachability				UNK		General_Documents___Locations.xlsx	Measured	NONE	
TM	TM037 Sandstorm	201	Route 111, on the ground near the Southern entrance to the desert		Hoenn	reward/ground			1	one_time	location reachability	08_Pre-Flannery	location reachability				UNK		General_Documents___Locations.xlsx	Measured	NONE	
TM	TM038 Fire Blast	126	Fallarbor Town, from the former Move Tutor after defeating Flannery		Hoenn	reward/ground			1	one_time	after flannery	09_Pre-TrickHouse	after flannery				UNK		General_Documents___Locations.xlsx	Measured	move name reconstructed from split columns	
TM	TM039 Rock Tomb	317	Route 116, from Roark after defeating him		Hoenn	reward/ground			1	one_time	location reachability	02_Pre-Rustboro-Rival	location reachability				UNK		General_Documents___Locations.xlsx	Measured	move name reconstructed from split columns	
TM	TM040 Aerial Ace	332	Dewford Town’s outdoor Mart workers		Hoenn	reward/ground			1	one_time	location reachability	03_Pre-Brawly	location reachability				UNK		General_Documents___Locations.xlsx	Measured	move name reconstructed from split columns	
TM	TM041 Dragon Dance	349	Fortree City, from creator Justin after defeating him		Hoenn	reward/ground			1	one_time	location reachability	12_Pre-Winona	location reachability				UNK		General_Documents___Locations.xlsx	Measured	move name reconstructed from split columns	
TM	TM042 Facade	263	Petalburg City, from Norman after defeating him		Hoenn	reward/ground			1	one_time	after norman	11_Pre-Route119-Rival	after norman				UNK		General_Documents___Locations.xlsx	Measured	NONE	
TM	TM043 Defog	432	Route 111, from the kid staring at a tree past Fiery Path		Hoenn	reward/ground			1	one_time	location reachability	07_Pre-MtChimney-Magma	location reachability				UNK		General_Documents___Locations.xlsx	Measured	NONE	
TM	TM044 Rest	156	Mauville City’s Game Corner		Hoenn	reward/ground			1	one_time	location reachability	06_Pre-Wattson	location reachability				UNK		General_Documents___Locations.xlsx	Measured	NONE	
TM	TM045 Drain	UNK	Kiss Verdanturf Town, in the lobby of the Battle Tent		Hoenn	reward/ground			1	one_time	location reachability	06_Pre-Wattson	location reachability				UNK		General_Documents___Locations.xlsx	Unresolved	move name did not resolve against moveData	
TM	TM046 Thief	168	Slateport City, in the lobby of the Battle Tent		Hoenn	reward/ground			1	one_time	location reachability	04_Pre-Aqua-Museum	location reachability				UNK		General_Documents___Locations.xlsx	Measured	NONE	
TM	TM047 Steel Wing	211	Granite Cave, from Steven after delivering the letter to him		Hoenn	reward/ground			1	one_time	location reachability	03_Pre-Brawly	location reachability				UNK		General_Documents___Locations.xlsx	Measured	move name reconstructed from split columns	
TM	TM048 Meteor Beam	728	Petalburg City, from Wally’s dad after defeating Norman		Hoenn	reward/ground			1	one_time	after norman	11_Pre-Route119-Rival	after norman				UNK		General_Documents___Locations.xlsx	Measured	move name reconstructed from split columns	
TM	TM049 Leech Life	141	Mauville City’s Game Corner		Hoenn	reward/ground			1	one_time	location reachability	06_Pre-Wattson	location reachability				UNK		General_Documents___Locations.xlsx	Measured	move name reconstructed from split columns	
TM	TM050 Overheat	315	Lavaridge Town, fromFlannery after defeating her		Hoenn	reward/ground			1	one_time	after flannery	09_Pre-TrickHouse	after flannery				UNK		General_Documents___Locations.xlsx	Measured	NONE	
TM	TM051 Roost	355	Route 111, from Dawn after defeating her		Hoenn	reward/ground			1	one_time	location reachability	07_Pre-MtChimney-Magma	location reachability				UNK		General_Documents___Locations.xlsx	Measured	NONE	
TM	TM052 Focus Blast	411	Jagged Pass, from Maylene after defeating her		Hoenn	reward/ground			1	one_time	location reachability	07_Pre-MtChimney-Magma	location reachability				UNK		General_Documents___Locations.xlsx	Measured	move name reconstructed from split columns	
TM	TM053 Energy Ball	412	Lavaridge Town’s outdoor Mart worker		Hoenn	reward/ground			1	one_time	location reachability	08_Pre-Flannery	location reachability				UNK		General_Documents___Locations.xlsx	Measured	move name reconstructed from split columns	
TM	TM054 Grassy Glide	731	Trick House, reward for completing second puzzle		Hoenn	reward/ground			1	one_time	location reachability	05_Pre-Route110-Rival	location reachability				UNK		General_Documents___Locations.xlsx	Measured	move name reconstructed from split columns	
TM	TM055 Expanding Force	725	Mossdeep City, from Tate and Liza after defeating them		Hoenn	reward/ground			1	one_time	after tate	16_Pre-Seafloor-Cavern	after tate				UNK		General_Documents___Locations.xlsx	Measured	move name reconstructed from split columns	
TM	TM056 Power up Punch	612	Verdanturf Town, from Ursula after defeating her in a “dance battle”		Hoenn	reward/ground			1	one_time	location reachability	06_Pre-Wattson	location reachability				UNK		General_Documents___Locations.xlsx	Measured	move name reconstructed from split columns	
TM	TM057 Charge	268	Beam Verdanturf Town, from Ursula after defeating her in a “dance battle”		Hoenn	reward/ground			1	one_time	location reachability	06_Pre-Wattson	location reachability				UNK		General_Documents___Locations.xlsx	Measured	NONE	
TM	TM058 Rising Voltage	732	Evergrande City, from Volkner after defeating him		Hoenn	reward/ground			1	one_time	location reachability	18_Pre-Wally-VictoryRoad	location reachability				UNK		General_Documents___Locations.xlsx	Measured	move name reconstructed from split columns	
TM	TM059 Dragon Pulse	406	Petalburg City, from Wally’s dad after defeating Norman		Hoenn	reward/ground			1	one_time	after norman	11_Pre-Route119-Rival	after norman				UNK		General_Documents___Locations.xlsx	Measured	move name reconstructed from split columns	
TM	TM060 Drain Punch	409	Jagged Pass, from Maylene after defeating her		Hoenn	reward/ground			1	one_time	location reachability	07_Pre-MtChimney-Magma	location reachability				UNK		General_Documents___Locations.xlsx	Measured	move name reconstructed from split columns	
TM	TM061 Will-O-Wisp	261	Lavaridge Town, fromFlannery after defeating her		Hoenn	reward/ground			1	one_time	after flannery	09_Pre-TrickHouse	after flannery				UNK		General_Documents___Locations.xlsx	Measured	NONE	
TM	TM062 Silver Wind	318	Mauville City’s Game Corner		Hoenn	reward/ground			1	one_time	location reachability	06_Pre-Wattson	location reachability				UNK		General_Documents___Locations.xlsx	Measured	move name reconstructed from split columns	
TM	TM063 Venoshock	474	Mauville City’s Game Corner		Hoenn	reward/ground			1	one_time	location reachability	06_Pre-Wattson	location reachability				UNK		General_Documents___Locations.xlsx	Measured	NONE	
TM	TM064 Explosion	153	Mauville City’s Game Corner		Hoenn	reward/ground			1	one_time	location reachability	06_Pre-Wattson	location reachability				UNK		General_Documents___Locations.xlsx	Measured	NONE	
TM	TM065 Shadow Claw	421	Mauville City’s Game Corner		Hoenn	reward/ground			1	one_time	location reachability	06_Pre-Wattson	location reachability				UNK		General_Documents___Locations.xlsx	Measured	move name reconstructed from split columns	
TM	TM066 Dazzling Gleam	605	Mauville City’s Game Corner		Hoenn	reward/ground			1	one_time	location reachability	06_Pre-Wattson	location reachability				UNK		General_Documents___Locations.xlsx	Measured	move name reconstructed from split columns	
TM	TM067 Poltergeist	737	Fallarbor Town, from the former Move Tutor after defeating Flannery		Hoenn	reward/ground			1	one_time	after flannery	09_Pre-TrickHouse	after flannery				UNK		General_Documents___Locations.xlsx	Measured	NONE	
TM	TM068 Dual Chop	530	Petalburg City, from Wally’s dad after defeating Norman		Hoenn	reward/ground			1	one_time	after norman	11_Pre-Route119-Rival	after norman				UNK		General_Documents___Locations.xlsx	Measured	move name reconstructed from split columns	
TM	TM069 Rock Polish	397	Verdanturf Town, from Ursula after defeating her in a “dance battle”		Hoenn	reward/ground			1	one_time	location reachability	06_Pre-Wattson	location reachability				UNK		General_Documents___Locations.xlsx	Measured	move name reconstructed from split columns	
TM	TM070 Triple Axel	741	Route 125, from Candice after defeating her		Hoenn	reward/ground			1	one_time	location reachability	16_Pre-Seafloor-Cavern	location reachability				UNK		General_Documents___Locations.xlsx	Measured	move name reconstructed from split columns	
TM	TM071 Stone Edge	444	Trick House, reward for completing third puzzle		Hoenn	reward/ground			1	one_time	location reachability	05_Pre-Route110-Rival	location reachability				UNK		General_Documents___Locations.xlsx	Measured	move name reconstructed from split columns	
TM	TM072 Psyshock	473	Mauville City’s Game Corner		Hoenn	reward/ground			1	one_time	location reachability	06_Pre-Wattson	location reachability				UNK		General_Documents___Locations.xlsx	Measured	NONE	
TM	TM073 Thunder	87	Wave Fallarbor Town, from the former Move Tutor after defeating Flannery		Hoenn	reward/ground			1	one_time	after flannery	09_Pre-TrickHouse	after flannery				UNK		General_Documents___Locations.xlsx	Measured	NONE	
TM	TM074 Gyro Ball	360	Mauville City’s Game Corner		Hoenn	reward/ground			1	one_time	location reachability	06_Pre-Wattson	location reachability				UNK		General_Documents___Locations.xlsx	Measured	move name reconstructed from split columns	
TM	TM075 Swords Dance	14	Petalburg City, from Norman after defeating him		Hoenn	reward/ground			1	one_time	after norman	11_Pre-Route119-Rival	after norman				UNK		General_Documents___Locations.xlsx	Measured	move name reconstructed from split columns	
TM	TM076 Stealth Rock	446	Route 120, from Byron after defeating him		Hoenn	reward/ground			1	one_time	location reachability	13_Pre-Dawn-Lilycove	location reachability				UNK		General_Documents___Locations.xlsx	Measured	move name reconstructed from split columns	
TM	TM077 Flame Charge	488	Verdanturf Town, from Ursula after defeating her in a “dance battle”		Hoenn	reward/ground			1	one_time	location reachability	06_Pre-Wattson	location reachability				UNK		General_Documents___Locations.xlsx	Measured	move name reconstructed from split columns	
TM	TM078 Low Sweep	490	Dewford Gym, from Brawly after defeating him		Hoenn	reward/ground			1	one_time	after brawly	04_Pre-Aqua-Museum	after brawly				UNK		General_Documents___Locations.xlsx	Measured	move name reconstructed from split columns	
TM	TM079 Dark Pulse	399	Lavaridge Town’s outdoor Mart worker		Hoenn	reward/ground			1	one_time	location reachability	08_Pre-Flannery	location reachability				UNK		General_Documents___Locations.xlsx	Measured	move name reconstructed from split columns	
TM	TM080 Rock Slide	157	Mauville City’s Game Corner		Hoenn	reward/ground			1	one_time	location reachability	06_Pre-Wattson	location reachability				UNK		General_Documents___Locations.xlsx	Measured	move name reconstructed from split columns	
TM	TM081 X-Scissor	404	Route 113, Northeast of the Twins		Hoenn	reward/ground			1	one_time	location reachability	07_Pre-MtChimney-Magma	location reachability				UNK		General_Documents___Locations.xlsx	Measured	NONE	
TM	TM082 Sleep Talk	214	Mauville City’s Game Corner		Hoenn	reward/ground			1	one_time	location reachability	06_Pre-Wattson	location reachability				UNK		General_Documents___Locations.xlsx	Measured	move name reconstructed from split columns	
TM	TM083 Scald	503	Route 111, from Dawn after defeating her		Hoenn	reward/ground			1	one_time	location reachability	07_Pre-MtChimney-Magma	location reachability				UNK		General_Documents___Locations.xlsx	Measured	NONE	
TM	TM084 Poison Jab	398	Mauville City’s Game Corner		Hoenn	reward/ground			1	one_time	location reachability	06_Pre-Wattson	location reachability				UNK		General_Documents___Locations.xlsx	Measured	move name reconstructed from split columns	
TM	TM085 Future Sight	248	Petalburg City, from Wally’s dad after defeating Norman		Hoenn	reward/ground			1	one_time	after norman	11_Pre-Route119-Rival	after norman				UNK		General_Documents___Locations.xlsx	Measured	move name reconstructed from split columns	
TM	TM086 Grass Knot	447	Trick House, reward for completing second puzzle		Hoenn	reward/ground			1	one_time	location reachability	05_Pre-Route110-Rival	location reachability				UNK		General_Documents___Locations.xlsx	Measured	move name reconstructed from split columns	
TM	TM087 Low Kick	67	Dewford Town’s outdoor Mart workers		Hoenn	reward/ground			1	one_time	location reachability	03_Pre-Brawly	location reachability				UNK		General_Documents___Locations.xlsx	Measured	move name reconstructed from split columns	
TM	TM088 Pluck	365	Dewford Town’s outdoor Mart workers		Hoenn	reward/ground			1	one_time	location reachability	03_Pre-Brawly	location reachability				UNK		General_Documents___Locations.xlsx	Measured	NONE	
TM	TM089 U-Turn	369	Petalburg Woods, from Gardenia after defeating her		Hoenn	reward/ground			1	one_time	location reachability	01_Pre-Roxanne	location reachability				UNK		General_Documents___Locations.xlsx	Measured	NONE	
TM	TM090 Substitute	164	Fortree City, from creator Isaac after defeating him		Hoenn	reward/ground			1	one_time	location reachability	12_Pre-Winona	location reachability				UNK		General_Documents___Locations.xlsx	Measured	NONE	
TM	TM091 Flash	148	Cannon Route 111, from Dawn after defeating her		Hoenn	reward/ground			1	one_time	location reachability	07_Pre-MtChimney-Magma	location reachability				UNK		General_Documents___Locations.xlsx	Measured	NONE	
TM	TM092 Volt Switch	521	Mauville City’s gym, from Wattson after defeating him		Hoenn	reward/ground			1	one_time	after wattson	07_Pre-MtChimney-Magma	after wattson				UNK		General_Documents___Locations.xlsx	Measured	move name reconstructed from split columns	
TM	TM093 Dragon Tail	525	Mauville City’s Game Corner		Hoenn	reward/ground			1	one_time	location reachability	06_Pre-Wattson	location reachability				UNK		General_Documents___Locations.xlsx	Measured	move name reconstructed from split columns	
TM	TM094 Trailblaze	811	Verdanturf Town, from Ursula after defeating her in a “dance battle”		Hoenn	reward/ground			1	one_time	location reachability	06_Pre-Wattson	location reachability				UNK		General_Documents___Locations.xlsx	Measured	NONE	
TM	TM095 Acrobatics	512	Fortree City, from Winona after defeating her		Hoenn	reward/ground			1	one_time	after winona	13_Pre-Dawn-Lilycove	after winona				UNK		General_Documents___Locations.xlsx	Measured	NONE	
TM	TM096 Bulldoze	523	Rustboro gym, from Roxanne after defeating her		Hoenn	reward/ground			1	one_time	after roxanne	02_Pre-Rustboro-Rival	after roxanne				UNK		General_Documents___Locations.xlsx	Measured	NONE	
TM	TM097 Snarl	555	Dewford Town’s outdoor Mart workers		Hoenn	reward/ground			1	one_time	location reachability	03_Pre-Brawly	location reachability				UNK		General_Documents___Locations.xlsx	Measured	NONE	
TM	TM098 Work Up	526	Verdanturf Town, from Ursula after defeating her in a “dance battle”		Hoenn	reward/ground			1	one_time	location reachability	06_Pre-Wattson	location reachability				UNK		General_Documents___Locations.xlsx	Measured	move name reconstructed from split columns	
TM	TM099 Wild Charge	528	New Mauville, on the ground		Hoenn	reward/ground			1	one_time	location reachability	09_Pre-TrickHouse	location reachability				UNK		General_Documents___Locations.xlsx	Measured	move name reconstructed from split columns	
TM	TM100 Dual Wingbeat	742	Petalburg City, from Wally’s dad after defeating Norman		Hoenn	reward/ground			1	one_time	after norman	11_Pre-Route119-Rival	after norman				UNK		General_Documents___Locations.xlsx	Measured	move name reconstructed from split columns	
TM	TM101 Superpower	276	New Mauville, on the ground		Hoenn	reward/ground			1	one_time	location reachability	09_Pre-TrickHouse	location reachability				UNK		General_Documents___Locations.xlsx	Measured	NONE	
TM	TM102 Scorching Sands	743	Mauville City’s Game Corner		Hoenn	reward/ground			1	one_time	location reachability	06_Pre-Wattson	location reachability				UNK		General_Documents___Locations.xlsx	Measured	move name reconstructed from split columns	
TM	TM103 Smack Down	479	Dewford Town’s outdoor Mart workers		Hoenn	reward/ground			1	one_time	location reachability	03_Pre-Brawly	location reachability				UNK		General_Documents___Locations.xlsx	Measured	move name reconstructed from split columns	
TM	TM104 Heat Crash	535	Lavaridge Town, fromFlannery after defeating her		Hoenn	reward/ground			1	one_time	after flannery	09_Pre-TrickHouse	after flannery				UNK		General_Documents___Locations.xlsx	Measured	move name reconstructed from split columns	
TM	TM105 Body Press	704	Jagged Pass, from Maylene after defeating her		Hoenn	reward/ground			1	one_time	location reachability	07_Pre-MtChimney-Magma	location reachability				UNK		General_Documents___Locations.xlsx	Measured	move name reconstructed from split columns	
TM	TM106 Trick	271	Room Mossdeep City, from Tate and Liza after defeating them		Hoenn	reward/ground			1	one_time	after tate	16_Pre-Seafloor-Cavern	after tate				UNK		General_Documents___Locations.xlsx	Measured	NONE	
TM	TM107 Brave Bird	413	Fortree City, from Winona after defeating her		Hoenn	reward/ground			1	one_time	after winona	13_Pre-Dawn-Lilycove	after winona				UNK		General_Documents___Locations.xlsx	Measured	move name reconstructed from split columns	
TM	TM108 Ice Spinner	789	Mauville City’s Game Corner		Hoenn	reward/ground			1	one_time	location reachability	06_Pre-Wattson	location reachability				UNK		General_Documents___Locations.xlsx	Measured	move name reconstructed from split columns	
TM	TM109 Bug Bite	450	Route 104, past the tree that needs Cut North of the Woods		Hoenn	reward/ground			1	one_time	location reachability	01_Pre-Roxanne	location reachability				UNK		General_Documents___Locations.xlsx	Measured	move name reconstructed from split columns	
TM	TM110 Stomping Tantrum	661	Route 103, West of the Trick House and past the trees that need to be Cut		Hoenn	reward/ground			1	one_time	location reachability	05_Pre-Route110-Rival	location reachability				UNK		General_Documents___Locations.xlsx	Measured	move name reconstructed from split columns	
TM	TM111 Fire Punch	7	Route 110, from Rival after defeating them		Hoenn	reward/ground			1	one_time	location reachability	05_Pre-Route110-Rival	location reachability				UNK		General_Documents___Locations.xlsx	Measured	move name reconstructed from split columns	
TM	TM112 Ice Punch	8	Route 110, from Rival after defeating them		Hoenn	reward/ground			1	one_time	location reachability	05_Pre-Route110-Rival	location reachability				UNK		General_Documents___Locations.xlsx	Measured	move name reconstructed from split columns	
TM	TM113 Thunder	87	Punch Route 110, from Rival after defeating them		Hoenn	reward/ground			1	one_time	location reachability	05_Pre-Route110-Rival	location reachability				UNK		General_Documents___Locations.xlsx	Measured	NONE	
TM	TM114 Fire Fang	424	Route 110, from Rival after defeating them		Hoenn	reward/ground			1	one_time	location reachability	05_Pre-Route110-Rival	location reachability				UNK		General_Documents___Locations.xlsx	Measured	move name reconstructed from split columns	
TM	TM115 Ice Fang	423	Route 110, from Rival after defeating them		Hoenn	reward/ground			1	one_time	location reachability	05_Pre-Route110-Rival	location reachability				UNK		General_Documents___Locations.xlsx	Measured	move name reconstructed from split columns	
TM	TM116 Thunder	87	Fang Route 110, from Rival after defeating them		Hoenn	reward/ground			1	one_time	location reachability	05_Pre-Route110-Rival	location reachability				UNK		General_Documents___Locations.xlsx	Measured	NONE	
TM	TM117 Psychic	94	Fangs Route 110, from Rival after defeating them		Hoenn	reward/ground			1	one_time	location reachability	05_Pre-Route110-Rival	location reachability				UNK		General_Documents___Locations.xlsx	Measured	NONE	
TM	TM118 Poison Fang	305	Route 110, from Rival after defeating them		Hoenn	reward/ground			1	one_time	location reachability	05_Pre-Route110-Rival	location reachability				UNK		General_Documents___Locations.xlsx	Measured	move name reconstructed from split columns	
TM	TM119 Iron Head	442	Fallarbor Town, from the former Move Tutor after defeating Flannery		Hoenn	reward/ground			1	one_time	after flannery	09_Pre-TrickHouse	after flannery				UNK		General_Documents___Locations.xlsx	Measured	move name reconstructed from split columns	
TM	TM120 Liquidation	664	Fallarbor Town, from the former Move Tutor after defeating Flannery		Hoenn	reward/ground			1	one_time	after flannery	09_Pre-TrickHouse	after flannery				UNK		General_Documents___Locations.xlsx	Measured	NONE	
TM	TM121 Hydro Pump	56	Fallarbor Town, from the former Move Tutor after defeating Flannery		Hoenn	reward/ground			1	one_time	after flannery	09_Pre-TrickHouse	after flannery				UNK		General_Documents___Locations.xlsx	Measured	move name reconstructed from split columns	
TM	TM122 Drill Run	529	Fallarbor Town, from the former Move Tutor after defeating Flannery		Hoenn	reward/ground			1	one_time	after flannery	09_Pre-TrickHouse	after flannery				UNK		General_Documents___Locations.xlsx	Measured	move name reconstructed from split columns	
TM	TM123 Blaze Kick	299	Fallarbor Town, from the former Move Tutor after defeating Flannery		Hoenn	reward/ground			1	one_time	after flannery	09_Pre-TrickHouse	after flannery				UNK		General_Documents___Locations.xlsx	Measured	move name reconstructed from split columns	
TM	TM124 Pain Split	220	Route 120, central part of the route, requires Surf		Hoenn	reward/ground			1	one_time	location reachability	13_Pre-Dawn-Lilycove	location reachability				UNK		General_Documents___Locations.xlsx	Measured	move name reconstructed from split columns	
TM	TM125 Zen Headbutt	428	Fallarbor Town, from the former Move Tutor after defeating Flannery		Hoenn	reward/ground			1	one_time	after flannery	09_Pre-TrickHouse	after flannery				UNK		General_Documents___Locations.xlsx	Measured	move name reconstructed from split columns	
TM	TM126 Weather Ball	311	Fallarbor Town, from the former Move Tutor after defeating Flannery		Hoenn	reward/ground			1	one_time	after flannery	09_Pre-TrickHouse	after flannery				UNK		General_Documents___Locations.xlsx	Measured	move name reconstructed from split columns	
TM	TM127 Air Slash	403	Fallarbor Town, from the former Move Tutor after defeating Flannery		Hoenn	reward/ground			1	one_time	after flannery	09_Pre-TrickHouse	after flannery				UNK		General_Documents___Locations.xlsx	Measured	move name reconstructed from split columns	
TM	TM128 Hex	506	Fallarbor Town, from the former Move Tutor after defeating Flannery		Hoenn	reward/ground			1	one_time	after flannery	09_Pre-TrickHouse	after flannery				UNK		General_Documents___Locations.xlsx	Measured	NONE	
TM	TM129 Mystical Fire	595	Fallarbor Town, from the former Move Tutor after defeating Flannery		Hoenn	reward/ground			1	one_time	after flannery	09_Pre-TrickHouse	after flannery				UNK		General_Documents___Locations.xlsx	Measured	move name reconstructed from split columns	
TM	TM130 Seed Bomb	402	Fallarbor Town, from the former Move Tutor after defeating Flannery		Hoenn	reward/ground			1	one_time	after flannery	09_Pre-TrickHouse	after flannery				UNK		General_Documents___Locations.xlsx	Measured	move name reconstructed from split columns	
TM	TM131 Leaf Blade	348	Fallarbor Town, from the former Move Tutor after defeating Flannery		Hoenn	reward/ground			1	one_time	after flannery	09_Pre-TrickHouse	after flannery				UNK		General_Documents___Locations.xlsx	Measured	move name reconstructed from split columns	
TM	TM132 Knock Off	282	Fallarbor Town, from the former Move Tutor after defeating Flannery		Hoenn	reward/ground			1	one_time	after flannery	09_Pre-TrickHouse	after flannery				UNK		General_Documents___Locations.xlsx	Measured	move name reconstructed from split columns	
TM	TM133 Power Gem	408	Fallarbor Town, from the former Move Tutor after defeating Flannery		Hoenn	reward/ground			1	one_time	after flannery	09_Pre-TrickHouse	after flannery				UNK		General_Documents___Locations.xlsx	Measured	move name reconstructed from split columns	
TM	TM134 Rock Blast	350	Fallarbor Town, from the former Move Tutor after defeating Flannery		Hoenn	reward/ground			1	one_time	after flannery	09_Pre-TrickHouse	after flannery				UNK		General_Documents___Locations.xlsx	Measured	move name reconstructed from split columns	
TM	TM135 Pin Missile	42	Fallarbor Town, from the former Move Tutor after defeating Flannery		Hoenn	reward/ground			1	one_time	after flannery	09_Pre-TrickHouse	after flannery				UNK		General_Documents___Locations.xlsx	Measured	move name reconstructed from split columns	
TM	TM136 Icicle Spear	333	Fallarbor Town, from the former Move Tutor after defeating Flannery		Hoenn	reward/ground			1	one_time	after flannery	09_Pre-TrickHouse	after flannery				UNK		General_Documents___Locations.xlsx	Measured	move name reconstructed from split columns	
TM	TM137 Tail Slap	541	Fallarbor Town, from the former Move Tutor after defeating Flannery		Hoenn	reward/ground			1	one_time	after flannery	09_Pre-TrickHouse	after flannery				UNK		General_Documents___Locations.xlsx	Measured	move name reconstructed from split columns	
TM	TM138 Arm Thrust	292	Fallarbor Town, from the former Move Tutor after defeating Flannery		Hoenn	reward/ground			1	one_time	after flannery	09_Pre-TrickHouse	after flannery				UNK		General_Documents___Locations.xlsx	Measured	move name reconstructed from split columns	
TM	TM139 Foul Play	492	Fallarbor Town, from the former Move Tutor after defeating Flannery		Hoenn	reward/ground			1	one_time	after flannery	09_Pre-TrickHouse	after flannery				UNK		General_Documents___Locations.xlsx	Measured	move name reconstructed from split columns	
TM	TM140 Iron Defense	334	Fallarbor Town, from the former Move Tutor after defeating Flannery		Hoenn	reward/ground			1	one_time	after flannery	09_Pre-TrickHouse	after flannery				UNK		General_Documents___Locations.xlsx	Measured	move name reconstructed from split columns	
TM	TM141 Nasty Plot	417	Petalburg City, from Norman after defeating him		Hoenn	reward/ground			1	one_time	after norman	11_Pre-Route119-Rival	after norman				UNK		General_Documents___Locations.xlsx	Measured	move name reconstructed from split columns	
TM	TM142 Earth Power	414	Jagged Pass, on the ground along the East side		Hoenn	reward/ground			1	one_time	location reachability	07_Pre-MtChimney-Magma	location reachability				UNK		General_Documents___Locations.xlsx	Measured	move name reconstructed from split columns	
TM	TM143 Aura Sphere	396	Jagged Pass, from Maylene after defeating her		Hoenn	reward/ground			1	one_time	location reachability	07_Pre-MtChimney-Magma	location reachability				UNK		General_Documents___Locations.xlsx	Measured	move name reconstructed from split columns	
TM	TM144 Heat Wave	257	Lavaridge Town, fromFlannery after defeating her		Hoenn	reward/ground			1	one_time	after flannery	09_Pre-TrickHouse	after flannery				UNK		General_Documents___Locations.xlsx	Measured	move name reconstructed from split columns	
TM	TM145 Hurricane	542	Fortree City, from Winona after defeating her		Hoenn	reward/ground			1	one_time	after winona	13_Pre-Dawn-Lilycove	after winona				UNK		General_Documents___Locations.xlsx	Measured	NONE	
TM	TM146 Power Whip	438	Trick House, reward for completing second puzzle		Hoenn	reward/ground			1	one_time	location reachability	05_Pre-Route110-Rival	location reachability				UNK		General_Documents___Locations.xlsx	Measured	move name reconstructed from split columns	
TM	TM147 High Horsepower	630	Route 120, from Byron after defeating him		Hoenn	reward/ground			1	one_time	location reachability	13_Pre-Dawn-Lilycove	location reachability				UNK		General_Documents___Locations.xlsx	Measured	move name reconstructed from split columns	
TM	TM148 Bug Buzz	405	Trick House, reward for completing second puzzle		Hoenn	reward/ground			1	one_time	location reachability	05_Pre-Route110-Rival	location reachability				UNK		General_Documents___Locations.xlsx	Measured	move name reconstructed from split columns	
TM	TM149 Phantom Force	566	Route 115, on the ground, requires Surf		Hoenn	reward/ground			1	one_time	location reachability	08_Pre-Flannery	location reachability				UNK		General_Documents___Locations.xlsx	Measured	move name reconstructed from split columns	
TM	TM150 Flare Blitz	394	Lavaridge Town, fromFlannery after defeating her		Hoenn	reward/ground			1	one_time	after flannery	09_Pre-TrickHouse	after flannery				UNK		General_Documents___Locations.xlsx	Measured	move name reconstructed from split columns	
TM	TM151 Stored Power	500	Fortree City, from the old woman after completing her puzzle		Hoenn	reward/ground			1	one_time	location reachability	12_Pre-Winona	location reachability				UNK		General_Documents___Locations.xlsx	Measured	move name reconstructed from split columns	
TM	TM152 Gunk Shot	441	Trick House, reward for completing first puzzle		Hoenn	reward/ground			1	one_time	location reachability	05_Pre-Route110-Rival	location reachability				UNK		General_Documents___Locations.xlsx	Measured	move name reconstructed from split columns	
TM	TM153 Tailwind	366	Fortree City, from Winona after defeating her		Hoenn	reward/ground			1	one_time	after winona	13_Pre-Dawn-Lilycove	after winona				UNK		General_Documents___Locations.xlsx	Measured	NONE	
TM	TM154 Megahorn	224	Trick House, reward for completing second puzzle		Hoenn	reward/ground			1	one_time	location reachability	05_Pre-Route110-Rival	location reachability				UNK		General_Documents___Locations.xlsx	Measured	NONE	
TM	TM155 Draco Meteor	434	Evergrande City, from Dawn after defeating her and Rival		Hoenn	reward/ground			1	one_time	location reachability	18_Pre-Wally-VictoryRoad	location reachability				UNK		General_Documents___Locations.xlsx	Measured	move name reconstructed from split columns	
TM	TM156 Close Combat	370	Mauville City, from Wattson after shutting down the generator in New Mauville		Hoenn	reward/ground			1	one_time	after wattson	07_Pre-MtChimney-Magma	after wattson				UNK		General_Documents___Locations.xlsx	Measured	move name reconstructed from split columns	
TM	TM157 Moonblast	585	Sootopolis City, from Juan after defeating him		Hoenn	reward/ground			1	one_time	after juan	18_Pre-Wally-VictoryRoad	after juan				UNK		General_Documents___Locations.xlsx	Measured	NONE	
TM	TM158 Body Slam	34	Fallarbor Town, from the former Move Tutor after defeating Flannery		Hoenn	reward/ground			1	one_time	after flannery	09_Pre-TrickHouse	after flannery				UNK		General_Documents___Locations.xlsx	Measured	move name reconstructed from split columns	
TM	TM159 Play rough	583	Fallarbor Town, from the former Move Tutor after defeating Flannery		Hoenn	reward/ground			1	one_time	after flannery	09_Pre-TrickHouse	after flannery				UNK		General_Documents___Locations.xlsx	Measured	move name reconstructed from split columns	
TM	TM160 Water Pulse	352	Route 118, on the ground, past two trainers		Hoenn	reward/ground			1	one_time	location reachability	11_Pre-Route119-Rival	location reachability				UNK		General_Documents___Locations.xlsx	Measured	move name reconstructed from split columns	
TM	TM161 Dark Hole	849	Post game		Hoenn	reward/ground			1	one_time	postgame text	postgame	postgame text				UNK		General_Documents___Locations.xlsx	Measured	move name reconstructed from split columns	
TM	TM162 Sludge	124	Wave Mt. Pyre, outside on a rocky ledge		Hoenn	reward/ground			1	one_time	location reachability	14_Pre-Archie-AquaHideout	location reachability				UNK		General_Documents___Locations.xlsx	Measured	NONE	
TM	TM163 Supercell Slam	844	Evergrande City, from Volkner after defeating him		Hoenn	reward/ground			1	one_time	location reachability	18_Pre-Wally-VictoryRoad	location reachability				UNK		General_Documents___Locations.xlsx	Measured	move name reconstructed from split columns	
TM	TM164 Temper Flare	843	Fiery Path, on the ground in the northwest corner, requires Strength		Hoenn	reward/ground			1	one_time	location reachability	07_Pre-MtChimney-Magma	location reachability				UNK		General_Documents___Locations.xlsx	Measured	move name reconstructed from split columns	
TM	TM165 Scale Shot	727	Victory Road, floor B2F on the ground, must fight Expert to reach		Hoenn	reward/ground			1	one_time	after victory road	18_Pre-Wally-VictoryRoad	after victory road				UNK		General_Documents___Locations.xlsx	Measured	move name reconstructed from split columns	
TM	TM166 Psychic	94	Noise Granite Cave, floor B2F on the ground, requires Mach Bike		Hoenn	reward/ground			1	one_time	location reachability	03_Pre-Brawly	location reachability				UNK		General_Documents___Locations.xlsx	Measured	NONE	
TM	TM167 Alluring Voice	842	Rusturf Tunnel, on the ground near the Verdanturf Town entrance		Hoenn	reward/ground			1	one_time	location reachability	06_Pre-Wattson	location reachability				UNK		General_Documents___Locations.xlsx	Measured	move name reconstructed from split columns	
TM	TM168 Vacuum Wave	410	Route 110, on the ground below Cycling Road		Hoenn	reward/ground			1	one_time	location reachability	05_Pre-Route110-Rival	location reachability				UNK		General_Documents___Locations.xlsx	Measured	move name reconstructed from split columns	
TM	TM169 Spikes	191	Mauville City’s Game Corner		Hoenn	reward/ground			1	one_time	location reachability	06_Pre-Wattson	location reachability				UNK		General_Documents___Locations.xlsx	Measured	NONE	
TM	TM170 Steel Beam	724	Post game Mart at the Battle Frontier		Hoenn	reward/ground			1	one_time	postgame text	postgame	postgame text				UNK		General_Documents___Locations.xlsx	Measured	move name reconstructed from split columns	
TM	TM171 Draco Barrage	850	Post game Mart at the Battle Frontier		Hoenn	reward/ground			1	one_time	postgame text	postgame	postgame text				UNK		General_Documents___Locations.xlsx	Measured	move name reconstructed from split columns	
TM	TM172 Heavy Slam	484	Route 125, from Roark after defeating him		Hoenn	reward/ground			1	one_time	location reachability	16_Pre-Seafloor-Cavern	location reachability				UNK		General_Documents___Locations.xlsx	Measured	move name reconstructed from split columns	
TM	TM173 Gravity	356	Mauville City’s Game Corner		Hoenn	reward/ground			1	one_time	location reachability	06_Pre-Wattson	location reachability				UNK		General_Documents___Locations.xlsx	Measured	NONE	
TM	TM174 Misty Explosion	730	Sootopolis City, from Juan after defeating him; Post game Mart at the Battle Frontier		Hoenn	reward/ground			1	one_time	postgame text	postgame	postgame text				UNK		General_Documents___Locations.xlsx	Measured	move name reconstructed from split columns	
HM	HM001 Cut	15	Rustboro City, from the manin the house next to the Poke Center after defeating Roxanne		Hoenn	reward/ground			1	one_time	UNK	02_Pre-Rustboro-Rival	after roxanne				FALSE	HMs are required for progression	General_Documents___Locations.xlsx	Measured	NONE	
HM	HM002 Fly	19	Route 110, from your Rival after defeating them		Hoenn	reward/ground			1	one_time	UNK	05_Pre-Route110-Rival	location reachability				FALSE	HMs are required for progression	General_Documents___Locations.xlsx	Measured	NONE	
HM	HM003 Surf	57	Route 111, very south past the 3 boss batles		Hoenn	reward/ground			1	one_time	UNK	07_Pre-MtChimney-Magma	location reachability				FALSE	HMs are required for progression	General_Documents___Locations.xlsx	Measured	NONE	
HM	HM004 Strength	70	Rusturf Tunnel, after smashing the rock separating the couple		Hoenn	reward/ground			1	one_time	UNK	02_Pre-Rustboro-Rival	location reachability				FALSE	HMs are required for progression	General_Documents___Locations.xlsx	Measured	NONE	
HM	HM005 Flash	148	Granite Cave, from a hiker at the entrance		Hoenn	reward/ground			1	one_time	UNK	03_Pre-Brawly	location reachability				FALSE	HMs are required for progression	General_Documents___Locations.xlsx	Measured	NONE	
HM	HM006 Rock Smash	249	Mauville City, from the Rock Smash Dude in his house		Hoenn	reward/ground			1	one_time	UNK	06_Pre-Wattson	location reachability				FALSE	HMs are required for progression	General_Documents___Locations.xlsx	Measured	move name reconstructed from split columns	
HM	HM007 Waterfall	127	Sootopolis City, from Wallace in front of the Gym		Hoenn	reward/ground			1	one_time	UNK	18_Pre-Wally-VictoryRoad	after wallace				FALSE	HMs are required for progression	General_Documents___Locations.xlsx	Measured	NONE	
HM	HM008 Dive	291	Given by Steven at his house in Mossdeep City after defeating Tate and Liza		Hoenn	reward/ground			1	one_time	UNK	16_Pre-Seafloor-Cavern	after tate				FALSE	HMs are required for progression	General_Documents___Locations.xlsx	Measured	NONE	
vendor_stock	Default city mart inventory	UNK	Any Pokemart in any city	General	Hoenn	purchase	UNK		unlimited	unlimited	UNK	UNK	no story anchor and no recognised place name				FALSE	vendor stock is repeatable	General_Documents___Locations.xlsx	Measured	The clerk sells the same items in any city as vanilla unless specified otherwise.	
vendor_stock	Pomeg Berry Fee	UNK	Dewford Town’s Outdoor Clerks	Vendor	Hoenn	purchase	UNK		unlimited	unlimited	UNK	03_Pre-Brawly	location reachability				FALSE	vendor stock is repeatable	General_Documents___Locations.xlsx	Measured	NONE	
vendor_stock	TM015 - Electroweb	UNK	Dewford Town’s Outdoor Clerks	Vendor	Hoenn	purchase	100	money	unlimited	unlimited	UNK	03_Pre-Brawly	location reachability				FALSE	vendor stock is repeatable	General_Documents___Locations.xlsx	Measured	NONE	
vendor_stock	TM021 - Icy Wind	UNK	Dewford Town’s Outdoor Clerks	Vendor	Hoenn	purchase	100	money	unlimited	unlimited	UNK	03_Pre-Brawly	location reachability				FALSE	vendor stock is repeatable	General_Documents___Locations.xlsx	Measured	NONE	
vendor_stock	TM040 - Aerial Ace	UNK	Dewford Town’s Outdoor Clerks	Vendor	Hoenn	purchase	100	money	unlimited	unlimited	UNK	03_Pre-Brawly	location reachability				FALSE	vendor stock is repeatable	General_Documents___Locations.xlsx	Measured	NONE	
vendor_stock	TM087 - Low Kick	UNK	Dewford Town’s Outdoor Clerks	Vendor	Hoenn	purchase	100	money	unlimited	unlimited	UNK	03_Pre-Brawly	location reachability				FALSE	vendor stock is repeatable	General_Documents___Locations.xlsx	Measured	NONE	
vendor_stock	TM088 - Pluck	UNK	Dewford Town’s Outdoor Clerks	Vendor	Hoenn	purchase	100	money	unlimited	unlimited	UNK	03_Pre-Brawly	location reachability				FALSE	vendor stock is repeatable	General_Documents___Locations.xlsx	Measured	NONE	
vendor_stock	TM097 - Snarl	UNK	Dewford Town’s Outdoor Clerks	Vendor	Hoenn	purchase	100	money	unlimited	unlimited	UNK	03_Pre-Brawly	location reachability				FALSE	vendor stock is repeatable	General_Documents___Locations.xlsx	Measured	NONE	
vendor_stock	TM103 - Smack Down	UNK	Dewford Town’s Outdoor Clerks	Vendor	Hoenn	purchase	100	money	unlimited	unlimited	UNK	03_Pre-Brawly	location reachability				FALSE	vendor stock is repeatable	General_Documents___Locations.xlsx	Measured	NONE	
vendor_stock	Ability Capsule	UNK	Slateport City Market Various Vendors	Vendor	Hoenn	purchase	100	money	unlimited	unlimited	UNK	04_Pre-Aqua-Museum	location reachability				FALSE	vendor stock is repeatable	General_Documents___Locations.xlsx	Measured	NONE	
vendor_stock	Chople Berry	555	Slateport City Market Various Vendors	Vendor	Hoenn	purchase	UNK		unlimited	unlimited	UNK	04_Pre-Aqua-Museum	location reachability				FALSE	vendor stock is repeatable	General_Documents___Locations.xlsx	Measured	Berry vendor list (see 'All Free' note below)	
vendor_stock	Colbur Berry	564	Slateport City Market Various Vendors	Vendor	Hoenn	purchase	UNK		unlimited	unlimited	UNK	04_Pre-Aqua-Museum	location reachability				FALSE	vendor stock is repeatable	General_Documents___Locations.xlsx	Measured	Berry vendor list (see 'All Free' note below)	
vendor_stock	Wacan Berry	552	Slateport City Market Various Vendors	Vendor	Hoenn	purchase	UNK		unlimited	unlimited	UNK	04_Pre-Aqua-Museum	location reachability				FALSE	vendor stock is repeatable	General_Documents___Locations.xlsx	Measured	Berry vendor list (see 'All Free' note below)	
vendor_stock	Ability Patch (after getting them)	UNK	Slateport City Market Various Vendors	Vendor	Hoenn	purchase	100	money	unlimited	unlimited	UNK	04_Pre-Aqua-Museum	location reachability				FALSE	vendor stock is repeatable	General_Documents___Locations.xlsx	Measured	NONE	
vendor_stock	Charti Berry	561	Slateport City Market Various Vendors	Vendor	Hoenn	purchase	UNK		unlimited	unlimited	UNK	04_Pre-Aqua-Museum	location reachability				FALSE	vendor stock is repeatable	General_Documents___Locations.xlsx	Measured	Berry vendor list (see 'All Free' note below)	
vendor_stock	Chilan Berry	549	Slateport City Market Various Vendors	Vendor	Hoenn	purchase	UNK		unlimited	unlimited	UNK	04_Pre-Aqua-Museum	location reachability				FALSE	vendor stock is repeatable	General_Documents___Locations.xlsx	Measured	Berry vendor list (see 'All Free' note below)	
vendor_stock	Haban Berry	563	Slateport City Market Various Vendors	Vendor	Hoenn	purchase	UNK		unlimited	unlimited	UNK	04_Pre-Aqua-Museum	location reachability				FALSE	vendor stock is repeatable	General_Documents___Locations.xlsx	Measured	Berry vendor list (see 'All Free' note below)	
vendor_stock	Blue Shard	149	Slateport City Market Various Vendors	Vendor	Hoenn	purchase	100	money	unlimited	unlimited	UNK	04_Pre-Aqua-Museum	location reachability				FALSE	vendor stock is repeatable	General_Documents___Locations.xlsx	Measured	NONE	
vendor_stock	Roseli Berry	566	Slateport City Market Various Vendors	Vendor	Hoenn	purchase	UNK		unlimited	unlimited	UNK	04_Pre-Aqua-Museum	location reachability				FALSE	vendor stock is repeatable	General_Documents___Locations.xlsx	Measured	Berry vendor list (see 'All Free' note below)	
vendor_stock	Shuca Berry	557	Slateport City Market Various Vendors	Vendor	Hoenn	purchase	UNK		unlimited	unlimited	UNK	04_Pre-Aqua-Museum	location reachability				FALSE	vendor stock is repeatable	General_Documents___Locations.xlsx	Measured	Berry vendor list (see 'All Free' note below)	
vendor_stock	Babiri Berry	565	Slateport City Market Various Vendors	Vendor	Hoenn	purchase	UNK		unlimited	unlimited	UNK	04_Pre-Aqua-Museum	location reachability				FALSE	vendor stock is repeatable	General_Documents___Locations.xlsx	Measured	Berry vendor list (see 'All Free' note below)	
vendor_stock	Red Shard	148	Slateport City Market Various Vendors	Vendor	Hoenn	purchase	100	money	unlimited	unlimited	UNK	04_Pre-Aqua-Museum	location reachability				FALSE	vendor stock is repeatable	General_Documents___Locations.xlsx	Measured	NONE	
vendor_stock	Kasib Berry	562	Slateport City Market Various Vendors	Vendor	Hoenn	purchase	UNK		unlimited	unlimited	UNK	04_Pre-Aqua-Museum	location reachability				FALSE	vendor stock is repeatable	General_Documents___Locations.xlsx	Measured	Berry vendor list (see 'All Free' note below)	
vendor_stock	Coba Berry	558	Slateport City Market Various Vendors	Vendor	Hoenn	purchase	UNK		unlimited	unlimited	UNK	04_Pre-Aqua-Museum	location reachability				FALSE	vendor stock is repeatable	General_Documents___Locations.xlsx	Measured	Berry vendor list (see 'All Free' note below)	
vendor_stock	Kebia Berry	556	Slateport City Market Various Vendors	Vendor	Hoenn	purchase	UNK		unlimited	unlimited	UNK	04_Pre-Aqua-Museum	location reachability				FALSE	vendor stock is repeatable	General_Documents___Locations.xlsx	Measured	Berry vendor list (see 'All Free' note below)	
vendor_stock	Green Shard	151	Slateport City Market Various Vendors	Vendor	Hoenn	purchase	100	money	unlimited	unlimited	UNK	04_Pre-Aqua-Museum	location reachability				FALSE	vendor stock is repeatable	General_Documents___Locations.xlsx	Measured	NONE	
vendor_stock	Occa Berry	550	Slateport City Market Various Vendors	Vendor	Hoenn	purchase	UNK		unlimited	unlimited	UNK	04_Pre-Aqua-Museum	location reachability				FALSE	vendor stock is repeatable	General_Documents___Locations.xlsx	Measured	Berry vendor list (see 'All Free' note below)	
vendor_stock	Pasho Berry	UNK	Slateport City Market Various Vendors	Vendor	Hoenn	purchase	UNK		unlimited	unlimited	UNK	04_Pre-Aqua-Museum	location reachability				FALSE	vendor stock is repeatable	General_Documents___Locations.xlsx	Measured	Berry vendor list (see 'All Free' note below)	
vendor_stock	Payapa Berry	559	Slateport City Market Various Vendors	Vendor	Hoenn	purchase	UNK		unlimited	unlimited	UNK	04_Pre-Aqua-Museum	location reachability				FALSE	vendor stock is repeatable	General_Documents___Locations.xlsx	Measured	Berry vendor list (see 'All Free' note below)	
vendor_stock	Yellow Shard	150	Slateport City Market Various Vendors	Vendor	Hoenn	purchase	100	money	unlimited	unlimited	UNK	04_Pre-Aqua-Museum	location reachability				FALSE	vendor stock is repeatable	General_Documents___Locations.xlsx	Measured	NONE	
vendor_stock	Rindo Berry	553	Slateport City Market Various Vendors	Vendor	Hoenn	purchase	UNK		unlimited	unlimited	UNK	04_Pre-Aqua-Museum	location reachability				FALSE	vendor stock is repeatable	General_Documents___Locations.xlsx	Measured	Berry vendor list (see 'All Free' note below)	
vendor_stock	Yache Berry	554	Slateport City Market Various Vendors	Vendor	Hoenn	purchase	UNK		unlimited	unlimited	UNK	04_Pre-Aqua-Museum	location reachability				FALSE	vendor stock is repeatable	General_Documents___Locations.xlsx	Measured	Berry vendor list (see 'All Free' note below)	
vendor_stock	Tanga Berry	560	Slateport City Market Various Vendors	Vendor	Hoenn	purchase	UNK		unlimited	unlimited	UNK	04_Pre-Aqua-Museum	location reachability				FALSE	vendor stock is repeatable	General_Documents___Locations.xlsx	Measured	Berry vendor list (see 'All Free' note below)	
vendor_stock	All Free	UNK	Slateport City Market Various Vendors	Vendor	Hoenn	purchase	UNK		unlimited	unlimited	UNK	04_Pre-Aqua-Museum	location reachability				FALSE	vendor stock is repeatable	General_Documents___Locations.xlsx	Measured	Applies to listed berries at Slateport City Market vendors	
vendor_stock	Fire Stone	211	Verdanturf Town Mart	Vendor	Hoenn	purchase	500	money	unlimited	unlimited	UNK	06_Pre-Wattson	location reachability				FALSE	vendor stock is repeatable	General_Documents___Locations.xlsx	Measured	NONE	
vendor_stock	Thunderstone	213	Verdanturf Town Mart	Vendor	Hoenn	purchase	500	money	unlimited	unlimited	UNK	06_Pre-Wattson	location reachability				FALSE	vendor stock is repeatable	General_Documents___Locations.xlsx	Measured	NONE	
vendor_stock	Leaf Stone	214	Verdanturf Town Mart	Vendor	Hoenn	purchase	500	money	unlimited	unlimited	UNK	06_Pre-Wattson	location reachability				FALSE	vendor stock is repeatable	General_Documents___Locations.xlsx	Measured	NONE	
vendor_stock	Water Stone	212	Verdanturf Town Mart	Vendor	Hoenn	purchase	500	money	unlimited	unlimited	UNK	06_Pre-Wattson	location reachability				FALSE	vendor stock is repeatable	General_Documents___Locations.xlsx	Measured	NONE	
vendor_stock	Sun Stone	216	Verdanturf Town Mart	Vendor	Hoenn	purchase	500	money	unlimited	unlimited	UNK	06_Pre-Wattson	location reachability				FALSE	vendor stock is repeatable	General_Documents___Locations.xlsx	Measured	NONE	
vendor_stock	Moon Stone	217	Verdanturf Town Mart	Vendor	Hoenn	purchase	500	money	unlimited	unlimited	UNK	06_Pre-Wattson	location reachability				FALSE	vendor stock is repeatable	General_Documents___Locations.xlsx	Measured	NONE	
vendor_stock	Prism Scale	234	Verdanturf Town Mart	Vendor	Hoenn	purchase	500	money	unlimited	unlimited	UNK	06_Pre-Wattson	location reachability				FALSE	vendor stock is repeatable	General_Documents___Locations.xlsx	Measured	NONE	
vendor_stock	Ice Stone	215	Verdanturf Town Mart	Vendor	Hoenn	purchase	500	money	unlimited	unlimited	UNK	06_Pre-Wattson	location reachability				FALSE	vendor stock is repeatable	General_Documents___Locations.xlsx	Measured	NONE	
vendor_stock	Link Cable	UNK	Verdanturf Town Mart	Vendor	Hoenn	purchase	500	money	unlimited	unlimited	UNK	06_Pre-Wattson	location reachability				FALSE	vendor stock is repeatable	General_Documents___Locations.xlsx	Measured	NONE	
vendor_stock	Dusk Stone	219	Verdanturf Town Mart	Vendor	Hoenn	purchase	500	money	unlimited	unlimited	UNK	06_Pre-Wattson	location reachability				FALSE	vendor stock is repeatable	General_Documents___Locations.xlsx	Measured	NONE	
vendor_stock	Dawn Stone	220	Verdanturf Town Mart	Vendor	Hoenn	purchase	500	money	unlimited	unlimited	UNK	06_Pre-Wattson	location reachability				FALSE	vendor stock is repeatable	General_Documents___Locations.xlsx	Measured	NONE	
vendor_stock	Shiny Stone	218	Verdanturf Town Mart	Vendor	Hoenn	purchase	500	money	unlimited	unlimited	UNK	06_Pre-Wattson	location reachability				FALSE	vendor stock is repeatable	General_Documents___Locations.xlsx	Measured	NONE	
vendor_stock	King’s Rock	465	Verdanturf Town Mart	Vendor	Hoenn	purchase	500	money	unlimited	unlimited	UNK	06_Pre-Wattson	location reachability				FALSE	vendor stock is repeatable	General_Documents___Locations.xlsx	Measured	NONE	
vendor_stock	Metal Coat	441	Verdanturf Town Mart	Vendor	Hoenn	purchase	500	money	unlimited	unlimited	UNK	06_Pre-Wattson	location reachability				FALSE	vendor stock is repeatable	General_Documents___Locations.xlsx	Measured	NONE	
vendor_stock	Upgrade	228	Verdanturf Town Mart	Vendor	Hoenn	purchase	500	money	unlimited	unlimited	UNK	06_Pre-Wattson	location reachability				FALSE	vendor stock is repeatable	General_Documents___Locations.xlsx	Measured	NONE	
vendor_stock	TM006 - Toxic	UNK	Mauville City’s Game Corner (Middle woman)	Vendor	Hoenn	purchase	100	money	unlimited	unlimited	UNK	06_Pre-Wattson	location reachability				FALSE	vendor stock is repeatable	General_Documents___Locations.xlsx	Measured	NONE	
vendor_stock	TM012 - Taunt	UNK	Mauville City’s Game Corner (Middle woman)	Vendor	Hoenn	purchase	100	money	unlimited	unlimited	UNK	06_Pre-Wattson	location reachability				FALSE	vendor stock is repeatable	General_Documents___Locations.xlsx	Measured	NONE	
vendor_stock	TM016 - Light Screen	UNK	Mauville City’s Game Corner (Middle woman)	Vendor	Hoenn	purchase	100	money	unlimited	unlimited	UNK	06_Pre-Wattson	location reachability				FALSE	vendor stock is repeatable	General_Documents___Locations.xlsx	Measured	NONE	
vendor_stock	TM017 - Protect	UNK	Mauville City’s Game Corner (Middle woman)	Vendor	Hoenn	purchase	100	money	unlimited	unlimited	UNK	06_Pre-Wattson	location reachability				FALSE	vendor stock is repeatable	General_Documents___Locations.xlsx	Measured	NONE	
vendor_stock	TM019 - Giga Drain	UNK	Mauville City’s Game Corner (Middle woman)	Vendor	Hoenn	purchase	100	money	unlimited	unlimited	UNK	06_Pre-Wattson	location reachability				FALSE	vendor stock is repeatable	General_Documents___Locations.xlsx	Measured	NONE	
vendor_stock	TM033 - Reflect	UNK	Mauville City’s Game Corner (Middle woman)	Vendor	Hoenn	purchase	100	money	unlimited	unlimited	UNK	06_Pre-Wattson	location reachability				FALSE	vendor stock is repeatable	General_Documents___Locations.xlsx	Measured	NONE	
vendor_stock	TM044 - Rest	UNK	Mauville City’s Game Corner (Middle woman)	Vendor	Hoenn	purchase	100	money	unlimited	unlimited	UNK	06_Pre-Wattson	location reachability				FALSE	vendor stock is repeatable	General_Documents___Locations.xlsx	Measured	NONE	
vendor_stock	TM049 - Leech Life	UNK	Mauville City’s Game Corner (Middle woman)	Vendor	Hoenn	purchase	100	money	unlimited	unlimited	UNK	06_Pre-Wattson	location reachability				FALSE	vendor stock is repeatable	General_Documents___Locations.xlsx	Measured	NONE	
vendor_stock	TM062 - Silver Wind	UNK	Mauville City’s Game Corner (Middle woman)	Vendor	Hoenn	purchase	100	money	unlimited	unlimited	UNK	06_Pre-Wattson	location reachability				FALSE	vendor stock is repeatable	General_Documents___Locations.xlsx	Measured	NONE	
vendor_stock	TM063 - Venoshock	UNK	Mauville City’s Game Corner (Middle woman)	Vendor	Hoenn	purchase	100	money	unlimited	unlimited	UNK	06_Pre-Wattson	location reachability				FALSE	vendor stock is repeatable	General_Documents___Locations.xlsx	Measured	NONE	
vendor_stock	TM064 - Explosion	UNK	Mauville City’s Game Corner (Middle woman)	Vendor	Hoenn	purchase	100	money	unlimited	unlimited	UNK	06_Pre-Wattson	location reachability				FALSE	vendor stock is repeatable	General_Documents___Locations.xlsx	Measured	NONE	
vendor_stock	TM065 - Shadow Claw	UNK	Mauville City’s Game Corner (Middle woman)	Vendor	Hoenn	purchase	100	money	unlimited	unlimited	UNK	06_Pre-Wattson	location reachability				FALSE	vendor stock is repeatable	General_Documents___Locations.xlsx	Measured	NONE	
vendor_stock	TM066 - Dazzling Gleam	UNK	Mauville City’s Game Corner (Middle woman)	Vendor	Hoenn	purchase	100	money	unlimited	unlimited	UNK	06_Pre-Wattson	location reachability				FALSE	vendor stock is repeatable	General_Documents___Locations.xlsx	Measured	NONE	
vendor_stock	TM072 - Psyshock	UNK	Mauville City’s Game Corner (Middle woman)	Vendor	Hoenn	purchase	100	money	unlimited	unlimited	UNK	06_Pre-Wattson	location reachability				FALSE	vendor stock is repeatable	General_Documents___Locations.xlsx	Measured	NONE	
vendor_stock	TM074 - Gyro Ball	UNK	Mauville City’s Game Corner (Middle woman)	Vendor	Hoenn	purchase	100	money	unlimited	unlimited	UNK	06_Pre-Wattson	location reachability				FALSE	vendor stock is repeatable	General_Documents___Locations.xlsx	Measured	NONE	
vendor_stock	TM080 - Rock Slide	UNK	Mauville City’s Game Corner (Middle woman)	Vendor	Hoenn	purchase	100	money	unlimited	unlimited	UNK	06_Pre-Wattson	location reachability				FALSE	vendor stock is repeatable	General_Documents___Locations.xlsx	Measured	NONE	
vendor_stock	TM082 - Sleep Talk	UNK	Mauville City’s Game Corner (Middle woman)	Vendor	Hoenn	purchase	100	money	unlimited	unlimited	UNK	06_Pre-Wattson	location reachability				FALSE	vendor stock is repeatable	General_Documents___Locations.xlsx	Measured	NONE	
vendor_stock	TM084 - Poison Jab	UNK	Mauville City’s Game Corner (Middle woman)	Vendor	Hoenn	purchase	100	money	unlimited	unlimited	UNK	06_Pre-Wattson	location reachability				FALSE	vendor stock is repeatable	General_Documents___Locations.xlsx	Measured	NONE	
vendor_stock	TM093 - Dragon Tail	UNK	Mauville City’s Game Corner (Middle woman)	Vendor	Hoenn	purchase	100	money	unlimited	unlimited	UNK	06_Pre-Wattson	location reachability				FALSE	vendor stock is repeatable	General_Documents___Locations.xlsx	Measured	NONE	
vendor_stock	TM102 - Scorching Sands	UNK	Mauville City’s Game Corner (Middle woman)	Vendor	Hoenn	purchase	100	money	unlimited	unlimited	UNK	06_Pre-Wattson	location reachability				FALSE	vendor stock is repeatable	General_Documents___Locations.xlsx	Measured	NONE	
vendor_stock	TM108 - Ice Spinner	UNK	Mauville City’s Game Corner (Middle woman)	Vendor	Hoenn	purchase	100	money	unlimited	unlimited	UNK	06_Pre-Wattson	location reachability				FALSE	vendor stock is repeatable	General_Documents___Locations.xlsx	Measured	NONE	
vendor_stock	TM169 - Spikes	UNK	Mauville City’s Game Corner (Middle woman)	Vendor	Hoenn	purchase	100	money	unlimited	unlimited	UNK	06_Pre-Wattson	location reachability				FALSE	vendor stock is repeatable	General_Documents___Locations.xlsx	Measured	NONE	
vendor_stock	TM173 - Gravity	UNK	Mauville City’s Game Corner (Middle woman)	Vendor	Hoenn	purchase	100	money	unlimited	unlimited	UNK	06_Pre-Wattson	location reachability				FALSE	vendor stock is repeatable	General_Documents___Locations.xlsx	Measured	NONE	
vendor_stock	TM013 - Ice Beam	UNK	Lavaridge Town Outdoor Clerk	Vendor	Hoenn	purchase	100	money	unlimited	unlimited	UNK	08_Pre-Flannery	location reachability				FALSE	vendor stock is repeatable	General_Documents___Locations.xlsx	Measured	NONE	
vendor_stock	TM020 - Hyper Voice	UNK	Lavaridge Town Outdoor Clerk	Vendor	Hoenn	purchase	100	money	unlimited	unlimited	UNK	08_Pre-Flannery	location reachability				FALSE	vendor stock is repeatable	General_Documents___Locations.xlsx	Measured	NONE	
vendor_stock	TM024 - Thunderbolt	UNK	Lavaridge Town Outdoor Clerk	Vendor	Hoenn	purchase	100	money	unlimited	unlimited	UNK	08_Pre-Flannery	location reachability				FALSE	vendor stock is repeatable	General_Documents___Locations.xlsx	Measured	NONE	
vendor_stock	TM035 - Flamethrower	UNK	Lavaridge Town Outdoor Clerk	Vendor	Hoenn	purchase	100	money	unlimited	unlimited	UNK	08_Pre-Flannery	location reachability				FALSE	vendor stock is repeatable	General_Documents___Locations.xlsx	Measured	NONE	
vendor_stock	TM036 - Sludge Bomb	UNK	Lavaridge Town Outdoor Clerk	Vendor	Hoenn	purchase	100	money	unlimited	unlimited	UNK	08_Pre-Flannery	location reachability				FALSE	vendor stock is repeatable	General_Documents___Locations.xlsx	Measured	NONE	
vendor_stock	TM053 - Energy Ball	UNK	Lavaridge Town Outdoor Clerk	Vendor	Hoenn	purchase	100	money	unlimited	unlimited	UNK	08_Pre-Flannery	location reachability				FALSE	vendor stock is repeatable	General_Documents___Locations.xlsx	Measured	NONE	
vendor_stock	TM079 - Dark Pulse	UNK	Lavaridge Town Outdoor Clerk	Vendor	Hoenn	purchase	100	money	unlimited	unlimited	UNK	08_Pre-Flannery	location reachability				FALSE	vendor stock is repeatable	General_Documents___Locations.xlsx	Measured	NONE	
vendor_stock	Heal Ball	6	Lilycove Department Store 4th Floor	Vendor	Hoenn	purchase	100	money	unlimited	unlimited	UNK	13_Pre-Dawn-Lilycove	location reachability				FALSE	vendor stock is repeatable	General_Documents___Locations.xlsx	Measured	NONE	
vendor_stock	Net Ball	7	Lilycove Department Store 4th Floor	Vendor	Hoenn	purchase	100	money	unlimited	unlimited	UNK	13_Pre-Dawn-Lilycove	location reachability				FALSE	vendor stock is repeatable	General_Documents___Locations.xlsx	Measured	NONE	
vendor_stock	Nest Ball	8	Lilycove Department Store 4th Floor	Vendor	Hoenn	purchase	100	money	unlimited	unlimited	UNK	13_Pre-Dawn-Lilycove	location reachability				FALSE	vendor stock is repeatable	General_Documents___Locations.xlsx	Measured	NONE	
vendor_stock	Dive Ball	9	Lilycove Department Store 4th Floor	Vendor	Hoenn	purchase	100	money	unlimited	unlimited	UNK	13_Pre-Dawn-Lilycove	location reachability				FALSE	vendor stock is repeatable	General_Documents___Locations.xlsx	Measured	NONE	
vendor_stock	Dusk Ball	10	Lilycove Department Store 4th Floor	Vendor	Hoenn	purchase	100	money	unlimited	unlimited	UNK	13_Pre-Dawn-Lilycove	location reachability				FALSE	vendor stock is repeatable	General_Documents___Locations.xlsx	Measured	NONE	
vendor_stock	Timer Ball	11	Lilycove Department Store 4th Floor	Vendor	Hoenn	purchase	100	money	unlimited	unlimited	UNK	13_Pre-Dawn-Lilycove	location reachability				FALSE	vendor stock is repeatable	General_Documents___Locations.xlsx	Measured	NONE	
vendor_stock	Quick Ball	12	Lilycove Department Store 4th Floor	Vendor	Hoenn	purchase	100	money	unlimited	unlimited	UNK	13_Pre-Dawn-Lilycove	location reachability				FALSE	vendor stock is repeatable	General_Documents___Locations.xlsx	Measured	NONE	
vendor_stock	Repeat Ball	13	Lilycove Department Store 4th Floor	Vendor	Hoenn	purchase	100	money	unlimited	unlimited	UNK	13_Pre-Dawn-Lilycove	location reachability				FALSE	vendor stock is repeatable	General_Documents___Locations.xlsx	Measured	NONE	
vendor_stock	Luxury Ball	14	Lilycove Department Store 4th Floor	Vendor	Hoenn	purchase	100	money	unlimited	unlimited	UNK	13_Pre-Dawn-Lilycove	location reachability				FALSE	vendor stock is repeatable	General_Documents___Locations.xlsx	Measured	NONE	
vendor_stock	Level Ball	15	Lilycove Department Store 4th Floor	Vendor	Hoenn	purchase	100	money	unlimited	unlimited	UNK	13_Pre-Dawn-Lilycove	location reachability				FALSE	vendor stock is repeatable	General_Documents___Locations.xlsx	Measured	NONE	
vendor_stock	Lure Ball	16	Lilycove Department Store 4th Floor	Vendor	Hoenn	purchase	100	money	unlimited	unlimited	UNK	13_Pre-Dawn-Lilycove	location reachability				FALSE	vendor stock is repeatable	General_Documents___Locations.xlsx	Measured	NONE	
vendor_stock	Moon Ball	17	Lilycove Department Store 4th Floor	Vendor	Hoenn	purchase	100	money	unlimited	unlimited	UNK	13_Pre-Dawn-Lilycove	location reachability				FALSE	vendor stock is repeatable	General_Documents___Locations.xlsx	Measured	NONE	
vendor_stock	Friend Ball	18	Lilycove Department Store 4th Floor	Vendor	Hoenn	purchase	100	money	unlimited	unlimited	UNK	13_Pre-Dawn-Lilycove	location reachability				FALSE	vendor stock is repeatable	General_Documents___Locations.xlsx	Measured	NONE	
vendor_stock	Love Ball	19	Lilycove Department Store 4th Floor	Vendor	Hoenn	purchase	100	money	unlimited	unlimited	UNK	13_Pre-Dawn-Lilycove	location reachability				FALSE	vendor stock is repeatable	General_Documents___Locations.xlsx	Measured	NONE	
vendor_stock	Fast Ball	20	Lilycove Department Store 4th Floor	Vendor	Hoenn	purchase	100	money	unlimited	unlimited	UNK	13_Pre-Dawn-Lilycove	location reachability				FALSE	vendor stock is repeatable	General_Documents___Locations.xlsx	Measured	NONE	
vendor_stock	Heavy Ball	21	Lilycove Department Store 4th Floor	Vendor	Hoenn	purchase	100	money	unlimited	unlimited	UNK	13_Pre-Dawn-Lilycove	location reachability				FALSE	vendor stock is repeatable	General_Documents___Locations.xlsx	Measured	NONE	
vendor_stock	Dream Ball	22	Lilycove Department Store 4th Floor	Vendor	Hoenn	purchase	100	money	unlimited	unlimited	UNK	13_Pre-Dawn-Lilycove	location reachability				FALSE	vendor stock is repeatable	General_Documents___Locations.xlsx	Measured	NONE	
vendor_stock	Cherish Ball	27	Lilycove Department Store 4th Floor	Vendor	Hoenn	purchase	100	money	unlimited	unlimited	UNK	13_Pre-Dawn-Lilycove	location reachability				FALSE	vendor stock is repeatable	General_Documents___Locations.xlsx	Measured	NONE	
vendor_stock	Beast Ball	26	Lilycove Department Store 4th Floor	Vendor	Hoenn	purchase	0	money	unlimited	unlimited	UNK	13_Pre-Dawn-Lilycove	location reachability				FALSE	vendor stock is repeatable	General_Documents___Locations.xlsx	Measured	NONE	
vendor_stock	Fire Stone	211	Lilycove Department Store 4th Floor	Vendor	Hoenn	purchase	500	money	unlimited	unlimited	UNK	13_Pre-Dawn-Lilycove	location reachability				FALSE	vendor stock is repeatable	General_Documents___Locations.xlsx	Measured	NONE	
vendor_stock	Thunderstone	213	Lilycove Department Store 4th Floor	Vendor	Hoenn	purchase	500	money	unlimited	unlimited	UNK	13_Pre-Dawn-Lilycove	location reachability				FALSE	vendor stock is repeatable	General_Documents___Locations.xlsx	Measured	NONE	
vendor_stock	Leaf Stone	214	Lilycove Department Store 4th Floor	Vendor	Hoenn	purchase	500	money	unlimited	unlimited	UNK	13_Pre-Dawn-Lilycove	location reachability				FALSE	vendor stock is repeatable	General_Documents___Locations.xlsx	Measured	NONE	
vendor_stock	Water Stone	212	Lilycove Department Store 4th Floor	Vendor	Hoenn	purchase	500	money	unlimited	unlimited	UNK	13_Pre-Dawn-Lilycove	location reachability				FALSE	vendor stock is repeatable	General_Documents___Locations.xlsx	Measured	NONE	
vendor_stock	Sun Stone	216	Lilycove Department Store 4th Floor	Vendor	Hoenn	purchase	500	money	unlimited	unlimited	UNK	13_Pre-Dawn-Lilycove	location reachability				FALSE	vendor stock is repeatable	General_Documents___Locations.xlsx	Measured	NONE	
vendor_stock	Moon Stone	217	Lilycove Department Store 4th Floor	Vendor	Hoenn	purchase	500	money	unlimited	unlimited	UNK	13_Pre-Dawn-Lilycove	location reachability				FALSE	vendor stock is repeatable	General_Documents___Locations.xlsx	Measured	NONE	
vendor_stock	Prism Scale	234	Lilycove Department Store 4th Floor	Vendor	Hoenn	purchase	500	money	unlimited	unlimited	UNK	13_Pre-Dawn-Lilycove	location reachability				FALSE	vendor stock is repeatable	General_Documents___Locations.xlsx	Measured	NONE	
vendor_stock	Ice Stone	215	Lilycove Department Store 4th Floor	Vendor	Hoenn	purchase	500	money	unlimited	unlimited	UNK	13_Pre-Dawn-Lilycove	location reachability				FALSE	vendor stock is repeatable	General_Documents___Locations.xlsx	Measured	NONE	
vendor_stock	Link Cable	UNK	Lilycove Department Store 4th Floor	Vendor	Hoenn	purchase	500	money	unlimited	unlimited	UNK	13_Pre-Dawn-Lilycove	location reachability				FALSE	vendor stock is repeatable	General_Documents___Locations.xlsx	Measured	NONE	
vendor_stock	Dusk Stone	219	Lilycove Department Store 4th Floor	Vendor	Hoenn	purchase	500	money	unlimited	unlimited	UNK	13_Pre-Dawn-Lilycove	location reachability				FALSE	vendor stock is repeatable	General_Documents___Locations.xlsx	Measured	NONE	
vendor_stock	Dawn Stone	220	Lilycove Department Store 4th Floor	Vendor	Hoenn	purchase	500	money	unlimited	unlimited	UNK	13_Pre-Dawn-Lilycove	location reachability				FALSE	vendor stock is repeatable	General_Documents___Locations.xlsx	Measured	NONE	
vendor_stock	Shiny Stone	218	Lilycove Department Store 4th Floor	Vendor	Hoenn	purchase	500	money	unlimited	unlimited	UNK	13_Pre-Dawn-Lilycove	location reachability				FALSE	vendor stock is repeatable	General_Documents___Locations.xlsx	Measured	NONE	
vendor_stock	King’s Rock	465	Lilycove Department Store 4th Floor	Vendor	Hoenn	purchase	500	money	unlimited	unlimited	UNK	13_Pre-Dawn-Lilycove	location reachability				FALSE	vendor stock is repeatable	General_Documents___Locations.xlsx	Measured	NONE	
vendor_stock	Metal Coat	441	Lilycove Department Store 4th Floor	Vendor	Hoenn	purchase	500	money	unlimited	unlimited	UNK	13_Pre-Dawn-Lilycove	location reachability				FALSE	vendor stock is repeatable	General_Documents___Locations.xlsx	Measured	NONE	
vendor_stock	Upgrade	228	Lilycove Department Store 4th Floor	Vendor	Hoenn	purchase	500	money	unlimited	unlimited	UNK	13_Pre-Dawn-Lilycove	location reachability				FALSE	vendor stock is repeatable	General_Documents___Locations.xlsx	Measured	NONE	
mega_stone	Venusaurite	292	Fortree City, from creator Xavier after defeating him		Hoenn	reward			1	one_time	Story	12_Pre-Winona	location reachability				UNK		General_Documents___Locations.xlsx	Measured	NONE	
mega_stone	Charizardite	UNK	X Fortree City, from creator Justin after defeating him		Hoenn	reward			1	one_time	Story	12_Pre-Winona	location reachability				UNK		General_Documents___Locations.xlsx	Measured	NONE	
mega_stone	Blastoisinite	295	Fortree City, from creator Isaac after defeating him		Hoenn	reward			1	one_time	Story	12_Pre-Winona	location reachability				UNK		General_Documents___Locations.xlsx	Measured	NONE	
mega_stone	Sceptilite	313	Fortree City, from creator Xavier after defeating him		Hoenn	reward			1	one_time	Story	12_Pre-Winona	location reachability				UNK		General_Documents___Locations.xlsx	Measured	NONE	
mega_stone	Blazikenite	314	Fortree City, from creator Justin after defeating him		Hoenn	reward			1	one_time	Story	12_Pre-Winona	location reachability				UNK		General_Documents___Locations.xlsx	Measured	NONE	
mega_stone	Swampertite	315	Fortree City, from creator Isaac after defeating him		Hoenn	reward			1	one_time	Story	12_Pre-Winona	location reachability				UNK		General_Documents___Locations.xlsx	Measured	NONE	
mega_stone	Lucarionite	334	Jagged Pass, from Maylene after defeating her		Hoenn	reward			1	one_time	Story	07_Pre-MtChimney-Magma	location reachability				UNK		General_Documents___Locations.xlsx	Measured	NONE	
mega_stone	Alakazite	298	Route 111, after defeating the Winstrate family		Hoenn	reward			1	one_time	Story	07_Pre-MtChimney-Magma	location reachability				UNK		General_Documents___Locations.xlsx	Measured	NONE	
mega_stone	Sablenite	317	Route 117, from Fantina after defeating her		Hoenn	reward			1	one_time	Story	06_Pre-Wattson	location reachability				UNK		General_Documents___Locations.xlsx	Measured	NONE	
mega_stone	Kangaskhanite	301	Route 111, after defeating the Winstrate family		Hoenn	reward			1	one_time	Story	07_Pre-MtChimney-Magma	location reachability				UNK		General_Documents___Locations.xlsx	Measured	NONE	
mega_stone	Audinite	337	Route 111, after defeating the Winstrate family		Hoenn	reward			1	one_time	Story	07_Pre-MtChimney-Magma	location reachability				UNK		General_Documents___Locations.xlsx	Measured	NONE	
mega_stone	Garbodorite	986	Trick House, reward for completing first puzzle		Hoenn	reward			1	one_time	Story	05_Pre-Route110-Rival	location reachability				UNK		General_Documents___Locations.xlsx	Measured	NONE	
mega_stone	Gardevoirite	316	Route 111, after defeating the Winstrate family		Hoenn	reward			1	one_time	Story	07_Pre-MtChimney-Magma	location reachability				UNK		General_Documents___Locations.xlsx	Measured	NONE	
mega_stone	Absolite	326	Route 111, after defeating the Winstrate family		Hoenn	reward			1	one_time	Story	07_Pre-MtChimney-Magma	location reachability				UNK		General_Documents___Locations.xlsx	Measured	NONE	
mega_stone	Kinglerite	981	Trick House, reward for completing third puzzle		Hoenn	reward			1	one_time	Story	05_Pre-Route110-Rival	location reachability				UNK		General_Documents___Locations.xlsx	Measured	NONE	
mega_stone	Altarianite	324	Fortree City, from Winona after defeating her		Hoenn	reward			1	one_time	Story	13_Pre-Dawn-Lilycove	after winona				UNK		General_Documents___Locations.xlsx	Measured	NONE	
mega_stone	Drednawite	988	Route 118, from Wake after defeating him		Hoenn	reward			1	one_time	Story	11_Pre-Route119-Rival	location reachability				UNK		General_Documents___Locations.xlsx	Measured	NONE	
mega_stone	Sharpedonite	322	Route 111, after defeating the Winstrate family		Hoenn	reward			1	one_time	Story	07_Pre-MtChimney-Magma	location reachability				UNK		General_Documents___Locations.xlsx	Measured	NONE	
mega_stone	Toxtricitite	992	Trick House, reward for completing first puzzle		Hoenn	reward			1	one_time	Story	05_Pre-Route110-Rival	location reachability				UNK		General_Documents___Locations.xlsx	Measured	NONE	
mega_stone	Heracronite	310	Route 111, after defeating the Winstrate family		Hoenn	reward			1	one_time	Story	07_Pre-MtChimney-Magma	location reachability				UNK		General_Documents___Locations.xlsx	Measured	NONE	
mega_stone	Lopunnite	332	Route 111, after defeating the Winstrate family		Hoenn	reward			1	one_time	Story	07_Pre-MtChimney-Magma	location reachability				UNK		General_Documents___Locations.xlsx	Measured	NONE	
mega_stone	Pidgeotite	297	Route 111, after defeating the Winstrate family		Hoenn	reward			1	one_time	Story	07_Pre-MtChimney-Magma	location reachability				UNK		General_Documents___Locations.xlsx	Measured	NONE	
mega_stone	Beedrilite	UNK	Route 111, after defeating the Winstrate family		Hoenn	reward			1	one_time	Story	07_Pre-MtChimney-Magma	location reachability				UNK		General_Documents___Locations.xlsx	Measured	NONE	
mega_stone	Glalitite	327	Route 111, after defeating the Winstrate family		Hoenn	reward			1	one_time	Story	07_Pre-MtChimney-Magma	location reachability				UNK		General_Documents___Locations.xlsx	Measured	NONE	
mega_stone	Abomasite	335	Route 111, after defeating the Winstrate family		Hoenn	reward			1	one_time	Story	07_Pre-MtChimney-Magma	location reachability				UNK		General_Documents___Locations.xlsx	Measured	NONE	
mega_stone	Laprasite	984	Route 118, from Wake after defeating him		Hoenn	reward			1	one_time	Story	11_Pre-Route119-Rival	location reachability				UNK		General_Documents___Locations.xlsx	Measured	NONE	
mega_stone	Medichamite	320	Route 111, after defeating the Winstrate family		Hoenn	reward			1	one_time	Story	07_Pre-MtChimney-Magma	location reachability				UNK		General_Documents___Locations.xlsx	Measured	NONE	
mega_stone	Sandacondite	991	Route 111, after defeating the Winstrate family		Hoenn	reward			1	one_time	Story	07_Pre-MtChimney-Magma	location reachability				UNK		General_Documents___Locations.xlsx	Measured	NONE	
mega_stone	Applite	990	Route 111, after defeating the Winstrate family		Hoenn	reward			1	one_time	Story	07_Pre-MtChimney-Magma	location reachability				UNK		General_Documents___Locations.xlsx	Measured	NONE	
mega_stone	Aggronite	319	Route 111, after defeating the Winstrate family		Hoenn	reward			1	one_time	Story	07_Pre-MtChimney-Magma	location reachability				UNK		General_Documents___Locations.xlsx	Measured	NONE	
mega_stone	Steelixite	308	Trick House, reward for completing third puzzle		Hoenn	reward			1	one_time	Story	05_Pre-Route110-Rival	location reachability				UNK		General_Documents___Locations.xlsx	Measured	NONE	
mega_stone	Cameruptite	323	Route 111, after defeating the Winstrate family		Hoenn	reward			1	one_time	Story	07_Pre-MtChimney-Magma	location reachability				UNK		General_Documents___Locations.xlsx	Measured	NONE	
mega_stone	Charizardite	UNK	Y Fortree City, from creator Justin after defeating him		Hoenn	reward			1	one_time	Story	12_Pre-Winona	location reachability				UNK		General_Documents___Locations.xlsx	Measured	NONE	
mega_stone	Tyranitarite	312	Victory Road, from Wally after defeating him		Hoenn	reward			1	one_time	Story	18_Pre-Wally-VictoryRoad	after victory road				UNK		General_Documents___Locations.xlsx	Measured	NONE	
mega_stone	Mawilite	318	Route 111, after defeating the Winstrate family		Hoenn	reward			1	one_time	Story	07_Pre-MtChimney-Magma	location reachability				UNK		General_Documents___Locations.xlsx	Measured	NONE	
mega_stone	Houndoominite	311	Route 111, after defeating the Winstrate family		Hoenn	reward			1	one_time	Story	07_Pre-MtChimney-Magma	location reachability				UNK		General_Documents___Locations.xlsx	Measured	NONE	
mega_stone	Banettite	325	Route 117, from Fantina after defeating her		Hoenn	reward			1	one_time	Story	06_Pre-Wattson	location reachability				UNK		General_Documents___Locations.xlsx	Measured	NONE	
mega_stone	Pinsirite	302	Route 111, after defeating the Winstrate family		Hoenn	reward			1	one_time	Story	07_Pre-MtChimney-Magma	location reachability				UNK		General_Documents___Locations.xlsx	Measured	NONE	
mega_stone	Ampharosite	307	Mauville City, from Wattson after defeating him		Hoenn	reward			1	one_time	Story	07_Pre-MtChimney-Magma	after wattson				UNK		General_Documents___Locations.xlsx	Measured	NONE	
mega_stone	Machampite	983	Jagged Pass, from Maylene after defeating her		Hoenn	reward			1	one_time	Story	07_Pre-MtChimney-Magma	location reachability				UNK		General_Documents___Locations.xlsx	Measured	NONE	
mega_stone	Coalossite	989	Route 111, after defeating the Winstrate family		Hoenn	reward			1	one_time	Story	07_Pre-MtChimney-Magma	location reachability				UNK		General_Documents___Locations.xlsx	Measured	NONE	
mega_stone	Slowbronite	299	Route 111, after defeating the Winstrate family		Hoenn	reward			1	one_time	Story	07_Pre-MtChimney-Magma	location reachability				UNK		General_Documents___Locations.xlsx	Measured	NONE	
mega_stone	Salamencite	328	Victory Road, from Wally after defeating him		Hoenn	reward			1	one_time	Story	18_Pre-Wally-VictoryRoad	after victory road				UNK		General_Documents___Locations.xlsx	Measured	NONE	
mega_stone	Slakite	996	Victory Road, from Wally after defeating him		Hoenn	reward			1	one_time	Story	18_Pre-Wally-VictoryRoad	after victory road				UNK		General_Documents___Locations.xlsx	Measured	NONE	
mega_stone	Butterfrite	982	Trick House, reward for completing second puzzle		Hoenn	reward			1	one_time	Story	05_Pre-Route110-Rival	location reachability				UNK		General_Documents___Locations.xlsx	Measured	NONE	
mega_stone	Orbeetlite	987	Route 111, after defeating the Winstrate family		Hoenn	reward			1	one_time	Story	07_Pre-MtChimney-Magma	location reachability				UNK		General_Documents___Locations.xlsx	Measured	NONE	
mega_stone	Scizorite	309	Route 111, after defeating the Winstrate family		Hoenn	reward			1	one_time	Story	07_Pre-MtChimney-Magma	location reachability				UNK		General_Documents___Locations.xlsx	Measured	NONE	
mega_stone	Snorlaxite	985	Trick House, reward for completing second puzzle		Hoenn	reward			1	one_time	Story	05_Pre-Route110-Rival	location reachability				UNK		General_Documents___Locations.xlsx	Measured	NONE	
mega_stone	Garchompite	333	Victory Road, from Wally after defeating him		Hoenn	reward			1	one_time	Story	18_Pre-Wally-VictoryRoad	after victory road				UNK		General_Documents___Locations.xlsx	Measured	NONE	
mega_stone	Metagrossite	329	Victory Road, from Wally after defeating him		Hoenn	reward			1	one_time	Story	18_Pre-Wally-VictoryRoad	after victory road				UNK		General_Documents___Locations.xlsx	Measured	NONE	
mega_stone	Aerodactylite	304	Route 111, after defeating the Winstrate family		Hoenn	reward			1	one_time	Story	07_Pre-MtChimney-Magma	location reachability				UNK		General_Documents___Locations.xlsx	Measured	NONE	
mega_stone	Gyaradosite	303	Route 118, from Wake after defeating him		Hoenn	reward			1	one_time	Story	11_Pre-Route119-Rival	location reachability				UNK		General_Documents___Locations.xlsx	Measured	NONE	
mega_stone	Manectite	321	Mauville City, from Wattson after defeating him		Hoenn	reward			1	one_time	Story	07_Pre-MtChimney-Magma	after wattson				UNK		General_Documents___Locations.xlsx	Measured	NONE	
mega_stone	Galladite	336	Route 111, after defeating the Winstrate family		Hoenn	reward			1	one_time	Story	07_Pre-MtChimney-Magma	location reachability				UNK		General_Documents___Locations.xlsx	Measured	NONE	
mega_stone	Gengarite	300	Route 117, from Fantina after defeating her		Hoenn	reward			1	one_time	Story	06_Pre-Wattson	location reachability				UNK		General_Documents___Locations.xlsx	Measured	NONE	
mega_stone	Copperajite	995	Route 120, from Byron after defeating him		Hoenn	reward			1	one_time	Story	13_Pre-Dawn-Lilycove	location reachability				UNK		General_Documents___Locations.xlsx	Measured	NONE	
mega_stone	Centiskite	993	Route 111, after defeating the Winstrate family		Hoenn	reward			1	one_time	Story	07_Pre-MtChimney-Magma	location reachability				UNK		General_Documents___Locations.xlsx	Measured	NONE	
mega_stone	Grimmite	994	Sootopolis City, from Juan after defeating him		Hoenn	reward			1	one_time	Story	18_Pre-Wally-VictoryRoad	after juan				UNK		General_Documents___Locations.xlsx	Measured	NONE	
mega_stone	Latiasite	330	SouthernIsland, post game		Hoenn	reward			1	one_time	Postgame	postgame	postgame text				UNK		General_Documents___Locations.xlsx	Measured	NONE	
mega_stone	Latiosite	331	Southern Island, post game		Hoenn	reward			1	one_time	Postgame	postgame	postgame text				UNK		General_Documents___Locations.xlsx	Measured	NONE	
mega_stone	Diancite	338	Navel Rock, post game		Hoenn	reward			1	one_time	Postgame	postgame	postgame text				UNK		General_Documents___Locations.xlsx	Measured	NONE	
mega_stone	Mewtwonite	UNK	X Meteor Falls Steven’s Cave, post game		Hoenn	reward			1	one_time	Postgame	postgame	postgame text				UNK		General_Documents___Locations.xlsx	Measured	NONE	
mega_stone	Mewtwonite	UNK	Y Meteor Falls Steven’s Cave, post game		Hoenn	reward			1	one_time	Postgame	postgame	postgame text				UNK		General_Documents___Locations.xlsx	Measured	NONE	
mega_stone	Torterrite	976	Fortree City, from creator Xavier after defeating him		Hoenn	reward			1	one_time	Story	12_Pre-Winona	location reachability				UNK		General_Documents___Locations.xlsx	Measured	NONE	
mega_stone	EmpoleoniteO	977	Fortree City, from creator Isaac after defeating him		Hoenn	reward			1	one_time	Story	12_Pre-Winona	location reachability				UNK		General_Documents___Locations.xlsx	Measured	NONE	
mega_stone	EmpoleoniteD	978	Route 111, from Dawn after defeating her		Hoenn	reward			1	one_time	Story	07_Pre-MtChimney-Magma	location reachability				UNK		General_Documents___Locations.xlsx	Measured	NONE	
mega_stone	Infernapite	979	Lavaridge Town, from Flannery after defeating her		Hoenn	reward			1	one_time	Story	09_Pre-TrickHouse	after flannery				UNK		General_Documents___Locations.xlsx	Measured	NONE	
mega_stone	Luxite	UNK	Mauville City, from Wattson after defeating him		Hoenn	reward			1	one_time	Story	07_Pre-MtChimney-Magma	after wattson				UNK		General_Documents___Locations.xlsx	Measured	NONE	
mega_stone	Roseradite	997	Trick House, reward for completing second puzzle		Hoenn	reward			1	one_time	Story	05_Pre-Route110-Rival	location reachability				UNK		General_Documents___Locations.xlsx	Measured	NONE	
mega_stone	Dusknoirite	999	Route 117, from Fantina after defeating her		Hoenn	reward			1	one_time	Story	06_Pre-Wattson	location reachability				UNK		General_Documents___Locations.xlsx	Measured	NONE	
held_item	Choice band	442	Fortree city	X	Hoenn	reward			1	one_time	defeat X	12_Pre-Winona	defeat X				UNK		General_Documents___Locations.xlsx (Battle Rewards)	Measured	NONE	X
held_item	Choice scarf	444	Fortree City	Iriv	Hoenn	reward			1	one_time	defeat Iriv	12_Pre-Winona	defeat Iriv				UNK		General_Documents___Locations.xlsx (Battle Rewards)	Measured	NONE	Iriv
held_item	Choice specs	443	Fortree City	Cap	Hoenn	reward			1	one_time	defeat Cap	12_Pre-Winona	defeat Cap				UNK		General_Documents___Locations.xlsx (Battle Rewards)	Measured	NONE	Cap
held_item	Eviolite	494	Petalburg woods	Gardenia	Hoenn	reward			1	one_time	defeat Gardenia	01_Pre-Roxanne	defeat Gardenia				UNK		General_Documents___Locations.xlsx (Battle Rewards)	Measured	NONE	Gardenia
held_item	Expert Belt	477	Jagged Pass	Maylene	Hoenn	reward			1	one_time	defeat Maylene	07_Pre-MtChimney-Magma	defeat Maylene				UNK		General_Documents___Locations.xlsx (Battle Rewards)	Measured	NONE	Maylene
held_item	Focus sash	481	Route 118	Crasher Wake	Hoenn	reward			1	one_time	defeat Crasher Wake	11_Pre-Route119-Rival	defeat Crasher Wake				UNK		General_Documents___Locations.xlsx (Battle Rewards)	Measured	NONE	Crasher Wake
held_item	Kicking shoes	980	Route 111	Black Belt Daisuke	Hoenn	reward			1	one_time	defeat Black Belt Daisuke	07_Pre-MtChimney-Magma	defeat Black Belt Daisuke				UNK		General_Documents___Locations.xlsx (Battle Rewards)	Measured	NONE	Black Belt Daisuke
held_item	Leaf stones	UNK	Petalburg woods	Gardenia	Hoenn	reward			1	one_time	defeat Gardenia	01_Pre-Roxanne	defeat Gardenia				UNK		General_Documents___Locations.xlsx (Battle Rewards)	Measured	NONE	Gardenia
held_item	Leftovers	472	Route 117	Fantina	Hoenn	reward			1	one_time	defeat Fantina	06_Pre-Wattson	defeat Fantina				UNK		General_Documents___Locations.xlsx (Battle Rewards)	Measured	NONE	Fantina
held_item	Leftovers	472	Route 121	Byron	Hoenn	reward			1	one_time	defeat Byron	13_Pre-Dawn-Lilycove	defeat Byron				UNK		General_Documents___Locations.xlsx (Battle Rewards)	Measured	NONE	Byron
held_item	Punching glove	902	Route 111	Black Belt Daisuke	Hoenn	reward			1	one_time	defeat Black Belt Daisuke	07_Pre-MtChimney-Magma	defeat Black Belt Daisuke				UNK		General_Documents___Locations.xlsx (Battle Rewards)	Measured	NONE	Black Belt Daisuke
held_item	Rocky helmet	496	Route 121	Byron	Hoenn	reward			1	one_time	defeat Byron	13_Pre-Dawn-Lilycove	defeat Byron				UNK		General_Documents___Locations.xlsx (Battle Rewards)	Measured	NONE	Byron
held_item	Assault vest	503	Lilycove	Dawn	Hoenn	reward			1	one_time	defeat Dawn	13_Pre-Dawn-Lilycove	defeat Dawn				UNK		General_Documents___Locations.xlsx (Battle Rewards)	Measured	NONE	Dawn
held_item	Eject Button	501	Evergrande City	Volkner	Hoenn	reward			1	one_time	defeat Volkner	18_Pre-Wally-VictoryRoad	defeat Volkner				UNK		General_Documents___Locations.xlsx (Battle Rewards)	Measured	NONE	Volkner
held_item	Protective Pads	UNK	Route 111	Black Belt Daisuke	Hoenn	reward			1	one_time	defeat Black Belt Daisuke	07_Pre-MtChimney-Magma	defeat Black Belt Daisuke				UNK		General_Documents___Locations.xlsx (Battle Rewards)	Measured	NONE	Black Belt Daisuke
held_item	Metronome	483	Route 117	Fantina	Hoenn	reward			1	one_time	defeat Fantina	06_Pre-Wattson	defeat Fantina				UNK		General_Documents___Locations.xlsx (Battle Rewards)	Measured	NONE	Fantina
held_item	Loaded Dice	904	Route 111	Black Belt Daisuke	Hoenn	reward			1	one_time	defeat Black Belt Daisuke	07_Pre-MtChimney-Magma	defeat Black Belt Daisuke				UNK		General_Documents___Locations.xlsx (Battle Rewards)	Measured	NONE	Black Belt Daisuke
in_game_trade	trade Ralts -> Mime Jr.	UNK	Rustboro City		Hoenn	trade			1	one_time	own a Ralts	01_Pre-Roxanne	location reachability	Ralts	Mime Jr.		FALSE	trade NPC is stationary	General_Documents___Locations.xlsx	Measured	trade Pokemon level/nature/held item/IVs: UNK, source does not state	
in_game_trade	trade Maschiff -> Fidough	UNK	Fortree City		Hoenn	trade			1	one_time	own a Maschiff	12_Pre-Winona	location reachability	Maschiff	Fidough		FALSE	trade NPC is stationary	General_Documents___Locations.xlsx	Measured	trade Pokemon level/nature/held item/IVs: UNK, source does not state	
in_game_trade	trade Delibird -> Iron Bundle	UNK	Pacifidlog Town		Hoenn	trade			1	one_time	own a Delibird	17_Pre-Juan	location reachability	Delibird	Iron Bundle		FALSE	trade NPC is stationary	General_Documents___Locations.xlsx	Measured	trade Pokemon level/nature/held item/IVs: UNK, source does not state	
gift_pokemon	Charcadet	UNK	Route 109		Hoenn	gift			1	one_time	Gift after beating all trainers in beach house	04_Pre-Aqua-Museum	location reachability				UNK		General_Documents___Locations.xlsx	Measured	NONE	
gift_pokemon	Tyrogue	UNK	Route 111		Hoenn	gift			1	one_time	Gift after beating Daisuke	07_Pre-MtChimney-Magma	location reachability				UNK		General_Documents___Locations.xlsx	Measured	NONE	
gift_pokemon	Meltan	UNK	Route 121		Hoenn	gift			1	one_time	Gift after beating Byron	13_Pre-Dawn-Lilycove	location reachability				UNK		General_Documents___Locations.xlsx	Measured	NONE	
gift_pokemon	Mew	UNK	Mossdeep City		Hoenn	gift			1	one_time	Gift after beating Sunbird	15_Pre-Tate-and-Liza	location reachability				UNK		General_Documents___Locations.xlsx	Measured	NONE	
gift_pokemon	Darkrai	UNK	Mossdeep City		Hoenn	gift			1	one_time	Gift after beating Suneal	15_Pre-Tate-and-Liza	location reachability				UNK		General_Documents___Locations.xlsx	Measured	NONE	
gift_pokemon	Kubfu	UNK	Evergrande City		Hoenn	gift			1	one_time	Gift after beating Dawn and Rival	18_Pre-Wally-VictoryRoad	location reachability				UNK		General_Documents___Locations.xlsx	Measured	NONE	
gift_pokemon	Zeraora	UNK	Evergrande City		Hoenn	gift			1	one_time	Gift after beating Volkner	18_Pre-Wally-VictoryRoad	location reachability				UNK		General_Documents___Locations.xlsx	Measured	NONE	
egg	Togepi Egg	UNK	Rustboro City		Hoenn	gift			1	one_time	In Pokémon Center	01_Pre-Roxanne	location reachability				UNK		General_Documents___Locations.xlsx	Measured	NONE	
egg	Riolu Egg	UNK	Route 111		Hoenn	gift			1	one_time	In old man's house	07_Pre-MtChimney-Magma	location reachability				UNK		General_Documents___Locations.xlsx	Measured	NONE	
egg	Starter Eggs	UNK	Fallarbor Town		Hoenn	gift			1	one_time	Old man inside house for shards	07_Pre-MtChimney-Magma	location reachability				UNK		General_Documents___Locations.xlsx	Measured	NONE	
egg	Eevee Egg	UNK	Lavaridge Town		Hoenn	gift			1	one_time	Old woman by hot springs	08_Pre-Flannery	location reachability				UNK		General_Documents___Locations.xlsx	Measured	NONE	
egg	Type: Null Egg	UNK	Lilycove City		Hoenn	gift			1	one_time	Old man inside house	13_Pre-Dawn-Lilycove	location reachability				UNK		General_Documents___Locations.xlsx	Measured	NONE	
npc_service	Old man that gives you early game Egg	UNK	Oldale Town	inside the Poke Center	Hoenn	npc			1	repeatable	Competitive QoL	UNK	no story anchor and no recognised place name				FALSE	stationary NPC	General_Documents___Locations.xlsx	Measured	NONE	
npc_service	Fisherman that gives Old Rod	UNK	Petalburg City	near pond north of the Poke Center	Hoenn	npc			1	repeatable	Rods	UNK	no story anchor and no recognised place name				FALSE	stationary NPC	General_Documents___Locations.xlsx	Measured	NONE	
npc_service	Cut master who gives HM01 Cut after 1st Badge is obtained	UNK	Rustboro City	house right the west of the Poke Center	Hoenn	npc			1	repeatable	HMs / Field	02_Pre-Rustboro-Rival	badge 1				FALSE	stationary NPC	General_Documents___Locations.xlsx	Measured	NONE	
npc_service	Devon Corp. President	UNK	Rustboro City	top floor of Devon Building, give Evolution Stones after delivering the letter to Steven in Granite Cave	Hoenn	npc			1	repeatable	Competitive QoL	03_Pre-Brawly	location reachability				FALSE	stationary NPC	General_Documents___Locations.xlsx	Measured	NONE	
npc_service	Devon Scientists who give you Fusion items post game	UNK	Rustboro City	Devon Building 2nd floor	Hoenn	npc			1	repeatable	Competitive QoL	postgame	postgame text				FALSE	stationary NPC	General_Documents___Locations.xlsx	Measured	NONE	
npc_service	Guy that gives access to the move relearner functionality for level-up moves: house directly north of Mr. Briney’s dock	UNK	Dewford Town		Hoenn	npc			1	repeatable	Move Services	UNK	no story anchor and no recognised place name				FALSE	stationary NPC	General_Documents___Locations.xlsx	Measured	NONE	
npc_service	Move Deleter	UNK	Slateport City	house in the northwest part of the city	Hoenn	npc			1	repeatable	Move Services	UNK	no story anchor and no recognised place name				FALSE	stationary NPC	General_Documents___Locations.xlsx	Measured	NONE	
npc_service	Fisherman that gives Good Rod	UNK	Route 103	North of Slateport then West of the Trick House	Hoenn	npc			1	repeatable	Rods	05_Pre-Route110-Rival	location reachability				FALSE	stationary NPC	General_Documents___Locations.xlsx	Measured	NONE	
npc_service	Guy that gives Rock Smash	UNK	Mauville City	Stat Editor, Hidden Power type changer, and IV Perfecter: all same house as Rock Smash Dude	Hoenn	npc			1	repeatable	HMs / Field	UNK	no story anchor and no recognised place name				FALSE	stationary NPC	General_Documents___Locations.xlsx	Measured	NONE	
npc_service	Man that used to give Soot Sack now give Scope Lens	UNK	Route 113	house far to the west on the route	Hoenn	npc			1	repeatable	Competitive QoL	UNK	no story anchor and no recognised place name				FALSE	stationary NPC	General_Documents___Locations.xlsx	Measured	NONE	
npc_service	Guy that gives starter eggs in exchange for shards	UNK	Fallarbor Town	house in the middle-north of town	Hoenn	npc			1	repeatable	Competitive QoL	UNK	no story anchor and no recognised place name				FALSE	stationary NPC	General_Documents___Locations.xlsx	Measured	NONE	
npc_service	Woman that gives mid-game eggs in exchange for yellow shards	UNK	Lavaridge Town	outside of the Poke Center near the sand	Hoenn	npc			1	repeatable	Competitive QoL	UNK	no story anchor and no recognised place name				FALSE	stationary NPC	General_Documents___Locations.xlsx	Measured	NONE	
npc_service	Guy that gives access to the move relearner functionality for egg moves: house directly east of the department store	UNK	Lilycove City		Hoenn	npc			1	repeatable	Move Services	UNK	no story anchor and no recognised place name				FALSE	stationary NPC	General_Documents___Locations.xlsx	Measured	NONE	
npc_service	Guy that gives Memory Items for Silvally	UNK	Lilycove City	house furthest east on the cliff	Hoenn	npc			1	repeatable	Competitive QoL	UNK	no story anchor and no recognised place name				FALSE	stationary NPC	General_Documents___Locations.xlsx	Measured	NONE	
npc_service	Old woman in former Shard Collector’s gives several form-changing Key Items (Rotom Catalog	UNK	Route 124	Reveal Glass, Gracidea, Prison Bottle)	Hoenn	npc			1	repeatable	Competitive QoL	UNK	no story anchor and no recognised place name				FALSE	stationary NPC	General_Documents___Locations.xlsx	Measured	NONE	
npc_service	Guy that gives super rod in Upper right house	UNK	Mossdeep City		Hoenn	npc			1	repeatable	Rods	UNK	no story anchor and no recognised place name				FALSE	stationary NPC	General_Documents___Locations.xlsx	Measured	NONE	
npc_service	Old woman on the lower floors who can summon a Paradox or Ultra Beast of the player’s choosing	UNK	Shoal Cave		Hoenn	npc			1	repeatable	Special Encounters	UNK	no story anchor and no recognised place name				FALSE	stationary NPC	General_Documents___Locations.xlsx	Measured	NONE	
npc_service	Guy that gives Drive Items for Genesect	UNK	Pacifidlog Town	house furthest east on the cliff	Hoenn	npc			1	repeatable	Competitive QoL	UNK	no story anchor and no recognised place name				FALSE	stationary NPC	General_Documents___Locations.xlsx	Measured	NONE	
npc_service	NPCs that give form-changing items for Dialga	UNK	Sootopolis City	Palkia, Giratina, Zacian, Zamazenta in houses on the east side of the city	Hoenn	npc			1	repeatable	Competitive QoL	UNK	no story anchor and no recognised place name				FALSE	stationary NPC	General_Documents___Locations.xlsx	Measured	NONE	
npc_service	Old woman who gives you the Red and Blue Orb for Primal Groudon/Kyogre	UNK	Mt. Pyre	at the top of the outside after the events in Sootopolis	Hoenn	npc			1	repeatable	Competitive QoL	17_Pre-Juan	location reachability				FALSE	stationary NPC	General_Documents___Locations.xlsx	Measured	NONE	
npc_service	Guy that gives Zygarde Cube to change Zygarde Forms	UNK	Evergrande City (before Victory Road)	in Poke Center	Hoenn	npc			1	repeatable	Competitive QoL	UNK	no story anchor and no recognised place name				FALSE	stationary NPC	General_Documents___Locations.xlsx	Measured	NONE	
npc_service	Old woman on the lower floors who can summon a Paradox or Ultra Beast of the player’s choosing	UNK	Victory Road		Hoenn	npc			1	repeatable	Special Encounters	UNK	no story anchor and no recognised place name				FALSE	stationary NPC	General_Documents___Locations.xlsx	Measured	NONE	
