trainer_id	trainer_name	trainer_class	team_variant	role	location	battle_order_index	difficulty_mode	battle_format	field_effect	roster_size	level_mode	level_min	level_max	roster	roster_species	n_unresolved_species	uses_held_items	n_mega	offensive_types	cannot_hit_neutral	type_resists_whole_team	shared_weaknesses	speed_fastest	speed_slowest	speed_median	source_file	confidence	notes
Hoenn Leaders:ROXANNE:1	ROXANNE	Hoenn Leaders	NONE	Hoenn Leaders	UNK	1	NORMAL (MGM off)	single	NONE	4	fixed	14	15	Rhyhorn:14:Adamant:Lightning Rod:Rindo Berry:NONE:NONE:Rock Tomb;Horn Attack;Bulldoze;Rock Smash|Wooper-Paldea:15:Modest:Water Absorb:Oran Berry:NONE:NONE:Mud Shot;Acid Spray;Yawn;Sandstorm|Gligar:15:Adamant:Sand Veil:Oran Berry:NONE:NONE:Wing Attack;Quick Attack;Bulldoze|Nosepass:15:Impish:Sturdy:Berry Juice:NONE:NONE:Rock Blast;Spark;Thunder Wave;Bulldoze	111,1405,207,299	0	True	0	Electric,Fighting,Flying,Ground,Normal,Poison,Rock	NONE	NONE	Water:4,Ground:3,Ice:3,Fighting:2,Steel:2,Grass:2	35	14	17	General_Documents___Locations.xlsx (Boss Battles tabs)	Measured	NONE
Hoenn Leaders:BRAWLY:13	BRAWLY	Hoenn Leaders	NONE	Hoenn Leaders	UNK	13	NORMAL (MGM off)	single	NONE	5	fixed	23	25	Pikachu-Libre:23:Timid:Lightning Rod:Light Ball:NONE:30 Def / 30 SpA / 30 SpD / 30 Spe:Fake Out;Electroweb;Hidden Power Fighting;Draining Kiss|Sandslash-Alola:24:Jolly:Ice Scales:Chople Berry:NONE:NONE:Ice Shard;Aerial Ace;Bulldoze;Cut|Lycanroc-Dusk:25:Jolly:Tough Claws:Muscle Band:NONE:NONE:Low Sweep;Accelerock;Bulldoze;Rock Tomb|Gurdurr:25:Adamant:Iron Fist:Eviolite:NONE:NONE:Mach Punch;Fire Punch;Low Sweep;Thunder Punch|Hariyama:25:Adamant:Guts:Flame Orb:NONE:NONE:Low Sweep;Rock Tomb;Knock Off;Fake Out	1014,960,1174,533,297	0	True	0	Dark,Electric,Fairy,Fighting,Fire,Flying,Ground,Ice,Normal,Rock,Steel	NONE	NONE	Ground:3,Psychic:3,Fairy:3	73	32	47	General_Documents___Locations.xlsx (Boss Battles tabs)	Measured	NONE
Hoenn Leaders:WATTSON:26	WATTSON	Hoenn Leaders	NONE	Hoenn Leaders	UNK	26	NORMAL (MGM off)	single	NONE	5	fixed	34	34	Dedenne:34:Timid:Electric Surge:Terrain Extender:6 HP / 252 SpA / 252 Spe:30 Spe:Parabolic Charge;Volt Switch;Draining Kiss;Hidden Power Ice|Kilowattrel:34:Timid:Volt Absorb:Charti Berry:6 HP / 252 SpA / 252 Spe:NONE:Air Slash;Electroweb;Volt Switch;Roost|Magneton:34:Modest:Analytic:Eviolite:6 HP / 252 SpA / 252 Spe:NONE:Discharge;Mirror Shot;Volt Switch;Tri Attack|Vikavolt:34:Modest:Levitate:Occa Berry:6 HP / 252 SpA / 252 Spe:NONE:Bug Buzz;Air Slash;Energy Ball;Charge Beam|Luxray:34:Jolly:Intimidate:NONE:6 HP / 252 Atk / 252 Spe:NONE:Thunder Fang;Bite;Psychic Fangs;Ice Fang	702,1329,82,738,405	0	True	1	Bug,Dark,Electric,Fairy,Flying,Grass,Ice,Normal,Psychic,Steel	NONE	NONE	Ground:3	133	66	92	General_Documents___Locations.xlsx (Boss Battles tabs)	Measured	NONE
Hoenn Leaders:FLANNERY:39	FLANNERY	Hoenn Leaders	NONE	Hoenn Leaders	UNK	39	NORMAL (MGM off)	single	NONE	6	fixed	47	47	Ninetales:47:Timid:Drought:Heat Rock:6 HP / 252 SpA / 252 Spe:NONE:Flamethrower;Energy Ball;Psyshock;Dark Pulse|Walking Wake:47:Timid:Protosynthesis:Choice Scarf:6 HP / 252 SpA / 252 Spe:NONE:Hydro Steam;Flamethrower;Dragon Pulse;Hidden Power Poison|Scovillain:47:Modest:Chlorophyll:Life Orb:6 HP / 252 SpA / 252 Spe:NONE:Giga Drain;Flamethrower;Scorching Sands;Sunny Day|Rotom-Heat:47:Bold:Levitate:Leftovers:252 Def / 252 SpA / 6 SpD:30 Spe:Thunderbolt;Overheat;Hidden Power Ice;Thunder Wave|Marowak-Alola:47:Adamant:Bone Zone:Thick Club:6 HP / 252 Atk / 252 Spe:NONE:Bonemerang;Shadow Bone;Flare Blitz;Thunder Punch|Infernape:47:Jolly:Iron Fist:NONE:6 HP / 252 Atk / 252 Spe:NONE:Fire Punch;Close Combat;Knock Off;Thunder Punch	38,1406,1340,1064,973,392	0	True	1	Dark,Dragon,Electric,Fighting,Fire,Ghost,Grass,Ground,Normal,Psychic,Water	NONE	NONE	Ground:4,Rock:4,Water:4	170	91	138	General_Documents___Locations.xlsx (Boss Battles tabs)	Measured	NONE
Hoenn Leaders:NORMAN:51	NORMAN	Hoenn Leaders	NONE	Hoenn Leaders	UNK	51	NORMAL (MGM off)	single	NONE	6	fixed	59	59	Zoroark-Hisui:59:Timid:Illusion:Focus Sash:6 HP / 252 SpA / 252 Spe:NONE:Bitter Malice;Aura Sphere;Hyper Voice;Sludge Bomb|Iron Valiant:59:Jolly:Quark Drive:Booster Energy:6 HP / 252 Atk / 252 Spe:NONE:Close Combat;Spirit Break;Bulk Up;Knock Off|Ursaluna-Bloodmoon:59:Modest:Mind's Eye:Expert Belt:6 HP / 252 SpA / 252 Spe:30 Atk / 30 Def:Earth Power;Blood Moon;Hyper Voice;Hidden Power Ice|Cyclizar:59:Jolly:Regenerator:Sitrus Berry:6 HP / 252 Atk / 252 Spe:NONE:Shed Tail;Aqua Tail;Dragon Claw;Return|Slaking:59:Jolly:Truant:NONE:6 HP / 252 Atk / 252 Spe:NONE:Return;Play Rough;Power-Up Punch;Earthquake|Obstagoon:59:Jolly:Guts:Life Orb:6 HP / 252 Atk / 252 Spe:NONE:Facade;Knock Off;Close Combat;Sucker Punch	1003,1399,1424,1356,289,862	0	True	1	Dark,Dragon,Fairy,Fighting,Ghost,Ground,Normal,Poison,Water	NONE	NONE	Fighting:4,Fairy:3	223	121	202	General_Documents___Locations.xlsx (Boss Battles tabs)	Measured	NONE
Hoenn Leaders:WINONA:63	WINONA	Hoenn Leaders	NONE	Hoenn Leaders	UNK	63	NORMAL (MGM off)	single	NONE	6	fixed	68	68	Staraptor:68:Jolly:Intimidate:Choice Band:6 HP / 252 Atk / 252 Spe:NONE:U-turn;Double-Edge;Brave Bird;Close Combat|Aggron:68:Adamant:Rock Head:Assault Vest:6 HP / 252 Atk / 252 Def:NONE:Head Smash;Heavy Slam;Fire Punch;Body Press|Flygon:68:Naive:Tinted Lens:Life Orb:252 Atk / 6 SpA / 252 Spe:NONE:Headlong Rush;Draco Meteor;Dual Wingbeat;Rock Slide|Frosmoth:68:Timid:Ice Scales:Heavy-Duty Boots:6 HP / 252 SpA / 252 Spe:NONE:Ice Beam;Giga Drain;Bug Buzz;Quiver Dance|Thundurus-Therian:68:Timid:Volt Absorb:Focus Sash:6 HP / 252 SpA / 252 Spe:30 SpA / 30 SpD / 30 Spe:Thunderbolt;Grass Knot;Sludge Wave;Hidden Power Flying|Altaria-Mega:68:Jolly:Pixilate:Altarianite:6 HP / 252 Atk / 252 Spe:NONE:Earthquake;Dragon Claw;Return;Dragon Dance	398,306,330,873,1101,938	0	True	0	Bug,Dragon,Electric,Fighting,Fire,Flying,Grass,Ground,Ice,Normal,Poison,Rock,Steel	NONE	NONE	Ice:4,Rock:3	225	94	209	General_Documents___Locations.xlsx (Boss Battles tabs)	Measured	NONE
Hoenn Leaders:TATE:75	TATE	Hoenn Leaders	NONE	Hoenn Leaders	UNK	75	NORMAL (MGM off)	double	NONE	3	fixed	76	76	Tapu Lele:76:Timid:Psychic Surge:Terrain Extender:6 HP / 252 SpA / 252 Spe:NONE:Moonblast;Psychic;Thunderbolt;Calm Mind|Espathra:76:Timid:Speed Boost:Focus Sash:6 HP / 252 SpA / 252 Spe:30 Def / 30 SpA / 30 SpD / 30 Spe:Lumina Crash;Air Slash;Flash Cannon;Hidden Power Fighting|Kangaskhan:76:Jolly:Parental Bond:Kangaskhanite:6 HP / 252 Atk / 252 Spe:NONE:Power-Up Punch;Body Slam;Crunch;Brick Break	786,1344,115	0	True	0	Dark,Electric,Fairy,Fighting,Flying,Normal,Psychic,Steel	NONE	NONE	Ghost:2	258	234	242	General_Documents___Locations.xlsx (Boss Battles tabs)	Measured	NONE
Hoenn Leaders:LIZA:75	LIZA	Hoenn Leaders	NONE	Hoenn Leaders	UNK	75	NORMAL (MGM off)	double	NONE	3	fixed	76	76	Iron Leaves:76:Jolly:Sharpness:Life Orb:6 HP / 252 Atk / 252 Spe:NONE:Leaf Blade;Psyblade;Sacred Sword;Night Slash|Farigiraf:76:Modest:Parental Bond:Assault Vest:6 HP / 252 SpA / 252 Spe:NONE:Expanding Force;Hyper Voice;Dazzling Gleam;Psychic|Alakazam-Mega:76:Timid:Trace:Alakazite:6 HP / 252 SpA / 252 Spe:NONE:Expanding Force;Psyshock;Focus Blast;Shadow Ball	1407,1372,912	0	True	0	Dark,Fairy,Fighting,Ghost,Grass,Normal,Psychic	NONE	NONE	Bug:3,Dark:3,Ghost:2	334	167	257	General_Documents___Locations.xlsx (Boss Battles tabs)	Measured	NONE
Hoenn Leaders:JUAN:87	JUAN	Hoenn Leaders	NONE	Hoenn Leaders	UNK	87	NORMAL (MGM off)	single	NONE	6	fixed	82	82	Tapu Fini:82:Timid:Misty Surge:Terrain Extender:6 HP / 252 SpA / 252 Spe:NONE:Moonblast;Ice Beam;Surf;Flip Turn|Tinkaton:82:Jolly:Own Tempo:Shuca Berry:6 HP / 252 Atk / 252 Spe:NONE:Gigaton Hammer;Play Rough;Stone Edge;Brick Break|Rapidash-Galar:82:Jolly:Flash Fire:Life Orb:6 HP / 252 Atk / 252 Spe:NONE:Flare Blitz;Play Rough;Wild Charge;Swords Dance|Ursaluna:82:Adamant:Guts:Assault Vest:6 HP / 252 Atk / 252 Spe:NONE:Facade;Close Combat;Headlong Rush;Play Rough|Flutter Mane:82:Timid:Protosynthesis:Choice Specs:6 HP / 252 SpA / 252 Spe:NONE:Energy Ball;Shadow Ball;Moonblast;Psyshock|Diancie-Mega:82:Timid:Magic Bounce:Diancite:6 HP / 252 SpA / 252 Spe:NONE:Moonblast;Diamond Storm;Earth Power;Calm Mind	788,1347,976,901,1379,952	0	True	0	Electric,Fairy,Fighting,Fire,Ghost,Grass,Ground,Ice,Normal,Psychic,Rock,Steel,Water	NONE	NONE	Ground:3,Water:3,Grass:3	333	164	273	General_Documents___Locations.xlsx (Boss Battles tabs)	Measured	NONE
Sinnoh Leaders:CANDICE:1	CANDICE	Sinnoh Leaders	NONE	Sinnoh Leaders	Route 116	1	NORMAL (MGM off)	single	NONE	14	scales_to_player	UNK	UNK	Snover:Player's Highest Lv -2:Rash:Snow Warning:Occa Berry:NONE:NONE:Mega Drain;Ice Shard;Icy Wind;Sleep Powder|Roserade:Player's Highest Lv:Timid:Natural Cure:Miracle Seed:NONE:30 Atk / 30 SpA / 30 Spe:Giga Drain;Sludge;Sleep Powder;Hidden Power Fire|Dolliv:Player's Highest Lv -1:Calm:Harvest:Sitrus Berry:NONE:NONE:Leech Seed;Protect;Mega Drain;Facade|Spheal:Player's Highest Lv -1:Calm:Thick Fat:Oran Berry:NONE:30 SpA / 30 SpD / 30 Spe:Icy Wind;Brine;Hidden Power Flying;Signal Beam|Sudowoodo:Player's Highest Lv -1:Adamant:Sturdy:Muscle Band:NONE:NONE:Rock Tomb;Bulldoze;Trailblaze;Power-Up Punch|Delibird:Player's Highest Lv -1:Adamant:Refrigerate:Muscle Band:NONE:NONE:Fake out;Aerial Ace;Ice Shard;Steel Wing|Cetoddle:Player's Highest Lv -1:Jolly:Slush Rush:Muscle Band:NONE:NONE:Ice Fang;Rock Smash;Bulldoze;Ice Shard|Gloom:Player's Highest Lv -1:Bold:Stench:Eviolite:NONE:NONE:Mega Drain;Stun Spore;Leech Seed;Synthesis|Gloom:Player's Highest Lv -1:Bold:Stench:Eviolite:NONE:NONE:Sludge;Poison Powder;Leech Seed;Synthesis|Vileplume:Player's Highest Lv -1:Bashful:Effect Spore:Black Sludge:252 HP / 252 Def / 6 SpA:NONE:Giga Drain;Toxic;Sludge Bomb;Synthesis|Arboliva:Player's Highest Lv -1:Calm:Harvest:Sitrus Berry:252 HP / 6 SpA / 252 SpD:NONE:Leech Seed;Protect;Giga Drain;Hyper Voice|Sudowoodo:Player's Highest Lv -1:Adamant:Sturdy:Muscle Band:6 HP / 252 Atk / 252 Spe:NONE:Rock Slide;High Horsepower;Trailblaze;Sucker Punch|Bellossom:Player's Highest Lv -1:Bold:Chlorophyll:Leftovers:252 HP / 252 Def / 6 SpA:NONE:Giga Drain;Stun Spore;Dazzling Gleam;Synthesis|Roserade:Player's Highest Lv:Timid:Technician:NONE:6 HP / 252 SpA / 252 Spe:30 Atk / 30 SpA / 30 Spe:Mega Drain;Sludge;Sleep Powder;Hidden Power Fire	459,407,1314,363,185,225,1363,44,44,45,1315,185,182,407	0	True	1	Bug,Dark,Fairy,Fighting,Flying,Grass,Ground,Ice,Normal,Poison,Rock,Steel,Water	NONE	NONE	Fire:11,Flying:9,Ice:8,Fighting:7	UNK	UNK	UNK	General_Documents___Locations.xlsx (Boss Battles tabs)	Measured	NONE
Sinnoh Leaders:FANTINA:26	FANTINA	Sinnoh Leaders	NONE	Sinnoh Leaders	Route 117	26	NORMAL (MGM off)	single	NONE	5	scales_to_player	UNK	UNK	Mismagius:Player's Highest Lv -1:Timid:Levitate:Wise Glasses:6 HP / 252 SpA / 252 Spe:NONE:Thunderbolt;Shadow Ball;Dazzling Gleam;Mystical Fire|Cursola:Player's Highest Lv -1:Modest:Unburden:Sitrus Berry:6 HP / 252 SpA / 252 Spe:NONE:Shadow Ball;Power Gem;Strength Sap;Earth Power|Gallade:Player's Highest Lv -1:Jolly:Justified:Focus Sash:6 HP / 252 Atk / 252 Spe:NONE:Zen Headbutt;Brick Break;Bulk Up;Shadow Sneak|Zoroark:Player's Highest Lv:Timid:Illusion:Expert Belt:6 HP / 252 SpA / 252 Spe:NONE:Dark Pulse;Sludge Bomb;Flamethrower;Extrasensory|Banette-Mega:Player's Highest Lv:Jolly:Prankster:Banettite:6 HP / 252 Atk / 252 Spe:NONE:Knock Off;Shadow Claw;Shadow Sneak;Return	429,864,475,571,939	0	True	0	Dark,Electric,Fairy,Fighting,Fire,Ghost,Ground,Normal,Poison,Psychic,Rock	NONE	NONE	Ghost:3	UNK	UNK	UNK	General_Documents___Locations.xlsx (Boss Battles tabs)	Measured	NONE
Sinnoh Leaders:MAYLENE:38	MAYLENE	Sinnoh Leaders	NONE	Sinnoh Leaders	Jagged Pass	38	NORMAL (MGM off)	single	NONE	6	scales_to_player	UNK	UNK	Meloetta-Pirouette:Player's Highest Lv -1:Hasty:Serene Grace:Expert Belt:6 Atk / 252 SpA / 252 Spe:NONE:Relic Song;Drain Punch;Psychic;Aura Sphere|Pangoro:Player's Highest Lv -1:Adamant:Iron Fist:Punching Glove:6 HP / 252 Atk / 252 Spe:NONE:Drain Punch;Knock Off;Fire Punch;Thunder Punch|Garganacl:Player's Highest Lv -1:Adamant:Purifying Salt:Leftovers:6 HP / 252 Atk / 252 Spe:NONE:Salt Cure;Earthquake;Hammer Arm;Recover|Lilligant-Hisui:Player's Highest Lv -1:Adamant:Hustle:Focus Sash:6 HP / 252 Atk / 252 Spe:NONE:Leaf Blade;Drain Punch;Facade;Victory Dance|Lucario-Mega:Player's Highest Lv:Timid:Adaptability:Lucarionite:6 HP / 252 SpA / 252 Spe:NONE:Aura Sphere;Flash Cannon;Vacuum Wave;Dragon Pulse|Kingambit:Player's Highest Lv:Adamant:Supreme Overlord:Life Orb:6 HP / 252 Atk / 252 Spe:NONE:Swords Dance;Knock Off;Iron Head;Sucker Punch	1107,675,1322,1001,948,1375	0	True	0	Dark,Dragon,Electric,Fighting,Fire,Grass,Ground,Normal,Psychic,Rock,Steel	NONE	NONE	Fighting:5,Flying:3,Ground:3,Fire:3,Fairy:3	UNK	UNK	UNK	General_Documents___Locations.xlsx (Boss Battles tabs)	Measured	NONE
Sinnoh Leaders:WAKE:50	WAKE	Sinnoh Leaders	NONE	Sinnoh Leaders	Route 118	50	NORMAL (MGM off)	single	NONE	6	scales_to_player	UNK	UNK	Politoed:Player's Highest Lv -1:Modest:Drizzle:Damp Rock:6 HP / 252 SpA / 252 Spe:NONE:Scald;Ice Beam;Haze;Psychic|Gyarados:Player's Highest Lv -1:Jolly:Moxie:Focus Sash:6 HP / 252 Atk / 252 Spe:NONE:Aqua Tail;Earthquake;Ice Fang;Dragon Dance|Kingdra:Player's Highest Lv -1:Timid:Swift Swim:Life Orb:6 HP / 252 SpA / 252 Spe:NONE:Dragon Pulse;Surf;Hurricane;Ice Beam|Toedscruel:Player's Highest Lv -1:Timid:Clear Body:Assault Vest:6 HP / 252 SpA / 252 Spe:NONE:Sludge Bomb;Flash Cannon;Earth Power;Energy Ball|Urshifu-Rapid-Strike:Player's Highest Lv:Jolly:Unseen Fist:Expert Belt:6 HP / 252 Atk / 252 Spe:NONE:Surging Strikes;Drain Punch;Poison Jab;Bulk Up|Lapras-Mega:Player's Highest Lv:Modest:Liquid Voice:Laprasite:6 HP / 252 SpA / 252 Spe:NONE:Boomburst;Dragon Pulse;Thunderbolt;Ice Beam	186,130,230,1337,1230,1503	0	True	0	Dragon,Electric,Fighting,Flying,Grass,Ground,Ice,Normal,Poison,Psychic,Steel,Water	NONE	NONE	Electric:3,Fairy:3	UNK	UNK	UNK	General_Documents___Locations.xlsx (Boss Battles tabs)	Measured	NONE
Sinnoh Leaders:BYRON:62	BYRON	Sinnoh Leaders	NONE	Sinnoh Leaders	Route 121	62	NORMAL (MGM off)	single	NONE	1	scales_to_player	UNK	UNK	Skarmory:Player's Highest Lv -1:Impish:Sturdy:Rocky Helmet:252 HP / 6 Atk / 252 Def:NONE:Stealth Rock;Whirlwind;Drill Peck;Iron Head	227	0	True	0	Flying,Steel	Steel,Electric	Steel,Electric	Fire:1,Electric:1	UNK	UNK	UNK	General_Documents___Locations.xlsx (Boss Battles tabs)	Measured	NONE
Sinnoh Leaders:RAIN BATTLE:62	RAIN BATTLE	Sinnoh Leaders	NONE	Sinnoh Leaders	UNK	62	NORMAL (MGM off)	single	NONE	5	scales_to_player	UNK	UNK	Polteageist:Player's Highest Lv -1:Timid:Heatproof:Focus Sash:6 HP / 252 SpA / 252 Spe:NONE:Shadow Ball;Giga Drain;Stored Power;Shell Smash|Orthworm:Player's Highest Lv -1:Impish:Earth Eater:Sitrus Berry:252 HP / 6 Atk / 252 Def:NONE:Shed Tail;Body Press;Iron Head;Earthquake|Scizor:Player's Highest Lv -1:Jolly:Technician:Life Orb:6 HP / 252 Atk / 252 Spe:NONE:Bullet Punch;Bug Bite;Swords Dance;Dual Wingbeat|Melmetal:Player's Highest Lv:Adamant:Iron Fist:Assault Vest:6 HP / 252 Atk / 252 Spe:NONE:Double Iron Bash;Earthquake;Thunder Punch;Ice Punch|Copperajah-Mega:Player's Highest Lv:Brave:Sheer Force:Copperajite:252 HP / 252 Atk / 6 Def:NONE:Iron Head;Superpower;Play Rough;High Horsepower	855,1357,212,809,1523	0	True	0	Bug,Electric,Fairy,Fighting,Flying,Ghost,Grass,Ground,Ice,Psychic,Steel	NONE	NONE	Fire:4,Fighting:3,Ground:3	UNK	UNK	UNK	General_Documents___Locations.xlsx (Boss Battles tabs)	Measured	NONE
Sinnoh Leaders:ROARK:74	ROARK	Sinnoh Leaders	NONE	Sinnoh Leaders	Route 125	74	NORMAL (MGM off)	single	NONE	6	scales_to_player	UNK	UNK	Hippowdon:Player's Highest Lv -1:Adamant:Sand Stream:Smooth Rock:6 HP / 252 Atk / 252 Def:NONE:Earthquake;Rock Slide;Roar;Stealth Rock|Landorus:Player's Highest Lv -1:Naive:Sheer Force:Life Orb:6 Atk / 252 SpA / 252 Spe:NONE:Sandsear Storm;Stone Edge;Sludge Wave;Psychic|Great Tusk:Player's Highest Lv -1:Adamant:Protosynthesis:Booster Energy:6 HP / 252 Atk / 252 Spe:NONE:Headlong Rush;Close Combat;Knock Off;Ice Spinner|Rampardos:Player's Highest Lv -1:Adamant:Sheer Force:Life Orb:6 HP / 252 Atk / 252 Spe:NONE:Rock Slide;Fire Punch;Rock Polish;Zen Headbutt|Cacturne:Player's Highest Lv -1:Hasty:Sand Rush:Focus Sash:6 Atk / 252 SpA / 252 Spe:NONE:Energy Ball;Sucker Punch;Dark Pulse;Destiny Bond|Steelix-Mega:Player's Highest Lv:Adamant:Heatproof:Steelixite:252 HP / 6 Atk / 252 Def:NONE:Earthquake;Stone Edge;Heavy Slam;Crunch	450,645,1376,409,332,922	0	True	0	Dark,Fighting,Fire,Grass,Ground,Ice,Poison,Psychic,Rock,Steel	NONE	NONE	Water:5,Ice:4,Fighting:3,Grass:3	UNK	UNK	UNK	General_Documents___Locations.xlsx (Boss Battles tabs)	Measured	NONE
Sinnoh Leaders:VOLKNER:86	VOLKNER	Sinnoh Leaders	NONE	Sinnoh Leaders	Evergrande City	86	NORMAL (MGM off)	single	NONE	6	scales_to_player	UNK	UNK	Miraidon:Player's Highest Lv:Timid:Hadron Engine:Terrain Extender:6 HP / 252 SpA / 252 Spe:NONE:Electro Drift;Dragon Pulse;Overheat;Taunt|Raichu-Alola:Player's Highest Lv -1:Modest:Surge Surfer:Choice Specs:6 HP / 252 SpA / 252 Spe:NONE:Psychic;Rising Voltage;Thunderbolt;Surf|Iron Hands:Player's Highest Lv -1:Adamant:Quark Drive:Booster Energy:6 HP / 252 Atk / 252 Spe:NONE:Fake Out;Supercell Slam;Close Combat;Heavy Slam|Dodrio:Player's Highest Lv -1:Jolly:Rock Head:Life Orb:6 HP / 252 Atk / 252 Spe:NONE:Brave Bird;Double-Edge;Quick Attack;Jump Kick|Zeraora:Player's Highest Lv -1:Adamant:Volt Absorb:Assault Vest:6 HP / 252 Atk / 252 Spe:NONE:Plasma Fists;Aerial Ace;Fake Out;Facade|Toxtricity-Mega:Player's Highest Lv:Timid:Punk Rock:Toxtricitite:6 HP / 252 SpA / 252 Spe:30 Atk / 30 SpA:Sludge Wave;Boomburst;Hidden Power Grass;Overdrive	1401,958,1384,85,807,1518	0	True	0	Dragon,Electric,Fighting,Fire,Flying,Normal,Poison,Psychic,Steel,Water	NONE	NONE	Ground:5	UNK	UNK	UNK	General_Documents___Locations.xlsx (Boss Battles tabs)	Measured	NONE
Rivals:DAWN:16	DAWN	Rivals	NONE	Rivals	Route 104	16	NORMAL (MGM off)	single	NONE	30	scales_to_player	UNK	UNK	Buneary:Player's Highest Lv -3:Adamant:Limber:Oran Berry:NONE:NONE:Fake Out;Quick Attack;Mach Punch|Golbat:Player's Highest Lv -2:Jolly:Sniper:Muscle Band:NONE:NONE:Wing Attack;Cross Poison;Bite;U-turn|Golbat:Player's Highest Lv -2:Jolly:Sniper:Muscle Band:NONE:NONE:Wing Attack;Cross Poison;Bite;U-turn|Golbat:Player's Highest Lv -2:Jolly:Sniper:Muscle Band:NONE:NONE:Wing Attack;Cross Poison;Bite;U-turn|Crobat:Player's Highest Lv -1:Jolly:Sniper:Muscle Band:NONE:NONE:Dual Wingbeat;Cross Poison;Bite;U-turn|Crobat:Player's Highest Lv -1:Jolly:Sniper:Muscle Band:NONE:NONE:Dual Wingbeat;Cross Poison;Bite;U-turn|Crobat:Player's Highest Lv -1:Jolly:Sniper:Muscle Band:NONE:NONE:Dual Wingbeat;Cross Poison;Bite;U-turn|Hattrem:Player's Highest Lv -2:Modest:Magic Bounce:Wise Glasses:NONE:NONE:Draining Kiss;Psybeam;Thunder Wave;Life Dew|Hattrem:Player's Highest Lv -2:Modest:Magic Bounce:Wise Glasses:NONE:NONE:Draining Kiss;Psybeam;Thunder Wave;Life Dew|Metang:Player's Highest Lv -1:Impish:Tough Claws:Eviolite:NONE:NONE:Metal Claw;Bullet Punch;Zen Headbutt;Bulldoze|Hattrem:Player's Highest Lv -2:Modest:Magic Bounce:Wise Glasses:NONE:NONE:Draining Kiss;Psybeam;Thunder Wave;Life Dew|Sliggoo-Hisui:Player's Highest Lv -1:Calm:Sap Sipper:Eviolite:NONE:NONE:Dragon Breath;Flash Cannon;Water Pulse;Life Dew|Dragonair:Player's Highest Lv -1:Impish:Shed Skin:Eviolite:NONE:NONE:Dragon Tail;Dragon Rage;Body Slam;Thunder Wave|Noibat:Player's Highest Lv -2:Timid:Infiltrator:Oran Berry:NONE:NONE:Gust;Absorb;Twister|Piplup:Player's Highest Lv -1:Serious:Torrent:Oran Berry:NONE:NONE:Bubble Beam;Aqua Jet;Baby-Doll Eyes;Peck|Kubfu:Player's Highest Lv -2:Adamant:Inner Focus:Muscle Band:NONE:NONE:Rock Smash;Aerial Ace;Headbutt;Fire Punch|Kubfu:Player's Highest Lv -2:Adamant:Inner Focus:Muscle Band:NONE:NONE:Rock Smash;Aerial Ace;Headbutt;Rock Tomb|Rapidash-Galar:Player's Highest Lv -1:Jolly:Immunity:Sitrus Berry:NONE:NONE:Flame Wheel;Will-O-Wisp;Covet;Quick Attack|Whimsicott:Player's Highest Lv -1:Timid:Prankster:Sitrus Berry:NONE:NONE:Giga Drain;Stun Spore;Leech Seed;Dazzling Gleam|Kubfu:Player's Highest Lv -2:Adamant:Inner Focus:Muscle Band:NONE:NONE:Rock Smash;Aerial Ace;Headbutt;Thunder Punch|Gorebyss:Player's Highest Lv -1:Modest:Dazzling:Sitrus Berry:NONE:NONE:Aurora Beam;Water Pulse;Draining Kiss;Psychic|Marshtomp:Player's Highest Lv -1:Quiet:Torrent:Sitrus Berry:NONE:NONE:Water Pulse;Rock Tomb;Mud Shot;Ice Punch|Grovyle:Player's Highest Lv -1:Adamant:Overgrow:Sitrus Berry:NONE:NONE:Bullet Seed;Rock Tomb;Fury Cutter;Assurance|Combusken:Player's Highest Lv -1:Adamant:Striker:Sitrus Berry:NONE:NONE:Double Kick;Rock Tomb;Flame Charge;Thunder Punch|Kubfu:Player's Highest Lv -2:Adamant:Inner Focus:Punching Glove:NONE:NONE:Drain Punch;Fire Punch;Thunder Punch;Ice Punch|Kubfu:Player's Highest Lv -2:Adamant:Inner Focus:Punching Glove:NONE:NONE:Drain Punch;Fire Punch;Thunder Punch;Ice Punch|Kubfu:Player's Highest Lv -2:Adamant:Inner Focus:Punching Glove:NONE:NONE:Drain Punch;Fire Punch;Thunder Punch;Ice Punch|Grovyle:Player's Highest Lv:Jolly:Overgrow:Focus Sash:80 Spe:NONE:Leaf Blade;Rock Slide;Power-Up Punch;Low Sweep|Combusken:Player's Highest Lv:Modest:Blaze:Focus Sash:80 Spe:NONE:Flame Burst;Scorching Sands;Quick Attack;Counter|Marshtomp:Player's Highest Lv:Brave:Torrent:Focus Sash:80 Atk:NONE:Bulldoze;Rock Slide;Liquidation;Flip Turn	427,42,42,42,169,169,169,857,857,375,857,1005,148,714,393,891,891,976,547,891,368,259,253,256,891,891,891,253,256,259	0	True	0	Bug,Dark,Dragon,Electric,Fairy,Fighting,Fire,Flying,Grass,Ground,Ice,Normal,Poison,Psychic,Rock,Steel,Water	NONE	NONE	NONE	UNK	UNK	UNK	General_Documents___Locations.xlsx (Boss Battles tabs)	Measured	NONE
Rivals:WALLY:99	WALLY	Rivals	NONE	Rivals	Mauville City	99	NORMAL (MGM off)	single	NONE	4	fixed	30	32	Drednaw:30:Adamant:Strong Jaw:Sitrus Berry:NONE:NONE:Crunch;Razor Shell;Rock Tomb;Brick Break|Kricketune:30:Jolly:Technician:Sitrus Berry:NONE:NONE:Bug Bite;Bulldoze;Aerial Ace;Rock Smash|Skarmory:31:Impish:Sturdy:Sitrus Berry:NONE:NONE:Steel Wing;Drill Peck;Roost;Toxic|Gardevoir:32:Timid:Trace:Wise Glasses:80 SpA:NONE:Draining Kiss;Psychic Noise;Magical Leaf;Shadow Ball	834,402,227,282	0	True	0	Bug,Dark,Fairy,Fighting,Flying,Ghost,Grass,Ground,Psychic,Rock,Steel,Water	NONE	NONE	Fire:2,Electric:2	72	58	63	General_Documents___Locations.xlsx (Boss Battles tabs)	Measured	NONE
Rivals:DAWN:111	DAWN	Rivals	NONE	Rivals	Route 111	111	NORMAL (MGM off)	single	NONE	5	scales_to_player	UNK	UNK	Lopunny:Player's Highest Lv -2:Jolly:Limber:Silk Scarf:6 HP / 252 Atk / 252 Spe:NONE:Fake Out;Return;Thunder Punch;Drain Punch|Noivern:Player's Highest Lv -2:Timid:Infiltrator:Expert Belt:6 HP / 252 SpA / 252 Spe:NONE:Aeroblast;Dragon Pulse;Boomburst;Dark Pulse|Tsareena:Player's Highest Lv -2:Jolly:Striker:Miracle Seed:6 HP / 252 Atk / 252 Spe:NONE:Trop Kick;Triple Axel;High Jump Kick;Play Rough|Chandelure:Player's Highest Lv -2:Timid:Flash Fire:Charcoal:6 HP / 252 SpA / 252 Spe:NONE:Flamethrower;Shadow Ball;Psychic;Will-O-Wisp|Empoleon:Player's Highest Lv -1:Modest:Torrent:NONE:252 HP / 6 SpA / 252 SpD:NONE:Surf;Flash Cannon;Air Slash;Roost	428,715,763,609,395	0	True	1	Dark,Dragon,Electric,Fairy,Fighting,Fire,Flying,Ghost,Grass,Ice,Normal,Psychic,Steel,Water	NONE	NONE	NONE	UNK	UNK	UNK	General_Documents___Locations.xlsx (Boss Battles tabs)	Measured	NONE
Rivals:WALLY:123	WALLY	Rivals	NONE	Rivals	Route 110	123	NORMAL (MGM off)	single	NONE	24	mixed	64	64	Sneasler:Player's Highest Lv -1:Jolly:Unburden:Focus Sash:6 HP / 252 Atk / 252 Spe:NONE:Taunt;Dire Claw;Close Combat;Knock Off|Crobat:64:Jolly:Sniper:Scope Lens:6 HP / 252 Atk / 252 Spe:NONE:Brave Bird;Cross Poison;Haze;U-turn|Crobat:64:Jolly:Sniper:Scope Lens:6 HP / 252 Atk / 252 Spe:NONE:Brave Bird;Cross Poison;Haze;U-turn|Crobat:64:Jolly:Sniper:Scope Lens:6 HP / 252 Atk / 252 Spe:NONE:Brave Bird;Cross Poison;Haze;U-turn|Metagross:64:Adamant:Tough Claws:Air Balloon:6 HP / 252 Atk / 252 Spe:NONE:Meteor Mash;Earthquake;Zen Headbutt;Bullet Punch|Galvantula:Player's Highest Lv -1:Timid:Compound Eyes:Expert Belt:6 HP / 252 SpA / 252 Spe:NONE:Bug Buzz;Thunder;Giga Drain;Volt Switch|Goodra-Hisui:64:Calm:Sap Sipper:Leftovers:252 HP / 6 SpA / 252 SpD:NONE:Dragon Pulse;Wish;Flash Cannon;Toxic|Dragonite:64:Jolly:Multiscale:Lum Berry:6 HP / 252 Atk / 252 Spe:NONE:Dual Wingbeat;Dragon Claw;Iron Head;Dragon Dance|Whimsicott:64:Timid:Prankster:Leftovers:6 HP / 252 SpA / 252 Spe:NONE:Giga Drain;Moonblast;Leech Seed;Stun Spore|Rapidash-Galar:64:Jolly:Flash Fire:Air Balloon:6 HP / 252 Atk / 252 Spe:NONE:Fire Lash;Will-O-Wisp;Play Rough;Wild Charge|Corviknight:Player's Highest Lv -1:Impish:Unnerve:Rocky Helmet:252 HP / 6 Atk / 252 Def:NONE:Body Press;Drill Peck;Iron Head;Roost|Gorebyss:64:Modest:Dazzling:White Herb:6 HP / 252 SpA / 252 Spe:NONE:Ice Beam;Surf;Moonblast;Shell Smash|Urshifu:64:Jolly:Unseen Fist:Expert Belt:6 HP / 252 Atk / 252 Spe:NONE:Drain Punch;Sucker Punch;Wicked Blow;Ice Punch|Urshifu:64:Jolly:Unseen Fist:Expert Belt:6 HP / 252 Atk / 252 Spe:NONE:Drain Punch;Sucker Punch;Wicked Blow;Ice Punch|Darmanitan:Player's Highest Lv -1:Jolly:Sheer Force:Life Orb:6 HP / 252 Atk / 252 Spe:NONE:Flare Blitz;Rock Slide;Superpower;Earthquake|Urshifu:64:Jolly:Unseen Fist:Expert Belt:6 HP / 252 Atk / 252 Spe:NONE:Drain Punch;Sucker Punch;Wicked Blow;Ice Punch|Electrode-Hisui:64:Modest:Reckless:Life Orb:6 HP / 252 SpA / 252 Spe:30 Atk / 30 Def:Thunderbolt;Chloroblast;Volt Switch;Flash Cannon|Basculegion-F:64:Modest:Adaptability:Life Orb:6 HP / 252 SpA / 252 Spe:NONE:Scald;Ice Beam;Psychic;Shadow Ball|Wishiwashi-School:Player's Highest Lv -1:Quiet:Schooling:Assault Vest:252 HP / 6 Atk / 252 SpA:30 Atk / 30 SpA:Hydro Pump;Ice Beam;Hidden Power Grass;Flip Turn|Armarouge:64:Modest:Mega Launcher:Life Orb:6 HP / 252 SpA / 252 Spe:NONE:Armor Cannon;Aura Sphere;Psychic;Shadow Ball|Sceptile-Mega:64:Jolly:Technician:Sceptilite:6 HP / 252 Atk / 252 Spe:NONE:Dual Chop;Bullet Seed;Earthquake;Swords Dance|Gardevoir:Player's Highest Lv:Timid:Pixilate:Gardevoirite:6 HP / 252 SpA / 252 Spe:NONE:Moonblast;Psychic;Focus Blast;Thunderbolt|Blaziken-Mega:64:Jolly:Striker:Blazikenite:6 HP / 252 Atk / 252 Spe:NONE:Thunderous Kick;Blaze Kick;Thunder Punch;Bulk Up|Swampert-Mega:64:Adamant:Swift Swim:Swampertite:6 HP / 252 Atk / 252 Spe:NONE:Liquidation;Earthquake;Power-Up Punch;Avalanche	903,169,169,169,376,596,1006,149,547,976,823,368,892,892,555,892,996,1234,1175,1324,927,282,928,929	0	True	0	Bug,Dark,Dragon,Electric,Fairy,Fighting,Fire,Flying,Ghost,Grass,Ground,Ice,Normal,Poison,Psychic,Rock,Steel,Water	NONE	NONE	NONE	275	101	207	General_Documents___Locations.xlsx (Boss Battles tabs)	Measured	NONE
Rivals:DAWN:171	DAWN	Rivals	NONE	Rivals	Lilycove City	171	NORMAL (MGM off)	single	NONE	6	fixed	71	71	Lopunny:71:Jolly:Limber:Life Orb:6 HP / 252 Atk / 252 Spe:NONE:Fake Out;Return;Thunder Punch;Close Combat|Noivern:71:Timid:Infiltrator:Choice Specs:6 HP / 252 SpA / 252 Spe:NONE:Aeroblast;Dragon Pulse;Boomburst;Dark Pulse|Meowscarada:71:Jolly:Protean:Expert Belt:6 HP / 252 Atk / 252 Spe:NONE:Knock Off;Flower Trick;Play Rough;U-turn|Chandelure:71:Timid:Flash Fire:Charcoal:6 HP / 252 SpA / 252 Spe:NONE:Flamethrower;Shadow Ball;Psychic;Will-O-Wisp|Iron Boulder:71:Jolly:Quark Drive:Booster Energy:6 HP / 252 Atk / 252 Spe:NONE:Sacred Sword;Mighty Cleave;Psycho Cut;Megahorn|Empoleon:71:Modest:Torrent:NONE:252 HP / 6 SpA / 252 SpD:NONE:Surf;Flash Cannon;Air Slash;Roost	428,715,1291,609,1429,395	0	True	1	Bug,Dark,Dragon,Electric,Fairy,Fighting,Fire,Flying,Ghost,Grass,Normal,Psychic,Rock,Steel,Water	NONE	NONE	Fighting:3,Ground:3,Fairy:3	271	112	256	General_Documents___Locations.xlsx (Boss Battles tabs)	Measured	NONE
Rivals:DAWN:183	DAWN	Rivals	NONE	Rivals	Evergrande City	183	NORMAL (MGM off)	single	NONE	24	fixed	84	84	Pheromosa:84:Jolly:Beast Boost:Focus Sash:6 HP / 252 Atk / 252 Spe:NONE:U-turn;Triple Kick;Triple Axel;Poison Jab|Crobat:84:Jolly:Sniper:Scope Lens:6 HP / 252 Atk / 252 Spe:NONE:Brave Bird;Cross Poison;Leech Life;U-turn|Crobat:84:Jolly:Sniper:Scope Lens:6 HP / 252 Atk / 252 Spe:NONE:Brave Bird;Cross Poison;Leech Life;U-turn|Crobat:84:Jolly:Sniper:Scope Lens:6 HP / 252 Atk / 252 Spe:NONE:Brave Bird;Cross Poison;Leech Life;U-turn|Metagross:84:Adamant:Tough Claws:Air Balloon:6 HP / 252 Atk / 252 Spe:NONE:Meteor Mash;Earthquake;Zen Headbutt;Bullet Punch|Noivern:84:Timid:Infiltrator:Choice Specs:6 HP / 252 SpA / 252 Spe:NONE:Aeroblast;Draco Meteor;Boomburst;Dark Pulse|Goodra-Hisui:84:Calm:Sap Sipper:Leftovers:252 HP / 6 SpA / 252 SpD:NONE:Dragon Pulse;Wish;Flash Cannon;Toxic|Dragonite:84:Jolly:Multiscale:Lum Berry:6 HP / 252 Atk / 252 Spe:NONE:Dual Wingbeat;Dragon Claw;Iron Head;Dragon Dance|Tapu Bulu:84:Jolly:Grassy Surge:Grassy Seed:6 HP / 252 Atk / 252 Spe:NONE:Wood Hammer;Play Rough;Superpower;Zen Headbutt|Tapu Koko:84:Jolly:Electric Surge:Electric Seed:6 HP / 252 Atk / 252 Spe:NONE:Supercell Slam;Return;Play Rough;Roost|Meowscarada:84:Jolly:Protean:Expert Belt:6 HP / 252 Atk / 252 Spe:NONE:Knock Off;Flower Trick;Play Rough;Triple Axel|Tapu Fini:84:Timid:Misty Surge:Misty Seed:6 HP / 252 SpA / 252 Spe:NONE:Ice Beam;Hydro Pump;Moonblast;Grass Knot|Urshifu:84:Jolly:Unseen Fist:Expert Belt:6 HP / 252 Atk / 252 Spe:NONE:Close Combat;Sucker Punch;Wicked Blow;Ice Punch|Urshifu:84:Jolly:Unseen Fist:Expert Belt:6 HP / 252 Atk / 252 Spe:NONE:Close Combat;Sucker Punch;Wicked Blow;Ice Punch|Blacephalon:84:Timid:Beast Boost:Life Orb:6 HP / 252 SpA / 252 Spe:NONE:Flamethrower;Shadow Ball;Psychic;Mind Blown|Urshifu:84:Jolly:Unseen Fist:Expert Belt:6 HP / 252 Atk / 252 Spe:NONE:Close Combat;Sucker Punch;Wicked Blow;Ice Punch|Ogerpon-Hearthflame:84:Jolly:Mold Breaker:Hearthflame Mask:6 HP / 252 Atk / 252 Spe:NONE:Ivy Cudgel;Wood Hammer;Throat Chop;Swords Dance|Milotic:84:Bold:Competitive:Leftovers:252 HP / 252 Def / 6 SpA:NONE:Bouncy Bubble;Ice Beam;Recover;Toxic|Iron Boulder:84:Jolly:Quark Drive:Booster Energy:6 HP / 252 Atk / 252 Spe:NONE:Sacred Sword;Mighty Cleave;Psycho Cut;Megahorn|Volcarona:84:Timid:Flame Body:Heavy-Duty Boots:6 HP / 252 SpA / 252 Spe:NONE:Fiery Dance;Bug Buzz;Quiver Dance;Giga Drain|Sceptile-Mega:84:Jolly:Technician:Sceptilite:6 HP / 252 Atk / 252 Spe:NONE:Dual Chop;Bullet Seed;Earthquake;Swords Dance|Empoleon:84:Modest:Torrent:NONE:252 HP / 6 SpA / 252 SpD:NONE:Surf;Flash Cannon;Air Slash;Roost|Blaziken-Mega:84:Jolly:Striker:Blazikenite:6 HP / 252 Atk / 252 Spe:NONE:Thunderous Kick;Blaze Kick;Thunder Punch;Bulk Up|Swampert-Mega:84:Adamant:Swift Swim:Swampertite:6 HP / 252 Atk / 252 Spe:NONE:Liquidation;Earthquake;Power-Up Punch;Avalanche	795,169,169,169,376,715,1006,149,787,785,1291,788,892,892,806,892,1418,350,1429,637,927,395,928,929	0	True	1	Bug,Dark,Dragon,Electric,Fairy,Fighting,Fire,Flying,Ghost,Grass,Ground,Ice,Normal,Poison,Psychic,Rock,Steel,Water	NONE	NONE	NONE	370	131	276	General_Documents___Locations.xlsx (Boss Battles tabs)	Measured	NONE
Rivals:WALLY:231	WALLY	Rivals	NONE	Rivals	Victory Road	231	NORMAL (MGM off)	single	NONE	6	fixed	84	84	Sneasler:84:Jolly:Poison Touch:Focus Sash:6 HP / 252 Atk / 252 Spe:NONE:Close Combat;Dire Claw;Fake Out;Rock Slide|Shaymin-Sky:84:Timid:Serene Grace:Yache Berry:6 HP / 252 SpA / 252 Spe:NONE:Air Slash;Seed Flare;Earth Power;Psychic|Celesteela:84:Modest:Beast Boost:Power Herb:6 HP / 252 SpA / 252 Spe:NONE:Meteor Beam;Flamethrower;Air Slash;Flash Cannon|Darmanitan:84:Jolly:Sheer Force:Life Orb:6 HP / 252 Atk / 252 Spe:NONE:Flare Blitz;Superpower;Rock Slide;Earthquake|Raging Bolt:84:Timid:Protosynthesis:Booster Energy:6 HP / 252 SpA / 252 Spe:NONE:Dragon Pulse;Thunderclap;Thunderbolt;Hyper Voice|Gardevoir-Mega:84:Timid:Pixilate:Gardevoirite:6 HP / 252 SpA / 252 Spe:NONE:Hyper Voice;Psychic;Focus Blast;Calm Mind	903,1072,797,555,1428,930	0	True	0	Dragon,Electric,Fighting,Fire,Flying,Grass,Ground,Normal,Poison,Psychic,Rock,Steel	NONE	NONE	Ground:3	326	186	271	General_Documents___Locations.xlsx (Boss Battles tabs)	Measured	NONE
Team Aqua:GRUNT:1	GRUNT	Team Aqua	NONE	Team Aqua	Petalburg Woods	1	NORMAL (MGM off)	single	NONE	2	scales_to_player	UNK	UNK	Poochyena:Player's Highest Lv -2:Adamant:Quick Feet:NONE:NONE:NONE:Bite;Tackle|Carvanha:Player's Highest Lv -2:Adamant:Rough Skin:NONE:NONE:NONE:Aqua Jet;Bite	261,318	0	False	0	Dark,Normal,Water	NONE	NONE	Fighting:2,Bug:2,Fairy:2,Grass:1,Electric:1	UNK	UNK	UNK	General_Documents___Locations.xlsx (Boss Battles tabs)	Measured	NONE
Team Aqua:GRUNT:11	GRUNT	Team Aqua	NONE	Team Aqua	Whismur Cave	11	NORMAL (MGM off)	single	MISTY TERRAIN	3	mixed	UNK	UNK	Glameow:Player's Highest Lv -2:Hardy:Own Tempo:Silk Scarf:NONE:NONE:Fake Out;Knock Off;U-turn;Facade|Mightyena:Player's Highest Lv -2:Adamant:Intimidate:Muscle Band:NONE:NONE:Bite;Sucker Punch;Fire Fang;Thunder Fang|Rusturf Tunnel:UNK:Calm:Gluttony:NONE:NONE:NONE:Psybeam;Grass Knot;Flash;Icy Wind	431,262,325	0	True	0	Bug,Dark,Electric,Fire,Grass,Ice,Normal,Psychic	NONE	NONE	Fighting:2,Bug:1,Fairy:1	UNK	UNK	UNK	General_Documents___Locations.xlsx (Boss Battles tabs)	Unresolved	NONE
Team Aqua:GRUNT1:24	GRUNT1	Team Aqua	NONE	Team Aqua	Slateport Museum	24	NORMAL (MGM off)	single	NONE	1	fixed	30	30	Lokix:30:Adamant:Tinted Lens:Muscle Band:NONE:NONE:First Impression;Lunge;Assurance;Double Kick	1304	0	True	0	Bug,Dark,Fighting	Fairy	Fairy	Flying:1,Rock:1,Bug:1,Fire:1,Fairy:1	69	69	69	General_Documents___Locations.xlsx (Boss Battles tabs)	Measured	NONE
Team Aqua:BACK TO BACK:24	BACK TO BACK	Team Aqua	NONE	Team Aqua	UNK	24	NORMAL (MGM off)	single	NONE	4	fixed	28	30	Qwilfish:28:Jolly:Intimidate:Wacan Berry:NONE:NONE:Barb Barrage;Waterfall;Aqua Jet;Revenge|Golisopod:30:Adamant:Emergency Exit:Muscle Band:NONE:NONE:First Impression;Razor Shell;Aqua Jet;Leech Life|Palpitoad:28:Timid:Water Absorb:Eviolite:NONE:NONE:Bubble Beam;Icy Wind;Mud Bomb;Uproar|Qwilfish-Hisui:28:Jolly:Intimidate:Shuca Berry:NONE:NONE:Barb Barrage;Throat Chop;Fell Stinger;Flip Turn	211,768,536,998	0	True	0	Bug,Dark,Fighting,Ground,Ice,Normal,Poison,Water	NONE	NONE	Ground:2,Electric:2	67	38	62	General_Documents___Locations.xlsx (Boss Battles tabs)	Measured	NONE
Team Aqua:ADMIN MATT:37	ADMIN MATT	Team Aqua	NONE	Team Aqua	Weather Institute	37	NORMAL (MGM off)	double	NONE	3	fixed	64	64	Machamp-Mega:64:Adamant:ORAORAORAORA:Machampite:6 HP / 252 Atk / 252 Spe:NONE:Mach Punch;Drain Punch;Thunder Punch;Fire Punch|Ogerpon-Wellspring:64:Jolly:Water Absorb:Wellspring Mask:6 HP / 252 Atk / 252 Spe:NONE:Ivy Cudgel;Horn Leech;Throat Chop;Play Rough|Greninja-Bond:64:Timid:Battle Bond:Expert Belt:6 HP / 252 SpA / 252 Spe:NONE:Dark Pulse;Surf;Ice Beam;Grass Knot	1500,1417,1112	0	True	0	Dark,Electric,Fairy,Fighting,Fire,Grass,Ice,Water	NONE	NONE	Flying:2,Bug:2,Fairy:2	243	161	225	General_Documents___Locations.xlsx (Boss Battles tabs)	Measured	NONE
Team Aqua:GRUNT 2:37	GRUNT 2	Team Aqua	NONE	Team Aqua	UNK	37	NORMAL (MGM off)	double	NONE	3	fixed	63	63	Armaldo:63:Adamant:Skill Link:Passho Berry:6 HP / 252 Atk / 252 Spe:NONE:Rock Blast;Pin Missile;Swords Dance;Stomping Tantrum|Starmie:63:Timid:Illuminate:Focus Sash:6 HP / 252 SpA / 252 Spe:NONE:Hydro Pump;Psychic;Ice Beam;Thunder|Iron Jugulis:63:Timid:Quark Drive:Life Orb:6 HP / 252 SpA / 252 Spe:NONE:Air Slash;Dark Pulse;Dragon Pulse;Earth Power	348,121,1385	0	True	0	Bug,Dark,Dragon,Electric,Flying,Ground,Ice,Psychic,Rock,Water	NONE	NONE	Rock:2,Electric:2	229	120	220	General_Documents___Locations.xlsx (Boss Battles tabs)	Measured	NONE
Team Aqua:ADMIN SHELLY:49	ADMIN SHELLY	Team Aqua	NONE	Team Aqua	Weather Institute	49	NORMAL (MGM off)	single	NONE	6	fixed	64	64	Huntail:64:Jolly:Defiant:White Herb:6 HP / 252 Atk / 252 Spe:NONE:Wave Crash;Crunch;Ice Fang;Shell Smash|Keldeo-Resolute:64:Timid:Sharpness:Choice Specs:6 HP / 252 SpA / 252 Spe:30 Atk / 30 SpA:Secret Sword;Air Slash;Hydro Pump;Hidden Power Grass|Haxorus:64:Jolly:Mold Breaker:Lum Berry:6 HP / 252 Atk / 252 Spe:NONE:Dual Chop;Earthquake;Poison Jab;Dragon Dance|Decidueye:64:Jolly:Tinted Lens:Assault Vest:6 HP / 252 Atk / 252 Spe:NONE:Shadow Sneak;Spirit Shackle;Leaf Blade;Thousand Arrows|Braviary-Hisui:64:Modest:Sheer Force:Life Orb:6 HP / 252 SpA / 252 Spe:NONE:Psychic;Air Slash;Heat Wave;Roost|Gyarados-Mega:64:Jolly:Mold Breaker:Gyaradosite:6 HP / 252 Atk / 252 Spe:NONE:Aqua Tail;Crunch;Earthquake;Dragon Dance	367,1106,612,724,1004,917	0	True	0	Dark,Dragon,Fighting,Fire,Flying,Ghost,Grass,Ground,Ice,Normal,Poison,Psychic,Water	NONE	NONE	Electric:4,Fairy:4,Grass:3,Ice:3	223	144	195	General_Documents___Locations.xlsx (Boss Battles tabs)	Measured	NONE
Team Aqua:ARCHIE:62	ARCHIE	Team Aqua	NONE	Team Aqua	Aqua Hideout	62	NORMAL (MGM off)	single	NONE	6	fixed	74	74	Overqwil:74:Jolly:Intimidate:Focus Sash:6 HP / 252 Atk / 252 Spe:NONE:Toxic Spikes;Haze;Barb Barrage;Throat Chop|Basculegion:74:Adamant:Adaptability:Assault Vest:6 HP / 252 Atk / 252 Spe:NONE:Spirit Shackle;Wave Crash;Superpower;Shadow Sneak|Eelektross:74:Timid:Levitate:Expert Belt:6 HP / 252 SpA / 252 Spe:NONE:Thunderbolt;Flamethrower;Dragon Pulse;Thunderclap|Poliwrath:74:Jolly:Water Absorb:Life Orb:6 HP / 252 Atk / 252 Spe:NONE:Surging Strikes;Close Combat;Poison Jab;Jet Punch|Iron Bundle:74:Timid:Quark Drive:Booster Energy:6 HP / 252 SpA / 252 Spe:30 SpA / 30 SpD / 30 Spe:Hydro Pump;Ice Beam;Freeze-Dry;Hidden Power Flying|Sharpedo-Mega:74:Jolly:Strong Jaw:Sharpedonite:6 HP / 252 Atk / 252 Spe:NONE:Crunch;Psychic Fangs;Aqua Jet;Aqua Fang	904,902,604,62,1383,936	0	True	0	Dark,Dragon,Electric,Fighting,Fire,Ghost,Ice,Normal,Poison,Psychic,Water	NONE	NONE	Grass:4,Electric:4	302	162	207	General_Documents___Locations.xlsx (Boss Battles tabs)	Measured	NONE
Team Aqua:ADMIN SHELLY:75	ADMIN SHELLY	Team Aqua	NONE	Team Aqua	Seafloor Cavern	75	NORMAL (MGM off)	single	NONE	1	fixed	80	80	Keldeo-Resolute:80:Timid:Sharpness:Life Orb:6 HP / 252 SpA / 252 Spe:30 Atk / 30 SpA:Secret Sword;Air Slash;Hydro Pump;Hidden Power Grass	1106	0	True	0	Fighting,Flying,Normal,Water	NONE	NONE	Flying:1,Grass:1,Electric:1,Psychic:1,Fairy:1	278	278	278	General_Documents___Locations.xlsx (Boss Battles tabs)	Measured	NONE
Team Aqua:BACK TO BACK:75	BACK TO BACK	Team Aqua	NONE	Team Aqua	UNK	75	NORMAL (MGM off)	single	NONE	7	fixed	80	80	Decidueye:80:Jolly:Tinted Lens:Focus Sash:6 HP / 252 Atk / 252 Spe:NONE:Shadow Sneak;Spirit Shackle;Leaf Blade;Thousand Arrows|Goodra-Hisui:80:Calm:Sap Sipper:Assault Vest:252 HP / 6 SpA / 252 SpD:NONE:Dragon Pulse;Thunderbolt;Flash Cannon;Ice Beam|Gyarados-Mega:80:Jolly:Mold Breaker:Gyaradosite:6 HP / 252 Atk / 252 Spe:NONE:Aqua Tail;Crunch;Earthquake;Dragon Dance|Froslass:80:Jolly:Stakeout:Wide Lens:6 HP / 252 Atk / 252 Spe:NONE:Triple Axel;Poltergeist;Ice Shard;Wake-Up Slap|Greninja-Bond:80:Timid:Battle Bond:Expert Belt:6 HP / 252 SpA / 252 Spe:NONE:Dark Pulse;Surf;Ice Beam;Grass Knot|Dragonite:80:Jolly:Multiscale:Heavy-Duty Boots:6 HP / 252 Atk / 252 Spe:NONE:Dragon Claw;Dual Wingbeat;Earthquake;Dragon Dance|Machamp-Mega:80:Adamant:ORAORAORAORA:Machampite:6 HP / 252 Atk / 252 Spe:NONE:Mach Punch;Drain Punch;Thunder Punch;Fire Punch	724,1006,917,478,1112,149,1500	0	True	0	Dark,Dragon,Electric,Fighting,Fire,Flying,Ghost,Grass,Ground,Ice,Steel,Water	NONE	NONE	Fairy:4	302	125	229	General_Documents___Locations.xlsx (Boss Battles tabs)	Measured	NONE
Team Aqua:ARCHIE:88	ARCHIE	Team Aqua	NONE	Team Aqua	Seafloor Cavern	88	NORMAL (MGM off)	double	NONE	6	fixed	80	80	Iron Bundle:80:Timid:Quark Drive:Booster Energy:6 HP / 252 SpA / 252 Spe:30 SpA / 30 SpD / 30 Spe:Hydro Pump;Icy Wind;Freeze-Dry;Hidden Power Flying|Golurk:80:Adamant:No Guard:Focus Sash:6 HP / 252 Atk / 252 Spe:NONE:Dynamic Punch;Poltergeist;Stone Edge;Headlong Rush|Eelektross:80:Timid:Fatal Precision:Expert Belt:6 HP / 252 SpA / 252 Spe:NONE:Thunderbolt;Flamethrower;Dragon Pulse;Thunderclap|Quaquaval:80:Jolly:Moxie:Life Orb:6 HP / 252 Atk / 252 Spe:NONE:Aqua Step;Close Combat;Ice Spinner;Brave Bird|Sharpedo-Mega:80:Jolly:Strong Jaw:Sharpedonite:6 HP / 252 Atk / 252 Spe:NONE:Crunch;Psychic Fangs;Aqua Jet;Aqua Fang|Kyogre-Primal:80:Timid:Primordial Sea:Blue Orb:6 HP / 252 SpA / 252 Spe:NONE:Origin Pulse;Thunder;Ice Beam;Water Spout	1383,623,604,1297,936,954	0	True	0	Dark,Dragon,Electric,Fighting,Fire,Flying,Ghost,Ground,Ice,Normal,Psychic,Rock,Water	NONE	NONE	Grass:5,Electric:4	326	168	241	General_Documents___Locations.xlsx (Boss Battles tabs)	Measured	NONE
Team Magma:GRUNT 2:1	GRUNT 2	Team Magma	NONE	Team Magma	Mt. Chimney	1	NORMAL (MGM off)	double	NONE	3	fixed	42	43	Cradily:42:Modest:Storm Drain:Chople Berry:6 HP / 252 SpA / 252 Spe:NONE:Power Gem;Giga Drain;Earth Power;Sludge Bomb|Bombirdier:42:Jolly:Rocky Payload:Expert Belt:6 HP / 252 SpA / 252 Spe:NONE:Knock Off;Dual Wingbeat;Sucker Punch;Rock Slide|Iron Thorns:43:Adamant:Solid Rock:Air Balloon:6 HP / 252 Atk / 252 Spe:NONE:Rock Slide;Supercell Slam;Ice Punch;Accelerock	346,1350,1387	0	True	0	Dark,Electric,Flying,Grass,Ground,Ice,Poison,Rock	NONE	NONE	Fighting:2,Ice:2	124	80	107	General_Documents___Locations.xlsx (Boss Battles tabs)	Measured	NONE
Team Magma:ADMIN COURTNEY:1	ADMIN COURTNEY	Team Magma	NONE	Team Magma	UNK	1	NORMAL (MGM off)	double	NONE	3	fixed	43	43	Centiskorch-Mega:43:Jolly:Mountaineer:Centiskite:6 HP / 252 Atk / 252 Spe:NONE:Fire Lash;Crunch;Power Whip;X-Scissor|Serperior:43:Timid:Contrary:Focus Sash:NONE:30 Spe:Leaf Storm;Glare;Dragon Pulse;Hidden Power Ice|Tauros-Paldea-Blaze:43:Jolly:Intimidate:Life Orb:6 HP / 252 Atk / 252 Spe:NONE:Stone Edge;Raging Bull;Close Combat;Zen Headbutt	1519,497,1403	0	True	0	Bug,Dark,Dragon,Fighting,Fire,Grass,Normal,Psychic,Rock	NONE	NONE	Flying:3,Water:2	144	126	129	General_Documents___Locations.xlsx (Boss Battles tabs)	Measured	NONE
Team Magma:ADMIN TABITHA:13	ADMIN TABITHA	Team Magma	NONE	Team Magma	Mt. Chimney	13	NORMAL (MGM off)	single	NONE	5	fixed	43	44	Emboar:44:Adamant:Bull Rush:Muscle Band:6 HP / 252 Atk / 252 Spe:NONE:Flare Blitz;Jump Kick;Sucker Punch;Earthquake|Arcanine-Hisui:43:Jolly:Rock Head:Expert Belt:6 HP / 252 Atk / 252 Spe:NONE:Flare Blitz;Head Smash;Accelerock;Wild Charge|Conkeldurr:43:Adamant:Sheer Force:Life Orb:6 HP / 252 Atk / 252 Spe:NONE:Low Sweep;Mach Punch;Ice Punch;Bulk Up|Salazzle:43:Timid:Corrosion:Air Balloon:6 HP / 252 SpA / 252 Spe:30 Atk / 30 SpA:Flamethrower;Toxic;Sludge Bomb;Hidden Power Grass|Houndoom-Mega:44:Timid:Dark Aura:Houndoominite:6 HP / 252 SpA / 252 Spe:NONE:Flamethrower;Dark Pulse;Sludge Bomb;Scorching Sands	500,994,534,758,925	0	True	0	Dark,Electric,Fighting,Fire,Ground,Ice,Normal,Poison,Rock	NONE	NONE	Ground:4,Water:4,Rock:3,Psychic:3	161	84	134	General_Documents___Locations.xlsx (Boss Battles tabs)	Measured	NONE
Team Magma:MAXIE:25	MAXIE	Team Magma	NONE	Team Magma	Mt. Chimney	25	NORMAL (MGM off)	single	NONE	6	fixed	44	44	Gigalith:44:Adamant:Sturdy:Custap Berry:6 HP / 252 Atk / 252 Spe:NONE:Rock Slide;Earthquake;Explosion;Body Press|Cacturne:44:Mild:Water Absorb:Life Orb:6 Atk / 252 SpA / 252 Spe:NONE:Energy Ball;Sucker Punch;Dark Pulse;Scorching Sands|Coalossal:44:Relaxed:Steam Engine:Air Balloon:252 HP / 252 Def / 6 SpD:NONE:Flamethrower;Rock Slide;Will-O-Wisp;Scald|Hawlucha:44:Jolly:Unburden:White Herb:6 HP / 252 Atk / 252 Spe:NONE:Close Combat;Acrobatics;Swords Dance;Poison Jab|Chi-Yu:44:Timid:Beads of Ruin:Choice Specs:6 HP / 252 SpA / 252 Spe:30 Atk / 30 SpA:Flamethrower;Dark Pulse;Psychic;Hidden Power Grass|Camerupt-Mega:44:Modest:Sheer Force:Cameruptite:NONE:NONE:Flamethrower;Ancient Power;Earth Power;Slack Off	526,332,839,701,1397,937	0	True	0	Dark,Fighting,Fire,Flying,Grass,Ground,Normal,Poison,Psychic,Rock,Water	NONE	NONE	Fighting:4,Ground:4,Water:4	165	36	81	General_Documents___Locations.xlsx (Boss Battles tabs)	Measured	NONE
Team Magma:ADMIN COURTNEY:38	ADMIN COURTNEY	Team Magma	NONE	Team Magma	Magma Hideout	38	NORMAL (MGM off)	single	NONE	1	fixed	80	80	Talonflame:80:Jolly:Gale Wings:Focus Sash:6 HP / 252 Atk / 252 Spe:NONE:Tailwind;Brave Bird;Flare Blitz;U-turn	663	0	True	0	Bug,Fire,Flying	NONE	NONE	Rock:1,Water:1,Electric:1	309	309	309	General_Documents___Locations.xlsx (Boss Battles tabs)	Measured	NONE
Team Magma:BACK TO BACK:38	BACK TO BACK	Team Magma	NONE	Team Magma	UNK	38	NORMAL (MGM off)	single	NONE	7	fixed	80	80	Serperior:80:Timid:Contrary:Life Orb:6 HP / 252 SpA / 252 Spe:30 Spe:Leaf Storm;Glare;Dragon Pulse;Hidden Power Ice|Kommo-o:80:Timid:Overcoat:Throat Spray:6 HP / 252 SpA / 252 Spe:NONE:Clanging Scales;Aura Sphere;Flash Cannon;Clangorous Soul|Centiskorch-Mega:80:Jolly:Mountaineer:Centiskite:6 HP / 252 Atk / 252 Spe:NONE:Fire Lash;Leech Life;Knock Off;Power Whip|Pawmot:80:Jolly:Iron Fist:Punching Glove:6 HP / 252 Atk / 252 Spe:NONE:Drain Punch;Thunder Punch;Fire Punch;Ice Punch|Emboar:80:Jolly:Bull Rush:Life Orb:6 HP / 252 Atk / 252 Spe:NONE:Flare Blitz;Close Combat;Head Smash;Earthquake|Hydreigon:80:Timid:Levitate:Choice Specs:6 HP / 252 SpA / 252 Spe:NONE:Dark Pulse;Dragon Pulse;Flash Cannon;Hydro Pump|Houndoom-Mega:80:Timid:Dark Aura:Houndoominite:6 HP / 252 SpA / 252 Spe:NONE:Flamethrower;Fiery Wrath;Sludge Bomb;Scorching Sands	497,784,1519,1307,500,635,925	0	True	0	Bug,Dark,Dragon,Electric,Fighting,Fire,Grass,Ground,Ice,Normal,Poison,Rock,Steel,Water	NONE	NONE	Flying:4	290	202	260	General_Documents___Locations.xlsx (Boss Battles tabs)	Measured	NONE
Team Magma:MAXIE:51	MAXIE	Team Magma	NONE	Team Magma	Magma Hideout	51	NORMAL (MGM off)	double	NONE	6	fixed	80	80	Incineroar:80:Jolly:Intimidate:Assault Vest:6 HP / 252 Atk / 252 Spe:NONE:Fake Out;Darkest Lariat;Flare Blitz;Bulldoze|Hawlucha:80:Adamant:Unburden:White Herb:6 HP / 252 Atk / 252 Spe:NONE:Close Combat;Acrobatics;Swords Dance;Poison Jab|Cacturne:80:Timid:Water Absorb:Life Orb:6 HP / 252 SpA / 252 Spe:NONE:Energy Ball;Sucker Punch;Dark Pulse;Scorching Sands|Chi-Yu:80:Timid:Beads of Ruin:Choice Specs:6 HP / 252 SpA / 252 Spe:30 Atk / 30 SpA:Heat Wave;Dark Pulse;Psychic;Hidden Power Grass|Camerupt-Mega:80:Modest:Sheer Force:Cameruptite:6 HP / 252 SpA / 252 Spe:NONE:Heat Wave;Ancient Power;Earth Power;Eruption|Groudon-Primal:80:Jolly:Desolate Land:Red Orb:6 HP / 252 Atk / 252 Spe:NONE:Fire Punch;Precipice Blades;Body Press;Rock Slide	727,701,332,1397,937,955	0	True	0	Dark,Fighting,Fire,Flying,Grass,Ground,Normal,Poison,Psychic,Rock	NONE	NONE	Ground:4,Water:4,Fighting:3	269	112	219	General_Documents___Locations.xlsx (Boss Battles tabs)	Measured	NONE
Mini bosses:POKEFAN ISABEL:1	POKEFAN ISABEL	Mini bosses	NONE	Mini bosses	Route 110	1	NORMAL (MGM off)	double	NONE	2	scales_to_player	UNK	UNK	Plusle:Player's Highest Lv -3:Timid:Transistor:Magnet:NONE:NONE:Grass Knot;Signal Beam;Electroweb;Charge Beam|Mantine:Player's Highest Lv -2:Calm:Water Absorb:Sitrus Berry:NONE:NONE:Bubble Beam;Icy Wind;Air Slash;Roost	311,226	0	True	0	Bug,Electric,Flying,Grass,Ice,Water	NONE	NONE	Ground:1,Rock:1,Electric:1	UNK	UNK	UNK	General_Documents___Locations.xlsx (Boss Battles tabs)	Measured	NONE
Mini bosses:POKEFAN KALEB:1	POKEFAN KALEB	Mini bosses	NONE	Mini bosses	UNK	1	NORMAL (MGM off)	double	NONE	2	scales_to_player	UNK	UNK	Minun:Player's Highest Lv -3:Jolly:Galvanize:Magnet:NONE:NONE:Fake Out;Body Slam;Grass Knot;Quick Attack|Rhydon:Player's Highest Lv -2:Impish:Lightning Rod:Eviolite:NONE:NONE:Rock Tomb;Bulldoze;Brick Break;Cut	312,112	0	True	0	Fighting,Grass,Ground,Normal,Rock,Steel	NONE	NONE	Ground:2,Fighting:1,Steel:1,Water:1,Grass:1,Ice:1	UNK	UNK	UNK	General_Documents___Locations.xlsx (Boss Battles tabs)	Measured	NONE
Mini bosses:COLLECTOR EDWIN:13	COLLECTOR EDWIN	Mini bosses	NONE	Mini bosses	Route 110	13	NORMAL (MGM off)	single	NONE	3	scales_to_player	UNK	UNK	Ludicolo:Player's Highest Lv -2:Timid:Own Tempo:Coba Berry:NONE:NONE:Mega Drain;Bubble Beam;Aurora Beam;Fake Out|Stoutland:Player's Highest Lv -2:Jolly:Intimidate:Silk Scarf:NONE:NONE:Retaliate;Crunch;Thunder Fang;Psychic Fangs|Clodsire:Player's Highest Lv -2:Impish:Unaware:Black Sludge:NONE:NONE:Poison Jab;Bulldoze;Rock Tomb;Recover	272,508,1371	0	True	0	Dark,Electric,Grass,Ground,Ice,Normal,Poison,Psychic,Rock,Water	NONE	NONE	NONE	UNK	UNK	UNK	General_Documents___Locations.xlsx (Boss Battles tabs)	Measured	NONE
Mini bosses:GUITARIST JOSEPH:25	GUITARIST JOSEPH	Mini bosses	NONE	Mini bosses	Route 110	25	NORMAL (MGM off)	single	NONE	4	scales_to_player	UNK	UNK	Slowbro-Galar:Player's Highest Lv -3:Modest:Quick Draw:Wise Glasses:NONE:NONE:Psybeam;Flash;Grass Knot;Venoshock|Crabominable:Player's Highest Lv -3:Adamant:Iron Fist:Punching Glove:NONE:NONE:Ice Punch;Mach Punch;Ice Shard;Drain Punch|Shiftry:Player's Highest Lv -3:Jolly:Wind Rider:Focus Sash:NONE:NONE:Fake Out;Night Slash;Razor Leaf;Sucker Punch|Lanturn:Player's Highest Lv -3:Modest:Water Absorb:Shuca Berry:NONE:NONE:Shock Wave;Scald;Icy Wind;Signal Beam	978,740,275,171	0	True	0	Bug,Dark,Electric,Fighting,Grass,Ice,Normal,Poison,Psychic,Water	NONE	NONE	Fighting:2,Flying:2,Ground:2,Fire:2,Fairy:2	UNK	UNK	UNK	General_Documents___Locations.xlsx (Boss Battles tabs)	Measured	NONE
Mini bosses:PSYCHIC EDWARD:37	PSYCHIC EDWARD	Mini bosses	NONE	Mini bosses	Route 110	37	NORMAL (MGM off)	single	NONE	3	scales_to_player	UNK	UNK	Dachsbun:Player's Highest Lv -2:Adamant:Well-Baked Body:Pixie Plate:NONE:NONE:Play Rough;Body Press;Body Slam;Dig|Mudsdale:Player's Highest Lv -2:Impish:Stamina:Sitrus Berry:NONE:NONE:High Horsepower;Body Press;Rock Tomb;Heavy Slam|Cryogonal:Player's Highest Lv -2:Timid:Levitate:Never-Melt Ice:NONE:NONE:Freeze-Dry;Ice Shard;Ancient Power;Recover	1312,750,615	0	True	0	Fairy,Fighting,Ground,Ice,Normal,Rock,Steel	NONE	NONE	Steel:2	UNK	UNK	UNK	General_Documents___Locations.xlsx (Boss Battles tabs)	Measured	NONE
Mini bosses:TRIATHLETE ALYSSA:49	TRIATHLETE ALYSSA	Mini bosses	NONE	Mini bosses	Route 110	49	NORMAL (MGM off)	single	NONE	4	scales_to_player	UNK	UNK	Exeggutor-Alola:Player's Highest Lv -3:Adamant:Harvest:Yache Berry:NONE:NONE:Dragon Tail;Seed Bomb;Egg Bomb;Brick Break|Heatmor:Player's Highest Lv -3:Timid:Flash Fire:Charcoal:NONE:NONE:Flame Burst;Giga Drain;Scorching Sands;Will-O-Wisp|Bellibolt:Player's Highest Lv -3:Bold:Electromorphosis:Sitrus Berry:NONE:NONE:Discharge;Mud Shot;Muddy Water;Slack Off|Machoke:Player's Highest Lv -3:Jolly:Guts:Eviolite:NONE:NONE:Drain Punch;Knock Off;Bulk Up;Rock Slide	972,631,1327,67	0	True	0	Dark,Dragon,Electric,Fighting,Fire,Grass,Ground,Normal,Rock,Water	NONE	NONE	Flying:2,Ground:2,Fairy:2	UNK	UNK	UNK	General_Documents___Locations.xlsx (Boss Battles tabs)	Measured	NONE
Mini bosses:BREEDER EZEKIEL:61	BREEDER EZEKIEL	Mini bosses	NONE	Mini bosses	Route 117	61	NORMAL (MGM off)	single	NONE	5	scales_to_player	UNK	UNK	Loudred:Player's Highest Lv -4:Modest:Punk Rock:Throat Spray:6 HP / 252 SpA / 252 Spe:NONE:Hyper Voice;Shock Wave;Water Pulse;Shadow Ball|Pignite:Player's Highest Lv -4:Adamant:Thick Fat:Muscle Band:6 HP / 252 Atk / 252 Spe:NONE:Brick Break;Fire Punch;Sucker Punch;Flame Charge|Orbeetle:Player's Highest Lv -4:Calm:Swarm:Sitrus Berry:252 HP / 6 SpA / 252 SpD:NONE:Signal Beam;Psyshock;Giga Drain;Confuse Ray|Flamigo:Player's Highest Lv -4:Jolly:Scrappy:Fighting Gem:6 HP / 252 Atk / 252 Spe:NONE:Jump Kick;Acrobatics;Roost;Facade|Spiritomb:Player's Highest Lv -4:Relaxed:Intimidate:Sitrus Berry:252 HP / 252 Def / 6 SpA:NONE:Dark Pulse;Hex;Shadow Sneak;Will-O-Wisp	294,499,826,1362,442	0	True	0	Bug,Dark,Electric,Fighting,Fire,Flying,Ghost,Grass,Normal,Psychic,Water	NONE	NONE	Flying:3	UNK	UNK	UNK	General_Documents___Locations.xlsx (Boss Battles tabs)	Measured	NONE
Mini bosses:BREEDER LYDIA:73	BREEDER LYDIA	Mini bosses	NONE	Mini bosses	Route 117	73	NORMAL (MGM off)	single	NONE	5	scales_to_player	UNK	UNK	Glimmet:Player's Highest Lv -4:Bold:Toxic Debris:Air Balloon:252 HP / 252 Def / 6 SpA:NONE:Ancient Power;Sludge Bomb;Energy Ball;Dazzling Gleam|Bayleef:Player's Highest Lv -4:Bold:Overgrow:Eviolite:252 HP / 252 Def / 6 SpA:NONE:Mega Drain;Synthesis;Poison Powder;Flash|Seviper:Player's Highest Lv -4:Jolly:Merciless:Poison Barb:6 HP / 252 Atk / 252 Spe:NONE:Poison Jab;Night Slash;Bulldoze;Toxic|Miltank:Player's Highest Lv -4:Jolly:Thick Fat:Leftovers:6 HP / 252 Atk / 252 Spe:NONE:Body Slam;Milk Drink;Thunder Punch;Toxic|Sneasel-Hisui:Player's Highest Lv -4:Jolly:Poison Touch:Focus Sash:6 HP / 252 Atk / 252 Spe:NONE:Fake Out;Cross Poison;Ice Punch;Rock Smash	1358,153,336,241,999	0	True	0	Dark,Electric,Fairy,Fighting,Grass,Ground,Ice,Normal,Poison,Rock	NONE	NONE	Ground:3,Psychic:3	UNK	UNK	UNK	General_Documents___Locations.xlsx (Boss Battles tabs)	Measured	NONE
Mini bosses:HIKER TRENT:85	HIKER TRENT	Mini bosses	NONE	Mini bosses	Route 112	85	NORMAL (MGM off)	single	NONE	4	scales_to_player	UNK	UNK	Avalugg-Hisui:Player's Highest Lv -2:Impish:Sturdy:Never-Melt Ice:252 HP / 6 Atk / 252 Def:NONE:Avalanche;Body Press;Rock Slide;Ice Shard|Runerigus:Player's Highest Lv -2:Impish:Shadow Shield:Leftovers:252 HP / 6 Atk / 252 Def:NONE:Shadow Claw;Earthquake;Shadow Sneak;Stone Edge|Turtonator:Player's Highest Lv -2:Calm:Dauntless Shield:White Herb:252 HP / 6 SpA / 252 SpD:NONE:Flamethrower;Aura Sphere;Dragon Pulse;Shell Smash|Bellossom:Player's Highest Lv -2:Timid:Chlorophyll:Leftovers:6 HP / 252 SpA / 252 Spe:NONE:Giga Drain;Sludge Bomb;Quiver Dance;Moonblast	1007,867,776,182	0	True	0	Dragon,Fairy,Fighting,Fire,Ghost,Grass,Ground,Ice,Poison,Rock	NONE	NONE	Ground:2,Rock:2,Steel:2,Water:2,Grass:2,Ice:2	UNK	UNK	UNK	General_Documents___Locations.xlsx (Boss Battles tabs)	Measured	NONE
Mini bosses:PARASOL MADELINE:97	PARASOL MADELINE	Mini bosses	NONE	Mini bosses	Route 113	97	NORMAL (MGM off)	single	NONE	4	scales_to_player	UNK	UNK	Sneasler:Player's Highest Lv -3:Jolly:Poison Touch:Focus Sash:6 HP / 252 Atk / 252 Spe:NONE:Fake Out;Dire Claw;Brick Break;Rock Slide|Honchkrow:Player's Highest Lv -3:Adamant:Super Luck:Scope Lens:6 HP / 252 Atk / 252 Spe:NONE:Drill Peck;Sucker Punch;Night Slash;Roost|Palossand:Player's Highest Lv -2:Bold:Water Compaction:Yache Berry:252 HP / 252 Def / 6 SpA:NONE:Earth Power;Shadow Ball;Shore Up;Psychic|Heracross-Mega:Player's Highest Lv -2:Adamant:Skill Link:Heracronite:6 HP / 252 Atk / 252 Spe:NONE:Rock Blast;Arm Thrust;Bullet Seed;Pin Missile	903,430,770,924	0	True	0	Bug,Dark,Fighting,Flying,Ghost,Grass,Ground,Normal,Poison,Psychic,Rock	NONE	NONE	Flying:2,Psychic:2,Ice:2,Fairy:2	UNK	UNK	UNK	General_Documents___Locations.xlsx (Boss Battles tabs)	Measured	NONE
Mini bosses:TORI AND TIA:109	TORI AND TIA	Mini bosses	NONE	Mini bosses	Route 113	109	NORMAL (MGM off)	double	NONE	4	scales_to_player	UNK	UNK	Floatzel:Player's Highest Lv -2:Hasty:Technician:Mystic Water:6 Atk / 252 SpA / 252 Spe:NONE:Water Pulse;Ice Beam;Fake Out;Aqua Jet|Raichu:Player's Highest Lv -2:Jolly:Lightning Rod:Magnet:6 HP / 252 Atk / 252 Spe:NONE:Fake Out;Zippy Zap;Brick Break;Facade|Ribombee:Player's Highest Lv -3:Timid:Shield Dust:Pixie Plate:6 HP / 252 SpA / 252 Spe:NONE:Moonblast;Dazzling Gleam;Bug Buzz;Giga Drain|Gumshoos:Player's Highest Lv -3:Adamant:Adaptability:Silk Scarf:6 HP / 252 Atk / 252 Spe:NONE:Return;Crunch;Fire Fang;Ice Fang	419,26,743,735	0	True	0	Bug,Dark,Electric,Fairy,Fighting,Fire,Grass,Ice,Normal,Water	NONE	NONE	Fighting:2	UNK	UNK	UNK	General_Documents___Locations.xlsx (Boss Battles tabs)	Measured	NONE
Mini bosses:FISHERMAN KAI:121	FISHERMAN KAI	Mini bosses	NONE	Mini bosses	Route 114	121	NORMAL (MGM off)	single	NONE	1	scales_to_player	UNK	UNK	Slowking:Player's Highest Lv -2:Modest:Regenerator:Focus Sash:6 HP / 252 SpA / 252 Spe:NONE:Blizzard;Scald;Yawn;Psychic	199	0	True	0	Ice,Psychic,Water	NONE	NONE	Bug:1,Ghost:1,Grass:1,Electric:1,Dark:1	UNK	UNK	UNK	General_Documents___Locations.xlsx (Boss Battles tabs)	Measured	NONE
Mini bosses:SNOW BATTLE:121	SNOW BATTLE	Mini bosses	NONE	Mini bosses	UNK	121	NORMAL (MGM off)	single	NONE	3	scales_to_player	UNK	UNK	Dewgong:Player's Highest Lv -2:Modest:Ice Body:Leftovers:6 HP / 252 SpA / 252 Spe:NONE:Surf;Ice Beam;Rest;Sleep Talk|Weavile:Player's Highest Lv -2:Jolly:Infiltrator:Life Orb:6 HP / 252 Atk / 252 Spe:NONE:Fake Out;Icicle Crash;Knock Off;Ice Shard|Aurorus:Player's Highest Lv -2:Modest:Refrigerate:Never-Melt Ice:6 HP / 252 SpA / 252 Spe:NONE:Hyper Voice;Power Gem;Earth Power;Psychic	87,461,699	0	True	0	Dark,Ground,Ice,Normal,Psychic,Rock,Water	NONE	NONE	Fighting:3,Rock:3,Steel:2,Grass:2	UNK	UNK	UNK	General_Documents___Locations.xlsx (Boss Battles tabs)	Measured	NONE
Mini bosses:FISHERMAN CLAUDE:133	FISHERMAN CLAUDE	Mini bosses	NONE	Mini bosses	Route 114	133	NORMAL (MGM off)	single	NONE	1	scales_to_player	UNK	UNK	Beartic:Player's Highest Lv -2:Jolly:Slush Rush:Expert Belt:6 HP / 252 Atk / 252 Spe:NONE:Icicle Crash;Brick Break;Night Slash;Earthquake	614	0	True	0	Dark,Fighting,Ground,Ice	NONE	NONE	Fighting:1,Flying:1,Steel:1,Fire:1,Psychic:1,Fairy:1	UNK	UNK	UNK	General_Documents___Locations.xlsx (Boss Battles tabs)	Measured	NONE
Mini bosses:SNOW BATTLE:133	SNOW BATTLE	Mini bosses	NONE	Mini bosses	UNK	133	NORMAL (MGM off)	single	NONE	3	scales_to_player	UNK	UNK	Arctovish:Player's Highest Lv -2:Adamant:Slush Rush:Life Orb:6 HP / 252 Atk / 252 Spe:NONE:Fishious Rend;Icicle Crash;Crunch;Facade|Cloyster:Player's Highest Lv -2:Naive:Skill Link:White Herb:252 Atk / 6 SpA / 252 Spe:NONE:Shell Smash;Icicle Spear;Rock Blast;Hydro Pump|Araquanid:Player's Highest Lv -2:Adamant:Water Bubble:Mystic Water:6 HP / 252 Atk / 252 Spe:NONE:Liquidation;Leech Life;Mirror Coat;Crunch	883,91,752	0	True	0	Bug,Dark,Ice,Normal,Psychic,Rock,Water	NONE	NONE	Rock:3,Electric:3,Fighting:2,Grass:2	UNK	UNK	UNK	General_Documents___Locations.xlsx (Boss Battles tabs)	Measured	NONE
Mini bosses:HIKER LUCAS:145	HIKER LUCAS	Mini bosses	NONE	Mini bosses	Route 114	145	NORMAL (MGM off)	single	NONE	1	scales_to_player	UNK	UNK	Lunatone:Player's Highest Lv -2:Timid:Levitate:Focus Sash:6 HP / 252 SpA / 252 Spe:NONE:Psychic;Power Gem;Hypnosis;Blizzard	337	0	True	0	Ice,Psychic,Rock	Steel	Steel	Ground:1,Bug:1,Ghost:1,Steel:1,Water:1,Grass:1,Dark:1	UNK	UNK	UNK	General_Documents___Locations.xlsx (Boss Battles tabs)	Measured	NONE
Mini bosses:SNOW BATTLE:145	SNOW BATTLE	Mini bosses	NONE	Mini bosses	UNK	145	NORMAL (MGM off)	single	NONE	4	scales_to_player	UNK	UNK	Eiscue:Player's Highest Lv -2:Jolly:Ice Face:Salac Berry:6 HP / 252 Atk / 252 Spe:NONE:Belly Drum;Icicle Crash;Liquidation;Zen Headbutt|Ninetales-Alola:Player's Highest Lv -2:Timid:Snow Warning:Light Clay:6 HP / 252 SpA / 252 Spe:NONE:Blizzard;Moonblast;Energy Ball;Aurora Veil|Toxicroak:Player's Highest Lv -2:Jolly:Dry Skin:Muscle Band:6 HP / 252 Atk / 252 Spe:NONE:Fake Out;Poison Jab;Drain Punch;Sucker Punch|Arctozolt:Player's Highest Lv -2:Jolly:Slush Rush:Life Orb:6 HP / 252 Atk / 252 Spe:NONE:Bolt Beak;Icicle Crash;Pluck;Rock Slide	875,962,454,881	0	True	0	Dark,Electric,Fairy,Fighting,Flying,Grass,Ice,Normal,Poison,Psychic,Rock,Water	NONE	NONE	Rock:3,Fire:3,Fighting:2,Ground:2,Steel:2	UNK	UNK	UNK	General_Documents___Locations.xlsx (Boss Battles tabs)	Measured	NONE
Mini bosses:CAMPER CHARLOTTE:157	CAMPER CHARLOTTE	Mini bosses	NONE	Mini bosses	Route 114	157	NORMAL (MGM off)	single	NONE	1	scales_to_player	UNK	UNK	Darmanitan-Galar:Player's Highest Lv -1:Jolly:Gorilla Tactics:Choice Scarf:6 HP / 252 Atk / 252 Spe:NONE:Icicle Crash;Earthquake;Fire Punch;U-turn		1	True	0	Bug,Fire,Ground,Ice	NONE	NONE	NONE	UNK	UNK	UNK	General_Documents___Locations.xlsx (Boss Battles tabs)	Unresolved	NONE
Mini bosses:SNOW BATTLE:157	SNOW BATTLE	Mini bosses	NONE	Mini bosses	UNK	157	NORMAL (MGM off)	single	NONE	4	scales_to_player	UNK	UNK	Golem:Player's Highest Lv -1:Impish:Sturdy:Rindo Berry:252 HP / 6 Atk / 252 Def:NONE:Rock Polish;Earthquake;Rock Slide;Explosion|Tatsugiri:Player's Highest Lv -1:Timid:Storm Drain:Wise Glasses:6 HP / 252 SpA / 252 Spe:NONE:Dragon Pulse;Surf;Icy Wind;Nasty Plot|Froslass:Player's Highest Lv -1:Timid:Ice Body:Expert Belt:6 HP / 252 SpA / 252 Spe:NONE:Blizzard;Bitter Malice;Thunderbolt;Destiny Bond|Glalie-Mega:Player's Highest Lv -1:Jolly:Refrigerate:Glalitite:6 HP / 252 Atk / 252 Spe:NONE:Return;Earthquake;Explosion;Crunch	76,1367,478,941	0	True	0	Dark,Dragon,Electric,Ghost,Ground,Ice,Normal,Rock,Water	NONE	NONE	Steel:3,Fighting:2,Rock:2,Fire:2	UNK	UNK	UNK	General_Documents___Locations.xlsx (Boss Battles tabs)	Measured	NONE
Mini bosses:CAMPER CELIA:169	CAMPER CELIA	Mini bosses	NONE	Mini bosses	Route 111	169	NORMAL (MGM off)	single	NONE	1	scales_to_player	UNK	UNK	Gastrodon:Player's Highest Lv -2:Modest:Sand Force:Leftovers:6 HP / 252 SpA / 252 Spe:NONE:Scald;Earth Power;Clear Smog;Recover	423	0	True	0	Ground,Poison,Water	NONE	NONE	Grass:1	UNK	UNK	UNK	General_Documents___Locations.xlsx (Boss Battles tabs)	Measured	NONE
Mini bosses:SAND BATTLE:169	SAND BATTLE	Mini bosses	NONE	Mini bosses	UNK	169	NORMAL (MGM off)	single	NONE	3	scales_to_player	UNK	UNK	Wyrdeer:Player's Highest Lv -2:Hasty:Sap Sipper:Safety Goggles:6 Atk / 252 SpA / 252 Spe:NONE:Psychic;Lunge;Earthquake;Hyper Voice|Dracozolt:Player's Highest Lv -2:Jolly:Sand Rush:Life Orb:6 HP / 252 Atk / 252 Spe:NONE:Bolt Beak;Dragon Claw;Earthquake;Body Slam|Mawile-Mega:Player's Highest Lv -1:Adamant:Huge Power:Mawilite:6 HP / 252 Atk / 252 Spe:NONE:Sucker Punch;Iron Head;Play Rough;Swords Dance	899,880,932	0	True	0	Bug,Dark,Dragon,Electric,Fairy,Ground,Normal,Psychic,Steel	NONE	NONE	Ground:2	UNK	UNK	UNK	General_Documents___Locations.xlsx (Boss Battles tabs)	Measured	NONE
Mini bosses:HIKER DUSTY:181	HIKER DUSTY	Mini bosses	NONE	Mini bosses	Route 111	181	NORMAL (MGM off)	single	NONE	1	scales_to_player	UNK	UNK	Dugtrio-Alola:Player's Highest Lv -2:Jolly:Sand Force:Life Orb:6 HP / 252 Atk / 252 Spe:NONE:Earthquake;Iron Head;Sucker Punch;Stone Edge	964	0	True	0	Dark,Ground,Rock,Steel	NONE	NONE	Fighting:1,Ground:1,Fire:1,Water:1	UNK	UNK	UNK	General_Documents___Locations.xlsx (Boss Battles tabs)	Measured	NONE
Mini bosses:SAND BATTLE:181	SAND BATTLE	Mini bosses	NONE	Mini bosses	UNK	181	NORMAL (MGM off)	single	NONE	3	scales_to_player	UNK	UNK	Minior:Player's Highest Lv -2:Naive:Shields Down:White Herb:252 Atk / 6 SpA / 252 Spe:NONE:Shell Smash;Power Gem;Earthquake;Acrobatics|Dracovish:Player's Highest Lv -2:Jolly:Sand Rush:Mystic Water:6 HP / 252 Atk / 252 Spe:NONE:Fishious Rend;Dragon Claw;Psychic Fangs;Ice Fang|Aerodactyl-Mega:Player's Highest Lv -1:Jolly:Tough Claws:Aerodactylite:6 HP / 252 Atk / 252 Spe:NONE:Hone Claws;Stone Edge;Earthquake;Dual Wingbeat	774,882,918	0	True	0	Dragon,Flying,Ground,Ice,Psychic,Rock,Water	NONE	NONE	Rock:2,Steel:2,Water:2,Electric:2,Ice:2	UNK	UNK	UNK	General_Documents___Locations.xlsx (Boss Battles tabs)	Measured	NONE
Mini bosses:CAMPER DREW:193	CAMPER DREW	Mini bosses	NONE	Mini bosses	Route 111	193	NORMAL (MGM off)	double	NONE	1	scales_to_player	UNK	UNK	Excadrill:Player's Highest Lv -1:Jolly:Sand Rush:Life Orb:6 HP / 252 Atk / 252 Spe:NONE:Earthquake;Iron Head;Rock Slide;Brick Break	530	0	True	0	Fighting,Ground,Rock,Steel	NONE	NONE	Fighting:1,Ground:1,Fire:1,Water:1	UNK	UNK	UNK	General_Documents___Locations.xlsx (Boss Battles tabs)	Measured	NONE
Mini bosses:SAND BATTLE:193	SAND BATTLE	Mini bosses	NONE	Mini bosses	UNK	193	NORMAL (MGM off)	double	NONE	2	scales_to_player	UNK	UNK	Sandy Shocks:Player's Highest Lv -1:Timid:Water Compaction:Air Balloon:6 HP / 252 SpA / 252 Spe:NONE:Discharge;Earth Power;Flash Cannon;Thunderbolt|Sandaconda-Mega:Player's Highest Lv -1:Jolly:Aerilate:Sandacondite:6 HP / 252 Atk / 252 Spe:NONE:Double-Edge;Quick Attack;High Horsepower;Scale Shot	1381,1517	0	True	0	Dragon,Electric,Ground,Normal,Steel	NONE	NONE	Water:2,Ice:2,Ground:1,Grass:1	UNK	UNK	UNK	General_Documents___Locations.xlsx (Boss Battles tabs)	Measured	NONE
Mini bosses:CAMPER BRANDEN:193	CAMPER BRANDEN	Mini bosses	NONE	Mini bosses	UNK	193	NORMAL (MGM off)	double	NONE	3	scales_to_player	UNK	UNK	Rotom-Mow:Player's Highest Lv -1:Timid:Levitate:Focus Sash:6 HP / 252 SpA / 252 Spe:NONE:Discharge;Giga Drain;Hex;Confuse Ray|Arcanine-Hisui:Player's Highest Lv -1:Jolly:Intimidate:Air Balloon:6 HP / 252 Atk / 252 Spe:NONE:Head Smash;Headlong Rush;Flare Blitz;Extreme Speed|Mr. Rime:Player's Highest Lv -1:Timid:Screen Cleaner:Safety Goggles:6 HP / 252 SpA / 252 Spe:NONE:Freeze Dry;Psychic;Focus Blast;Teeter Dance	1068,994,866	0	True	0	Electric,Fighting,Fire,Ghost,Grass,Ground,Ice,Normal,Psychic,Rock	NONE	NONE	Rock:2,Bug:2,Fire:2	UNK	UNK	UNK	General_Documents___Locations.xlsx (Boss Battles tabs)	Measured	NONE
Mini bosses:MANIAC CALE:205	MANIAC CALE	Mini bosses	NONE	Mini bosses	Route 121	205	NORMAL (MGM off)	single	NONE	1	scales_to_player	UNK	UNK	Golduck:Player's Highest Lv -2:Timid:Swift Swim:Mystic Water:6 HP / 252 SpA / 252 Spe:NONE:Scald;Psychic;Ice Beam;Aqua Jet	55	0	True	0	Ice,Psychic,Water	NONE	NONE	Bug:1,Ghost:1,Grass:1,Electric:1,Dark:1	UNK	UNK	UNK	General_Documents___Locations.xlsx (Boss Battles tabs)	Measured	NONE
Mini bosses:RAIN BATTLE:205	RAIN BATTLE	Mini bosses	NONE	Mini bosses	UNK	205	NORMAL (MGM off)	single	NONE	3	scales_to_player	UNK	UNK	Clawitzer:Player's Highest Lv -2:Modest:Mega Launcher:Choice Specs:6 HP / 252 SpA / 252 Spe:NONE:Water Pulse;Dark Pulse;Ice Beam;Aura Sphere|Shiinotic:Player's Highest Lv -2:Calm:Rain Dish:Leftovers:252 HP / 6 SpA / 252 SpD:NONE:Giga Drain;Spore;Moonblast;Flash|Zebstrika:Player's Highest Lv -1:Jolly:Sap Sipper:Life Orb:6 HP / 252 Atk / 252 Spe:NONE:Flare Blitz;Wild Charge;Facade;Zippy Zap	693,756,523	0	True	0	Dark,Electric,Fairy,Fighting,Fire,Grass,Ice,Normal,Water	NONE	NONE	NONE	UNK	UNK	UNK	General_Documents___Locations.xlsx (Boss Battles tabs)	Measured	NONE
Mini bosses:MANIAC TAMMY:217	MANIAC TAMMY	Mini bosses	NONE	Mini bosses	Route 121	217	NORMAL (MGM off)	single	NONE	1	scales_to_player	UNK	UNK	Jynx:Player's Highest Lv -2:Timid:Dry Skin:Focus Sash:6 HP / 252 SpA / 252 Spe:NONE:Freeze-Dry;Psystrike;Fake Out;Lovely Kiss	124	0	True	0	Ice,Normal,Psychic	Steel	Steel	Rock:1,Bug:1,Ghost:1,Steel:1,Fire:1,Dark:1	UNK	UNK	UNK	General_Documents___Locations.xlsx (Boss Battles tabs)	Measured	NONE
Mini bosses:RAIN BATTLE:217	RAIN BATTLE	Mini bosses	NONE	Mini bosses	UNK	217	NORMAL (MGM off)	single	NONE	3	scales_to_player	UNK	UNK	Toxicroak:Player's Highest Lv -2:Jolly:Dry Skin:Life Orb:6 HP / 252 Atk / 252 Spe:NONE:Fake Out;Gunk Shot;Close Combat;Sucker Punch|Heliolisk:Player's Highest Lv -2:Timid:Dry Skin:Wise Glasses:6 HP / 252 SpA / 252 Spe:NONE:Thunder;Boomburst;Dragon Pulse;Surf|Vivillon:Player's Highest Lv -1:Timid:Shield Dust:Sharp Beak:6 HP / 252 SpA / 252 Spe:NONE:Quiver Dance;Hurricane;Giga Drain;Sleep Powder	454,695,666	0	True	0	Dark,Dragon,Electric,Fighting,Flying,Grass,Normal,Poison,Water	NONE	NONE	Flying:2,Ground:2	UNK	UNK	UNK	General_Documents___Locations.xlsx (Boss Battles tabs)	Measured	NONE
Mini bosses:BEAUTY JESSICA:229	BEAUTY JESSICA	Mini bosses	NONE	Mini bosses	Route 121	229	NORMAL (MGM off)	single	NONE	1	scales_to_player	UNK	UNK	Magnezone:Player's Highest Lv -2:Naive:Sturdy:Custap Berry:6 Atk / 252 SpA / 252 Spe:NONE:Thunder;Body Press;Explosion;Flash Cannon	462	0	True	0	Electric,Fighting,Normal,Steel	NONE	NONE	Fighting:1,Ground:1,Fire:1	UNK	UNK	UNK	General_Documents___Locations.xlsx (Boss Battles tabs)	Measured	NONE
Mini bosses:RAIN BATTLE:229	RAIN BATTLE	Mini bosses	NONE	Mini bosses	UNK	229	NORMAL (MGM off)	single	NONE	3	scales_to_player	UNK	UNK	Crawdaunt:Player's Highest Lv -2:Adamant:Adaptability:Life Orb:6 HP / 252 Atk / 252 Spe:NONE:Aqua Jet;Liquidation;Knock Off;X-Scissor|Gliscor:Player's Highest Lv -2:Jolly:Poison Heal:Toxic Orb:6 HP / 252 Atk / 252 Spe:NONE:Roost;Earthquake;Dual Wingbeat;Knock Off|Blastoise-Mega:Player's Highest Lv -1:Modest:Mega Launcher:Blastoisinite:6 HP / 252 SpA / 252 Spe:NONE:Aura Sphere;Ice Beam;Water Pulse;Shell Smash	342,472,909	0	True	0	Bug,Dark,Fighting,Flying,Ground,Ice,Water	NONE	NONE	Grass:2,Electric:2	UNK	UNK	UNK	General_Documents___Locations.xlsx (Boss Battles tabs)	Measured	NONE
Mini bosses:GENTLEMAN WALTER:241	GENTLEMAN WALTER	Mini bosses	NONE	Mini bosses	Route 121	241	NORMAL (MGM off)	double	NONE	1	scales_to_player	UNK	UNK	Seaking:Player's Highest Lv -1:Jolly:Lightning Rod:Focus Sash:6 HP / 252 Atk / 252 Spe:NONE:Fishious Rend;Aqua Jet;Megahorn;Scale Shot	119	0	True	0	Bug,Dragon,Water	NONE	NONE	Grass:1,Electric:1	UNK	UNK	UNK	General_Documents___Locations.xlsx (Boss Battles tabs)	Measured	NONE
Mini bosses:RAIN BATTLE:241	RAIN BATTLE	Mini bosses	NONE	Mini bosses	UNK	241	NORMAL (MGM off)	double	NONE	2	scales_to_player	UNK	UNK	Corviknight:Player's Highest Lv -1:Adamant:Unnerve:Leftovers:6 HP / 252 Atk / 252 Spe:NONE:Body Press;Brave Bird;Iron Head;Tailwind|Omastar:Player's Highest Lv -1:Timid:Swift Swim:White Herb:6 HP / 252 SpA / 252 Spe:NONE:Hydro Pump;Ice Beam;Earth Power;Shell Smash	823,139	0	True	0	Fighting,Flying,Ground,Ice,Steel,Water	NONE	NONE	Electric:2,Fighting:1,Ground:1,Fire:1,Grass:1	UNK	UNK	UNK	General_Documents___Locations.xlsx (Boss Battles tabs)	Measured	NONE
Mini bosses:POKEFAN VANESSA:241	POKEFAN VANESSA	Mini bosses	NONE	Mini bosses	UNK	241	NORMAL (MGM off)	double	NONE	3	scales_to_player	UNK	UNK	Kilowattrel:Player's Highest Lv -1:Timid:Static:Yache Berry:6 HP / 252 SpA / 252 Spe:NONE:Hurricaine;Thunder;Discharge;Weather Ball|Kabutops:Player's Highest Lv -1:Jolly:Swift Swim:Life Orb:6 HP / 252 Atk / 252 Spe:NONE:Liquidation;Stone Edge;X-Scissor;Swords Dance|Drednaw-Mega:Player's Highest Lv -1:Jolly:Strong Jaw:Drednawite:6 HP / 252 Atk / 252 Spe:NONE:Jaw Lock;Ice Fang;Crunch;Aqua Fang	1329,141,1513	0	True	0	Bug,Dark,Electric,Fighting,Flying,Ice,Normal,Rock,Water	NONE	NONE	Grass:2,Electric:2	UNK	UNK	UNK	General_Documents___Locations.xlsx (Boss Battles tabs)	Measured	NONE
Mini bosses:BATTLE GIRL JENNY:253	BATTLE GIRL JENNY	Mini bosses	NONE	Mini bosses	Route 124	253	NORMAL (MGM off)	single	NONE	1	scales_to_player	UNK	UNK	Heliolisk:Player's Highest Lv -2:Timid:Solar Power:Air Balloon:NONE:30 Spe:Thunderbolt;Boomburst;Weather Ball;Hidden Power Ice	695	0	True	0	Electric,Normal	NONE	NONE	Fighting:1,Ground:1	UNK	UNK	UNK	General_Documents___Locations.xlsx (Boss Battles tabs)	Measured	NONE
Mini bosses:SUN BATTLE:253	SUN BATTLE	Mini bosses	NONE	Mini bosses	UNK	253	NORMAL (MGM off)	single	NONE	4	scales_to_player	UNK	UNK	Torkoal:Player's Highest Lv -2:Quiet:White Smoke:Custap Berry:252 HP / 6 Atk / 252 SpA:NONE:Overheat;Earth Power;Solar Beam;Explosion|Victreebel:Player's Highest Lv -2:Hasty:Chlorophyll:Life Orb:6 HP / 252 Atk / 252 Spe:NONE:Leaf Storm;Solar Blade;Gunk Shot;Leech Life|Archeops:Player's Highest Lv -1:Jolly:Defeatist:Sitrus Berry:6 HP / 252 Atk / 252 Spe:NONE:Brave Bird;Head Smash;Earthquake;Roost|Flapple-Mega:Player's Highest Lv -1:Jolly:Dragon's Maw:Flapplite:6 HP / 252 Atk / 252 Spe:NONE:Grav Apple;Scale Shot;Sucker Punch;Dragon Dance	324,71,567,1515	0	True	0	Bug,Dark,Dragon,Fire,Flying,Grass,Ground,Normal,Poison,Rock	NONE	NONE	Ice:3,Flying:2,Rock:2,Water:2	UNK	UNK	UNK	General_Documents___Locations.xlsx (Boss Battles tabs)	Measured	NONE
Mini bosses:KINDLER SPENCER:265	KINDLER SPENCER	Mini bosses	NONE	Mini bosses	Route 124	265	NORMAL (MGM off)	single	NONE	1	scales_to_player	UNK	UNK	Swampert:Player's Highest Lv -2:Careful:Torrent:Rindo Berry:252 HP / 6 Atk / 252 SpD:NONE:Knock Off;Earthquake;Flip Turn;Stealth Rock	260	0	True	0	Dark,Ground,Water	NONE	NONE	Grass:1	UNK	UNK	UNK	General_Documents___Locations.xlsx (Boss Battles tabs)	Measured	NONE
Mini bosses:SUN BATTLE:265	SUN BATTLE	Mini bosses	NONE	Mini bosses	UNK	265	NORMAL (MGM off)	single	NONE	4	scales_to_player	UNK	UNK	Sunflora:Player's Highest Lv -2:Timid:Chlorophyll:Life Orb:6 HP / 252 SpA / 252 Spe:NONE:Seed Flare;Weather Ball;Earth Power;Sludge Bomb|Chandelure:Player's Highest Lv -2:Timid:Shadow Tag:Choice Specs:6 HP / 252 SpA / 252 Spe:NONE:Shadow Ball;Flamethrower;Energy Ball;Scorching Sands|Baxcalibur:Player's Highest Lv -1:Jolly:Thermal Exchange:Focus Sash:6 HP / 252 Atk / 252 Spe:NONE:Glaive Rush;Iron Head;Icicle Crash;Dragon Dance|Medicham-Mega:Player's Highest Lv -1:Jolly:Huge Power:Medichamite:6 HP / 252 Atk / 252 Spe:NONE:Zen Headbutt;Close Combat;Bullet Punch;Rock Slide	192,609,1390,934	0	True	0	Dragon,Fighting,Fire,Ghost,Grass,Ground,Ice,Normal,Poison,Psychic,Rock,Steel	NONE	NONE	Flying:2,Rock:2,Ghost:2,Fairy:2	UNK	UNK	UNK	General_Documents___Locations.xlsx (Boss Battles tabs)	Measured	NONE
Mini bosses:TRIATHLETE GRACE:277	TRIATHLETE GRACE	Mini bosses	NONE	Mini bosses	Route 124	277	NORMAL (MGM off)	double	NONE	1	scales_to_player	UNK	UNK	Typhlosion:Player's Highest Lv -1:Quiet:Blazing Soul:Wise Glasses:252 HP / 6 Def / 252 SpA:0 Spe:Eruption;Heat Wave;Solar Beam;Focus Blast	157	0	True	0	Fighting,Fire,Grass	NONE	NONE	Ground:1,Rock:1,Water:1	UNK	UNK	UNK	General_Documents___Locations.xlsx (Boss Battles tabs)	Measured	NONE
Mini bosses:SUN BATTLE:277	SUN BATTLE	Mini bosses	NONE	Mini bosses	UNK	277	NORMAL (MGM off)	double	NONE	2	scales_to_player	UNK	UNK	Shiftry:Player's Highest Lv -1:Naughty:Chlorophyll:Expert Belt:6 HP / 252 Atk / 252 Spe:30 Def / 30 SpD / 30 Spe:Solar Blade;Ceaseless Edge;Heat Wave;Hidden Power Rock|Coalossal-Mega:Player's Highest Lv -1:Quiet:Mountaineer:Coalossite:6 HP / 252 Def / 252 SpA:0 Spe:Burn Up;Flash Cannon;Hydro Steam;Power Gem	275,1514	0	True	0	Dark,Fire,Grass,Normal,Rock,Steel,Water	NONE	NONE	Fighting:2,Flying:1,Poison:1,Ground:1,Bug:1,Fire:1,Water:1,Ice:1,Fairy:1	UNK	UNK	UNK	General_Documents___Locations.xlsx (Boss Battles tabs)	Measured	NONE
Mini bosses:TRIATHLETE DECLAN:277	TRIATHLETE DECLAN	Mini bosses	NONE	Mini bosses	UNK	277	NORMAL (MGM off)	double	NONE	3	scales_to_player	UNK	UNK	Farigiraf:Player's Highest Lv -1:Quiet:Armor Tail:Focus Sash:252 HP / 252 SpA / 6 SpD:0 Spe:Psyshock;Thunderbolt;Hyper Voice;Trick Room|Slither Wing:Player's Highest Lv -1:Brave:Protosynthesis:Life Orb:6 HP / 252 Atk / 252 SpD:0 Spe:First Impression;Close Combat;Leech Life;Stomping Tantrum|Cinderace:Player's Highest Lv -1:Jolly:Libero:Wide Lens:6 HP / 252 Atk / 252 Spe:NONE:Pyro Ball;Sucker Punch;High Jump Kick;Gunk Shot	1372,1380,815	0	True	0	Bug,Dark,Electric,Fighting,Fire,Ground,Normal,Poison,Psychic	NONE	NONE	NONE	UNK	UNK	UNK	General_Documents___Locations.xlsx (Boss Battles tabs)	Measured	NONE
Trick House:LASS SALLY:1	LASS SALLY	Trick House	NONE	Trick House	UNK	1	NORMAL (MGM off)	single	NONE	5	scales_to_player	UNK	UNK	Arbok:Player's Highest Lv -2:Adamant:Intimidate:Focus Sash:6 HP / 252 Atk / 252 Spe:NONE:Poison Jab;Crunch;Sucker Punch;Earthquake|Grafaiai:Player's Highest Lv -2:Jolly:Poison Touch:Normal Gem:6 HP / 252 Atk / 252 Spe:NONE:Fury Swipes;Poison Jab;Knock Off;Parting Shot|Toxicroak:Player's Highest Lv -2:Jolly:Poison Touch:Expert Belt:6 HP / 252 Atk / 252 Spe:NONE:Fake Out;Poison Jab;Drain Punch;Sucker Punch|Gengar:Player's Highest Lv -2:Timid:Levitate:Life Orb:6 HP / 252 SpA / 252 Spe:NONE:Shadow Ball;Sludge Bomb;Psychic;Focus Blast|Iron Moth:Player's Highest Lv -1:Timid:Quark Drive:Air Balloon:6 HP / 252 SpA / 252 Spe:NONE:Sludge Wave;Fiery Dance;Dazzling Gleam;Energy Ball	24,1333,454,94,1386	0	True	0	Dark,Fairy,Fighting,Fire,Ghost,Grass,Ground,Normal,Poison,Psychic	NONE	NONE	Ground:5,Psychic:4	UNK	UNK	UNK	General_Documents___Locations.xlsx (Boss Battles tabs)	Measured	NONE
Trick House:LASS ROBIN:13	LASS ROBIN	Trick House	NONE	Trick House	UNK	13	NORMAL (MGM off)	single	NONE	6	scales_to_player	UNK	UNK	Weezing-Galar:Player's Highest Lv -2:Bold:Levitate:Black Sludge:252 HP / 252 Def / 6 SpA:NONE:Strange Steam;Clear Smog;Heat Wave;Sludge Bomb|Ariados:Player's Highest Lv -2:Jolly:Sniper:Scope Lens:6 HP / 252 Atk / 252 Spe:NONE:Cross Poison;Megahorn;Sucker Punch;Night Slash|Tentacruel:Player's Highest Lv -2:Timid:Clear Body:Leftovers:6 HP / 252 SpA / 252 Spe:NONE:Hydro Pump;Sludge Bomb;Hex;Toxic|Toxtricity:Player's Highest Lv -2:Timid:Punk Rock:Life Orb:6 HP / 252 SpA / 252 Spe:NONE:Overdrive;Boomburst;Psychic Noise;Sludge Bomb|Garbodor-Mega:Player's Highest Lv -2:Jolly:Parasitic Waste:Garbodorite:6 HP / 252 Atk / 252 Spe:NONE:Gunk Shot;Body Slam;Drain Punch;Earthquake|Nihilego:Player's Highest Lv -1:Timid:Beast Boost:Air Balloon:6 HP / 252 SpA / 252 Spe:NONE:Sludge Wave;Power Gem;Dazzling Gleam;Grass Knot	980,168,73,849,1506,793	0	True	0	Bug,Dark,Electric,Fairy,Fighting,Fire,Ghost,Grass,Ground,Normal,Poison,Psychic,Rock,Water	NONE	NONE	Psychic:6,Ground:5	UNK	UNK	UNK	General_Documents___Locations.xlsx (Boss Battles tabs)	Measured	NONE
Trick House:YOUNGSTER EDDIE:25	YOUNGSTER EDDIE	Trick House	NONE	Trick House	UNK	25	NORMAL (MGM off)	single	NONE	5	scales_to_player	UNK	UNK	Qwilfish:Player's Highest Lv -2:Impish:Intimidate:Focus Sash:252 HP / 6 Atk / 252 Def:NONE:Toxic Spikes;Taunt;Flip Turn;Explosion|Revavroom:Player's Highest Lv -2:Jolly:Filter:Air Balloon:6 HP / 252 Atk / 252 Spe:NONE:Gunk Shot;Spin Out;Shift Gear;High Horsepower|Drapion:Player's Highest Lv -2:Jolly:Sniper:Scope Lens:6 HP / 252 Atk / 252 Spe:NONE:Wicked Blow;Cross Poison;Ice Fang;Brick Break|Beedrill-Mega:Player's Highest Lv -2:Jolly:Adaptability:Beedrillite:6 HP / 252 Atk / 252 Spe:NONE:Swords Dance;X-Scissor;Poison Jab;Drill Run|Naganadel:Player's Highest Lv -1:Timid:Beast Boost:Life Orb:6 HP / 252 SpA / 252 Spe:NONE:Sludge Wave;Dragon Pulse;Fire Blast;Nasty Plot	211,1355,452,910,804	0	True	0	Bug,Dark,Dragon,Fighting,Fire,Ground,Ice,Normal,Poison,Steel,Water	NONE	NONE	Ground:4,Psychic:3	UNK	UNK	UNK	General_Documents___Locations.xlsx (Boss Battles tabs)	Measured	NONE
Trick House:PICNICKER RACHEL:38	PICNICKER RACHEL	Trick House	NONE	Trick House	UNK	38	NORMAL (MGM off)	single	NONE	5	scales_to_player	UNK	UNK	Leavanny:Player's Highest Lv -2:Jolly:Sharpness:Focus Sash:6 HP / 252 Atk / 252 Spe:NONE:Leaf Blade;X-Scissor;Sacred Sword;Swords Dance|Electrode-Hisui:Player's Highest Lv -2:Modest:Reckless:Life Orb:6 HP / 252 SpA / 252 Spe:NONE:Chloroblast;Thunderbolt;Volt Switch;Flash Cannon|Crustle:Player's Highest Lv -2:Adamant:Sturdy:White Herb:6 HP / 252 Atk / 252 Spe:NONE:Shell Smash;X-Scissor;Knock Off;Stone Edge|Roserade:Player's Highest Lv -2:Timid:Technician:NONE:6 HP / 252 SpA / 252 Spe:30 Atk / 30 SpA / 30 Spe:Mega Drain;Sludge;Ancient Power;Hidden Power Fire|Kartana:Player's Highest Lv -1:Jolly:Beast Boost:Expert Belt:6 HP / 252 Atk / 252 Spe:NONE:Leaf Blade;Smart Strike;Sacred Sword;Night Slash	542,996,558,407,798	0	True	1	Bug,Dark,Electric,Fighting,Grass,Normal,Poison,Rock,Steel	NONE	NONE	Fire:4,Ice:3	UNK	UNK	UNK	General_Documents___Locations.xlsx (Boss Battles tabs)	Measured	NONE
Trick House:GIRL GEORGIA:50	GIRL GEORGIA	Trick House	NONE	Trick House	UNK	50	NORMAL (MGM off)	single	NONE	5	scales_to_player	UNK	UNK	Trevenant:Player's Highest Lv -2:Impish:Harvest:Sitrus Berry:252 HP / 6 Atk / 252 Def:NONE:Leech Seed;Confuse Ray;Horn Leech;Poltergeist|Toedscruel:Player's Highest Lv -2:Timid:Clear Body:Yache Berry:6 HP / 252 SpA / 252 Spe:NONE:Spore;Leech Seed;Earth Power;Giga Drain|Masquerain:Player's Highest Lv -2:Timid:Intimidate:Expert Belt:6 HP / 252 SpA / 252 Spe:NONE:Bug Buzz;Scald;Ice Beam;Quiver Dance|Butterfree:Player's Highest Lv -2:Timid:Compound Eyes:Butterfrite:6 HP / 252 SpA / 252 Spe:NONE:Quiver Dance;Hurricane;Bug Buzz;Giga Drain|Wo-Chien:Player's Highest Lv -1:Bold:Tablets of Ruin:Leftovers:252 HP / 252 Def / 6 SpA:NONE:Leech Seed;Stun Spore;Giga Drain;Ruination	709,1337,284,12,1394	0	True	0	Bug,Dark,Flying,Ghost,Grass,Ground,Ice,Water	NONE	NONE	Flying:5,Fire:4,Ice:4	UNK	UNK	UNK	General_Documents___Locations.xlsx (Boss Battles tabs)	Measured	NONE
Trick House:KID TED:62	KID TED	Trick House	NONE	Trick House	UNK	62	NORMAL (MGM off)	single	NONE	5	scales_to_player	UNK	UNK	Kleavor:Player's Highest Lv -2:Jolly:Sharpness:Focus Sash:6 HP / 252 Atk / 252 Spe:NONE:Stone Axe;X-Scissor;Accelerock;Night Slash|Jumpluff:Player's Highest Lv -2:Jolly:Aerilate:Yache Berry:6 HP / 252 Atk / 252 Spe:NONE:Double-Edge;Leaf Blade;Swords Dance;Strength Sap|Parasect:Player's Highest Lv -2:Adamant:Dry Skin:Leftovers:6 HP / 252 Atk / 252 Spe:NONE:Spore;Sappy Seed;Leech Life;Crabhammer|Snorlax:Player's Highest Lv -2:Adamant:Thick Fat:Snorlaxite:6 HP / 252 Atk / 252 Spe:NONE:Body Slam;Wood Hammer;Earthquake;Heavy Slam|Pheromosa:Player's Highest Lv -1:Mild:Beast Boost:Expert Belt:6 Atk / 252 SpA / 252 Spe:NONE:Bug Buzz;Close Combat;Aura Sphere;Ice Beam	900,189,47,143,795	0	True	0	Bug,Dark,Fighting,Grass,Ground,Ice,Normal,Rock,Steel,Water	NONE	NONE	Flying:3,Rock:3,Fire:3	UNK	UNK	UNK	General_Documents___Locations.xlsx (Boss Battles tabs)	Measured	NONE
Trick House:CAMPER RUSTY:75	CAMPER RUSTY	Trick House	NONE	Trick House	UNK	75	NORMAL (MGM off)	single	NONE	5	scales_to_player	UNK	UNK	Duraludon:Player's Highest Lv -1:Relaxed:Heavy Metal:Eviolite:252 HP / 252 Def / 6 SpA:NONE:Flash Cannon;Dragon Pulse;Body Press;Dragon Tail|Bronzong:Player's Highest Lv -2:Relaxed:Levitate:Occa Berry:252 HP / 252 Def / 6 SpD:NONE:Psychic;Gyro Ball;Body Press;Earthquake|Gholdengo:Player's Highest Lv -2:Timid:Good as Gold:Air Balloon:6 HP / 252 SpA / 252 Spe:NONE:Nasty Plot;Shadow Ball;Make It Rain;Focus Blast|Samurott:Player's Highest Lv -2:Jolly:Sharpness:Assault Vest:6 HP / 252 Atk / 252 Spe:NONE:Smart Strike;Knock Off;Razor Shell;Sacred Sword|Iron Crown:Player's Highest Lv -1:Timid:Quark Drive:Booster Energy:6 HP / 252 SpA / 252 Spe:NONE:Tachyon Cutter;Psyshock;Secret Sword;Air Slash	884,437,1393,503,1430	0	True	0	Dark,Dragon,Fighting,Flying,Ghost,Ground,Psychic,Steel,Water	NONE	NONE	Ground:5,Ghost:3,Fire:3,Dark:3	UNK	UNK	UNK	General_Documents___Locations.xlsx (Boss Battles tabs)	Measured	NONE
Trick House:HIKER ALAN:87	HIKER ALAN	Trick House	NONE	Trick House	UNK	87	NORMAL (MGM off)	single	NONE	5	scales_to_player	UNK	UNK	Magnezone:Player's Highest Lv -2:Modest:Sturdy:Air Balloon:6 HP / 252 SpA / 252 Spe:NONE:Thunderbolt;Flash Cannon;Tri Attack;Volt Switch|Ferrothorn:Player's Highest Lv -2:Relaxed:Iron Barbs:Rocky Helmet:252 HP / 6 Atk / 252 Def:NONE:Power Whip;Gyro Ball;Leech Seed;Thunder Wave|Claydol:Player's Highest Lv -2:Sassy:Levitate:Custap Berry:6 HP / 252 Def / 252 SpA:NONE:Earth Power;Psychic;Ice Beam;Explosion|Steelix-Mega:Player's Highest Lv -2:Impish:Heatproof:Steelixite:252 HP / 6 Atk / 252 Def:NONE:Earthquake;Stone Edge;Heavy Slam;Crunch|Stakataka:Player's Highest Lv -1:Impish:Beast Boost:Air Balloon:252 HP / 6 Atk / 252 Def:NONE:Gyro Ball;Earthquake;Rock Slide;Body Press	462,598,344,922,805	0	True	0	Dark,Electric,Fighting,Grass,Ground,Ice,Normal,Psychic,Rock,Steel	NONE	NONE	Fighting:4,Ground:3,Fire:3,Water:3	UNK	UNK	UNK	General_Documents___Locations.xlsx (Boss Battles tabs)	Measured	NONE
Trick House:CAMPER MARTHA:99	CAMPER MARTHA	Trick House	NONE	Trick House	UNK	99	NORMAL (MGM off)	single	NONE	5	scales_to_player	UNK	UNK	Durant:Player's Highest Lv -2:Jolly:Hustle:Life Orb:6 HP / 252 Atk / 252 Spe:NONE:Iron Head;Superpower;X-Scissor;First Impression|Bastiodon:Player's Highest Lv -2:Sassy:Dauntless Shield:Focus Sash:252 HP / 6 Def / 252 SpD:NONE:Metal Burst;Body Press;Rock Slide;Iron Head|Skarmory:Player's Highest Lv -2:Impish:Sturdy:Leftovers:252 HP / 6 Atk / 252 Def:NONE:Roost;Toxic;Fly;Iron Head|Kingler:Player's Highest Lv -2:Jolly:Hyper Cutter:Kinglerite:6 HP / 252 Atk / 252 Spe:NONE:Aqua Jet;Liquidation;Ice Hammer;Iron Head|Iron Treads:Player's Highest Lv -1:Jolly:Quark Drive:Booster Energy:6 HP / 252 Atk / 252 Spe:NONE:Iron Head;Wild Charge;Earthquake;Knock Off	632,411,227,99,1382	0	True	0	Bug,Dark,Electric,Fighting,Flying,Ground,Ice,Rock,Steel,Water	NONE	NONE	Fire:3	UNK	UNK	UNK	General_Documents___Locations.xlsx (Boss Battles tabs)	Measured	NONE
Victory Road:WALLY:0	WALLY	Victory Road	NONE	Victory Road	Victory Road	0	NORMAL (MGM off)	single	NONE	6	fixed	84	84	Sneasler:84:Jolly:Poison Touch:Focus Sash:6 HP / 252 Atk / 252 Spe:NONE:Close Combat;Dire Claw;Fake Out;Rock Slide|Shaymin-Sky:84:Timid:Serene Grace:Choice Specs:6 HP / 252 SpA / 252 Spe:NONE:Air Slash;Seed Flare;Earth Power;Psychic|Celesteela:84:Modest:Beast Boost:Power Herb:6 HP / 252 SpA / 252 Spe:NONE:Meteor Beam;Flamethrower;Air Slash;Flash Cannon|Darmanitan:84:Jolly:Sheer Force:Life Orb:6 HP / 252 Atk / 252 Spe:NONE:Flare Blitz;Superpower;Rock Slide;Earthquake|Raging Bolt:84:Timid:Protosynthesis:Booster Energy:6 HP / 252 SpA / 252 Spe:NONE:Dragon Pulse;Thunderclap;Thunderbolt;Hyper Voice|Gardevoir-Mega:84:Timid:Pixilate:Gardevoirite:6 HP / 252 SpA / 252 Spe:NONE:Hyper Voice;Psychic;Focus Blast;Calm Mind	903,1072,797,555,1428,930	0	True	0	Dragon,Electric,Fighting,Fire,Flying,Grass,Ground,Normal,Poison,Psychic,Rock,Steel	NONE	NONE	Ground:3	326	186	271	General_Documents___Locations.xlsx (Boss Battles tabs)	Measured	NONE
Victory Road:COOLTRAINER ALBERT:12	COOLTRAINER ALBERT	Victory Road	NONE	Victory Road	UNK	12	NORMAL (MGM off)	single	NONE	5	fixed	83	84	Toxapex:83:Impish:Regenerator:Black Sludge:252 HP / 6 Atk / 252 Def:NONE:Toxic Spikes;Haze;Liquidation;Poison Jab|Mabosstiff:83:Jolly:Stakeout:Choice Band:6 HP / 252 Atk / 252 Spe:NONE:Crunch;Jaw Lock;Play Rough;Ice Fang|Sigilyph:83:Timid:Magic Guard:Life Orb:6 HP / 252 SpA / 252 Spe:NONE:Air Slash;Roost;Stored Power;Cosmic Power|Rhyperior:83:Jolly:Solid Rock:Weakness Policy:6 HP / 252 Atk / 252 Spe:NONE:Earthquake;Stone Edge;Megahorn;Thunder Punch|Venusaur-Mega:84:Timid:Thick Fat:Venusaurite:6 HP / 252 SpA / 252 Spe:30 Atk / 30 SpA / 30 Spe:Solar Beam;Sludge Bomb;Earth Power;Hidden Power Fire	748,1331,561,464,906	0	True	0	Bug,Dark,Electric,Fairy,Fighting,Flying,Grass,Ground,Ice,Normal,Poison,Psychic,Rock,Water	NONE	NONE	Ice:3	268	88	238	General_Documents___Locations.xlsx (Boss Battles tabs)	Measured	NONE
Victory Road:COOLTRAINER HOPE:24	COOLTRAINER HOPE	Victory Road	NONE	Victory Road	UNK	24	NORMAL (MGM off)	single	NONE	5	fixed	83	84	Maushold:83:Jolly:Technician:Wide Lens:6 HP / 252 Atk / 252 Spe:NONE:Population Bomb;Bite;Bullet Seed;Tidy Up|Marowak-Alola:83:Adamant:Rock Head:Thick Club:6 HP / 252 Atk / 252 Spe:NONE:Shadow Bone;Flare Blitz;Bonemerang;Thunder Punch|Togekiss:83:Timid:Serene Grace:Leftovers:6 HP / 252 SpA / 252 Spe:NONE:Air Slash;Thunder Wave;Moonblast;Roost|Xurkitree:83:Timid:Beast Boost:Life Orb:6 HP / 252 SpA / 252 Spe:NONE:Thunderbolt;Signal Beam;Energy Ball;Tail Glow|Orbeetle-Mega:84:Timid:Magic Guard:Orbeetlite:6 HP / 252 SpA / 252 Spe:NONE:Bug Buzz;Psychic;Energy Ball;Calm Mind	1309,973,468,796,1512	0	True	0	Bug,Dark,Electric,Fairy,Fire,Flying,Ghost,Grass,Ground,Normal,Psychic	NONE	NONE	Rock:3	293	157	269	General_Documents___Locations.xlsx (Boss Battles tabs)	Measured	NONE
Victory Road:COOLTRAINER SAMUEL:36	COOLTRAINER SAMUEL	Victory Road	NONE	Victory Road	UNK	36	NORMAL (MGM off)	single	NONE	5	fixed	83	84	Mienshao:83:Jolly:Regenerator:Life Orb:6 HP / 252 Atk / 252 Spe:NONE:Fake Out;Close Combat;Poison Jab;U-turn|Flapple:83:Adamant:Hustle:Wide Lens:6 HP / 252 Atk / 252 Spe:NONE:Scale Shot;Grav Apple;Sucker Punch;Dragon Dance|Mr. Rime:83:Timid:Screen Cleaner:Assault Vest:6 HP / 252 SpA / 252 Spe:NONE:Freezy Frost;Psychic;Dazzling Gleam;Shadow Ball|Inteleon:83:Timid:Sniper:Choice Specs:6 HP / 252 SpA / 252 Spe:NONE:Snipe Shot;Hydro Pump;Ice Beam;Air Slash|Pinsir-Mega:84:Jolly:Aerilate:Pinsirite:6 HP / 252 Atk / 252 Spe:NONE:X-Scissor;Double-Edge;Swords Dance;Close Combat	620,841,866,818,916	0	True	0	Bug,Dark,Dragon,Fairy,Fighting,Flying,Ghost,Grass,Ice,Normal,Poison,Psychic,Water	NONE	NONE	Flying:3	310	199	282	General_Documents___Locations.xlsx (Boss Battles tabs)	Measured	NONE
Victory Road:COOLTRAINER CAROLINE:48	COOLTRAINER CAROLINE	Victory Road	NONE	Victory Road	UNK	48	NORMAL (MGM off)	single	NONE	5	fixed	83	84	Weavile:83:Jolly:Infiltrator:Life Orb:6 HP / 252 Atk / 252 Spe:NONE:Fake Out;Knock Off;Icicle Crash;Low Kick|Magcargo:83:Timid:Simple:Focus Sash:6 HP / 252 SpA / 252 Spe:NONE:Shell Smash;Flamethrower;Power Gem;Earth Power|Barraskewda:83:Jolly:Swift Swim:Choice Band:6 HP / 252 Atk / 252 Spe:NONE:Liquidation;Scale Shot;Close Combat;Poison Jab|Mismagius:83:Timid:Levitate:Leftovers:6 HP / 252 SpA / 252 Spe:NONE:Moonblast;Hex;Will-O-Wisp;Energy Ball|Lopunny-Mega:84:Jolly:Scrappy:Lopunnite:6 HP / 252 Atk / 252 Spe:NONE:Fake Out;Return;Power-Up Punch;Play Rough	461,219,847,429,946	0	True	0	Dark,Dragon,Fairy,Fighting,Fire,Ghost,Grass,Ground,Ice,Normal,Poison,Rock,Water	NONE	NONE	Fighting:3	341	145	319	General_Documents___Locations.xlsx (Boss Battles tabs)	Measured	NONE
Victory Road:COOLTRAINER FELIX:60	COOLTRAINER FELIX	Victory Road	NONE	Victory Road	UNK	60	NORMAL (MGM off)	single	NONE	5	fixed	83	84	Reuniclus:83:Modest:Magic Guard:Life Orb:6 HP / 252 SpA / 252 Spe:NONE:Psychic;Shadow Ball;Focus Blast;Energy Ball|Granbull:83:Adamant:Bull Rush:Choice Band:6 HP / 252 Atk / 252 Spe:NONE:Play Rough;Ice Fang;Jaw Lock;Crunch|Regidrago:83:Jolly:Dragon's Maw:Dragon Fang:6 HP / 252 Atk / 252 Spe:NONE:Dragon Energy;Dragon Claw;Body Slam;Dragon Dance|Aegislash-Blade:83:Bold:Stance Change:Leftovers:252 HP / 252 Def / 6 SpA:NONE:Shadow Ball;Flash Cannon;Toxic;King's Shield|Manectric-Mega:84:Timid:Intimidate:Manectite:6 HP / 252 SpA / 252 Spe:30 Atk / 30 SpA:Thunderbolt;Flamethrower;Charge Beam;Hidden Power Ice	579,210,895,1156,935	0	True	0	Dark,Dragon,Electric,Fairy,Fighting,Fire,Ghost,Grass,Ice,Normal,Psychic,Steel	NONE	NONE	NONE	341	130	157	General_Documents___Locations.xlsx (Boss Battles tabs)	Measured	NONE
Victory Road:COOLTRAINER MICHELLE:72	COOLTRAINER MICHELLE	Victory Road	NONE	Victory Road	UNK	72	NORMAL (MGM off)	single	NONE	5	fixed	83	84	Carbink:83:Sassy:Sturdy:Custap Berry:252 HP / 6 SpA / 252 SpD:NONE:Stealth Rock;Moonblast;Power Gem;Explosion|Polteageist:83:Timid:Heatproof:White Herb:6 HP / 252 SpA / 252 Spe:NONE:Shadow Ball;Giga Drain;Stored Power;Shell Smash|Chatot:83:Timid:Punk Rock:Throat Spray:6 HP / 252 SpA / 252 Spe:NONE:Chatter;Boomburst;Synchronoise;Hidden Power Grass|Torterra:83:Impish:Self Sufficient:Leftovers:252 HP / 6 Atk / 252 Def:NONE:Wood Hammer;Earthquake;Crunch;Synthesis|Aggron-Mega:84:Impish:Filter:Aggronite:252 HP / 6 Atk / 252 Def:NONE:Earthquake;Stone Edge;Body Press;Heavy Slam	703,855,441,389,933	0	True	0	Dark,Fairy,Fighting,Flying,Ghost,Grass,Ground,Normal,Psychic,Rock,Steel	NONE	NONE	NONE	275	101	123	General_Documents___Locations.xlsx (Boss Battles tabs)	Measured	NONE
Hot House:GUITARIST BRIAN:0	GUITARIST BRIAN	Hot House	NONE	Hot House	Route 109 House	0	NORMAL (MGM off)	single	NONE	1	scales_to_player	UNK	UNK	Simipour:Player's Highest Lv -1:Timid:Gluttony:Sitrus Berry:NONE:30 Atk / 30 SpA / 30 SpD:Grass Knot;Brine;Icy Wind;Hidden Power Ground	516	0	True	0	Grass,Ice,Normal,Water	NONE	NONE	Grass:1,Electric:1	UNK	UNK	UNK	General_Documents___Locations.xlsx (Boss Battles tabs)	Measured	NONE
Hot House:2 BADGES:0	2 BADGES	Hot House	NONE	Hot House	UNK	0	NORMAL (MGM off)	single	NONE	1	scales_to_player	UNK	UNK	Hitmontop:Player's Highest Lv -1:Jolly:Technician:Muscle Band:NONE:NONE:Rock Smash;Mach Punch;Aerial Ace;Thief	237	0	True	0	Dark,Fighting,Flying	NONE	NONE	Flying:1,Psychic:1,Fairy:1	UNK	UNK	UNK	General_Documents___Locations.xlsx (Boss Battles tabs)	Measured	NONE
Hot House:BEAUTY JOHANNA:12	BEAUTY JOHANNA	Hot House	NONE	Hot House	Route 109 House	12	NORMAL (MGM off)	single	NONE	1	scales_to_player	UNK	UNK	Simisage:Player's Highest Lv -1:Timid:Gluttony:Sitrus Berry:NONE:30 SpD / 30 Spe:Giga Drain;Power Gem;Hidden Power Bug;Synthesis	512	0	True	0	Grass,Normal,Rock	Steel	Steel	Flying:1,Poison:1,Bug:1,Fire:1,Ice:1	UNK	UNK	UNK	General_Documents___Locations.xlsx (Boss Battles tabs)	Measured	NONE
Hot House:2 BADGES:12	2 BADGES	Hot House	NONE	Hot House	UNK	12	NORMAL (MGM off)	single	NONE	1	scales_to_player	UNK	UNK	Hitmonchan:Player's Highest Lv -1:Jolly:Iron Fist:Muscle Band:NONE:NONE:Mach Punch;Fire Punch;Ice Punch;Thunder Punch	107	0	True	0	Electric,Fighting,Fire,Ice	NONE	NONE	Flying:1,Psychic:1,Fairy:1	UNK	UNK	UNK	General_Documents___Locations.xlsx (Boss Battles tabs)	Measured	NONE
Hot House:SAILOR DWAYNE:24	SAILOR DWAYNE	Hot House	NONE	Hot House	Route 109 House	24	NORMAL (MGM off)	single	NONE	1	scales_to_player	UNK	UNK	Simisear:Player's Highest Lv -1:Timid:Gluttony:Sitrus Berry:NONE:30 Atk / 30 Spe:Mystical Fire;Scorching Sands;Grass Knot;Hidden Power Psychic	514	0	True	0	Fire,Grass,Ground,Normal	NONE	NONE	Ground:1,Rock:1,Water:1	UNK	UNK	UNK	General_Documents___Locations.xlsx (Boss Battles tabs)	Measured	NONE
Hot House:2 BADGES:24	2 BADGES	Hot House	NONE	Hot House	UNK	24	NORMAL (MGM off)	single	NONE	1	scales_to_player	UNK	UNK	Hitmonlee:Player's Highest Lv -1:Adamant:Striker:Muscle Band:NONE:NONE:Low Sweep;Triple Axel;Aqua Step;Mach Punch	106	0	True	0	Fighting,Ice,Water	NONE	NONE	Flying:1,Psychic:1,Fairy:1	UNK	UNK	UNK	General_Documents___Locations.xlsx (Boss Battles tabs)	Measured	NONE
Hot House:GUITARIST BRIAN:36	GUITARIST BRIAN	Hot House	NONE	Hot House	Route 109 House	36	NORMAL (MGM off)	single	NONE	1	scales_to_player	UNK	UNK	Heracross:Player's Highest Lv -1:Jolly:Guts:Flame Orb:6 HP / 252 Atk / 252 Spe:NONE:Protect;Rock Slide;Brick Break;Pounce	214	0	True	0	Bug,Fighting,Rock	NONE	NONE	Flying:1,Fire:1,Psychic:1,Fairy:1	UNK	UNK	UNK	General_Documents___Locations.xlsx (Boss Battles tabs)	Measured	NONE
Hot House:3 BADGES:36	3 BADGES	Hot House	NONE	Hot House	UNK	36	NORMAL (MGM off)	single	NONE	2	scales_to_player	UNK	UNK	Stunfisk:Player's Highest Lv -1:Sassy:Water Absorb:Shuca Berry:252 HP / 6 SpA / 252 SpD:NONE:Discharge;Mud Bomb;Rock Slide;Silver Wind|Azumarill:Player's Highest Lv -1:Adamant:Huge Power:Mystic Water:6 HP / 252 Atk / 252 Spe:NONE:Aqua Tail;Play Rough;Aqua Jet;Ice Punch	618,184	0	True	0	Bug,Electric,Fairy,Ground,Ice,Rock,Water	NONE	NONE	Grass:2,Poison:1,Ground:1,Water:1,Electric:1,Ice:1	UNK	UNK	UNK	General_Documents___Locations.xlsx (Boss Battles tabs)	Measured	NONE
Hot House:BEAUTY JOHANNA:48	BEAUTY JOHANNA	Hot House	NONE	Hot House	Route 109 House	48	NORMAL (MGM off)	single	NONE	1	scales_to_player	UNK	UNK	Arcanine:Player's Highest Lv -1:Jolly:Intimidate:Muscle Band:6 HP / 252 Atk / 252 Spe:NONE:Fire Fang;Extreme Speed;Thunder Fang;Crunch	59	0	True	0	Dark,Electric,Fire,Normal	NONE	NONE	Ground:1,Rock:1,Water:1	UNK	UNK	UNK	General_Documents___Locations.xlsx (Boss Battles tabs)	Measured	NONE
Hot House:3 BADGES:48	3 BADGES	Hot House	NONE	Hot House	UNK	48	NORMAL (MGM off)	single	NONE	2	scales_to_player	UNK	UNK	Scyther:Player's Highest Lv -1:Jolly:Technician:Eviolite:6 HP / 252 Atk / 252 Spe:NONE:Swords Dance;Aerial Ace;Bug Bite;Rock Smash|Lumineon:Player's Highest Lv -1:Timid:Storm Drain:Wise Glasses:6 HP / 252 SpA / 252 Spe:NONE:Scald;Aurora Beam;Air Cutter;Ominous Wind	123,457	0	True	0	Bug,Fighting,Flying,Ghost,Ice,Water	NONE	NONE	Electric:2,Flying:1,Rock:1,Fire:1,Grass:1,Ice:1	UNK	UNK	UNK	General_Documents___Locations.xlsx (Boss Battles tabs)	Measured	NONE
Hot House:SAILOR DWAYNE:60	SAILOR DWAYNE	Hot House	NONE	Hot House	Route 109 House	60	NORMAL (MGM off)	single	NONE	1	scales_to_player	UNK	UNK	Thievul:Player's Highest Lv -1:Timid:Unburden:Dark Gem:6 HP / 252 SpA / 252 Spe:NONE:Dark Pulse;Sucker Punch;Grass Knot;Psychic	828	0	True	0	Dark,Grass,Psychic	NONE	NONE	Fighting:1,Bug:1,Fairy:1	UNK	UNK	UNK	General_Documents___Locations.xlsx (Boss Battles tabs)	Measured	NONE
Hot House:3 BADGES:60	3 BADGES	Hot House	NONE	Hot House	UNK	60	NORMAL (MGM off)	single	NONE	2	scales_to_player	UNK	UNK	Cramorant:Player's Highest Lv -1:Timid:Gulp Missile:Sitrus Berry:6 HP / 252 SpA / 252 Spe:NONE:Roost;Surf;Icy Wind;Air Slash|Pinsir:Player's Highest Lv -1:Jolly:Mold Breaker:Sitrus Berry:6 HP / 252 Atk / 252 Spe:NONE:X-Scissor;Brick Break;Rock Slide;Cut	845,127	0	True	0	Bug,Fighting,Flying,Ice,Rock,Steel,Water	NONE	NONE	Rock:2,Flying:1,Fire:1,Electric:1	UNK	UNK	UNK	General_Documents___Locations.xlsx (Boss Battles tabs)	Measured	NONE
Hot House:GUITARIST BRIAN:72	GUITARIST BRIAN	Hot House	NONE	Hot House	Route 109 House	72	NORMAL (MGM off)	single	NONE	1	scales_to_player	UNK	UNK	Yanmega:Player's Highest Lv:Timid:Speed Boost:Life Orb:6 HP / 252 SpA / 252 Spe:NONE:Air Slash;Bug Buzz;Psychic;Detect	469	0	True	0	Bug,Flying,Psychic	Steel	Steel	Flying:1,Rock:1,Fire:1,Electric:1,Ice:1	UNK	UNK	UNK	General_Documents___Locations.xlsx (Boss Battles tabs)	Measured	NONE
Hot House:4 BADGES:72	4 BADGES	Hot House	NONE	Hot House	UNK	72	NORMAL (MGM off)	single	NONE	3	scales_to_player	UNK	UNK	Vaporeon:Player's Highest Lv:Calm:Water Absorb:Leftovers:6 HP / 252 SpA / 252 Spe:NONE:Scald;Ice Beam;Shadow Ball;Yawn|Meganium:Player's Highest Lv:Modest:Triage:Big Root:252 HP / 4 SpA / 252 SpD:NONE:Giga Drain;Draining Kiss;Ancient Power;Synthesis|Blaziken-Mega:Player's Highest Lv:Jolly:Striker:Blazikenite:6 HP / 252 Atk / 252 Spe:NONE:Thunderous Kick;Blaze Kick;Knock Off;Power-Up Punch	134,154,928	0	True	0	Dark,Fairy,Fighting,Fire,Ghost,Grass,Ice,Rock,Water	NONE	NONE	Flying:2	UNK	UNK	UNK	General_Documents___Locations.xlsx (Boss Battles tabs)	Measured	NONE
Hot House:BEAUTY JOHANNA:84	BEAUTY JOHANNA	Hot House	NONE	Hot House	Route 109 House	84	NORMAL (MGM off)	single	NONE	1	scales_to_player	UNK	UNK	Glimmora:Player's Highest Lv:Timid:Toxic Debris:Focus Sash:6 HP / 252 SpA / 252 Spe:NONE:Stealth Rock;Flash Cannon;Sludge Wave;Power Gem	1359	0	True	0	Poison,Rock,Steel	Steel	Steel	Ground:1,Steel:1,Water:1,Psychic:1	UNK	UNK	UNK	General_Documents___Locations.xlsx (Boss Battles tabs)	Measured	NONE
Hot House:4 BADGES:84	4 BADGES	Hot House	NONE	Hot House	UNK	84	NORMAL (MGM off)	single	NONE	3	scales_to_player	UNK	UNK	Leafeon:Player's Highest Lv:Jolly:Sap Sipper:Life Orb:6 HP / 252 Atk / 252 Spe:NONE:Leaf Blade;X-Scissor;Stomping Tantrum;Swords Dance|Skeledirge:Player's Highest Lv:Timid:Unaware:Throat Spray:6 HP / 252 SpA / 252 Spe:NONE:Torch Song;Shadow Ball;Hyper Voice;Flame Charge|Swampert-Mega:Player's Highest Lv:Adamant:Swift Swim:Swampertite:6 HP / 252 Atk / 252 Spe:NONE:Liquidation;Earthquake;Power-Up Punch;Avalanche	470,1294,929	0	True	0	Bug,Fighting,Fire,Ghost,Grass,Ground,Ice,Normal,Water	NONE	NONE	NONE	UNK	UNK	UNK	General_Documents___Locations.xlsx (Boss Battles tabs)	Measured	NONE
Hot House:SAILOR DWAYNE:97	SAILOR DWAYNE	Hot House	NONE	Hot House	Route 109 House	97	NORMAL (MGM off)	single	NONE	1	scales_to_player	UNK	UNK	Aegislash-Both:Player's Highest Lv:Bold:Stance Change:Leftovers:6 HP / 252 Def / 252 SpA:NONE:Flash Cannon;Shadow Ball;Toxic;King's Shield		1	True	0	Ghost,Steel	NONE	NONE	NONE	UNK	UNK	UNK	General_Documents___Locations.xlsx (Boss Battles tabs)	Unresolved	NONE
Hot House:4 BADGES:97	4 BADGES	Hot House	NONE	Hot House	UNK	97	NORMAL (MGM off)	single	NONE	3	scales_to_player	UNK	UNK	Flareon:Player's Highest Lv:Jolly:Toxic Boost:Toxic Orb:6 HP / 252 Atk / 252 Spe:NONE:Flame Charge;Sacred Fire;Facade;Superpower|Samurott-Hisui:Player's Highest Lv:Adamant:Sharpness:White Herb:6 HP / 252 Atk / 252 Spe:NONE:Razor Shell;Night Slash;Sacred Sword;Shell Smash|Sceptile:Player's Highest Lv:Adamant:Technician:Sceptilite:6 HP / 252 Atk / 252 Spe:NONE:Dual Chop;Bullet Seed;Rock Tomb;Power-up Punch	136,1000,254	0	True	0	Dark,Dragon,Fighting,Fire,Grass,Normal,Rock,Water	NONE	NONE	Bug:2,Fairy:2	UNK	UNK	UNK	General_Documents___Locations.xlsx (Boss Battles tabs)	Measured	NONE
Hot House:GUITARIST BRIAN:109	GUITARIST BRIAN	Hot House	NONE	Hot House	Route 109 House	109	NORMAL (MGM off)	single	NONE	1	scales_to_player	UNK	UNK	Snorlax:Player's Highest Lv:Impish:Thick Fat:Focus Sash:6 HP / 252 Def / 252 Atk:NONE:Crunch;Last Resort	143	0	True	0	Dark,Normal	NONE	NONE	Fighting:1	UNK	UNK	UNK	General_Documents___Locations.xlsx (Boss Battles tabs)	Measured	NONE
Hot House:5 BADGES:109	5 BADGES	Hot House	NONE	Hot House	UNK	109	NORMAL (MGM off)	single	NONE	4	scales_to_player	UNK	UNK	Gothitelle:Player's Highest Lv:Timid:Shadow Tag:Choice Scarf:6 HP / 252 SpA / 252 Spe:30 SpD / 30 Spe:Psychic;Shadow Ball;Thunderbolt;Hidden Power Bug|Breloom:Player's Highest Lv:Impish:Poison Heal:Leftovers:6 HP / 252 Def / 252 Atk:NONE:Substitute;Spore;Focus Punch;Rock Slide|Togekiss:Player's Highest Lv:Timid:Serene Grace:King's Rock:6 HP / 252 SpA / 252 Spe:NONE:Air Slash;Moonblast;Extrasensory;Flamethrower|Steelix:Player's Highest Lv:Brave:Heatproof:Steelixite:6 HP / 252 Def / 252 Atk:NONE:Spin Out;Curse;Earthquake;Stone Edge	576,286,468,208	0	True	0	Electric,Fairy,Fighting,Fire,Flying,Ghost,Ground,Normal,Psychic,Rock,Steel	NONE	NONE	Poison:2,Fire:2,Ice:2	UNK	UNK	UNK	General_Documents___Locations.xlsx (Boss Battles tabs)	Measured	NONE
Hot House:BEAUTY JOHANNA:122	BEAUTY JOHANNA	Hot House	NONE	Hot House	Route 109 House	122	NORMAL (MGM off)	single	NONE	1	scales_to_player	UNK	UNK	Carbink:Player's Highest Lv:Bold:Sturdy:Chesto Berry:6 HP / 252 Def / 252 SpA:NONE:Moonblast;Body Press;Iron Defense;Rest	703	0	True	0	Fairy,Fighting	Poison	Poison	Ground:1,Steel:1,Water:1,Grass:1	UNK	UNK	UNK	General_Documents___Locations.xlsx (Boss Battles tabs)	Measured	NONE
Hot House:5 BADGES:122	5 BADGES	Hot House	NONE	Hot House	UNK	122	NORMAL (MGM off)	single	NONE	4	scales_to_player	UNK	UNK	Magnezone:Player's Highest Lv:Modest:Magnet Pull:Air Balloon:6 HP / 252 Def / 252 SpA:NONE:Thunderbolt;Hidden Power Grass;Flash Cannon;Body Press|Weavile:Player's Highest LV:Adamant:Pressure:Dark Gem:6 HP / 252 Atk / 252 Spe:NONE:Pursuit;Icicle Crash;Low Kick;Ice Shard|Exeggutor-Alola:Player's Highest Lv:Adamant:Harvest:Sitrus Berry:6 HP / 252 Atk / 252 Spe:NONE:Dragon Hammer;Wood Hammer;Facade;Iron head|Pidgeot:Player's Highest Lv:Timid:No Guard:Pidgeotite:6 HP / 252 SpA / 252 Spe:NONE:Hurricane;Heat Wave;Hyper Voice;Focus Blast	462,461,972,18	0	True	0	Dark,Dragon,Electric,Fighting,Fire,Flying,Grass,Ice,Normal,Steel	NONE	NONE	Fighting:2,Rock:2,Bug:2,Fire:2,Ice:2,Fairy:2	UNK	UNK	UNK	General_Documents___Locations.xlsx (Boss Battles tabs)	Measured	NONE
Hot House:SAILOR DWAYNE:135	SAILOR DWAYNE	Hot House	NONE	Hot House	Route 109 House	135	NORMAL (MGM off)	single	NONE	1	scales_to_player	UNK	UNK	Swellow:Player's Highest Lv:Jolly:Guts:Flame Orb:6 HP / 252 Atk / 252 Spe:NONE:Steel Wing;Facade;Dual Wingbeat;U-turn	277	0	True	0	Bug,Flying,Normal,Steel	Steel	Steel	Rock:1,Electric:1,Ice:1	UNK	UNK	UNK	General_Documents___Locations.xlsx (Boss Battles tabs)	Measured	NONE
Hot House:5 BADGES:135	5 BADGES	Hot House	NONE	Hot House	UNK	135	NORMAL (MGM off)	single	NONE	4	scales_to_player	UNK	UNK	Dugtrio:Player's Highest Lv:Adamant:Arena Trap:Focus Sash:6 HP / 252 Atk / 252 Spe:NONE:Earthquake;Stone Edge;Swords Dance;Sucker Punch|Pyroar:Player's Highest Lv:Timid:Adaptability:Throat Spray:6 HP / 252 SpA / 252 Spe:NONE:Hyper Voice;Torch Song;Dark Pulse;Scorching Sand|Mismagius:Player's Highest Lv:Modest:Levitate:Life Orb:6 HP / 252 SpA / 252 Spe:NONE:Dazzling Gleam;Shadow Ball;Psychic;Energy Ball|Ampharos:Player's Highest Lv:Modest:Mold Breaker:Ampharosite:6 HP / 252 SpA / 252 Spe:NONE:Thunderbolt;Dragon Pulse;Aura Sphere;Agility	51,668,429,181	0	True	0	Dark,Dragon,Electric,Fairy,Fighting,Fire,Ghost,Grass,Ground,Normal,Psychic,Rock	NONE	NONE	Ground:2,Water:2	UNK	UNK	UNK	General_Documents___Locations.xlsx (Boss Battles tabs)	Measured	NONE
Hot House:GUITARIST BRIAN:148	GUITARIST BRIAN	Hot House	NONE	Hot House	Route 109 House	148	NORMAL (MGM off)	single	NONE	1	scales_to_player	UNK	UNK	Silvally-Dark:Player's Highest Lv:Jolly:RKS System:Dark Memory:NONE:NONE:Multi-Attack;Psychic Fangs;Rock Slide;Parting Shot	1191	0	True	0	Normal,Psychic,Rock	Steel	Steel	Fighting:1,Bug:1,Fairy:1	UNK	UNK	UNK	General_Documents___Locations.xlsx (Boss Battles tabs)	Measured	NONE
Hot House:6 BADGES:148	6 BADGES	Hot House	NONE	Hot House	UNK	148	NORMAL (MGM off)	single	NONE	5	scales_to_player	UNK	UNK	Silvally-Flying:Player's Highest Lv:Timid:RKS System:Flying Memory:6 HP / 252 SpA / 252 Spe:30 Def / 30 SpA / 30 SpD / 30 Spe:Air Slash;Hidden Power Fighting;Shadow Ball;Tailwind|Silvally-Ground:Player's Highest Lv:Jolly:RKS System:Ground Memory:NONE:NONE:Multi-Attack;X-Scissor;Flame Charge;Swords Dance|Silvally-Grass:Player's Highest Lv:Jolly:RKS System:Grass Memory:NONE:NONE:Multi-Attack;U-turn;Fire Fang;Ice Fang|Silvally-Ice:Player's Highest Lv:Timid:RKS System:Ice Memory:6 HP / 252 SpA / 252 Spe:NONE:Ice Beam;Thunderbolt;Flamethrower;Surf|Silvally:Player's Highest Lv:Jolly:RKS System:Life Orb:NONE:NONE:Multi-Attack;Iron Head;Dragon Claw;Shadow Claw	1177,1179,1186,1189,773	0	True	0	Bug,Dragon,Electric,Fire,Flying,Ghost,Ice,Normal,Steel,Water	NONE	NONE	Ice:3	UNK	UNK	UNK	General_Documents___Locations.xlsx (Boss Battles tabs)	Measured	NONE
Hot House:BEAUTY JOHANNA:161	BEAUTY JOHANNA	Hot House	NONE	Hot House	Route 109 House	161	NORMAL (MGM off)	single	NONE	1	scales_to_player	UNK	UNK	Silvally-Ghost:Player's Highest Lv:Timid:Battle Armor:Ghost Memory:6 HP / 252 SpA / 252 Spe:NONE:Shadow Ball;Tri Attack;Ice Beam;Parting Shot	1182	0	True	0	Ghost,Ice,Normal	NONE	NONE	Ghost:1,Dark:1	UNK	UNK	UNK	General_Documents___Locations.xlsx (Boss Battles tabs)	Measured	NONE
Hot House:6 BADGES:161	6 BADGES	Hot House	NONE	Hot House	UNK	161	NORMAL (MGM off)	single	NONE	5	scales_to_player	UNK	UNK	Silvally-Electric:Player's Highest Lv:Timid:RKS System:Electric Memory:6 HP / 252 SpA / 252 Spe:NONE:Ice Beam;Thunderbolt;Flamethrower;Surf|Silvally-Water:Player's Highest Lv:Jolly:RKS System:Water Memory:NONE:NONE:Multi-Attack;Thunder Fang;Flame Charge;Swords Dance|Silvally-Bug:Player's Highest Lv:Jolly:RKS System:Bug Memory:NONE:NONE:Multi-Attack;U-turn;Rock Slide;Fire Fang|Silvally-Fairy:Player's Highest Lv:Jolly:RKS System:Fairy Memory:NONE:NONE:Multi-Attack;Fire Fang;Psychic Fangs;Swords Dance|Silvally-Steel:Player's Highest Lv:Hasty:RKS System:Steel Memory:NONE:NONE:Steel Beam;Explosion;Shadow Claw;Parting Shot	1187,1185,1181,1192,1183	0	True	0	Bug,Electric,Fire,Ghost,Ice,Normal,Psychic,Rock,Steel,Water	NONE	NONE	NONE	UNK	UNK	UNK	General_Documents___Locations.xlsx (Boss Battles tabs)	Measured	NONE
Hot House:SAILOR DWAYNE:173	SAILOR DWAYNE	Hot House	NONE	Hot House	Route 109 House	173	NORMAL (MGM off)	single	NONE	1	scales_to_player	UNK	UNK	Silvally-Fire:Player's Highest Lv:Naive:RKS System:Fire Memory:NONE:NONE:Multi-Attack;Thunderbolt;Surf;Ice Beam	1184	0	True	0	Electric,Ice,Normal,Water	NONE	NONE	Ground:1,Rock:1,Water:1	UNK	UNK	UNK	General_Documents___Locations.xlsx (Boss Battles tabs)	Measured	NONE
Hot House:6 BADGES:173	6 BADGES	Hot House	NONE	Hot House	UNK	173	NORMAL (MGM off)	single	NONE	5	scales_to_player	UNK	UNK	Silvally-Dragon:Player's Highest Lv:Jolly:RKS System:Dragon Memory:NONE:NONE:Multi-Attack;Iron Head;Flame Charge;Swords Dance|Silvally-Fighting:Player's Highest Lv:Jolly:RKS System:Fighting Memory:NONE:NONE:Multi-Attack;X-Scissor;Crunch;Rock Slide|Silvally-Poison:Player's Highest Lv:Hasty:Battle Armor:Poison Memory:NONE:NONE:Multi-Attack;Surf;Crunch;Thunderbolt|Silvally-Psychic:Player's Highest Lv:Hasty:RKS System:Psychic Memory:NONE:NONE:Multi-Attack;Air Slash;X-Scissor;Parting Shot|Silvally-Rock:Player's Highest Lv:Naive:RKS System:Rock Memory:NONE:NONE:Multi-Attack;Surf;Flamethrower;Work Up	1190,1176,1178,1188,1180	0	True	0	Bug,Dark,Electric,Fire,Flying,Normal,Rock,Steel,Water	NONE	NONE	NONE	UNK	UNK	UNK	General_Documents___Locations.xlsx (Boss Battles tabs)	Measured	NONE
Hot House:GUITARIST BRIAN:185	GUITARIST BRIAN	Hot House	NONE	Hot House	Route 109 House	185	NORMAL (MGM off)	double	NONE	1	scales_to_player	UNK	UNK	Sandy Shocks:Player's Highest Lv:Timid:Water Compaction:Focus Sash:NONE:NONE:Bulldoze;Parabolic Charge;Substitute	1381	0	True	0	Electric,Ground	Grass	Grass	Ground:1,Water:1,Grass:1,Ice:1	UNK	UNK	UNK	General_Documents___Locations.xlsx (Boss Battles tabs)	Measured	NONE
Hot House:7 BADGES:185	7 BADGES	Hot House	NONE	Hot House	UNK	185	NORMAL (MGM off)	double	NONE	5	scales_to_player	UNK	UNK	Rhyperior:Player's Highest Lv:Adamant:Solid Rock:Weakness Policy:6 HP / 252 Atk / 252 Spe:NONE:Stone Edge;Hammer Arm;Drill Run;Dragon Tail|Rotom-Fan:Player's Highest Lv:Timid:Motor Drive:Lum Berry:NONE:NONE:Air Slash;Discharge;Shadow Ball;Will-O-Wisp|Orthworm:Player's Highest Lv:Impish:Earth Eater:Leftovers:6 HP / 252 Def / 252 Atk:NONE:Heavy Slam;Body Press;Stomping Tantrum;Coil|Marowak-Alola:Player's Highest Lv:Brave:Lightning Rod:Thick Club:6 HP / 252 Atk / 252 SpA:NONE:Heat Wave;Shadow Bone;Bonemerang;Icy Wind|Lanturn:Player's Highest Lv:Bold:Volt Absorb:Weakness Policy:6 HP / 252 Def / 252 SpA:NONE:Parabolic Charge;Scald;Dazzling Gleam;Ice Beam	464,1067,1357,973,171	0	True	0	Dragon,Electric,Fairy,Fighting,Fire,Flying,Ghost,Ground,Ice,Rock,Steel,Water	NONE	NONE	Ground:4	UNK	UNK	UNK	General_Documents___Locations.xlsx (Boss Battles tabs)	Measured	NONE
Hot House:7 BADGES:197	7 BADGES	Hot House	NONE	Hot House	UNK	197	NORMAL (MGM off)	single	NONE	4	scales_to_player	UNK	UNK	Overqwil:Player's Highest Lv:Jolly:Intimidate:Leftovers:6 HP / 252 Atk / 252 Spe:NONE:Toxic Spikes;Haze;Barb Barrage;Throat Chop|Galvantula:Player's Highest Lv:Timid:Compound Eyes:Focus Sash:NONE:NONE:Sticky Web;Thunder;Bug Buzz;Giga Drain|Hydrapple:Player's Highest Lv:Modest:Regenerator:Assault Vest:NONE:NONE:Fickle Beam;Energy ball;Earth Power;Hidden Power Fire|Armarouge:Player's Highest Lv:Timid:Mega Launcher:White Herb:NONE:NONE:Armor Cannon;Aura Sphere;Dragon Pulse;Psyshock	904,596,1426,1324	0	True	0	Bug,Dark,Dragon,Electric,Fighting,Fire,Grass,Ground,Normal,Poison,Psychic	NONE	NONE	Ground:2,Rock:2	UNK	UNK	UNK	General_Documents___Locations.xlsx (Boss Battles tabs)	Measured	NONE
Hot House:SAILOR DWAYNE:210	SAILOR DWAYNE	Hot House	NONE	Hot House	Route 109 House	210	NORMAL (MGM off)	single	NONE	1	scales_to_player	UNK	UNK	Ferrothorn:Player's Highest Lv:Relaxed:Iron Barbs:Quick Claw:252 HP / 6 Atk / 252 Def:NONE:Gyro Ball;Power Whip;Steath Rock;Explosion	598	0	True	0	Grass,Normal,Steel	Steel	Steel	Fighting:1,Fire:1	UNK	UNK	UNK	General_Documents___Locations.xlsx (Boss Battles tabs)	Measured	NONE
Hot House:7 BADGES:210	7 BADGES	Hot House	NONE	Hot House	UNK	210	NORMAL (MGM off)	single	NONE	5	scales_to_player	UNK	UNK	Ceruledge:Player's Highest Lv:Adamant:Flash fire:Air Balloon:6 HP / 252 Atk / 252 Spe:NONE:Bitter Blade;Shadow Claw;Close Combat;Shadow Sneak|Primarina:Player's Highest Lv:Modest:Liquid Voice:Throat Spray:NONE:NONE:Hyper Voice;Moonblast;Energy Ball;Psychic|Wobbuffet:Player's Highest Lv:Bold:Shadow Tag:Leftovers:252 HP / 252 Def / 6 SpA:NONE:Encore;Counter;Mirror Coat;Destiny Bond|Mienshao:Player's Highest Lv:Jolly:Regenerator:Life Orb:6 HP / 252 Atk / 252 Spe:NONE:Poison Jab;Close Combat;Knock Off;U-turn|Salamence:Player's Highest Lv:Jolly:Intimidate:Salamencite:6 HP / 252 Atk / 252 Spe:NONE:Double-Edge;Iron Head;Dragon Claw;Dragon Dance	1325,730,202,620,373	0	True	0	Bug,Dark,Dragon,Fairy,Fighting,Fire,Ghost,Grass,Normal,Poison,Psychic,Steel	NONE	NONE	NONE	UNK	UNK	UNK	General_Documents___Locations.xlsx (Boss Battles tabs)	Measured	NONE
Optional Bosses:URSULA:1	URSULA	Optional Bosses	NONE	Optional Bosses	Vendanturf Town	1	NORMAL (MGM off)	double	NONE	4	scales_to_player	UNK	UNK	Oricorio-Baile:Player's Highest Lv -1:Timid:Dancer:Charti Berry:6 HP / 252 SpA / 252 Spe:NONE:Revelation Dance;Quiver Dance;Air Cutter;Roost|Oricorio-Pa'u:Player's Highest Lv -1:Timid:Dancer:Charti Berry:6 HP / 252 SpA / 252 Spe:NONE:Revelation Dance;Quiver Dance;Air Cutter;Roost|Oricorio-Sensu:Player's Highest Lv -1:Timid:Dancer:Charti Berry:6 HP / 252 SpA / 252 Spe:NONE:Revelation Dance;Quiver Dance;Air Cutter;Roost|Oricorio-Pom-Pom:Player's Highest Lv -1:Timid:Dancer:Charti Berry:6 HP / 252 SpA / 252 Spe:NONE:Revelation Dance;Quiver Dance;Air Cutter;Roost	741,1170,1171,1169	0	True	0	Flying,Normal	Rock,Steel	Rock,Steel	Rock:4,Electric:3,Ice:3,Ghost:2,Dark:2	UNK	UNK	UNK	General_Documents___Locations.xlsx (Boss Battles tabs)	Measured	NONE
Optional Bosses:BLACK BELT DAISUKE:13	BLACK BELT DAISUKE	Optional Bosses	NONE	Optional Bosses	Route 111	13	NORMAL (MGM off)	single	NONE	5	scales_to_player	UNK	UNK	Granbull:Player's Highest Lv -2:Adamant:Intimidate:Expert Belt:6 HP / 252 Atk / 252 Spe:NONE:Play Rough;Ice Fang;Jaw Lock;Roar|Krookodile:Player's Highest Lv -2:Jolly:Intimidate:Focus Sash:6 HP / 252 Atk / 252 Spe:NONE:Earthquake;Stone Edge;Knock Off;Cut|Hitmontop:Player's Highest Lv -1:Jolly:Intimidate:Wide Lens:6 HP / 252 Atk / 252 Spe:NONE:Triple Axel;Triple Kick;Sucker Punch;Facade|Hitmonchan:Player's Highest Lv -1:Adamant:Iron Fist:Punching Glove:6 HP / 252 Atk / 252 Spe:NONE:Drain Punch;Fire Punch;Thunder Punch;Mach Punch|Hitmonlee:Player's Highest Lv -1:Jolly:Striker:Kicking Shoes:6 HP / 252 Atk / 252 Spe:NONE:High Jump Kick;Sucker Punch;Blaze Kick;Aqua Step	210,553,237,107,106	0	True	0	Dark,Electric,Fairy,Fighting,Fire,Ground,Ice,Normal,Rock,Steel,Water	NONE	NONE	Fairy:5,Flying:4,Psychic:4	UNK	UNK	UNK	General_Documents___Locations.xlsx (Boss Battles tabs)	Measured	NONE
Optional Bosses:WINSTRATE VICTOR:26	WINSTRATE VICTOR	Optional Bosses	NONE	Optional Bosses	UNK	26	NORMAL (MGM off)	single	NONE	1	scales_to_player	UNK	UNK	Boltund:Player's Highest Lv -1:Jolly:Strong Jaw:Muscle Band:6 HP / 252 Atk / 252 Spe:NONE:Thunder Fang;Ice Fang;Psychic Fangs;Crunch	836	0	True	0	Dark,Electric,Ice,Psychic	NONE	NONE	Ground:1	UNK	UNK	UNK	General_Documents___Locations.xlsx (Boss Battles tabs)	Measured	NONE
Optional Bosses:B2B2B2B:26	B2B2B2B	Optional Bosses	NONE	Optional Bosses	UNK	26	NORMAL (MGM off)	single	NONE	3	scales_to_player	UNK	UNK	Pidgeot-Mega:Player's Highest Lv -1:Timid:No Guard:Pidgeotite:6 HP / 252 SpA / 252 Spe:NONE:Hurricane;Facade;Heat Wave;Roost|Slowbro-Mega:Player's Highest Lv -1:Modest:Regenerator:Slowbronite:6 HP / 252 SpA / 252 Spe:NONE:Scald;Psychic;Yawn;Slack Off|Scizor-Mega:Player's Highest Lv -1:Jolly:Technician:Scizorite:6 HP / 252 Atk / 252 Spe:NONE:Bullet Punch;Lunge;Swords Dance;Dual Wingbeat	911,913,923	0	True	0	Bug,Fire,Flying,Normal,Psychic,Steel,Water	NONE	NONE	Electric:2	UNK	UNK	UNK	General_Documents___Locations.xlsx (Boss Battles tabs)	Measured	NONE
Optional Bosses:WINSTRATE VICTORIA:26	WINSTRATE VICTORIA	Optional Bosses	NONE	Optional Bosses	UNK	26	NORMAL (MGM off)	single	NONE	1	scales_to_player	UNK	UNK	Cetitan:Player's Highest Lv -1:Adamant:Sheer Force:Never-Melt Ice:6 HP / 252 Atk / 252 Spe:NONE:Icicle Crash;Body Slam;Bulldoze;Ice Shard	1364	0	True	0	Ground,Ice,Normal	NONE	NONE	Fighting:1,Rock:1,Steel:1,Fire:1	UNK	UNK	UNK	General_Documents___Locations.xlsx (Boss Battles tabs)	Measured	NONE
Optional Bosses:WINSTRATE VIVI:26	WINSTRATE VIVI	Optional Bosses	NONE	Optional Bosses	UNK	26	NORMAL (MGM off)	single	NONE	1	scales_to_player	UNK	UNK	Pelipper:Player's Highest Lv -1:Modest:Drizzle:Sharp Beak:6 HP / 252 SpA / 252 Spe:NONE:Scald;Hurricane;Ice Beam;Roost	279	0	True	0	Flying,Ice,Water	NONE	NONE	Rock:1,Electric:1	UNK	UNK	UNK	General_Documents___Locations.xlsx (Boss Battles tabs)	Measured	NONE
Optional Bosses:WINSTRATE VICKY:26	WINSTRATE VICKY	Optional Bosses	NONE	Optional Bosses	UNK	26	NORMAL (MGM off)	single	NONE	2	scales_to_player	UNK	UNK	Duraludon:Player's Highest Lv -1:Bold:Heavy Metal:Eviolite:252 HP / 252 Def / 6 SpA:NONE:Flash Cannon;Dragon Pulse;Body Press;Thunderbolt|Medicham-Mega:Player's Highest Lv -1:Jolly:Huge Power:Medichamite:6 HP / 252 Atk / 252 Spe:NONE:Fake Out;Drain Punch;Zen Headbutt;Ice Punch	884,934	0	True	0	Dragon,Electric,Fighting,Ice,Normal,Psychic,Steel	NONE	NONE	Fighting:1,Flying:1,Ground:1,Ghost:1,Fairy:1	UNK	UNK	UNK	General_Documents___Locations.xlsx (Boss Battles tabs)	Measured	NONE
Optional Bosses:TRAINER X:38	TRAINER X	Optional Bosses	NONE	Optional Bosses	Fortree City	38	NORMAL (MGM off)	single	NONE	12	scales_to_player	UNK	UNK	Galvantula:Player's Highest Lv:Timid:Compound Eyes:Focus Sash:6 HP / 252 SpA / 252 Spe:NONE:Sticky Web;Thunder;Bug Buzz;Giga Drain|Rillaboom:Player's Highest Lv:Adamant:Grassy Surge:Terrain Extender:6 HP / 252 Atk / 252 Spe:NONE:High Horsepower;Wood Hammer;Taunt;Drain Punch|Alakazam:Player's Highest Lv:Timid:Inner Focus:Focus Sash:6 HP / 252 SpA / 252 Spe:NONE:Psychic;Shadow Ball;Grass Knot;Focus Blast|Malamar:Player's Highest Lv:Jolly:Contrary:Leftovers:6 HP / 252 Atk / 252 Spe:NONE:Superpower;Night Slash;Psycho Cut;Pluck|Darmanitan:Player's Highest Lv:Jolly:Sheer Force:Life Orb:6 HP / 252 Atk / 252 Spe:NONE:Flare Blitz;Rock Slide;Earthquake;Brick Break|Tyranitar:Player's Highest Lv:Adamant:Unnerve:Chople Berry:6 HP / 252 Atk / 252 Spe:NONE:Crunch;Rock Slide;High Horsepower;Dragon Dance|Ampharos:Player's Highest Lv:Modest:Static:Life Orb:6 HP / 252 SpA / 252 Spe:NONE:Thunderbolt;Dragon Pulse;Signal Beam;Aura Sphere|Mimikyu:Player's Highest Lv:Jolly:Disguise:Spell Tag:6 HP / 252 Atk / 252 Spe:NONE:Swords Dance;Shadow Claw;Play Rough;Shadow Sneak|Florges:Player's Highest Lv:Modest:Natural Cure:Leftovers:6 HP / 252 SpA / 252 Spe:30 Atk / 30 SpA / 30 Spe:Moonblast;Energy Ball;Wish;Hidden Power Fire|Greninja:Player's Highest Lv:Timid:Protean:Expert Belt:6 HP / 252 SpA / 252 Spe:NONE:Water Shuriken;Ice Beam;Dark Pulse;Surf|Torterra:Player's Highest Lv:Adamant:Overgrow:NONE:6 HP / 252 Atk / 252 Spe:NONE:Seed Bomb;Earthquake;Rock Slide;Heavy Slam|Empoleon:Player's Highest Lv:Jolly:Torrent:NONE:6 HP / 252 Atk / 252 Spe:NONE:Cut;Liquidation;Drill Peck;Brick Break	596,812,65,687,555,248,181,778,671,658,389,395	0	True	2	Bug,Dark,Dragon,Electric,Fairy,Fighting,Fire,Flying,Ghost,Grass,Ground,Ice,Normal,Psychic,Rock,Steel,Water	NONE	NONE	Bug:6	UNK	UNK	UNK	General_Documents___Locations.xlsx (Boss Battles tabs)	Measured	NONE
Optional Bosses:TRAINER CAP:62	TRAINER CAP	Optional Bosses	NONE	Optional Bosses	Fortree City	62	NORMAL (MGM off)	single	NONE	6	scales_to_player	UNK	UNK	Muk-Alola:Player's Highest Lv:Adamant:Poison Touch:Air Balloon:6 HP / 252 Atk / 252 Spe:NONE:Knock Off;Poison Jab;Ice Punch;Toxic|Conkeldurr:Player's Highest Lv:Adamant:Iron Fist:Punching Glove:6 HP / 252 Atk / 252 Spe:NONE:Drain Punch;Thunder Punch;Mach Punch;Fire Punch|Donphan:Player's Highest Lv:Adamant:Sturdy:Custap Berry:6 HP / 252 Atk / 252 Spe:NONE:Earthquake;Knock Off;Rock Slide;Play Rough|Lanturn:Player's Highest Lv:Modest:Volt Absorb:Leftovers:6 HP / 252 SpA / 252 Spe:NONE:Scald;Thunder Wave;Confuse Ray;Thunderbolt|Celesteela:Player's Highest Lv:Modest:Beast Boost:Assault Vest:6 HP / 252 SpA / 252 Spe:NONE:Air Slash;Flamethrower;Flash Cannon;Giga Drain|Charizard-Mega-X:Player's Highest Lv:Jolly:Tough Claws:Charizardite X:6 HP / 252 Atk / 252 Spe:NONE:Earthquake;Flare Blitz;Dragon Claw;Dragon Dance	971,534,232,171,797,907	0	True	0	Dark,Dragon,Electric,Fairy,Fighting,Fire,Flying,Grass,Ground,Ice,Poison,Rock,Steel,Water	NONE	NONE	Ground:3	UNK	UNK	UNK	General_Documents___Locations.xlsx (Boss Battles tabs)	Measured	NONE
Optional Bosses:TRAINER SUNBIRD:74	TRAINER SUNBIRD	Optional Bosses	NONE	Optional Bosses	Mossdeep City	74	NORMAL (MGM off)	single	NONE	6	scales_to_player	UNK	UNK	Glimmora:Player's Highest Lv:Modest:Toxic Debris:Black Sludge:6 HP / 252 SpA / 252 Spe:NONE:Stealth Rock;Hidden Power Dark;Sludge Wave;Power Gem|Dracovish:Player's Highest Lv:Adamant:Strong Jaw:Quick Claw:6 HP / 252 Atk / 252 Spe:NONE:Fishious Rend;Crunch;Psychic Fangs;Ancient Power|Dragonite:Player's Highest Lv:Gentle:Multiscale:Sitrus Berry:6 HP / 252 Atk / 252 Spe:NONE:Extreme Speed;Outrage;Aqua Tail;Dragon Dance|Meowscarada:Player's Highest Lv:Adamant:Protean:Sitrus Berry:6 HP / 252 Atk / 252 Spe:NONE:Night Slash;U-turn;Play Rough;Energy Ball|Skeledirge:Player's Highest Lv:Modest:Unaware:Throat Spray:6 HP / 252 SpA / 252 Spe:NONE:Snarl;Hex;Hyper Voice;Torch Song|Tyrantrum:Player's Highest Lv:Adamant:Strong Jaw:Metronome:6 HP / 252 Atk / 252 Spe:NONE:Poison Fang;Rock Slide;Crunch;Dragon Claw	1359,882,149,1291,1294,697	0	True	0	Bug,Dark,Dragon,Fairy,Fire,Ghost,Grass,Normal,Poison,Psychic,Rock,Water	NONE	NONE	Fairy:4,Ground:3,Ice:3,Dragon:3	UNK	UNK	UNK	General_Documents___Locations.xlsx (Boss Battles tabs)	Measured	NONE
Optional Bosses:TRAINER SUNEAL:86	TRAINER SUNEAL	Optional Bosses	NONE	Optional Bosses	Mossdeep City	86	NORMAL (MGM off)	single	NONE	6	scales_to_player	UNK	UNK	Dragapult:Player's Highest Lv:Naive:Infiltrator:Draco Plate:252 Atk / 6 SpA / 252 Spe:NONE:Dragon Darts;Hex;Will-O-Wisp;U-turn|Blaziken:Player's Highest Lv:Adamant:Blaze:Life Orb:6 HP / 252 Atk / 252 Spe:NONE:Flame Charge;Flare Blitz;Swords Dance;Close Combat|Sneasler:Player's Highest Lv:Jolly:Poison Touch:Choice Scarf:6 HP / 252 Atk / 252 Spe:NONE:Close Combat;Dire Claw;U-turn;Rock Slide|Baxcalibur:Player's Highest Lv:Adamant:Thermal Exchange:Loaded Dice:6 HP / 252 Atk / 252 Spe:NONE:Dragon Dance;Icicle Spear;Scale Shot;Earthquake|Gyarados-Mega:Player's Highest Lv:Adamant:Mold Breaker:Gyaradosite:6 HP / 252 Atk / 252 Spe:NONE:Waterfall;Crunch;Ice Fang;Dragon Dance|Kingambit:Player's Highest Lv:Adamant:Supreme Overlord:Black Glasses:6 HP / 252 Atk / 252 Spe:NONE:Iron Head;Sucker Punch;Low Kick;Kowtow Cleave	887,257,903,1390,917,1375	0	True	0	Bug,Dark,Dragon,Fighting,Fire,Ghost,Ground,Ice,Poison,Rock,Steel,Water	NONE	NONE	Fighting:3,Ground:3,Fairy:3	UNK	UNK	UNK	General_Documents___Locations.xlsx (Boss Battles tabs)	Measured	NONE
Optional Bosses:TRAINER DOLLAMIKE:99	TRAINER DOLLAMIKE	Optional Bosses	NONE	Optional Bosses	Mossdeep City	99	NORMAL (MGM off)	single	NONE	6	scales_to_player	UNK	UNK	Gengar:Player's Highest Lv:Timid:Levitate:Gengarite:6 HP / 252 SpA / 252 Spe:NONE:Hypnosis;Shadow Ball;Sludge Bomb;Nasty Plot|Blaziken:Player's Highest Lv:Jolly:Striker:Leftovers:6 HP / 252 Atk / 252 Spe:NONE:Flame Charge;Brick Break;Swords Dance;Blaze Kick|Ninetales-Alola:Player's Highest Lv:Timid:Snow Warning:Shell Bell:6 HP / 252 SpA / 252 Spe:NONE:Blizzard;Aurora Veil;Dazzling Gleam;Freeze-Dry|Swampert:Player's Highest Lv:Impish:Torrent:Muscle Band:252 HP / 6 Atk / 252 Def:NONE:Muddy Water;Rock Slide;Stealth Rock;Earthquake|Sylveon:Player's Highest Lv:Bold:Pixilate:Focus Sash:252 HP / 252 Def / 6 SpA:NONE:Calm Mind;Iron Tail;Dazzling Gleam;Psyshock|Silvally:Player's Highest Lv:Jolly:RKS System:Leftovers:6 HP / 252 Atk / 252 Spe:NONE:Thunder Fang;Rock Slide;Parting Shot;Multi-Attack	94,257,962,260,700,773	0	True	0	Electric,Fairy,Fighting,Fire,Ghost,Ground,Ice,Normal,Poison,Psychic,Rock,Steel,Water	NONE	NONE	NONE	UNK	UNK	UNK	General_Documents___Locations.xlsx (Boss Battles tabs)	Measured	NONE
Optional Bosses:TRAINER DANNI:111	TRAINER DANNI	Optional Bosses	NONE	Optional Bosses	Sootopolis City	111	NORMAL (MGM off)	single	NONE	6	scales_to_player	UNK	UNK	Urshifu-Rapid-Strike:Player's Highest Lv:Jolly:Unseen Fist:Life Orb:6 HP / 252 Atk / 252 Spe:NONE:Surging Strikes;Close Combat;Aqua Jet;U-turn|Darkrai:Player's Highest Lv:Timid:Bad Dreams:Expert Belt:6 HP / 252 SpA / 252 Spe:NONE:Dark Pulse;Focus Blast;Dark Void;Nasty Plot|Dragapult:Player's Highest Lv:Timid:Infiltrator:Choice Specs:6 HP / 252 SpA / 252 Spe:NONE:Dragon Pulse;Shadow Ball;Flamethrower;Thunderbolt|Cinderace:Player's Highest Lv:Jolly:Libero:Muscle Band:6 HP / 252 Atk / 252 Spe:NONE:Pyro Ball;High Jump Kick;Sucker Punch;U-turn|Flutter Mane:Player's Highest Lv:Timid:Protosynthesis:Booster Energy:6 HP / 252 SpA / 252 Spe:NONE:Shadow Ball;Moonblast;Mystical Fire;Power Gem|Melmetal:Player's Highest Lv:Adamant:Iron Fist:Assault Vest:6 HP / 252 Atk / 252 Spe:NONE:Double Iron Bash;Earthquake;Ice Punch;Thunder Punch	1230,491,887,815,1379,809	0	True	0	Bug,Dark,Dragon,Electric,Fairy,Fighting,Fire,Ghost,Ground,Ice,Rock,Steel,Water	NONE	NONE	Fairy:3	UNK	UNK	UNK	General_Documents___Locations.xlsx (Boss Battles tabs)	Measured	NONE
Optional Bosses:TRAINER MASTAJANES:123	TRAINER MASTAJANES	Optional Bosses	NONE	Optional Bosses	Sootopolis City	123	NORMAL (MGM off)	single	NONE	6	scales_to_player	UNK	UNK	Iron Bundle:Player's Highest Lv:Hasty:Quark Drive:Booster Energy:6 Atk / 252 SpA / 252 Spe:NONE:Freeze-Dry;Flip Turn;Ice Beam;Drill Peck|Meowscarada:Player's Highest Lv:Adamant:Protean:Life Orb:6 HP / 252 Atk / 252 Spe:NONE:Triple Axel;Play Rough;Flower Trick;Sucker Punch|Alakazam:Player's Highest Lv:Modest:Magic Guard:Wise Glasses:6 HP / 252 SpA / 252 Spe:NONE:Dazzling Gleam;Hidden Power Dark;Psychic;Energy Ball|Ninjask:Player's Highest Lv:Adamant:Speed Boost:Expert Belt:6 HP / 252 Atk / 252 Spe:NONE:Swords Dance;X-Scissor;Dual Wingbeat;First Impression|Urshifu-Rapid-Strike:Player's Highest Lv:Jolly:Unseen Fist:Coba Berry:6 HP / 252 Atk / 252 Spe:NONE:Surging Strikes;Close Combat;Iron Head;Bulk Up|Infernape:Player's Highest Lv:Jolly:Iron Fist:NONE:6 HP / 252 Atk / 252 Spe:NONE:Poison Jab;Close Combat;Pyro Ball;Acrobatics	1383,1291,65,291,1230,392	0	True	1	Bug,Dark,Fairy,Fighting,Fire,Flying,Grass,Ice,Normal,Poison,Psychic,Steel,Water	NONE	NONE	Flying:4,Electric:3	UNK	UNK	UNK	General_Documents___Locations.xlsx (Boss Battles tabs)	Measured	NONE
Optional Bosses:TRAINER BEFOOLS:135	TRAINER BEFOOLS	Optional Bosses	NONE	Optional Bosses	Sootopolis City	135	NORMAL (MGM off)	single	NONE	6	scales_to_player	UNK	UNK	Gengar:Player's Highest Lv:Timid:Levitate:Gengarite:6 HP / 252 SpA / 252 Spe:NONE:Shadow Ball;Hypnosis;Hex;Sludge|Kartana:Player's Highest Lv:Bold:Beast Boost:Focus Sash:252 HP / 252 Def / 6 SpA:NONE:Leaf Blade;Psycho Cut;Air Slash;X-Scissor|Iron Thorns:Player's Highest Lv:Jolly:Quark Drive:Hard Stone:6 HP / 252 Atk / 252 Spe:NONE:Earthquake;Rock Tomb;Rock Slide;Fusion Bolt|Iron Hands:Player's Highest Lv:Adamant:Quark Drive:Magnet:6 HP / 252 Atk / 252 Spe:NONE:Fake Out;Plasma Fists;Electric Terrain;Force Palm|Ceruledge:Player's Highest Lv:Jolly:Weak Armor:Charcoal:6 HP / 252 Atk / 252 Spe:NONE:Flamethrower;Bitter Blade;Shadow Claw;Flame Charge|Tapu Koko:Player's Highest Lv:Rash:Electric Surge:Magnet:6 HP / 252 SpA / 252 Spe:NONE:Discharge;Agility;Electro Ball;Nature's Madness	94,798,1387,1384,1325,785	0	True	0	Bug,Electric,Fairy,Fighting,Fire,Flying,Ghost,Grass,Ground,Normal,Poison,Psychic,Rock	NONE	NONE	Ground:5	UNK	UNK	UNK	General_Documents___Locations.xlsx (Boss Battles tabs)	Measured	NONE
Optional Bosses:TRAINER NATN:147	TRAINER NATN	Optional Bosses	NONE	Optional Bosses	Sootopolis City	147	NORMAL (MGM off)	single	NONE	6	scales_to_player	UNK	UNK	Salamence:Player's Highest Lv:Jolly:Intimidate:Salamencite:6 HP / 252 Atk / 252 Spe:NONE:Return;Dragon Claw;Earthquake;Dragon Dance|Primarina:Player's Highest Lv:Modest:Liquid Voice:Leftovers:6 HP / 252 SpA / 252 Spe:NONE:Hyper Voice;Moonblast;Flip Turn;Icy Wind|Toxtricity:Player's Highest Lv:Timid:Punk Rock:Life Orb:6 HP / 252 SpA / 252 Spe:NONE:Overdrive;Sludge Wave;Nuzzle;Volt Switch|Kingambit:Player's Highest Lv:Adamant:Defiant:Choice Band:6 HP / 252 Atk / 252 Spe:NONE:Sucker Punch;Knock Off;Iron Head;Low Kick|Gallade:Player's Highest Lv:Jolly:Sharpness:Expert Belt:6 HP / 252 Atk / 252 Spe:NONE:Psycho Cut;Sacred Sword;X-Scissor;Swords Dance|Ceruledge:Player's Highest Lv:Jolly:Sharpness:Charcoal:6 HP / 252 Atk / 252 Spe:NONE:Bitter Blade;Shadow Claw;Will-O-Wisp;Swords Dance	373,730,849,1375,475,1325	0	True	0	Bug,Dark,Dragon,Electric,Fairy,Fighting,Fire,Ghost,Ground,Ice,Normal,Poison,Psychic,Steel,Water	NONE	NONE	Ground:3	UNK	UNK	UNK	General_Documents___Locations.xlsx (Boss Battles tabs)	Measured	NONE
Optional Bosses:TRAINER MASTERPOUCINE:159	TRAINER MASTERPOUCINE	Optional Bosses	NONE	Optional Bosses	Sootopolis City	159	NORMAL (MGM off)	single	NONE	6	scales_to_player	UNK	UNK	Dragapult:Player's Highest Lv:Jolly:Clear Body:Dragon Fang:6 HP / 252 Atk / 252 Spe:NONE:Dragon Dance;Dragon Darts;U-turn;Shadow Claw|Sneasler:Player's Highest Lv:Jolly:Poison Touch:Shuca Berry:6 HP / 252 Atk / 252 Spe:NONE:Drain Punch;Dire Claw;Mach Punch;Swords Dance|Rapidash-Galar:Player's Highest Lv:Jolly:Flash Fire:Charcoal:6 HP / 252 Atk / 252 Spe:NONE:Fire Lash;Flame Charge;Play Rough;Wild Charge|Mamoswine:Player's Highest Lv:Adamant:Thick Fat:Soft Sand:6 HP / 252 Atk / 252 Spe:NONE:Earthquake;Ice Shard;Icicle Crash;Stone Edge|Urshifu:Player's Highest Lv:Jolly:Unseen Fist:Life Orb:6 HP / 252 Atk / 252 Spe:NONE:Close Combat;Wicked Blow;Sucker Punch;Swords Dance|Empoleon:Player's Highest Lv:Jolly:Torrent:NONE:6 HP / 252 Atk / 252 Spe:NONE:Swords Dance;Iron Head;Aqua Jet;Liquidation	887,903,976,473,892,395	0	True	1	Bug,Dark,Dragon,Electric,Fairy,Fighting,Fire,Ghost,Ground,Ice,Poison,Rock,Steel,Water	NONE	NONE	Fighting:3,Ground:3	UNK	UNK	UNK	General_Documents___Locations.xlsx (Boss Battles tabs)	Measured	NONE
Optional Bosses:TRAINER OBLIVION WING:171	TRAINER OBLIVION WING	Optional Bosses	NONE	Optional Bosses	Sootopolis City	171	NORMAL (MGM off)	single	NONE	6	scales_to_player	UNK	UNK	Gyarados:Player's Highest Lv:Jolly:Intimidate:Mystic Water:6 HP / 252 Atk / 252 Spe:NONE:Ice Fang;Aqua Tail;Crunch;Twister|Greninja:Player's Highest Lv:Timid:Protean:Mystic Water:6 HP / 252 SpA / 252 Spe:NONE:Scald;Icy Wind;Extrasensory;Water Pulse|Blaziken:Player's Highest Lv:Adamant:Striker:Expert Belt:6 HP / 252 Atk / 252 Spe:NONE:Triple Arrows;Brave Bird;Blaze Kick;Quick Attack|Roaring Moon:Player's Highest Lv:Jolly:Protosynthesis:Booster Energy:6 HP / 252 Atk / 252 Spe:NONE:Night Slash;Dragon Claw;Zen Headbutt;Headbutt|Urshifu:Player's Highest Lv:Jolly:Unseen Fist:Life Orb:6 HP / 252 Atk / 252 Spe:NONE:Dynamic Punch;Wicked Blow;Iron Head;Detect|Luxray:Player's Highest Lv:Jolly:Intimidate:NONE:6 HP / 252 Atk / 252 Spe:NONE:Thunder Fang;Crunch;Zing Zap;Baby-Doll Eyes	130,658,257,1398,892,405	0	True	1	Dark,Dragon,Electric,Fighting,Fire,Flying,Ice,Normal,Psychic,Steel,Water	NONE	NONE	Fighting:4,Fairy:4,Bug:3	UNK	UNK	UNK	General_Documents___Locations.xlsx (Boss Battles tabs)	Measured	NONE
Optional Bosses:TRAINER BURAK:183	TRAINER BURAK	Optional Bosses	NONE	Optional Bosses	Sootopolis City	183	NORMAL (MGM off)	single	NONE	6	scales_to_player	UNK	UNK	Infernape:Player's Highest Lv:Hasty:Iron Fist:Infernapite:252 Atk / 6 SpA / 252 Spe:NONE:Fake Out;Overheat;Close Combat;Knock Off|Gouging Fire:Player's Highest Lv:Jolly:Protosynthesis:Leftovers:6 HP / 252 Atk / 252 Spe:NONE:Heat Crash;Dragon Claw;Burning Bulwark;Morning Sun|Primarina:Player's Highest Lv:Calm:Liquid Voice:Assault Vest:252 HP / 6 SpA / 252 SpD:NONE:Flip Turn;Moonblast;Ice Beam;Hyper Voice|Gyarados:Player's Highest Lv:Jolly:Intimidate:Wacan Berry:252 Atk / 6 SpA / 252 Spe:NONE:Aqua Tail;Ice Fang;Earthquake;Crunch|Kingambit:Player's Highest Lv:Adamant:Defiant:Focus Sash:252 Atk / 6 SpA / 252 Spe:NONE:Kowtow Cleave;Iron Head;Sucker Punch;Brick Break|Spidops:Player's Highest Lv:Adamant:Stakeout:Life Orb:252 Atk / 6 SpA / 252 Spe:NONE:First Impression;Skitter Smack;Facade;Rock Tomb	392,1427,730,130,1375,1302	0	True	0	Bug,Dark,Dragon,Fairy,Fighting,Fire,Ground,Ice,Normal,Rock,Steel,Water	NONE	NONE	Ground:3,Rock:3	UNK	UNK	UNK	General_Documents___Locations.xlsx (Boss Battles tabs)	Measured	NONE
Elite 4:ELITE FOUR DRAKE:1	ELITE FOUR DRAKE	Elite 4	NONE	Elite 4	UNK	1	NORMAL (MGM off)	double	NONE	6	fixed	82	82	Salamence:82:Hasty:Intimidate:Life Orb:252 Atk / 6 SpA / 252 Spe:NONE:Dragon Claw;Dual Wingbeat;Hydro Pump;Fire Blast|Magearna:82:Modest:Soul-Heart:Leftovers:6 HP / 252 SpA / 252 Spe:NONE:Dazzling Gleam;Flash Cannon;Aura Sphere;Energy Ball|Archaludon:82:Modest:Bad Company:Power Herb:6 HP / 252 SpA / 252 Spe:NONE:Draco Meteor;Steel Beam;Electro Shot;Dark Pulse|Tauros-Paldea-Aqua:82:Jolly:Intimidate:Assault Vest:6 HP / 252 Atk / 252 Spe:NONE:Wave Crash;Close Combat;Zen Headbutt;Rock Slide|Gouging Fire:82:Adamant:Protosynthesis:Booster Energy:6 HP / 252 Atk / 252 Spe:NONE:Flare Blitz;Dragon Claw;Stomping Tantrum;Dragon Dance|Rayquaza-Mega:82:Naive:Delta Stream:Focus Sash:252 Atk / 6 SpA / 252 Spe:NONE:Dragon Ascent;Dragon Pulse;Earth Power;Extreme Speed	373,801,1425,1404,1427,953	0	True	0	Dark,Dragon,Electric,Fairy,Fighting,Fire,Flying,Grass,Ground,Normal,Psychic,Rock,Steel,Water	NONE	NONE	Ground:3,Rock:3,Dragon:3,Fairy:3	297	188	250	General_Documents___Locations.xlsx (Boss Battles tabs)	Measured	NONE
Elite 4:ELITE FOUR SIDNEY:13	ELITE FOUR SIDNEY	Elite 4	Team 1	Elite 4	UNK	13	NORMAL (MGM off)	single	NONE	6	fixed	85	85	Moltres-Galar:85:Hasty:Berserk:Focus Sash:6 Atk / 252 SpA / 252 Spe:NONE:Tailwind;Fiery Wrath;Air Slash;Sucker Punch|Grimmsnarl:85:Jolly:Prankster:Leftovers:6 HP / 252 Atk / 252 Spe:NONE:Spirit Break;Darkest Lariat;Hammer Arm;Parting Shot|Munkidori:85:Timid:Toxic Chain:Assault Vest:6 HP / 252 SpA / 252 Spe:NONE:Fake Out;Sludge Wave;Grass Knot;Psychic|Delphox:85:Timid:Magic Guard:Life Orb:6 HP / 252 SpA / 252 Spe:NONE:Mind Blown;Psychic;Shadow Ball;Scorching Sands|Roaring Moon:85:Adamant:Protosynthesis:Booster Energy:6 HP / 252 Atk / 252 Spe:NONE:Dragon Dance;Iron Head;Dragon Claw;Knock Off|Absol-Mega:85:Jolly:Sharpness:Absolite:6 HP / 252 Atk / 252 Spe:NONE:Night Slash;Close Combat;Play Rough;Swords Dance	984,861,1414,655,1398,940	0	True	0	Dark,Dragon,Fairy,Fighting,Fire,Flying,Ghost,Grass,Ground,Normal,Poison,Psychic,Steel	NONE	NONE	Fairy:4	308	204	287	General_Documents___Locations.xlsx (Boss Battles tabs)	Measured	NONE
Elite 4:ELITE FOUR SIDNEY:25	ELITE FOUR SIDNEY	Elite 4	Team 2	Elite 4	UNK	25	NORMAL (MGM off)	single	NONE	6	fixed	85	85	Moltres-Galar:85:Quiet:Berserk:Focus Sash:252 HP / 6 Atk / 252 SpA:0 Spe:Trick Room;Fiery Wrath;Air Slash;Sucker Punch|Absol:85:Brave:Super Luck:Scope Lens:252 HP / 252 Atk / 6 Def:0 Spe:Night Slash;Psycho Cut;Sucker Punch;Close Combat|Munkidori:85:Timid:Toxic Chain:Assault Vest:6 HP / 252 SpA / 252 Spe:NONE:Fake Out;Sludge Wave;Grass Knot;Psychic|Victini:85:Brave:Victory Star:Room Service:252 HP / 252 Atk / 6 Def:0 Spe:Trick Room;Zen Headbutt;Bolt Strike;V-create|Guzzlord:85:Brave:Beast Boost:Life Orb:252 HP / 252 Atk / 6 SpD:0 Spe:Earthquake;Hammer Arm;Dragon Claw;Knock Off|Grimmsnarl:85:Quiet:Prankster:NONE:252 HP / 6 Atk / 252 SpA:0 Spe:Dark Pulse;Moonblast;Aura Sphere;Nasty Plot	984,359,1414,494,799,861	0	True	1	Dark,Dragon,Electric,Fairy,Fighting,Fire,Flying,Grass,Ground,Normal,Poison,Psychic	NONE	NONE	Fairy:4	291	39	130	General_Documents___Locations.xlsx (Boss Battles tabs)	Measured	NONE
Elite 4:ELITE FOUR PHOEBE:38	ELITE FOUR PHOEBE	Elite 4	Team 1	Elite 4	UNK	38	NORMAL (MGM off)	single	NONE	6	fixed	85	85	Okidogi:85:Adamant:Defiant:Assault Vest:6 HP / 252 Atk / 252 Spe:NONE:Close Combat;Poison Jab;Crunch;Mach Punch|Overqwil:85:Jolly:Intimidate:Life Orb:6 HP / 252 Atk / 252 Spe:NONE:Gunk Shot;Throat Chop;Aqua Tail;Facade|Annihilape:85:Jolly:Defiant:Punching Glove:6 HP / 252 Atk / 252 Spe:NONE:Drain Punch;Rage Fist;Rock Slide;Bulk Up|Naganadel:85:Timid:Beast Boost:Air Balloon:6 HP / 252 SpA / 252 Spe:NONE:Sludge Wave;Draco Barrage;Fire Blast;Nasty Plot|Calyrex-Shadow:85:Timid:As One (Spectrier):Focus Sash:6 HP / 252 SpA / 252 Spe:NONE:Nasty Plot;Astral Barrage;Psyshock;Draining Kiss|Dusknoir:85:Adamant:Hustle:NONE:252 HP / 6 Atk / 252 Def:NONE:Shadow Punch;Knock Off;Thunder Punch;Ice Punch	1413,904,1370,804,1233,477	0	True	1	Dark,Dragon,Electric,Fairy,Fighting,Fire,Ghost,Ice,Normal,Poison,Psychic,Rock,Water	NONE	NONE	Ground:3,Ghost:3,Psychic:3	372	107	255	General_Documents___Locations.xlsx (Boss Battles tabs)	Measured	NONE
Elite 4:ELITE FOUR PHOEBE:50	ELITE FOUR PHOEBE	Elite 4	Team 2	Elite 4	UNK	50	NORMAL (MGM off)	single	NONE	6	fixed	85	85	Dragapult:85:Jolly:Clear Body:Expert Belt:6 HP / 252 Atk / 252 Spe:NONE:Dragon Darts;U-turn;Shadow Claw;Steel Wing|Drapion:85:Jolly:Sniper:Scope Lens:6 HP / 252 Atk / 252 Spe:NONE:Wicked Blow;Cross Poison;Earthquake;Ice Fang|Annihilape:85:Jolly:Defiant:Punching Glove:6 HP / 252 Atk / 252 Spe:NONE:Drain Punch;Rage Fist;Rock Slide;Bulk Up|Pecharunt:85:Timid:Poison Puppeteer:Life Orb:6 HP / 252 SpA / 252 Spe:30 Atk / 30 SpA / 30 Spe:Malignant Chain;Hex;Hidden Power Fire;Recover|Calyrex-Shadow:85:Timid:As One (Spectrier):Focus Sash:6 HP / 252 SpA / 252 Spe:NONE:Nasty Plot;Astral Barrage;Psyshock;Draining Kiss|Gengar-Mega:85:Timid:Shadow Tag:Gengarite:6 HP / 252 SpA / 252 Spe:NONE:Shadow Ball;Sludge Wave;Focus Blast;Nasty Plot	887,452,1370,1434,1233,914	0	True	0	Bug,Dark,Dragon,Fairy,Fighting,Ghost,Ground,Ice,Normal,Poison,Psychic,Rock,Steel	NONE	NONE	Ghost:5,Dark:4,Ground:3,Psychic:3	372	256	302	General_Documents___Locations.xlsx (Boss Battles tabs)	Measured	NONE
Elite 4:ELITE FOUR GLACIA:63	ELITE FOUR GLACIA	Elite 4	Team 1	Elite 4	UNK	63	NORMAL (MGM off)	single	NONE	6	fixed	85	85	Ninetales:85:Timid:Drought:Heat Rock:6 HP / 252 SpA / 252 Spe:NONE:Flamethrower;Energy Ball;Psyshock;Scorching Sands|Decidueye-Hisui:85:Jolly:Quill Rush:Expert Belt:6 HP / 252 Atk / 252 Spe:NONE:Close Combat;Leaf Blade;Sucker Punch;Stone Edge|Darmanitan-Galar-Zen:85:Jolly:Zen Mode:Life Orb:6 HP / 252 Atk / 252 Spe:NONE:Flare Blitz;Icicle Crash;Zen Headbutt;Earthquake|Volcanion:85:Timid:Water Absorb:Heavy-Duty Boots:6 HP / 252 SpA / 252 Spe:NONE:Hydro Steam;Flamethrower;Sludge Wave;Defog|Reshiram:85:Timid:Turboblaze:Weakness Policy:6 HP / 252 SpA / 252 Spe:NONE:Fusion Flare;Dragon Pulse;Aura Sphere;Flame Charge|Charizard-Mega-Y:85:Timid:Drought:Charizardite Y:6 HP / 252 SpA / 252 Spe:NONE:Flamethrower;Air Slash;Solar Beam;Dragon Pulse	38,1008,1093,721,643,908	0	True	0	Dark,Dragon,Fighting,Fire,Flying,Grass,Ground,Ice,Poison,Psychic,Rock,Water	NONE	NONE	Rock:5,Ground:4,Water:3	345	223	269	General_Documents___Locations.xlsx (Boss Battles tabs)	Measured	NONE
Elite 4:ELITE FOUR GLACIA:75	ELITE FOUR GLACIA	Elite 4	Team 2	Elite 4	UNK	75	NORMAL (MGM off)	single	NONE	6	fixed	85	85	Ninetales-Alola:85:Timid:Snow Warning:Icy Rock:6 HP / 252 SpA / 252 Spe:NONE:Extrasensory;Ice Beam;Moonblast;Energy Ball|Electivire:85:Jolly:Iron Fist:Expert Belt:6 HP / 252 Atk / 252 Spe:NONE:Plasma Fists;Close Combat;Mach Punch;Earthquake|Darmanitan-Galar-Zen:85:Jolly:Zen Mode:Life Orb:6 HP / 252 Atk / 252 Spe:NONE:Flare Blitz;Icicle Crash;Zen Headbutt;Earthquake|Volcanion:85:Timid:Water Absorb:Heavy-Duty Boots:6 HP / 252 SpA / 252 Spe:NONE:Steam Eruption;Flamethrower;Sludge Wave;Defog|Kyurem-Black:85:Jolly:Teravolt:Loaded Dice:6 HP / 252 Atk / 252 Spe:NONE:Fusion Bolt;Scale Shot;Icicle Spear;Dragon Dance|Abomasnow-Mega:85:Jolly:Slush Rush:Abomasite:6 HP / 252 Atk / 252 Spe:NONE:Ice Hammer;Ice Shard;Wood Hammer;Earthquake	962,466,1093,721,1105,949	0	True	0	Dragon,Electric,Fairy,Fighting,Fire,Grass,Ground,Ice,Poison,Psychic,Water	NONE	NONE	Rock:5,Fighting:3,Ground:3,Steel:3	345	204	270	General_Documents___Locations.xlsx (Boss Battles tabs)	Measured	NONE
Elite 4:ELITE FOUR CYNTHIA:88	ELITE FOUR CYNTHIA	Elite 4	NONE	Elite 4	UNK	88	NORMAL (MGM off)	single	NONE	6	fixed	85	85	Spiritomb:85:Sassy:Intimidate:Assault Vest:252 HP / 6 SpA / 252 SpD:NONE:Dark Hole;Sucker Punch;Dream Eater;Poltergeist|Heatran:85:Timid:Flash Fire:Air Balloon:6 HP / 252 SpA / 252 Spe:NONE:Flamethrower;Flash Cannon;Power Gem;Will-O-Wisp|Cramorant:85:Timid:Gulp Missile:Focus Sash:6 HP / 252 SpA / 252 Spe:NONE:Surf;Ice Beam;Air Slash;Roost|Zamazenta-Crowned:85:Jolly:Dauntless Shield:Rusted Shield:6 HP / 252 Atk / 252 Spe:NONE:Body Press;Iron Defense;Behemoth Bash;Play Rough|Xerneas:85:Timid:Fairy Aura:Power Herb:6 HP / 252 SpA / 252 Spe:30 Atk / 30 SpA / 30 Spe:Moonblast;Psyshock;Hidden Power Fire;Geomancy|Garchomp-Mega:85:Jolly:Sand Force:Garchompite:6 HP / 252 Atk / 252 Spe:NONE:Scale Shot;Earthquake;Stone Edge;Swords Dance	442,485,845,1228,716,947	0	True	0	Dark,Dragon,Fairy,Fighting,Fire,Flying,Ghost,Ground,Ice,Normal,Psychic,Rock,Steel,Water	NONE	NONE	NONE	332	81	280	General_Documents___Locations.xlsx (Boss Battles tabs)	Measured	NONE
Elite 4:CHAMPION WALLACE:101	CHAMPION WALLACE	Elite 4	NONE	Elite 4	UNK	101	NORMAL (MGM off)	double	NONE	3	fixed	85	85	Empoleon:85:Jolly:Torrent:NONE:6 HP / 252 Atk / 252 Spe:NONE:Iron Head;Liquidation;Drill Peck;Protect|Palkia-Primal:85:Timid:Primal Armor:Lustrous Orb:6 HP / 252 SpA / 252 Spe:NONE:Spacial Rend;Earth Power;Aura Sphere;Hydro Pump|Suicune:85:Timid:Inner Focus:Leftovers:6 HP / 252 SpA / 252 Spe:NONE:Scald;Ice Beam;Calm Mind;Air Slash	395,1530,245	0	True	1	Dragon,Fighting,Flying,Ground,Ice,Steel,Water	NONE	NONE	Electric:2	279	204	251	General_Documents___Locations.xlsx (Boss Battles tabs)	Measured	NONE
Elite 4:CHAMPION STEVEN:101	CHAMPION STEVEN	Elite 4	NONE	Elite 4	UNK	101	NORMAL (MGM off)	double	NONE	3	fixed	85	85	Empoleon:85:Sassy:Torrent:NONE:252 HP / 6 SpA / 252 SpD:NONE:Flip Turn;Flash Cannon;Toxic;Roost|Dialga-Primal:85:Timid:Primal Armor:Adamant Orb:6 HP / 252 SpA / 252 Spe:NONE:Draco Barrage;Flash Cannon;Fire Blast;Ice Beam|Metagross:85:Jolly:Tough Claws:Assault Vest:6 HP / 252 Atk / 252 Spe:NONE:Meteor Mash;Zen Headbutt;Ice Punch;Bullet Punch	395,1529,376	0	True	1	Dragon,Fire,Ice,Psychic,Steel,Water	NONE	NONE	Ground:3,Fighting:2	260	119	223	General_Documents___Locations.xlsx (Boss Battles tabs)	Measured	NONE
