sheet	trainer	header_row	location	variant	battle_format	col	species	held_item	field_effect	mega_ability	is_mega	level	level_mode	nature	ability	moves	n_moves	evs	ivs	species_id	item_id	illegal_moves	speed_stat	moves_source_typo
Hoenn Leaders	ROXANNE	1		NONE	single	0	Rhyhorn	Rindo Berry	NONE	NONE	False	14	fixed	Adamant	Lightning Rod	Rock Tomb;Horn Attack;Bulldoze;Rock Smash	4	NONE	NONE	111.0	553	0	16	NONE
Hoenn Leaders	ROXANNE	1		NONE	single	2	Wooper-Paldea	Oran Berry	NONE	NONE	False	15	fixed	Modest	Water Absorb	Mud Shot;Acid Spray;Yawn;Sandstorm	4	NONE	NONE	1405.0	520	0	14	NONE
Hoenn Leaders	ROXANNE	1		NONE	single	4	Gligar	Oran Berry	NONE	NONE	False	15	fixed	Adamant	Sand Veil	Wing Attack;Quick Attack;Bulldoze	3	NONE	NONE	207.0	520	0	35	NONE
Hoenn Leaders	ROXANNE	1		NONE	single	6	Nosepass	Berry Juice	NONE	NONE	False	15	fixed	Impish	Sturdy	Rock Blast;Spark;Thunder Wave;Bulldoze	4	NONE	NONE	299.0	53	0	18	NONE
Hoenn Leaders	BRAWLY	13		NONE	single	0	Pikachu-Libre	Light Ball	NONE	NONE	False	23	fixed	Timid	Lightning Rod	Fake Out;Electroweb;Hidden Power Fighting;Draining Kiss	4	NONE	30 Def / 30 SpA / 30 SpD / 30 Spe	1014.0	392	0	58	NONE
Hoenn Leaders	BRAWLY	13		NONE	single	2	Sandslash-Alola	Chople Berry	NONE	NONE	False	24	fixed	Jolly	Ice Scales	Ice Shard;Aerial Ace;Bulldoze;Cut	4	NONE	NONE	960.0	555	0	47	NONE
Hoenn Leaders	BRAWLY	13		NONE	single	4	Lycanroc-Dusk	Muscle Band	NONE	NONE	False	25	fixed	Jolly	Tough Claws	Low Sweep;Accelerock;Bulldoze;Rock Tomb	4	NONE	NONE	1174.0	475	2	73	NONE
Hoenn Leaders	BRAWLY	13		NONE	single	6	Gurdurr	Eviolite	NONE	NONE	False	25	fixed	Adamant	Iron Fist	Mach Punch;Fire Punch;Low Sweep;Thunder Punch	4	NONE	NONE	533.0	494	0	32	NONE
Hoenn Leaders	BRAWLY	13		NONE	single	8	Hariyama	Flame Orb	NONE	NONE	False	25	fixed	Adamant	Guts	Low Sweep;Rock Tomb;Knock Off;Fake Out	4	NONE	NONE	297.0	445	0	37	NONE
Hoenn Leaders	WATTSON	26		NONE	single	0	Dedenne	Terrain Extender	NONE	NONE	False	34	fixed	Timid	Electric Surge	Parabolic Charge;Volt Switch;Draining Kiss;Hidden Power Ice	4	6 HP / 252 SpA / 252 Spe	30 Spe	702.0		0	115	NONE
Hoenn Leaders	WATTSON	26		NONE	single	2	Kilowattrel	Charti Berry	NONE	NONE	False	34	fixed	Timid	Volt Absorb	Air Slash;Electroweb;Volt Switch;Roost	4	6 HP / 252 SpA / 252 Spe	NONE	1329.0	561	0	133	NONE
Hoenn Leaders	WATTSON	26		NONE	single	4	Magneton	Eviolite	NONE	NONE	False	34	fixed	Modest	Analytic	Discharge;Mirror Shot;Volt Switch;Tri Attack	4	6 HP / 252 SpA / 252 Spe	NONE	82.0	494	0	84	NONE
Hoenn Leaders	WATTSON	26		NONE	single	6	Vikavolt	Occa Berry	NONE	NONE	False	34	fixed	Modest	Levitate	Bug Buzz;Air Slash;Energy Ball;Charge Beam	4	6 HP / 252 SpA / 252 Spe	NONE	738.0	550	0	66	NONE
Hoenn Leaders	WATTSON	26		NONE	single	8	Luxray	NONE	NONE	Strong Jaw	True	34	fixed	Jolly	Intimidate	Thunder Fang;Bite;Psychic Fangs;Ice Fang	4	6 HP / 252 Atk / 252 Spe	NONE	405.0	NONE	0	92	NONE
Hoenn Leaders	FLANNERY	39		NONE	single	0	Ninetales	Heat Rock	NONE	NONE	False	47	fixed	Timid	Drought	Flamethrower;Energy Ball;Psyshock;Dark Pulse	4	6 HP / 252 SpA / 252 Spe	NONE	38.0	448	0	157	NONE
Hoenn Leaders	FLANNERY	39		NONE	single	2	Walking Wake	Choice Scarf	NONE	NONE	False	47	fixed	Timid	Protosynthesis	Hydro Steam;Flamethrower;Dragon Pulse;Hidden Power Poison	4	6 HP / 252 SpA / 252 Spe	NONE	1406.0	444	0	166	NONE
Hoenn Leaders	FLANNERY	39		NONE	single	4	Scovillain	Life Orb	NONE	NONE	False	47	fixed	Modest	Chlorophyll	Giga Drain;Flamethrower;Scorching Sands;Sunny Day	4	6 HP / 252 SpA / 252 Spe	NONE	1340.0	479	0	119	NONE
Hoenn Leaders	FLANNERY	39		NONE	single	6	Rotom-Heat	Leftovers	NONE	NONE	False	47	fixed	Bold	Levitate	Thunderbolt;Overheat;Hidden Power Ice;Thunder Wave	4	252 Def / 252 SpA / 6 SpD	30 Spe	1064.0	472	0	99	NONE
Hoenn Leaders	FLANNERY	39		NONE	single	8	Marowak-Alola	Thick Club	NONE	NONE	False	47	fixed	Adamant	Bone Zone	Bonemerang;Shadow Bone;Flare Blitz;Thunder Punch	4	6 HP / 252 Atk / 252 Spe	NONE	973.0	394	0	91	NONE
Hoenn Leaders	FLANNERY	39		NONE	single	10	Infernape	NONE	NONE	Iron Fist	True	47	fixed	Jolly	Iron Fist	Fire Punch;Close Combat;Knock Off;Thunder Punch	4	6 HP / 252 Atk / 252 Spe	NONE	392.0	NONE	0	170	NONE
Hoenn Leaders	NORMAN	51		NONE	single	0	Zoroark-Hisui	Focus Sash	NONE	NONE	False	59	fixed	Timid	Illusion	Bitter Malice;Aura Sphere;Hyper Voice;Sludge Bomb	4	6 HP / 252 SpA / 252 Spe	NONE	1003.0	481	0	209	NONE
Hoenn Leaders	NORMAN	51		NONE	single	2	Iron Valiant	Booster Energy	NONE	NONE	False	59	fixed	Jolly	Quark Drive	Close Combat;Spirit Break;Bulk Up;Knock Off	4	6 HP / 252 Atk / 252 Spe	NONE	1399.0	906	1	216	NONE
Hoenn Leaders	NORMAN	51		NONE	single	4	Ursaluna-Bloodmoon	Expert Belt	NONE	NONE	False	59	fixed	Modest	Mind's Eye	Earth Power;Blood Moon;Hyper Voice;Hidden Power Ice	4	6 HP / 252 SpA / 252 Spe	30 Atk / 30 Def	1424.0	477	0	121	NONE
Hoenn Leaders	NORMAN	51		NONE	single	6	Cyclizar	Sitrus Berry	NONE	NONE	False	59	fixed	Jolly	Regenerator	Shed Tail;Aqua Tail;Dragon Claw;Return	4	6 HP / 252 Atk / 252 Spe	NONE	1356.0	523	0	223	NONE
Hoenn Leaders	NORMAN	51		NONE	single	8	Slaking	NONE	NONE	Comatose	True	59	fixed	Jolly	Truant	Return;Play Rough;Power-Up Punch;Earthquake	4	6 HP / 252 Atk / 252 Spe	NONE	289.0	NONE	0	195	NONE
Hoenn Leaders	NORMAN	51		NONE	single	12	Obstagoon	Life Orb	NONE	NONE	False	59	fixed	Jolly	Guts	Facade;Knock Off;Close Combat;Sucker Punch	4	6 HP / 252 Atk / 252 Spe	NONE	862.0	479	0	189	NONE
Hoenn Leaders	WINONA	63		NONE	single	0	Staraptor	Choice Band	NONE	NONE	False	68	fixed	Jolly	Intimidate	U-turn;Double-Edge;Brave Bird;Close Combat	4	6 HP / 252 Atk / 252 Spe	NONE	398.0	442	0	224	NONE
Hoenn Leaders	WINONA	63		NONE	single	2	Aggron	Assault Vest	NONE	NONE	False	68	fixed	Adamant	Rock Head	Head Smash;Heavy Slam;Fire Punch;Body Press	4	6 HP / 252 Atk / 252 Def	NONE	306.0	503	1	94	NONE
Hoenn Leaders	WINONA	63		NONE	single	4	Flygon	Life Orb	NONE	NONE	False	68	fixed	Naive	Tinted Lens	Headlong Rush;Draco Meteor;Dual Wingbeat;Rock Slide	4	252 Atk / 6 SpA / 252 Spe	NONE	330.0	479	0	224	NONE
Hoenn Leaders	WINONA	63		NONE	single	6	Frosmoth	Heavy-Duty Boots	NONE	NONE	False	68	fixed	Timid	Ice Scales	Ice Beam;Giga Drain;Bug Buzz;Quiver Dance	4	6 HP / 252 SpA / 252 Spe	NONE	873.0		0	172	NONE
Hoenn Leaders	WINONA	63		NONE	single	8	Thundurus-Therian	Focus Sash	NONE	NONE	False	68	fixed	Timid	Volt Absorb	Thunderbolt;Grass Knot;Sludge Wave;Hidden Power Flying	4	6 HP / 252 SpA / 252 Spe	30 SpA / 30 SpD / 30 Spe	1101.0	481	0	225	NONE
Hoenn Leaders	WINONA	63		NONE	single	10	Altaria-Mega	Altarianite	NONE	NONE	False	68	fixed	Jolly	Pixilate	Earthquake;Dragon Claw;Return;Dragon Dance	4	6 HP / 252 Atk / 252 Spe	NONE	938.0	324	0	194	NONE
Hoenn Leaders	TATE	75		NONE	double	0	Tapu Lele	Terrain Extender	NONE	NONE	False	76	fixed	Timid	Psychic Surge	Moonblast;Psychic;Thunderbolt;Calm Mind	4	6 HP / 252 SpA / 252 Spe	NONE	786.0		0	242	NONE
Hoenn Leaders	TATE	75		NONE	double	2	Espathra	Focus Sash	NONE	NONE	False	76	fixed	Timid	Speed Boost	Lumina Crash;Air Slash;Flash Cannon;Hidden Power Fighting	4	6 HP / 252 SpA / 252 Spe	30 Def / 30 SpA / 30 SpD / 30 Spe	1344.0	481	0	258	NONE
Hoenn Leaders	TATE	75		NONE	double	4	Kangaskhan	Kangaskhanite	NONE	NONE	False	76	fixed	Jolly	Parental Bond	Power-Up Punch;Body Slam;Crunch;Brick Break	4	6 HP / 252 Atk / 252 Spe	NONE	115.0	301	0	234	NONE
Hoenn Leaders	LIZA	75		NONE	double	6	Iron Leaves	Life Orb	NONE	NONE	False	76	fixed	Jolly	Sharpness	Leaf Blade;Psyblade;Sacred Sword;Night Slash	4	6 HP / 252 Atk / 252 Spe	NONE	1407.0	479	0	257	NONE
Hoenn Leaders	LIZA	75		NONE	double	8	Farigiraf	Assault Vest	NONE	NONE	False	76	fixed	Modest	Parental Bond	Expanding Force;Hyper Voice;Dazzling Gleam;Psychic	4	6 HP / 252 SpA / 252 Spe	NONE	1372.0	503	0	167	NONE
Hoenn Leaders	LIZA	75		NONE	double	10	Alakazam-Mega	Alakazite	NONE	NONE	False	76	fixed	Timid	Trace	Expanding Force;Psyshock;Focus Blast;Shadow Ball	4	6 HP / 252 SpA / 252 Spe	NONE	912.0	298	0	334	NONE
Hoenn Leaders	JUAN	87		NONE	single	0	Tapu Fini	Terrain Extender	NONE	NONE	False	82	fixed	Timid	Misty Surge	Moonblast;Ice Beam;Surf;Flip Turn	4	6 HP / 252 SpA / 252 Spe	NONE	788.0		0	243	NONE
Hoenn Leaders	JUAN	87		NONE	single	2	Tinkaton	Shuca Berry	NONE	NONE	False	82	fixed	Jolly	Own Tempo	Gigaton Hammer;Play Rough;Stone Edge;Brick Break	4	6 HP / 252 Atk / 252 Spe	NONE	1347.0	557	0	259	NONE
Hoenn Leaders	JUAN	87		NONE	single	4	Rapidash-Galar	Life Orb	NONE	NONE	False	82	fixed	Jolly	Flash Fire	Flare Blitz;Play Rough;Wild Charge;Swords Dance	4	6 HP / 252 Atk / 252 Spe	NONE	976.0	479	0	315	NONE
Hoenn Leaders	JUAN	87		NONE	single	6	Ursaluna	Assault Vest	NONE	NONE	False	82	fixed	Adamant	Guts	Facade;Close Combat;Headlong Rush;Play Rough	4	6 HP / 252 Atk / 252 Spe	NONE	901.0	503	0	164	NONE
Hoenn Leaders	JUAN	87		NONE	single	8	Flutter Mane	Choice Specs	NONE	NONE	False	82	fixed	Timid	Protosynthesis	Energy Ball;Shadow Ball;Moonblast;Psyshock	4	6 HP / 252 SpA / 252 Spe	NONE	1379.0	443	0	333	NONE
Hoenn Leaders	JUAN	87		NONE	single	10	Diancie-Mega	Diancite	NONE	NONE	False	82	fixed	Timid	Magic Bounce	Moonblast;Diamond Storm;Earth Power;Calm Mind	4	6 HP / 252 SpA / 252 Spe	NONE	952.0	338	0	288	NONE
Sinnoh Leaders	CANDICE	1	Route 116	NONE	single	0	Snover	Occa Berry	NONE	NONE	False	Player's Highest Lv -2	scales_to_player	Rash	Snow Warning	Mega Drain;Ice Shard;Icy Wind;Sleep Powder	4	NONE	NONE	459.0	550	0		NONE
Sinnoh Leaders	CANDICE	1	Route 116	NONE	single	2	Spheal	Oran Berry	NONE	NONE	False	Player's Highest Lv -1	scales_to_player	Calm	Thick Fat	Icy Wind;Brine;Hidden Power Flying;Signal Beam	4	NONE	30 SpA / 30 SpD / 30 Spe	363.0	520	0		NONE
Sinnoh Leaders	CANDICE	1	Route 116	NONE	single	4	Delibird	Muscle Band	NONE	NONE	False	Player's Highest Lv -1	scales_to_player	Adamant	Refrigerate	Fake out;Aerial Ace;Ice Shard;Steel Wing	4	NONE	NONE	225.0	475	0		NONE
Sinnoh Leaders	CANDICE	1	Route 116	NONE	single	6	Cetoddle	Muscle Band	NONE	NONE	False	Player's Highest Lv -1	scales_to_player	Jolly	Slush Rush	Ice Fang;Rock Smash;Bulldoze;Ice Shard	4	NONE	NONE	1363.0	475	0		NONE
Sinnoh Leaders	CANDICE	1	Route 116	NONE	single	0	Roserade	Miracle Seed	NONE	NONE	False	Player's Highest Lv	scales_to_player	Timid	Natural Cure	Giga Drain;Sludge;Sleep Powder;Hidden Power Fire	4	NONE	30 Atk / 30 SpA / 30 Spe	407.0	429	2		NONE
Sinnoh Leaders	CANDICE	1	Route 116	NONE	single	2	Dolliv	Sitrus Berry	NONE	NONE	False	Player's Highest Lv -1	scales_to_player	Calm	Harvest	Leech Seed;Protect;Mega Drain;Facade	4	NONE	NONE	1314.0	523	0		NONE
Sinnoh Leaders	CANDICE	1	Route 116	NONE	single	4	Sudowoodo	Muscle Band	NONE	NONE	False	Player's Highest Lv -1	scales_to_player	Adamant	Sturdy	Rock Tomb;Bulldoze;Trailblaze;Power-Up Punch	4	NONE	NONE	185.0	475	0		NONE
Sinnoh Leaders	CANDICE	1	Route 116	NONE	single	6	Gloom	Eviolite	NONE	NONE	False	Player's Highest Lv -1	scales_to_player	Bold	Stench	Mega Drain;Stun Spore;Leech Seed;Synthesis	4	NONE	NONE	44.0	494	2		NONE
Sinnoh Leaders	CANDICE	1	Route 116	NONE	single	8	Gloom	Eviolite	NONE	NONE	False	Player's Highest Lv -1	scales_to_player	Bold	Stench	Sludge;Poison Powder;Leech Seed;Synthesis	4	NONE	NONE	44.0	494	2		NONE
Sinnoh Leaders	CANDICE	1	Route 116	NONE	single	11	Vileplume	Black Sludge	NONE	NONE	False	Player's Highest Lv -1	scales_to_player	Bashful	Effect Spore	Giga Drain;Toxic;Sludge Bomb;Synthesis	4	252 HP / 252 Def / 6 SpA	NONE	45.0	487	1		NONE
Sinnoh Leaders	CANDICE	1	Route 116	NONE	single	13	Arboliva	Sitrus Berry	NONE	NONE	False	Player's Highest Lv -1	scales_to_player	Calm	Harvest	Leech Seed;Protect;Giga Drain;Hyper Voice	4	252 HP / 6 SpA / 252 SpD	NONE	1315.0	523	0		NONE
Sinnoh Leaders	CANDICE	1	Route 116	NONE	single	15	Sudowoodo	Muscle Band	NONE	NONE	False	Player's Highest Lv -1	scales_to_player	Adamant	Sturdy	Rock Slide;High Horsepower;Trailblaze;Sucker Punch	4	6 HP / 252 Atk / 252 Spe	NONE	185.0	475	0		NONE
Sinnoh Leaders	CANDICE	1	Route 116	NONE	single	17	Bellossom	Leftovers	NONE	NONE	False	Player's Highest Lv -1	scales_to_player	Bold	Chlorophyll	Giga Drain;Stun Spore;Dazzling Gleam;Synthesis	4	252 HP / 252 Def / 6 SpA	NONE	182.0	472	1		NONE
Sinnoh Leaders	CANDICE	1	Route 116	NONE	single	19	Roserade	NONE	NONE	Technician	True	Player's Highest Lv	scales_to_player	Timid	Technician	Mega Drain;Sludge;Sleep Powder;Hidden Power Fire	4	6 HP / 252 SpA / 252 Spe	30 Atk / 30 SpA / 30 Spe	407.0	NONE	2		NONE
Sinnoh Leaders	FANTINA	26	Route 117	NONE	single	0	Mismagius	Wise Glasses	NONE	NONE	False	Player's Highest Lv -1	scales_to_player	Timid	Levitate	Thunderbolt;Shadow Ball;Dazzling Gleam;Mystical Fire	4	6 HP / 252 SpA / 252 Spe	NONE	429.0	476	0		NONE
Sinnoh Leaders	FANTINA	26	Route 117	NONE	single	2	Cursola	Sitrus Berry	NONE	NONE	False	Player's Highest Lv -1	scales_to_player	Modest	Unburden	Shadow Ball;Power Gem;Strength Sap;Earth Power	4	6 HP / 252 SpA / 252 Spe	NONE	864.0	523	0		NONE
Sinnoh Leaders	FANTINA	26	Route 117	NONE	single	4	Gallade	Focus Sash	NONE	NONE	False	Player's Highest Lv -1	scales_to_player	Jolly	Justified	Zen Headbutt;Brick Break;Bulk Up;Shadow Sneak	4	6 HP / 252 Atk / 252 Spe	NONE	475.0	481	1		NONE
Sinnoh Leaders	FANTINA	26	Route 117	NONE	single	6	Zoroark	Expert Belt	NONE	NONE	False	Player's Highest Lv	scales_to_player	Timid	Illusion	Dark Pulse;Sludge Bomb;Flamethrower;Extrasensory	4	6 HP / 252 SpA / 252 Spe	NONE	571.0	477	1		NONE
Sinnoh Leaders	FANTINA	26	Route 117	NONE	single	8	Banette-Mega	Banettite	NONE	NONE	False	Player's Highest Lv	scales_to_player	Jolly	Prankster	Knock Off;Shadow Claw;Shadow Sneak;Return	4	6 HP / 252 Atk / 252 Spe	NONE	939.0	325	0		NONE
Sinnoh Leaders	MAYLENE	38	Jagged Pass	NONE	single	0	Meloetta-Pirouette	Expert Belt	NONE	NONE	False	Player's Highest Lv -1	scales_to_player	Hasty	Serene Grace	Relic Song;Drain Punch;Psychic;Aura Sphere	4	6 Atk / 252 SpA / 252 Spe	NONE	1107.0	477	0		NONE
Sinnoh Leaders	MAYLENE	38	Jagged Pass	NONE	single	2	Pangoro	Punching Glove	NONE	NONE	False	Player's Highest Lv -1	scales_to_player	Adamant	Iron Fist	Drain Punch;Knock Off;Fire Punch;Thunder Punch	4	6 HP / 252 Atk / 252 Spe	NONE	675.0	902	0		NONE
Sinnoh Leaders	MAYLENE	38	Jagged Pass	NONE	single	4	Garganacl	Leftovers	NONE	NONE	False	Player's Highest Lv -1	scales_to_player	Adamant	Purifying Salt	Salt Cure;Earthquake;Hammer Arm;Recover	4	6 HP / 252 Atk / 252 Spe	NONE	1322.0	472	0		NONE
Sinnoh Leaders	MAYLENE	38	Jagged Pass	NONE	single	6	Lilligant-Hisui	Focus Sash	NONE	NONE	False	Player's Highest Lv -1	scales_to_player	Adamant	Hustle	Leaf Blade;Drain Punch;Facade;Victory Dance	4	6 HP / 252 Atk / 252 Spe	NONE	1001.0	481	0		NONE
Sinnoh Leaders	MAYLENE	38	Jagged Pass	NONE	single	8	Lucario-Mega	Lucarionite	NONE	NONE	False	Player's Highest Lv	scales_to_player	Timid	Adaptability	Aura Sphere;Flash Cannon;Vacuum Wave;Dragon Pulse	4	6 HP / 252 SpA / 252 Spe	NONE	948.0	334	0		NONE
Sinnoh Leaders	MAYLENE	38	Jagged Pass	NONE	single	10	Kingambit	Life Orb	NONE	NONE	False	Player's Highest Lv	scales_to_player	Adamant	Supreme Overlord	Swords Dance;Knock Off;Iron Head;Sucker Punch	4	6 HP / 252 Atk / 252 Spe	NONE	1375.0	479	0		NONE
Sinnoh Leaders	WAKE	50	Route 118	NONE	single	0	Politoed	Damp Rock	NONE	NONE	False	Player's Highest Lv -1	scales_to_player	Modest	Drizzle	Scald;Ice Beam;Haze;Psychic	4	6 HP / 252 SpA / 252 Spe	NONE	186.0	447	1		NONE
Sinnoh Leaders	WAKE	50	Route 118	NONE	single	2	Gyarados	Focus Sash	NONE	NONE	False	Player's Highest Lv -1	scales_to_player	Jolly	Moxie	Aqua Tail;Earthquake;Ice Fang;Dragon Dance	4	6 HP / 252 Atk / 252 Spe	NONE	130.0	481	0		NONE
Sinnoh Leaders	WAKE	50	Route 118	NONE	single	4	Kingdra	Life Orb	NONE	NONE	False	Player's Highest Lv -1	scales_to_player	Timid	Swift Swim	Dragon Pulse;Surf;Hurricane;Ice Beam	4	6 HP / 252 SpA / 252 Spe	NONE	230.0	479	0		NONE
Sinnoh Leaders	WAKE	50	Route 118	NONE	single	6	Toedscruel	Assault Vest	NONE	NONE	False	Player's Highest Lv -1	scales_to_player	Timid	Clear Body	Sludge Bomb;Flash Cannon;Earth Power;Energy Ball	4	6 HP / 252 SpA / 252 Spe	NONE	1337.0	503	0		NONE
Sinnoh Leaders	WAKE	50	Route 118	NONE	single	8	Urshifu-Rapid-Strike	Expert Belt	NONE	NONE	False	Player's Highest Lv	scales_to_player	Jolly	Unseen Fist	Surging Strikes;Drain Punch;Poison Jab;Bulk Up	4	6 HP / 252 Atk / 252 Spe	NONE	1230.0	477	0		NONE
Sinnoh Leaders	WAKE	50	Route 118	NONE	single	10	Lapras-Mega	Laprasite	NONE	NONE	False	Player's Highest Lv	scales_to_player	Modest	Liquid Voice	Boomburst;Dragon Pulse;Thunderbolt;Ice Beam	4	6 HP / 252 SpA / 252 Spe	NONE	1503.0	984	0		NONE
Sinnoh Leaders	BYRON	62	Route 121	NONE	single	0	Skarmory	Rocky Helmet	NONE	NONE	False	Player's Highest Lv -1	scales_to_player	Impish	Sturdy	Stealth Rock;Whirlwind;Drill Peck;Iron Head	4	252 HP / 6 Atk / 252 Def	NONE	227.0	496	0		NONE
Sinnoh Leaders	RAIN BATTLE	62		NONE	single	2	Polteageist	Focus Sash	NONE	NONE	False	Player's Highest Lv -1	scales_to_player	Timid	Heatproof	Shadow Ball;Giga Drain;Stored Power;Shell Smash	4	6 HP / 252 SpA / 252 Spe	NONE	855.0	481	0		NONE
Sinnoh Leaders	RAIN BATTLE	62		NONE	single	4	Orthworm	Sitrus Berry	NONE	NONE	False	Player's Highest Lv -1	scales_to_player	Impish	Earth Eater	Shed Tail;Body Press;Iron Head;Earthquake	4	252 HP / 6 Atk / 252 Def	NONE	1357.0	523	0		NONE
Sinnoh Leaders	RAIN BATTLE	62		NONE	single	6	Scizor	Life Orb	NONE	NONE	False	Player's Highest Lv -1	scales_to_player	Jolly	Technician	Bullet Punch;Bug Bite;Swords Dance;Dual Wingbeat	4	6 HP / 252 Atk / 252 Spe	NONE	212.0	479	0		NONE
Sinnoh Leaders	RAIN BATTLE	62		NONE	single	8	Melmetal	Assault Vest	NONE	NONE	False	Player's Highest Lv	scales_to_player	Adamant	Iron Fist	Double Iron Bash;Earthquake;Thunder Punch;Ice Punch	4	6 HP / 252 Atk / 252 Spe	NONE	809.0	503	0		NONE
Sinnoh Leaders	RAIN BATTLE	62		NONE	single	10	Copperajah-Mega	Copperajite	NONE	NONE	False	Player's Highest Lv	scales_to_player	Brave	Sheer Force	Iron Head;Superpower;Play Rough;High Horsepower	4	252 HP / 252 Atk / 6 Def	NONE	1523.0	995	0		NONE
Sinnoh Leaders	ROARK	74	Route 125	NONE	single	0	Hippowdon	Smooth Rock	NONE	NONE	False	Player's Highest Lv -1	scales_to_player	Adamant	Sand Stream	Earthquake;Rock Slide;Roar;Stealth Rock	4	6 HP / 252 Atk / 252 Def	NONE	450.0	449	0		NONE
Sinnoh Leaders	ROARK	74	Route 125	NONE	single	2	Landorus	Life Orb	NONE	NONE	False	Player's Highest Lv -1	scales_to_player	Naive	Sheer Force	Sandsear Storm;Stone Edge;Sludge Wave;Psychic	4	6 Atk / 252 SpA / 252 Spe	NONE	645.0	479	0		NONE
Sinnoh Leaders	ROARK	74	Route 125	NONE	single	4	Great Tusk	Booster Energy	NONE	NONE	False	Player's Highest Lv -1	scales_to_player	Adamant	Protosynthesis	Headlong Rush;Close Combat;Knock Off;Ice Spinner	4	6 HP / 252 Atk / 252 Spe	NONE	1376.0	906	0		NONE
Sinnoh Leaders	ROARK	74	Route 125	NONE	single	6	Rampardos	Life Orb	NONE	NONE	False	Player's Highest Lv -1	scales_to_player	Adamant	Sheer Force	Rock Slide;Fire Punch;Rock Polish;Zen Headbutt	4	6 HP / 252 Atk / 252 Spe	NONE	409.0	479	0		NONE
Sinnoh Leaders	ROARK	74	Route 125	NONE	single	8	Cacturne	Focus Sash	NONE	NONE	False	Player's Highest Lv -1	scales_to_player	Hasty	Sand Rush	Energy Ball;Sucker Punch;Dark Pulse;Destiny Bond	4	6 Atk / 252 SpA / 252 Spe	NONE	332.0	481	0		NONE
Sinnoh Leaders	ROARK	74	Route 125	NONE	single	10	Steelix-Mega	Steelixite	NONE	NONE	False	Player's Highest Lv	scales_to_player	Adamant	Heatproof	Earthquake;Stone Edge;Heavy Slam;Crunch	4	252 HP / 6 Atk / 252 Def	NONE	922.0	308	0		NONE
Sinnoh Leaders	VOLKNER	86	Evergrande City	NONE	single	0	Miraidon	Terrain Extender	NONE	NONE	False	Player's Highest Lv	scales_to_player	Timid	Hadron Engine	Electro Drift;Dragon Pulse;Overheat;Taunt	4	6 HP / 252 SpA / 252 Spe	NONE	1401.0		0		NONE
Sinnoh Leaders	VOLKNER	86	Evergrande City	NONE	single	2	Raichu-Alola	Choice Specs	NONE	NONE	False	Player's Highest Lv -1	scales_to_player	Modest	Surge Surfer	Psychic;Rising Voltage;Thunderbolt;Surf	4	6 HP / 252 SpA / 252 Spe	NONE	958.0	443	0		NONE
Sinnoh Leaders	VOLKNER	86	Evergrande City	NONE	single	4	Iron Hands	Booster Energy	NONE	NONE	False	Player's Highest Lv -1	scales_to_player	Adamant	Quark Drive	Fake Out;Supercell Slam;Close Combat;Heavy Slam	4	6 HP / 252 Atk / 252 Spe	NONE	1384.0	906	0		NONE
Sinnoh Leaders	VOLKNER	86	Evergrande City	NONE	single	6	Dodrio	Life Orb	NONE	NONE	False	Player's Highest Lv -1	scales_to_player	Jolly	Rock Head	Brave Bird;Double-Edge;Quick Attack;Jump Kick	4	6 HP / 252 Atk / 252 Spe	NONE	85.0	479	0		NONE
Sinnoh Leaders	VOLKNER	86	Evergrande City	NONE	single	8	Zeraora	Assault Vest	NONE	NONE	False	Player's Highest Lv -1	scales_to_player	Adamant	Volt Absorb	Plasma Fists;Aerial Ace;Fake Out;Facade	4	6 HP / 252 Atk / 252 Spe	NONE	807.0	503	0		NONE
Sinnoh Leaders	VOLKNER	86	Evergrande City	NONE	single	10	Toxtricity-Mega	Toxtricitite	NONE	NONE	False	Player's Highest Lv	scales_to_player	Timid	Punk Rock	Sludge Wave;Boomburst;Hidden Power Grass;Overdrive	4	6 HP / 252 SpA / 252 Spe	30 Atk / 30 SpA	1518.0	992	0		NONE
Rivals	DAWN	16	Route 104	NONE	single	0	Buneary	Oran Berry	NONE	NONE	False	Player's Highest Lv -3	scales_to_player	Adamant	Limber	Fake Out;Quick Attack;Mach Punch	3	NONE	NONE	427.0	520	0		NONE
Rivals	DAWN	16	Route 104	NONE	single	2	Noibat	Oran Berry	NONE	NONE	False	Player's Highest Lv -2	scales_to_player	Timid	Infiltrator	Gust;Absorb;Twister	3	NONE	NONE	714.0	520	3		NONE
Rivals	DAWN	16	Route 104	NONE	single	4	Piplup	Oran Berry	NONE	NONE	False	Player's Highest Lv -1	scales_to_player	Serious	Torrent	Bubble Beam;Aqua Jet;Baby-Doll Eyes;Peck	4	NONE	NONE	393.0	520	1		NONE
Rivals	DAWN	16	Route 104	NONE	single	0	Golbat	Muscle Band	NONE	NONE	False	Player's Highest Lv -2	scales_to_player	Jolly	Sniper	Wing Attack;Cross Poison;Bite;U-turn	4	NONE	NONE	42.0	475	1		NONE
Rivals	DAWN	16	Route 104	NONE	single	2	Hattrem	Wise Glasses	NONE	NONE	False	Player's Highest Lv -2	scales_to_player	Modest	Magic Bounce	Draining Kiss;Psybeam;Thunder Wave;Life Dew	4	NONE	NONE	857.0	476	0		NONE
Rivals	DAWN	16	Route 104	NONE	single	4	Kubfu	Muscle Band	NONE	NONE	False	Player's Highest Lv -2	scales_to_player	Adamant	Inner Focus	Rock Smash;Aerial Ace;Headbutt;Rock Tomb	4	NONE	NONE	891.0	475	1		NONE
Rivals	DAWN	16	Route 104	NONE	single	6	Grovyle	Sitrus Berry	NONE	NONE	False	Player's Highest Lv -1	scales_to_player	Adamant	Overgrow	Bullet Seed;Rock Tomb;Fury Cutter;Assurance	4	NONE	NONE	253.0	523	1		NONE
Rivals	DAWN	16	Route 104	NONE	single	0	Golbat	Muscle Band	NONE	NONE	False	Player's Highest Lv -2	scales_to_player	Jolly	Sniper	Wing Attack;Cross Poison;Bite;U-turn	4	NONE	NONE	42.0	475	1		NONE
Rivals	DAWN	16	Route 104	NONE	single	2	Hattrem	Wise Glasses	NONE	NONE	False	Player's Highest Lv -2	scales_to_player	Modest	Magic Bounce	Draining Kiss;Psybeam;Thunder Wave;Life Dew	4	NONE	NONE	857.0	476	0		NONE
Rivals	DAWN	16	Route 104	NONE	single	4	Kubfu	Muscle Band	NONE	NONE	False	Player's Highest Lv -2	scales_to_player	Adamant	Inner Focus	Rock Smash;Aerial Ace;Headbutt;Thunder Punch	4	NONE	NONE	891.0	475	0		NONE
Rivals	DAWN	16	Route 104	NONE	single	6	Combusken	Sitrus Berry	NONE	NONE	False	Player's Highest Lv -1	scales_to_player	Adamant	Striker	Double Kick;Rock Tomb;Flame Charge;Thunder Punch	4	NONE	NONE	256.0	523	0		NONE
Rivals	DAWN	16	Route 104	NONE	single	0	Golbat	Muscle Band	NONE	NONE	False	Player's Highest Lv -2	scales_to_player	Jolly	Sniper	Wing Attack;Cross Poison;Bite;U-turn	4	NONE	NONE	42.0	475	1		NONE
Rivals	DAWN	16	Route 104	NONE	single	2	Hattrem	Wise Glasses	NONE	NONE	False	Player's Highest Lv -2	scales_to_player	Modest	Magic Bounce	Draining Kiss;Psybeam;Thunder Wave;Life Dew	4	NONE	NONE	857.0	476	0		NONE
Rivals	DAWN	16	Route 104	NONE	single	4	Kubfu	Muscle Band	NONE	NONE	False	Player's Highest Lv -2	scales_to_player	Adamant	Inner Focus	Rock Smash;Aerial Ace;Headbutt;Fire Punch	4	NONE	NONE	891.0	475	0		NONE
Rivals	DAWN	16	Route 104	NONE	single	6	Marshtomp	Sitrus Berry	NONE	NONE	False	Player's Highest Lv -1	scales_to_player	Quiet	Torrent	Water Pulse;Rock Tomb;Mud Shot;Ice Punch	4	NONE	NONE	259.0	523	1		NONE
Rivals	DAWN	16	Route 104	NONE	single	0	Crobat	Muscle Band	NONE	NONE	False	Player's Highest Lv -1	scales_to_player	Jolly	Sniper	Dual Wingbeat;Cross Poison;Bite;U-turn	4	NONE	NONE	169.0	475	0		NONE
Rivals	DAWN	16	Route 104	NONE	single	2	Dragonair	Eviolite	NONE	NONE	False	Player's Highest Lv -1	scales_to_player	Impish	Shed Skin	Dragon Tail;Dragon Rage;Body Slam;Thunder Wave	4	NONE	NONE	148.0	494	0		NONE
Rivals	DAWN	16	Route 104	NONE	single	4	Gorebyss	Sitrus Berry	NONE	NONE	False	Player's Highest Lv -1	scales_to_player	Modest	Dazzling	Aurora Beam;Water Pulse;Draining Kiss;Psychic	4	NONE	NONE	368.0	523	1		NONE
Rivals	DAWN	16	Route 104	NONE	single	6	Kubfu	Punching Glove	NONE	NONE	False	Player's Highest Lv -2	scales_to_player	Adamant	Inner Focus	Drain Punch;Fire Punch;Thunder Punch;Ice Punch	4	NONE	NONE	891.0	902	0		NONE
Rivals	DAWN	16	Route 104	NONE	single	8	Grovyle	Focus Sash	NONE	NONE	False	Player's Highest Lv	scales_to_player	Jolly	Overgrow	Leaf Blade;Rock Slide;Power-Up Punch;Low Sweep	4	80 Spe	NONE	253.0	481	0		NONE
Rivals	DAWN	16	Route 104	NONE	single	0	Crobat	Muscle Band	NONE	NONE	False	Player's Highest Lv -1	scales_to_player	Jolly	Sniper	Dual Wingbeat;Cross Poison;Bite;U-turn	4	NONE	NONE	169.0	475	0		NONE
Rivals	DAWN	16	Route 104	NONE	single	2	Metang	Eviolite	NONE	NONE	False	Player's Highest Lv -1	scales_to_player	Impish	Tough Claws	Metal Claw;Bullet Punch;Zen Headbutt;Bulldoze	4	NONE	NONE	375.0	494	0		NONE
Rivals	DAWN	16	Route 104	NONE	single	4	Whimsicott	Sitrus Berry	NONE	NONE	False	Player's Highest Lv -1	scales_to_player	Timid	Prankster	Giga Drain;Stun Spore;Leech Seed;Dazzling Gleam	4	NONE	NONE	547.0	523	1		NONE
Rivals	DAWN	16	Route 104	NONE	single	6	Kubfu	Punching Glove	NONE	NONE	False	Player's Highest Lv -2	scales_to_player	Adamant	Inner Focus	Drain Punch;Fire Punch;Thunder Punch;Ice Punch	4	NONE	NONE	891.0	902	0		NONE
Rivals	DAWN	16	Route 104	NONE	single	8	Combusken	Focus Sash	NONE	NONE	False	Player's Highest Lv	scales_to_player	Modest	Blaze	Flame Burst;Scorching Sands;Quick Attack;Counter	4	80 Spe	NONE	256.0	481	2		NONE
Rivals	DAWN	16	Route 104	NONE	single	0	Crobat	Muscle Band	NONE	NONE	False	Player's Highest Lv -1	scales_to_player	Jolly	Sniper	Dual Wingbeat;Cross Poison;Bite;U-turn	4	NONE	NONE	169.0	475	0		NONE
Rivals	DAWN	16	Route 104	NONE	single	2	Sliggoo-Hisui	Eviolite	NONE	NONE	False	Player's Highest Lv -1	scales_to_player	Calm	Sap Sipper	Dragon Breath;Flash Cannon;Water Pulse;Life Dew	4	NONE	NONE	1005.0	494	1		NONE
Rivals	DAWN	16	Route 104	NONE	single	4	Rapidash-Galar	Sitrus Berry	NONE	NONE	False	Player's Highest Lv -1	scales_to_player	Jolly	Immunity	Flame Wheel;Will-O-Wisp;Covet;Quick Attack	4	NONE	NONE	976.0	523	0		NONE
Rivals	DAWN	16	Route 104	NONE	single	6	Kubfu	Punching Glove	NONE	NONE	False	Player's Highest Lv -2	scales_to_player	Adamant	Inner Focus	Drain Punch;Fire Punch;Thunder Punch;Ice Punch	4	NONE	NONE	891.0	902	0		NONE
Rivals	DAWN	16	Route 104	NONE	single	8	Marshtomp	Focus Sash	NONE	NONE	False	Player's Highest Lv	scales_to_player	Brave	Torrent	Bulldoze;Rock Slide;Liquidation;Flip Turn	4	80 Atk	NONE	259.0	481	1		NONE
Rivals	WALLY	99	Mauville City	NONE	single	0	Drednaw	Sitrus Berry	NONE	NONE	False	30	fixed	Adamant	Strong Jaw	Crunch;Razor Shell;Rock Tomb;Brick Break	4	NONE	NONE	834.0	523	0	58	NONE
Rivals	WALLY	99	Mauville City	NONE	single	2	Kricketune	Sitrus Berry	NONE	NONE	False	30	fixed	Jolly	Technician	Bug Bite;Bulldoze;Aerial Ace;Rock Smash	4	NONE	NONE	402.0	523	0	68	NONE
Rivals	WALLY	99	Mauville City	NONE	single	4	Skarmory	Sitrus Berry	NONE	NONE	False	31	fixed	Impish	Sturdy	Steel Wing;Drill Peck;Roost;Toxic	4	NONE	NONE	227.0	523	0	58	NONE
Rivals	WALLY	99	Mauville City	NONE	single	6	Gardevoir	Wise Glasses	NONE	NONE	False	32	fixed	Timid	Trace	Draining Kiss;Psychic Noise;Magical Leaf;Shadow Ball	4	80 SpA	NONE	282.0	476	0	72	NONE
Rivals	DAWN	111	Route 111	NONE	single	0	Lopunny	Silk Scarf	NONE	NONE	False	Player's Highest Lv -2	scales_to_player	Jolly	Limber	Fake Out;Return;Thunder Punch;Drain Punch	4	6 HP / 252 Atk / 252 Spe	NONE	428.0	425	0		NONE
Rivals	DAWN	111	Route 111	NONE	single	2	Noivern	Expert Belt	NONE	NONE	False	Player's Highest Lv -2	scales_to_player	Timid	Infiltrator	Aeroblast;Dragon Pulse;Boomburst;Dark Pulse	4	6 HP / 252 SpA / 252 Spe	NONE	715.0	477	0		NONE
Rivals	DAWN	111	Route 111	NONE	single	4	Tsareena	Miracle Seed	NONE	NONE	False	Player's Highest Lv -2	scales_to_player	Jolly	Striker	Trop Kick;Triple Axel;High Jump Kick;Play Rough	4	6 HP / 252 Atk / 252 Spe	NONE	763.0	429	0		NONE
Rivals	DAWN	111	Route 111	NONE	single	6	Chandelure	Charcoal	NONE	NONE	False	Player's Highest Lv -2	scales_to_player	Timid	Flash Fire	Flamethrower;Shadow Ball;Psychic;Will-O-Wisp	4	6 HP / 252 SpA / 252 Spe	NONE	609.0	426	0		NONE
Rivals	DAWN	111	Route 111	NONE	single	8	Empoleon	NONE	NONE	Lightning Rod	True	Player's Highest Lv -1	scales_to_player	Modest	Torrent	Surf;Flash Cannon;Air Slash;Roost	4	252 HP / 6 SpA / 252 SpD	NONE	395.0	NONE	0		NONE
Rivals	WALLY	123	Route 110	NONE	single	0	Sneasler	Focus Sash	NONE	NONE	False	Player's Highest Lv -1	scales_to_player	Jolly	Unburden	Taunt;Dire Claw;Close Combat;Knock Off	4	6 HP / 252 Atk / 252 Spe	NONE	903.0	481	0		NONE
Rivals	WALLY	123	Route 110	NONE	single	2	Galvantula	Expert Belt	NONE	NONE	False	Player's Highest Lv -1	scales_to_player	Timid	Compound Eyes	Bug Buzz;Thunder;Giga Drain;Volt Switch	4	6 HP / 252 SpA / 252 Spe	NONE	596.0	477	0		NONE
Rivals	WALLY	123	Route 110	NONE	single	4	Corviknight	Rocky Helmet	NONE	NONE	False	Player's Highest Lv -1	scales_to_player	Impish	Unnerve	Body Press;Drill Peck;Iron Head;Roost	4	252 HP / 6 Atk / 252 Def	NONE	823.0	496	0		NONE
Rivals	WALLY	123	Route 110	NONE	single	6	Darmanitan	Life Orb	NONE	NONE	False	Player's Highest Lv -1	scales_to_player	Jolly	Sheer Force	Flare Blitz;Rock Slide;Superpower;Earthquake	4	6 HP / 252 Atk / 252 Spe	NONE	555.0	479	0		NONE
Rivals	WALLY	123	Route 110	NONE	single	8	Wishiwashi-School	Assault Vest	NONE	NONE	False	Player's Highest Lv -1	scales_to_player	Quiet	Schooling	Hydro Pump;Ice Beam;Hidden Power Grass;Flip Turn	4	252 HP / 6 Atk / 252 SpA	30 Atk / 30 SpA	1175.0	503	0		NONE
Rivals	WALLY	123	Route 110	NONE	single	10	Gardevoir	Gardevoirite	NONE	NONE	False	Player's Highest Lv	scales_to_player	Timid	Pixilate	Moonblast;Psychic;Focus Blast;Thunderbolt	4	6 HP / 252 SpA / 252 Spe	NONE	282.0	316	0		NONE
Rivals	WALLY	123	Route 110	NONE	single	0	Crobat	Scope Lens	NONE	NONE	False	64	fixed	Jolly	Sniper	Brave Bird;Cross Poison;Haze;U-turn	4	6 HP / 252 Atk / 252 Spe	NONE	169.0	471	0	254	NONE
Rivals	WALLY	123	Route 110	NONE	single	2	Dragonite	Lum Berry	NONE	NONE	False	64	fixed	Jolly	Multiscale	Dual Wingbeat;Dragon Claw;Iron Head;Dragon Dance	4	6 HP / 252 Atk / 252 Spe	NONE	149.0	522	0	183	NONE
Rivals	WALLY	123	Route 110	NONE	single	4	Gorebyss	White Herb	NONE	NONE	False	64	fixed	Modest	Dazzling	Ice Beam;Surf;Moonblast;Shell Smash	4	6 HP / 252 SpA / 252 Spe	NONE	368.0	460	0	131	NONE
Rivals	WALLY	123	Route 110	NONE	single	6	Urshifu	Expert Belt	NONE	NONE	False	64	fixed	Jolly	Unseen Fist	Drain Punch;Sucker Punch;Wicked Blow;Ice Punch	4	6 HP / 252 Atk / 252 Spe	NONE	892.0	477	0	207	NONE
Rivals	WALLY	123	Route 110	NONE	single	8	Armarouge	Life Orb	NONE	NONE	False	64	fixed	Modest	Mega Launcher	Armor Cannon;Aura Sphere;Psychic;Shadow Ball	4	6 HP / 252 SpA / 252 Spe	NONE	1324.0	479	0	161	NONE
Rivals	WALLY	123	Route 110	NONE	single	10	Sceptile-Mega	Sceptilite	NONE	NONE	False	64	fixed	Jolly	Technician	Dual Chop;Bullet Seed;Earthquake;Swords Dance	4	6 HP / 252 Atk / 252 Spe	NONE	927.0	313	0	275	NONE
Rivals	WALLY	123	Route 110	NONE	single	0	Crobat	Scope Lens	NONE	NONE	False	64	fixed	Jolly	Sniper	Brave Bird;Cross Poison;Haze;U-turn	4	6 HP / 252 Atk / 252 Spe	NONE	169.0	471	0	254	NONE
Rivals	WALLY	123	Route 110	NONE	single	2	Metagross	Air Balloon	NONE	NONE	False	64	fixed	Adamant	Tough Claws	Meteor Mash;Earthquake;Zen Headbutt;Bullet Punch	4	6 HP / 252 Atk / 252 Spe	NONE	376.0	497	0	154	NONE
Rivals	WALLY	123	Route 110	NONE	single	4	Whimsicott	Leftovers	NONE	NONE	False	64	fixed	Timid	Prankster	Giga Drain;Moonblast;Leech Seed;Stun Spore	4	6 HP / 252 SpA / 252 Spe	NONE	547.0	472	1	234	NONE
Rivals	WALLY	123	Route 110	NONE	single	6	Urshifu	Expert Belt	NONE	NONE	False	64	fixed	Jolly	Unseen Fist	Drain Punch;Sucker Punch;Wicked Blow;Ice Punch	4	6 HP / 252 Atk / 252 Spe	NONE	892.0	477	0	207	NONE
Rivals	WALLY	123	Route 110	NONE	single	8	Basculegion-F	Life Orb	NONE	NONE	False	64	fixed	Modest	Adaptability	Scald;Ice Beam;Psychic;Shadow Ball	4	6 HP / 252 SpA / 252 Spe	NONE	1234.0	479	0	165	NONE
Rivals	WALLY	123	Route 110	NONE	single	10	Blaziken-Mega	Blazikenite	NONE	NONE	False	64	fixed	Jolly	Striker	Thunderous Kick;Blaze Kick;Thunder Punch;Bulk Up	4	6 HP / 252 Atk / 252 Spe	NONE	928.0	314	0	212	NONE
Rivals	WALLY	123	Route 110	NONE	single	0	Crobat	Scope Lens	NONE	NONE	False	64	fixed	Jolly	Sniper	Brave Bird;Cross Poison;Haze;U-turn	4	6 HP / 252 Atk / 252 Spe	NONE	169.0	471	0	254	NONE
Rivals	WALLY	123	Route 110	NONE	single	2	Goodra-Hisui	Leftovers	NONE	NONE	False	64	fixed	Calm	Sap Sipper	Dragon Pulse;Wish;Flash Cannon;Toxic	4	252 HP / 6 SpA / 252 SpD	NONE	1006.0	472	1	101	NONE
Rivals	WALLY	123	Route 110	NONE	single	4	Rapidash-Galar	Air Balloon	NONE	NONE	False	64	fixed	Jolly	Flash Fire	Fire Lash;Will-O-Wisp;Play Rough;Wild Charge	4	6 HP / 252 Atk / 252 Spe	NONE	976.0	497	0	247	NONE
Rivals	WALLY	123	Route 110	NONE	single	6	Urshifu	Expert Belt	NONE	NONE	False	64	fixed	Jolly	Unseen Fist	Drain Punch;Sucker Punch;Wicked Blow;Ice Punch	4	6 HP / 252 Atk / 252 Spe	NONE	892.0	477	0	207	NONE
Rivals	WALLY	123	Route 110	NONE	single	8	Electrode-Hisui	Life Orb	NONE	NONE	False	64	fixed	Modest	Reckless	Thunderbolt;Chloroblast;Volt Switch;Flash Cannon	4	6 HP / 252 SpA / 252 Spe	30 Atk / 30 Def	996.0	479	0	257	NONE
Rivals	WALLY	123	Route 110	NONE	single	10	Swampert-Mega	Swampertite	NONE	NONE	False	64	fixed	Adamant	Swift Swim	Liquidation;Earthquake;Power-Up Punch;Avalanche	4	6 HP / 252 Atk / 252 Spe	NONE	929.0	315	1	154	NONE
Rivals	DAWN	171	Lilycove City	NONE	single	0	Lopunny	Life Orb	NONE	NONE	False	71	fixed	Jolly	Limber	Fake Out;Return;Thunder Punch;Close Combat	4	6 HP / 252 Atk / 252 Spe	NONE	428.0	479	0	242	NONE
Rivals	DAWN	171	Lilycove City	NONE	single	2	Noivern	Choice Specs	NONE	NONE	False	71	fixed	Timid	Infiltrator	Aeroblast;Dragon Pulse;Boomburst;Dark Pulse	4	6 HP / 252 SpA / 252 Spe	NONE	715.0	443	0	270	NONE
Rivals	DAWN	171	Lilycove City	NONE	single	4	Meowscarada	Expert Belt	NONE	NONE	False	71	fixed	Jolly	Protean	Knock Off;Flower Trick;Play Rough;U-turn	4	6 HP / 252 Atk / 252 Spe	NONE	1291.0	477	0	270	NONE
Rivals	DAWN	171	Lilycove City	NONE	single	6	Chandelure	Charcoal	NONE	NONE	False	71	fixed	Timid	Flash Fire	Flamethrower;Shadow Ball;Psychic;Will-O-Wisp	4	6 HP / 252 SpA / 252 Spe	NONE	609.0	426	0	203	NONE
Rivals	DAWN	171	Lilycove City	NONE	single	8	Iron Boulder	Booster Energy	NONE	NONE	False	71	fixed	Jolly	Quark Drive	Sacred Sword;Mighty Cleave;Psycho Cut;Megahorn	4	6 HP / 252 Atk / 252 Spe	NONE	1429.0	906	0	271	NONE
Rivals	DAWN	171	Lilycove City	NONE	single	10	Empoleon	NONE	NONE	Lightning Rod	True	71	fixed	Modest	Torrent	Surf;Flash Cannon;Air Slash;Roost	4	252 HP / 6 SpA / 252 SpD	NONE	395.0	NONE	0	112	NONE
Rivals	DAWN	183	Evergrande City	NONE	single	0	Pheromosa	Focus Sash	NONE	NONE	False	84	fixed	Jolly	Beast Boost	U-turn;Triple Kick;Triple Axel;Poison Jab	4	6 HP / 252 Atk / 252 Spe	NONE	795.0	481	0	370	NONE
Rivals	DAWN	183	Evergrande City	NONE	single	2	Noivern	Choice Specs	NONE	NONE	False	84	fixed	Timid	Infiltrator	Aeroblast;Draco Meteor;Boomburst;Dark Pulse	4	6 HP / 252 SpA / 252 Spe	NONE	715.0	443	0	319	NONE
Rivals	DAWN	183	Evergrande City	NONE	single	4	Meowscarada	Expert Belt	NONE	NONE	False	84	fixed	Jolly	Protean	Knock Off;Flower Trick;Play Rough;Triple Axel	4	6 HP / 252 Atk / 252 Spe	NONE	1291.0	477	0	319	NONE
Rivals	DAWN	183	Evergrande City	NONE	single	6	Blacephalon	Life Orb	NONE	NONE	False	84	fixed	Timid	Beast Boost	Flamethrower;Shadow Ball;Psychic;Mind Blown	4	6 HP / 252 SpA / 252 Spe	NONE	806.0	479	0	289	NONE
Rivals	DAWN	183	Evergrande City	NONE	single	8	Iron Boulder	Booster Energy	NONE	NONE	False	84	fixed	Jolly	Quark Drive	Sacred Sword;Mighty Cleave;Psycho Cut;Megahorn	4	6 HP / 252 Atk / 252 Spe	NONE	1429.0	906	0	321	NONE
Rivals	DAWN	183	Evergrande City	NONE	single	10	Empoleon	NONE	NONE	Lightning Rod	True	84	fixed	Modest	Torrent	Surf;Flash Cannon;Air Slash;Roost	4	252 HP / 6 SpA / 252 SpD	NONE	395.0	NONE	0	131	NONE
Rivals	DAWN	183	Evergrande City	NONE	single	0	Crobat	Scope Lens	NONE	NONE	False	84	fixed	Jolly	Sniper	Brave Bird;Cross Poison;Leech Life;U-turn	4	6 HP / 252 Atk / 252 Spe	NONE	169.0	471	0	332	NONE
Rivals	DAWN	183	Evergrande City	NONE	single	2	Dragonite	Lum Berry	NONE	NONE	False	84	fixed	Jolly	Multiscale	Dual Wingbeat;Dragon Claw;Iron Head;Dragon Dance	4	6 HP / 252 Atk / 252 Spe	NONE	149.0	522	0	239	NONE
Rivals	DAWN	183	Evergrande City	NONE	single	4	Tapu Fini	Misty Seed	NONE	NONE	False	84	fixed	Timid	Misty Surge	Ice Beam;Hydro Pump;Moonblast;Grass Knot	4	6 HP / 252 SpA / 252 Spe	NONE	788.0	453	0	248	NONE
Rivals	DAWN	183	Evergrande City	NONE	single	6	Urshifu	Expert Belt	NONE	NONE	False	84	fixed	Jolly	Unseen Fist	Close Combat;Sucker Punch;Wicked Blow;Ice Punch	4	6 HP / 252 Atk / 252 Spe	NONE	892.0	477	0	270	NONE
Rivals	DAWN	183	Evergrande City	NONE	single	8	Volcarona	Heavy-Duty Boots	NONE	NONE	False	84	fixed	Timid	Flame Body	Fiery Dance;Bug Buzz;Quiver Dance;Giga Drain	4	6 HP / 252 SpA / 252 Spe	NONE	637.0		0	276	NONE
Rivals	DAWN	183	Evergrande City	NONE	single	10	Sceptile-Mega	Sceptilite	NONE	NONE	False	84	fixed	Jolly	Technician	Dual Chop;Bullet Seed;Earthquake;Swords Dance	4	6 HP / 252 Atk / 252 Spe	NONE	927.0	313	0	359	NONE
Rivals	DAWN	183	Evergrande City	NONE	single	0	Crobat	Scope Lens	NONE	NONE	False	84	fixed	Jolly	Sniper	Brave Bird;Cross Poison;Leech Life;U-turn	4	6 HP / 252 Atk / 252 Spe	NONE	169.0	471	0	332	NONE
Rivals	DAWN	183	Evergrande City	NONE	single	2	Metagross	Air Balloon	NONE	NONE	False	84	fixed	Adamant	Tough Claws	Meteor Mash;Earthquake;Zen Headbutt;Bullet Punch	4	6 HP / 252 Atk / 252 Spe	NONE	376.0	497	0	201	NONE
Rivals	DAWN	183	Evergrande City	NONE	single	4	Tapu Bulu	Grassy Seed	NONE	NONE	False	84	fixed	Jolly	Grassy Surge	Wood Hammer;Play Rough;Superpower;Zen Headbutt	4	6 HP / 252 Atk / 252 Spe	NONE	787.0	454	0	229	NONE
Rivals	DAWN	183	Evergrande City	NONE	single	6	Urshifu	Expert Belt	NONE	NONE	False	84	fixed	Jolly	Unseen Fist	Close Combat;Sucker Punch;Wicked Blow;Ice Punch	4	6 HP / 252 Atk / 252 Spe	NONE	892.0	477	0	270	NONE
Rivals	DAWN	183	Evergrande City	NONE	single	8	Milotic	Leftovers	NONE	NONE	False	84	fixed	Bold	Competitive	Bouncy Bubble;Ice Beam;Recover;Toxic	4	252 HP / 252 Def / 6 SpA	NONE	350.0	472	0	175	NONE
Rivals	DAWN	183	Evergrande City	NONE	single	10	Blaziken-Mega	Blazikenite	NONE	NONE	False	84	fixed	Jolly	Striker	Thunderous Kick;Blaze Kick;Thunder Punch;Bulk Up	4	6 HP / 252 Atk / 252 Spe	NONE	928.0	314	0	276	NONE
Rivals	DAWN	183	Evergrande City	NONE	single	0	Crobat	Scope Lens	NONE	NONE	False	84	fixed	Jolly	Sniper	Brave Bird;Cross Poison;Leech Life;U-turn	4	6 HP / 252 Atk / 252 Spe	NONE	169.0	471	0	332	NONE
Rivals	DAWN	183	Evergrande City	NONE	single	2	Goodra-Hisui	Leftovers	NONE	NONE	False	84	fixed	Calm	Sap Sipper	Dragon Pulse;Wish;Flash Cannon;Toxic	4	252 HP / 6 SpA / 252 SpD	NONE	1006.0	472	1	131	NONE
Rivals	DAWN	183	Evergrande City	NONE	single	4	Tapu Koko	Electric Seed	NONE	NONE	False	84	fixed	Jolly	Electric Surge	Supercell Slam;Return;Play Rough;Roost	4	6 HP / 252 Atk / 252 Spe	NONE	785.0	451	0	332	NONE
Rivals	DAWN	183	Evergrande City	NONE	single	6	Urshifu	Expert Belt	NONE	NONE	False	84	fixed	Jolly	Unseen Fist	Close Combat;Sucker Punch;Wicked Blow;Ice Punch	4	6 HP / 252 Atk / 252 Spe	NONE	892.0	477	0	270	NONE
Rivals	DAWN	183	Evergrande City	NONE	single	8	Ogerpon-Hearthflame	Hearthflame Mask	NONE	NONE	False	84	fixed	Jolly	Mold Breaker	Ivy Cudgel;Wood Hammer;Throat Chop;Swords Dance	4	6 HP / 252 Atk / 252 Spe	NONE	1418.0		0	294	NONE
Rivals	DAWN	183	Evergrande City	NONE	single	10	Swampert-Mega	Swampertite	NONE	NONE	False	84	fixed	Adamant	Swift Swim	Liquidation;Earthquake;Power-Up Punch;Avalanche	4	6 HP / 252 Atk / 252 Spe	NONE	929.0	315	1	201	NONE
Rivals	WALLY	231	Victory Road	NONE	single	0	Sneasler	Focus Sash	NONE	NONE	False	84	fixed	Jolly	Poison Touch	Close Combat;Dire Claw;Fake Out;Rock Slide	4	6 HP / 252 Atk / 252 Spe	NONE	903.0	481	1	313	NONE
Rivals	WALLY	231	Victory Road	NONE	single	2	Shaymin-Sky	Yache Berry	NONE	NONE	False	84	fixed	Timid	Serene Grace	Air Slash;Seed Flare;Earth Power;Psychic	4	6 HP / 252 SpA / 252 Spe	NONE	1072.0	554	0	326	NONE
Rivals	WALLY	231	Victory Road	NONE	single	4	Celesteela	Power Herb	NONE	NONE	False	84	fixed	Modest	Beast Boost	Meteor Beam;Flamethrower;Air Slash;Flash Cannon	4	6 HP / 252 SpA / 252 Spe	NONE	797.0	480	0	186	NONE
Rivals	WALLY	231	Victory Road	NONE	single	6	Darmanitan	Life Orb	NONE	NONE	False	84	fixed	Jolly	Sheer Force	Flare Blitz;Superpower;Rock Slide;Earthquake	4	6 HP / 252 Atk / 252 Spe	NONE	555.0	479	0	267	NONE
Rivals	WALLY	231	Victory Road	NONE	single	8	Raging Bolt	Booster Energy	NONE	NONE	False	84	fixed	Timid	Protosynthesis	Dragon Pulse;Thunderclap;Thunderbolt;Hyper Voice	4	6 HP / 252 SpA / 252 Spe	NONE	1428.0	906	0	229	NONE
Rivals	WALLY	231	Victory Road	NONE	single	10	Gardevoir-Mega	Gardevoirite	NONE	NONE	False	84	fixed	Timid	Pixilate	Hyper Voice;Psychic;Focus Blast;Calm Mind	4	6 HP / 252 SpA / 252 Spe	NONE	930.0	316	0	276	NONE
Team Aqua	GRUNT	1	Petalburg Woods	NONE	single	0	Poochyena	NONE	NONE	NONE	False	Player's Highest Lv -2	scales_to_player	Adamant	Quick Feet	Bite;Tackle	2	NONE	NONE	261.0	NONE	0		NONE
Team Aqua	GRUNT	1	Petalburg Woods	NONE	single	2	Carvanha	NONE	NONE	NONE	False	Player's Highest Lv -2	scales_to_player	Adamant	Rough Skin	Aqua Jet;Bite	2	NONE	NONE	318.0	NONE	0		NONE
Team Aqua	GRUNT	11	Whismur Cave	NONE	single	0	Glameow	Silk Scarf	MISTY TERRAIN	NONE	False	Player's Highest Lv -2	scales_to_player	Hardy	Own Tempo	Fake Out;Knock Off;U-turn;Facade	4	NONE	NONE	431.0	425	0		NONE
Team Aqua	GRUNT	11	Whismur Cave	NONE	single	2	Mightyena	Muscle Band	MISTY TERRAIN	NONE	False	Player's Highest Lv -2	scales_to_player	Adamant	Intimidate	Bite;Sucker Punch;Fire Fang;Thunder Fang	4	NONE	NONE	262.0	475	0		NONE
Team Aqua	GRUNT	11	Whismur Cave	NONE	single	4	Spoink	Sitrus Berry	MISTY TERRAIN	NONE	False	Player's Highest Lv -2	scales_to_player	Calm	Gluttony	Psybeam;Grass Knot;Flash;Icy Wind	4	NONE	NONE	325	NONE			NONE
Team Aqua	GRUNT1	24	Slateport Museum	NONE	single	0	Lokix	Muscle Band	NONE	NONE	False	30	fixed	Adamant	Tinted Lens	First Impression;Lunge;Assurance;Double Kick	4	NONE	NONE	1304.0	475	0	69	NONE
Team Aqua	BACK TO BACK	24		NONE	single	2	Qwilfish	Wacan Berry	NONE	NONE	False	28	fixed	Jolly	Intimidate	Barb Barrage;Waterfall;Aqua Jet;Revenge	4	NONE	NONE	211.0	552	0	67	NONE
Team Aqua	BACK TO BACK	24		NONE	single	4	Golisopod	Muscle Band	NONE	NONE	False	30	fixed	Adamant	Emergency Exit	First Impression;Razor Shell;Aqua Jet;Leech Life	4	NONE	NONE	768.0	475	1	38	NONE
Team Aqua	BACK TO BACK	24		NONE	single	6	Palpitoad	Eviolite	NONE	NONE	False	28	fixed	Timid	Water Absorb	Bubble Beam;Icy Wind;Mud Bomb;Uproar	4	NONE	NONE	536.0	494	1	57	NONE
Team Aqua	BACK TO BACK	24		NONE	single	8	Qwilfish-Hisui	Shuca Berry	NONE	NONE	False	28	fixed	Jolly	Intimidate	Barb Barrage;Throat Chop;Fell Stinger;Flip Turn	4	NONE	NONE	998.0	557	0	67	NONE
Team Aqua	ADMIN MATT	37	Weather Institute	NONE	double	0	Machamp-Mega	Machampite	NONE	NONE	False	64	fixed	Adamant	ORAORAORAORA	Mach Punch;Drain Punch;Thunder Punch;Fire Punch	4	6 HP / 252 Atk / 252 Spe	NONE	1500.0	983	0	161	NONE
Team Aqua	ADMIN MATT	37	Weather Institute	NONE	double	2	Ogerpon-Wellspring	Wellspring Mask	NONE	NONE	False	64	fixed	Jolly	Water Absorb	Ivy Cudgel;Horn Leech;Throat Chop;Play Rough	4	6 HP / 252 Atk / 252 Spe	NONE	1417.0		0	225	NONE
Team Aqua	ADMIN MATT	37	Weather Institute	NONE	double	4	Greninja-Bond	Expert Belt	NONE	NONE	False	64	fixed	Timid	Battle Bond	Dark Pulse;Surf;Ice Beam;Grass Knot	4	6 HP / 252 SpA / 252 Spe	NONE	1112.0	477	0	243	NONE
Team Aqua	GRUNT 2	37		NONE	double	6	Armaldo	Passho Berry	NONE	NONE	False	63	fixed	Adamant	Skill Link	Rock Blast;Pin Missile;Swords Dance;Stomping Tantrum	4	6 HP / 252 Atk / 252 Spe	NONE	348.0	551	0	120	NONE
Team Aqua	GRUNT 2	37		NONE	double	8	Starmie	Focus Sash	NONE	NONE	False	63	fixed	Timid	Illuminate	Hydro Pump;Psychic;Ice Beam;Thunder	4	6 HP / 252 SpA / 252 Spe	NONE	121.0	481	0	229	NONE
Team Aqua	GRUNT 2	37		NONE	double	10	Iron Jugulis	Life Orb	NONE	NONE	False	63	fixed	Timid	Quark Drive	Air Slash;Dark Pulse;Dragon Pulse;Earth Power	4	6 HP / 252 SpA / 252 Spe	NONE	1385.0	479	0	220	NONE
Team Aqua	ADMIN SHELLY	49	Weather Institute	NONE	single	0	Huntail	White Herb	NONE	NONE	False	64	fixed	Jolly	Defiant	Wave Crash;Crunch;Ice Fang;Shell Smash	4	6 HP / 252 Atk / 252 Spe	NONE	367.0	460	0	144	NONE
Team Aqua	ADMIN SHELLY	49	Weather Institute	NONE	single	2	Keldeo-Resolute	Choice Specs	NONE	NONE	False	64	fixed	Timid	Sharpness	Secret Sword;Air Slash;Hydro Pump;Hidden Power Grass	4	6 HP / 252 SpA / 252 Spe	30 Atk / 30 SpA	1106.0	443	0	223	NONE
Team Aqua	ADMIN SHELLY	49	Weather Institute	NONE	single	4	Haxorus	Lum Berry	NONE	NONE	False	64	fixed	Jolly	Mold Breaker	Dual Chop;Earthquake;Poison Jab;Dragon Dance	4	6 HP / 252 Atk / 252 Spe	NONE	612.0	522	0	207	NONE
Team Aqua	ADMIN SHELLY	49	Weather Institute	NONE	single	6	Decidueye	Assault Vest	NONE	NONE	False	64	fixed	Jolly	Tinted Lens	Shadow Sneak;Spirit Shackle;Leaf Blade;Thousand Arrows	4	6 HP / 252 Atk / 252 Spe	NONE	724.0	503	0	212	NONE
Team Aqua	ADMIN SHELLY	49	Weather Institute	NONE	single	8	Braviary-Hisui	Life Orb	NONE	NONE	False	64	fixed	Modest	Sheer Force	Psychic;Air Slash;Heat Wave;Roost	4	6 HP / 252 SpA / 252 Spe	NONE	1004.0	479	0	148	NONE
Team Aqua	ADMIN SHELLY	49	Weather Institute	NONE	single	10	Gyarados-Mega	Gyaradosite	NONE	NONE	False	64	fixed	Jolly	Mold Breaker	Aqua Tail;Crunch;Earthquake;Dragon Dance	4	6 HP / 252 Atk / 252 Spe	NONE	917.0	303	0	184	NONE
Team Aqua	ARCHIE	62	Aqua Hideout	NONE	single	0	Overqwil	Focus Sash	NONE	NONE	False	74	fixed	Jolly	Intimidate	Toxic Spikes;Haze;Barb Barrage;Throat Chop	4	6 HP / 252 Atk / 252 Spe	NONE	904.0	481	1	220	NONE
Team Aqua	ARCHIE	62	Aqua Hideout	NONE	single	2	Basculegion	Assault Vest	NONE	NONE	False	74	fixed	Adamant	Adaptability	Spirit Shackle;Wave Crash;Superpower;Shadow Sneak	4	6 HP / 252 Atk / 252 Spe	NONE	902.0	503	0	190	NONE
Team Aqua	ARCHIE	62	Aqua Hideout	NONE	single	4	Eelektross	Expert Belt	NONE	NONE	False	74	fixed	Timid	Levitate	Thunderbolt;Flamethrower;Dragon Pulse;Thunderclap	4	6 HP / 252 SpA / 252 Spe	NONE	604.0	477	0	162	NONE
Team Aqua	ARCHIE	62	Aqua Hideout	NONE	single	6	Poliwrath	Life Orb	NONE	NONE	False	74	fixed	Jolly	Water Absorb	Surging Strikes;Close Combat;Poison Jab;Jet Punch	4	6 HP / 252 Atk / 252 Spe	NONE	62.0	479	0	195	NONE
Team Aqua	ARCHIE	62	Aqua Hideout	NONE	single	8	Iron Bundle	Booster Energy	NONE	NONE	False	74	fixed	Timid	Quark Drive	Hydro Pump;Ice Beam;Freeze-Dry;Hidden Power Flying	4	6 HP / 252 SpA / 252 Spe	30 SpA / 30 SpD / 30 Spe	1383.0	906	0	302	NONE
Team Aqua	ARCHIE	62	Aqua Hideout	NONE	single	10	Sharpedo-Mega	Sharpedonite	NONE	NONE	False	74	fixed	Jolly	Strong Jaw	Crunch;Psychic Fangs;Aqua Jet;Aqua Fang	4	6 HP / 252 Atk / 252 Spe	NONE	936.0	322	0	251	NONE
Team Aqua	ADMIN SHELLY	75	Seafloor Cavern	NONE	single	0	Keldeo-Resolute	Life Orb	NONE	NONE	False	80	fixed	Timid	Sharpness	Secret Sword;Air Slash;Hydro Pump;Hidden Power Grass	4	6 HP / 252 SpA / 252 Spe	30 Atk / 30 SpA	1106.0	479	0	278	NONE
Team Aqua	BACK TO BACK	75		NONE	single	2	Decidueye	Focus Sash	NONE	NONE	False	80	fixed	Jolly	Tinted Lens	Shadow Sneak;Spirit Shackle;Leaf Blade;Thousand Arrows	4	6 HP / 252 Atk / 252 Spe	NONE	724.0	481	0	264	NONE
Team Aqua	BACK TO BACK	75		NONE	single	4	Goodra-Hisui	Assault Vest	NONE	NONE	False	80	fixed	Calm	Sap Sipper	Dragon Pulse;Thunderbolt;Flash Cannon;Ice Beam	4	252 HP / 6 SpA / 252 SpD	NONE	1006.0	503	0	125	NONE
Team Aqua	BACK TO BACK	75		NONE	single	6	Gyarados-Mega	Gyaradosite	NONE	NONE	False	80	fixed	Jolly	Mold Breaker	Aqua Tail;Crunch;Earthquake;Dragon Dance	4	6 HP / 252 Atk / 252 Spe	NONE	917.0	303	0	229	NONE
Team Aqua	BACK TO BACK	75		NONE	single	8	Froslass	Wide Lens	NONE	NONE	False	80	fixed	Jolly	Stakeout	Triple Axel;Poltergeist;Ice Shard;Wake-Up Slap	4	6 HP / 252 Atk / 252 Spe	NONE	478.0	474	0	281	NONE
Team Aqua	BACK TO BACK	75		NONE	single	10	Greninja-Bond	Expert Belt	NONE	NONE	False	80	fixed	Timid	Battle Bond	Dark Pulse;Surf;Ice Beam;Grass Knot	4	6 HP / 252 SpA / 252 Spe	NONE	1112.0	477	0	302	NONE
Team Aqua	BACK TO BACK	75		NONE	single	12	Dragonite	Heavy-Duty Boots	NONE	NONE	False	80	fixed	Jolly	Multiscale	Dragon Claw;Dual Wingbeat;Earthquake;Dragon Dance	4	6 HP / 252 Atk / 252 Spe	NONE	149.0		0	228	NONE
Team Aqua	BACK TO BACK	75		NONE	single	14	Machamp-Mega	Machampite	NONE	NONE	False	80	fixed	Adamant	ORAORAORAORA	Mach Punch;Drain Punch;Thunder Punch;Fire Punch	4	6 HP / 252 Atk / 252 Spe	NONE	1500.0	983	0	200	NONE
Team Aqua	ARCHIE	88	Seafloor Cavern	NONE	double	0	Iron Bundle	Booster Energy	NONE	NONE	False	80	fixed	Timid	Quark Drive	Hydro Pump;Icy Wind;Freeze-Dry;Hidden Power Flying	4	6 HP / 252 SpA / 252 Spe	30 SpA / 30 SpD / 30 Spe	1383.0	906	0	326	NONE
Team Aqua	ARCHIE	88	Seafloor Cavern	NONE	double	2	Golurk	Focus Sash	NONE	NONE	False	80	fixed	Adamant	No Guard	Dynamic Punch;Poltergeist;Stone Edge;Headlong Rush	4	6 HP / 252 Atk / 252 Spe	NONE	623.0	481	0	168	NONE
Team Aqua	ARCHIE	88	Seafloor Cavern	NONE	double	4	Eelektross	Expert Belt	NONE	NONE	False	80	fixed	Timid	Fatal Precision	Thunderbolt;Flamethrower;Dragon Pulse;Thunderclap	4	6 HP / 252 SpA / 252 Spe	NONE	604.0	477	0	176	NONE
Team Aqua	ARCHIE	88	Seafloor Cavern	NONE	double	6	Quaquaval	Life Orb	NONE	NONE	False	80	fixed	Jolly	Moxie	Aqua Step;Close Combat;Ice Spinner;Brave Bird	4	6 HP / 252 Atk / 252 Spe	NONE	1297.0	479	0	237	NONE
Team Aqua	ARCHIE	88	Seafloor Cavern	NONE	double	8	Sharpedo-Mega	Sharpedonite	NONE	NONE	False	80	fixed	Jolly	Strong Jaw	Crunch;Psychic Fangs;Aqua Jet;Aqua Fang	4	6 HP / 252 Atk / 252 Spe	NONE	936.0	322	0	272	NONE
Team Aqua	ARCHIE	88	Seafloor Cavern	NONE	double	10	Kyogre-Primal	Blue Orb	NONE	NONE	False	80	fixed	Timid	Primordial Sea	Origin Pulse;Thunder;Ice Beam;Water Spout	4	6 HP / 252 SpA / 252 Spe	NONE	954.0	291	0	246	NONE
Team Magma	GRUNT 2	1	Mt. Chimney	NONE	double	0	Cradily	Chople Berry	NONE	NONE	False	42	fixed	Modest	Storm Drain	Power Gem;Giga Drain;Earth Power;Sludge Bomb	4	6 HP / 252 SpA / 252 Spe	NONE	346.0	555	0	80	NONE
Team Magma	GRUNT 2	1	Mt. Chimney	NONE	double	2	Bombirdier	Expert Belt	NONE	NONE	False	42	fixed	Jolly	Rocky Payload	Knock Off;Dual Wingbeat;Sucker Punch;Rock Slide	4	6 HP / 252 SpA / 252 Spe	NONE	1350.0	477	0	124	NONE
Team Magma	GRUNT 2	1	Mt. Chimney	NONE	double	4	Iron Thorns	Air Balloon	NONE	NONE	False	43	fixed	Adamant	Solid Rock	Rock Slide;Supercell Slam;Ice Punch;Accelerock	4	6 HP / 252 Atk / 252 Spe	NONE	1387.0	497	0	107	NONE
Team Magma	ADMIN COURTNEY	1		NONE	double	6	Centiskorch-Mega	Centiskite	NONE	NONE	False	43	fixed	Jolly	Mountaineer	Fire Lash;Crunch;Power Whip;X-Scissor	4	6 HP / 252 Atk / 252 Spe	NONE	1519.0	993	0	129	NONE
Team Magma	ADMIN COURTNEY	1		NONE	double	8	Serperior	Focus Sash	NONE	NONE	False	43	fixed	Timid	Contrary	Leaf Storm;Glare;Dragon Pulse;Hidden Power Ice	4	NONE	30 Spe	497.0	481	0	126	NONE
Team Magma	ADMIN COURTNEY	1		NONE	double	10	Tauros-Paldea-Blaze	Life Orb	NONE	NONE	False	43	fixed	Jolly	Intimidate	Stone Edge;Raging Bull;Close Combat;Zen Headbutt	4	6 HP / 252 Atk / 252 Spe	NONE	1403.0	479	0	144	NONE
Team Magma	ADMIN TABITHA	13	Mt. Chimney	NONE	single	0	Emboar	Muscle Band	NONE	NONE	False	44	fixed	Adamant	Bull Rush	Flare Blitz;Jump Kick;Sucker Punch;Earthquake	4	6 HP / 252 Atk / 252 Spe	NONE	500.0	475	0	103	NONE
Team Magma	ADMIN TABITHA	13	Mt. Chimney	NONE	single	2	Arcanine-Hisui	Expert Belt	NONE	NONE	False	43	fixed	Jolly	Rock Head	Flare Blitz;Head Smash;Accelerock;Wild Charge	4	6 HP / 252 Atk / 252 Spe	NONE	994.0	477	0	134	NONE
Team Magma	ADMIN TABITHA	13	Mt. Chimney	NONE	single	4	Conkeldurr	Life Orb	NONE	NONE	False	43	fixed	Adamant	Sheer Force	Low Sweep;Mach Punch;Ice Punch;Bulk Up	4	6 HP / 252 Atk / 252 Spe	NONE	534.0	479	0	84	NONE
Team Magma	ADMIN TABITHA	13	Mt. Chimney	NONE	single	6	Salazzle	Air Balloon	NONE	NONE	False	43	fixed	Timid	Corrosion	Flamethrower;Toxic;Sludge Bomb;Hidden Power Grass	4	6 HP / 252 SpA / 252 Spe	30 Atk / 30 SpA	758.0	497	0	160	NONE
Team Magma	ADMIN TABITHA	13	Mt. Chimney	NONE	single	8	Houndoom-Mega	Houndoominite	NONE	NONE	False	44	fixed	Timid	Dark Aura	Flamethrower;Dark Pulse;Sludge Bomb;Scorching Sands	4	6 HP / 252 SpA / 252 Spe	NONE	925.0	311	0	161	NONE
Team Magma	MAXIE	25	Mt. Chimney	NONE	single	0	Gigalith	Custap Berry	NONE	NONE	False	44	fixed	Adamant	Sturdy	Rock Slide;Earthquake;Explosion;Body Press	4	6 HP / 252 Atk / 252 Spe	NONE	526.0	576	0	68	NONE
Team Magma	MAXIE	25	Mt. Chimney	NONE	single	2	Cacturne	Life Orb	NONE	NONE	False	44	fixed	Mild	Water Absorb	Energy Ball;Sucker Punch;Dark Pulse;Scorching Sands	4	6 Atk / 252 SpA / 252 Spe	NONE	332.0	479	0	94	NONE
Team Magma	MAXIE	25	Mt. Chimney	NONE	single	4	Coalossal	Air Balloon	NONE	NONE	False	44	fixed	Relaxed	Steam Engine	Flamethrower;Rock Slide;Will-O-Wisp;Scald	4	252 HP / 252 Def / 6 SpD	NONE	839.0	497	0	40	NONE
Team Magma	MAXIE	25	Mt. Chimney	NONE	single	6	Hawlucha	White Herb	NONE	NONE	False	44	fixed	Jolly	Unburden	Close Combat;Acrobatics;Swords Dance;Poison Jab	4	6 HP / 252 Atk / 252 Spe	NONE	701.0	460	0	165	NONE
Team Magma	MAXIE	25	Mt. Chimney	NONE	single	8	Chi-Yu	Choice Specs	NONE	NONE	False	44	fixed	Timid	Beads of Ruin	Flamethrower;Dark Pulse;Psychic;Hidden Power Grass	4	6 HP / 252 SpA / 252 Spe	30 Atk / 30 SpA	1397.0	443	0	147	NONE
Team Magma	MAXIE	25	Mt. Chimney	NONE	single	10	Camerupt-Mega	Cameruptite	NONE	NONE	False	44	fixed	Modest	Sheer Force	Flamethrower;Ancient Power;Earth Power;Slack Off	4	NONE	NONE	937.0	323	1	36	NONE
Team Magma	ADMIN COURTNEY	38	Magma Hideout	NONE	single	0	Talonflame	Focus Sash	NONE	NONE	False	80	fixed	Jolly	Gale Wings	Tailwind;Brave Bird;Flare Blitz;U-turn	4	6 HP / 252 Atk / 252 Spe	NONE	663.0	481	0	309	NONE
Team Magma	BACK TO BACK	38		NONE	single	2	Serperior	Life Orb	NONE	NONE	False	80	fixed	Timid	Contrary	Leaf Storm;Glare;Dragon Pulse;Hidden Power Ice	4	6 HP / 252 SpA / 252 Spe	30 Spe	497.0	479	0	286	NONE
Team Magma	BACK TO BACK	38		NONE	single	4	Kommo-o	Throat Spray	NONE	NONE	False	80	fixed	Timid	Overcoat	Clanging Scales;Aura Sphere;Flash Cannon;Clangorous Soul	4	6 HP / 252 SpA / 252 Spe	NONE	784.0	508	0	237	NONE
Team Magma	BACK TO BACK	38		NONE	single	6	Centiskorch-Mega	Centiskite	NONE	NONE	False	80	fixed	Jolly	Mountaineer	Fire Lash;Leech Life;Knock Off;Power Whip	4	6 HP / 252 Atk / 252 Spe	NONE	1519.0	993	0	237	NONE
Team Magma	BACK TO BACK	38		NONE	single	8	Pawmot	Punching Glove	NONE	NONE	False	80	fixed	Jolly	Iron Fist	Drain Punch;Thunder Punch;Fire Punch;Ice Punch	4	6 HP / 252 Atk / 252 Spe	NONE	1307.0	902	0	272	NONE
Team Magma	BACK TO BACK	38		NONE	single	10	Emboar	Life Orb	NONE	NONE	False	80	fixed	Jolly	Bull Rush	Flare Blitz;Close Combat;Head Smash;Earthquake	4	6 HP / 252 Atk / 252 Spe	NONE	500.0	479	0	202	NONE
Team Magma	BACK TO BACK	38		NONE	single	12	Hydreigon	Choice Specs	NONE	NONE	False	80	fixed	Timid	Levitate	Dark Pulse;Dragon Pulse;Flash Cannon;Hydro Pump	4	6 HP / 252 SpA / 252 Spe	NONE	635.0	443	0	260	NONE
Team Magma	BACK TO BACK	38		NONE	single	14	Houndoom-Mega	Houndoominite	NONE	NONE	False	80	fixed	Timid	Dark Aura	Flamethrower;Fiery Wrath;Sludge Bomb;Scorching Sands	4	6 HP / 252 SpA / 252 Spe	NONE	925.0	311	0	290	NONE
Team Magma	MAXIE	51	Magma Hideout	NONE	double	0	Incineroar	Assault Vest	NONE	NONE	False	80	fixed	Jolly	Intimidate	Fake Out;Darkest Lariat;Flare Blitz;Bulldoze	4	6 HP / 252 Atk / 252 Spe	NONE	727.0	503	0	193	NONE
Team Magma	MAXIE	51	Magma Hideout	NONE	double	2	Hawlucha	White Herb	NONE	NONE	False	80	fixed	Adamant	Unburden	Close Combat;Acrobatics;Swords Dance;Poison Jab	4	6 HP / 252 Atk / 252 Spe	NONE	701.0	460	0	269	NONE
Team Magma	MAXIE	51	Magma Hideout	NONE	double	4	Cacturne	Life Orb	NONE	NONE	False	80	fixed	Timid	Water Absorb	Energy Ball;Sucker Punch;Dark Pulse;Scorching Sands	4	6 HP / 252 SpA / 252 Spe	NONE	332.0	479	0	184	NONE
Team Magma	MAXIE	51	Magma Hideout	NONE	double	6	Chi-Yu	Choice Specs	NONE	NONE	False	80	fixed	Timid	Beads of Ruin	Heat Wave;Dark Pulse;Psychic;Hidden Power Grass	4	6 HP / 252 SpA / 252 Spe	30 Atk / 30 SpA	1397.0	443	0	264	NONE
Team Magma	MAXIE	51	Magma Hideout	NONE	double	8	Camerupt-Mega	Cameruptite	NONE	NONE	False	80	fixed	Modest	Sheer Force	Heat Wave;Ancient Power;Earth Power;Eruption	4	6 HP / 252 SpA / 252 Spe	NONE	937.0	323	1	112	NONE
Team Magma	MAXIE	51	Magma Hideout	NONE	double	10	Groudon-Primal	Red Orb	NONE	NONE	False	80	fixed	Jolly	Desolate Land	Fire Punch;Precipice Blades;Body Press;Rock Slide	4	6 HP / 252 Atk / 252 Spe	NONE	955.0	290	0	246	NONE
Mini bosses	POKEFAN ISABEL	1	Route 110	NONE	double	0	Plusle	Magnet	NONE	NONE	False	Player's Highest Lv -3	scales_to_player	Timid	Transistor	Grass Knot;Signal Beam;Electroweb;Charge Beam	4	NONE	NONE	311.0	428	1		NONE
Mini bosses	POKEFAN ISABEL	1	Route 110	NONE	double	2	Mantine	Sitrus Berry	NONE	NONE	False	Player's Highest Lv -2	scales_to_player	Calm	Water Absorb	Bubble Beam;Icy Wind;Air Slash;Roost	4	NONE	NONE	226.0	523	0		NONE
Mini bosses	POKEFAN KALEB	1		NONE	double	4	Minun	Magnet	NONE	NONE	False	Player's Highest Lv -3	scales_to_player	Jolly	Galvanize	Fake Out;Body Slam;Grass Knot;Quick Attack	4	NONE	NONE	312.0	428	0		NONE
Mini bosses	POKEFAN KALEB	1		NONE	double	6	Rhydon	Eviolite	NONE	NONE	False	Player's Highest Lv -2	scales_to_player	Impish	Lightning Rod	Rock Tomb;Bulldoze;Brick Break;Cut	4	NONE	NONE	112.0	494	0		NONE
Mini bosses	COLLECTOR EDWIN	13	Route 110	NONE	single	0	Ludicolo	Coba Berry	NONE	NONE	False	Player's Highest Lv -2	scales_to_player	Timid	Own Tempo	Mega Drain;Bubble Beam;Aurora Beam;Fake Out	4	NONE	NONE	272.0	558	3		NONE
Mini bosses	COLLECTOR EDWIN	13	Route 110	NONE	single	2	Stoutland	Silk Scarf	NONE	NONE	False	Player's Highest Lv -2	scales_to_player	Jolly	Intimidate	Retaliate;Crunch;Thunder Fang;Psychic Fangs	4	NONE	NONE	508.0	425	0		NONE
Mini bosses	COLLECTOR EDWIN	13	Route 110	NONE	single	4	Clodsire	Black Sludge	NONE	NONE	False	Player's Highest Lv -2	scales_to_player	Impish	Unaware	Poison Jab;Bulldoze;Rock Tomb;Recover	4	NONE	NONE	1371.0	487	1		NONE
Mini bosses	GUITARIST JOSEPH	25	Route 110	NONE	single	0	Slowbro-Galar	Wise Glasses	NONE	NONE	False	Player's Highest Lv -3	scales_to_player	Modest	Quick Draw	Psybeam;Flash;Grass Knot;Venoshock	4	NONE	NONE	978.0	476	1		NONE
Mini bosses	GUITARIST JOSEPH	25	Route 110	NONE	single	2	Crabominable	Punching Glove	NONE	NONE	False	Player's Highest Lv -3	scales_to_player	Adamant	Iron Fist	Ice Punch;Mach Punch;Ice Shard;Drain Punch	4	NONE	NONE	740.0	902	0		NONE
Mini bosses	GUITARIST JOSEPH	25	Route 110	NONE	single	4	Shiftry	Focus Sash	NONE	NONE	False	Player's Highest Lv -3	scales_to_player	Jolly	Wind Rider	Fake Out;Night Slash;Razor Leaf;Sucker Punch	4	NONE	NONE	275.0	481	1		NONE
Mini bosses	GUITARIST JOSEPH	25	Route 110	NONE	single	6	Lanturn	Shuca Berry	NONE	NONE	False	Player's Highest Lv -3	scales_to_player	Modest	Water Absorb	Shock Wave;Scald;Icy Wind;Signal Beam	4	NONE	NONE	171.0	557	0		NONE
Mini bosses	PSYCHIC EDWARD	37	Route 110	NONE	single	0	Dachsbun	Pixie Plate	NONE	NONE	False	Player's Highest Lv -2	scales_to_player	Adamant	Well-Baked Body	Play Rough;Body Press;Body Slam;Dig	4	NONE	NONE	1312.0	266	0		NONE
Mini bosses	PSYCHIC EDWARD	37	Route 110	NONE	single	2	Mudsdale	Sitrus Berry	NONE	NONE	False	Player's Highest Lv -2	scales_to_player	Impish	Stamina	High Horsepower;Body Press;Rock Tomb;Heavy Slam	4	NONE	NONE	750.0	523	0		NONE
Mini bosses	PSYCHIC EDWARD	37	Route 110	NONE	single	4	Cryogonal	Never-Melt Ice	NONE	NONE	False	Player's Highest Lv -2	scales_to_player	Timid	Levitate	Freeze-Dry;Ice Shard;Ancient Power;Recover	4	NONE	NONE	615.0	430	0		NONE
Mini bosses	TRIATHLETE ALYSSA	49	Route 110	NONE	single	0	Exeggutor-Alola	Yache Berry	NONE	NONE	False	Player's Highest Lv -3	scales_to_player	Adamant	Harvest	Dragon Tail;Seed Bomb;Egg Bomb;Brick Break	4	NONE	NONE	972.0	554	0		NONE
Mini bosses	TRIATHLETE ALYSSA	49	Route 110	NONE	single	2	Heatmor	Charcoal	NONE	NONE	False	Player's Highest Lv -3	scales_to_player	Timid	Flash Fire	Flame Burst;Giga Drain;Scorching Sands;Will-O-Wisp	4	NONE	NONE	631.0	426	0		NONE
Mini bosses	TRIATHLETE ALYSSA	49	Route 110	NONE	single	4	Bellibolt	Sitrus Berry	NONE	NONE	False	Player's Highest Lv -3	scales_to_player	Bold	Electromorphosis	Discharge;Mud Shot;Muddy Water;Slack Off	4	NONE	NONE	1327.0	523	0		NONE
Mini bosses	TRIATHLETE ALYSSA	49	Route 110	NONE	single	6	Machoke	Eviolite	NONE	NONE	False	Player's Highest Lv -3	scales_to_player	Jolly	Guts	Drain Punch;Knock Off;Bulk Up;Rock Slide	4	NONE	NONE	67.0	494	0		NONE
Mini bosses	BREEDER EZEKIEL	61	Route 117	NONE	single	0	Loudred	Throat Spray	NONE	NONE	False	Player's Highest Lv -4	scales_to_player	Modest	Punk Rock	Hyper Voice;Shock Wave;Water Pulse;Shadow Ball	4	6 HP / 252 SpA / 252 Spe	NONE	294.0	508	0		NONE
Mini bosses	BREEDER EZEKIEL	61	Route 117	NONE	single	2	Pignite	Muscle Band	NONE	NONE	False	Player's Highest Lv -4	scales_to_player	Adamant	Thick Fat	Brick Break;Fire Punch;Sucker Punch;Flame Charge	4	6 HP / 252 Atk / 252 Spe	NONE	499.0	475	0		NONE
Mini bosses	BREEDER EZEKIEL	61	Route 117	NONE	single	4	Orbeetle	Sitrus Berry	NONE	NONE	False	Player's Highest Lv -4	scales_to_player	Calm	Swarm	Signal Beam;Psyshock;Giga Drain;Confuse Ray	4	252 HP / 6 SpA / 252 SpD	NONE	826.0	523	1		NONE
Mini bosses	BREEDER EZEKIEL	61	Route 117	NONE	single	6	Flamigo	Fighting Gem	NONE	NONE	False	Player's Highest Lv -4	scales_to_player	Jolly	Scrappy	Jump Kick;Acrobatics;Roost;Facade	4	6 HP / 252 Atk / 252 Spe	NONE	1362.0	345	0		NONE
Mini bosses	BREEDER EZEKIEL	61	Route 117	NONE	single	8	Spiritomb	Sitrus Berry	NONE	NONE	False	Player's Highest Lv -4	scales_to_player	Relaxed	Intimidate	Dark Pulse;Hex;Shadow Sneak;Will-O-Wisp	4	252 HP / 252 Def / 6 SpA	NONE	442.0	523	0		NONE
Mini bosses	BREEDER LYDIA	73	Route 117	NONE	single	0	Glimmet	Air Balloon	NONE	NONE	False	Player's Highest Lv -4	scales_to_player	Bold	Toxic Debris	Ancient Power;Sludge Bomb;Energy Ball;Dazzling Gleam	4	252 HP / 252 Def / 6 SpA	NONE	1358.0	497	1		NONE
Mini bosses	BREEDER LYDIA	73	Route 117	NONE	single	2	Bayleef	Eviolite	NONE	NONE	False	Player's Highest Lv -4	scales_to_player	Bold	Overgrow	Mega Drain;Synthesis;Poison Powder;Flash	4	252 HP / 252 Def / 6 SpA	NONE	153.0	494	0		NONE
Mini bosses	BREEDER LYDIA	73	Route 117	NONE	single	4	Seviper	Poison Barb	NONE	NONE	False	Player's Highest Lv -4	scales_to_player	Jolly	Merciless	Poison Jab;Night Slash;Bulldoze;Toxic	4	6 HP / 252 Atk / 252 Spe	NONE	336.0	432	0		NONE
Mini bosses	BREEDER LYDIA	73	Route 117	NONE	single	6	Miltank	Leftovers	NONE	NONE	False	Player's Highest Lv -4	scales_to_player	Jolly	Thick Fat	Body Slam;Milk Drink;Thunder Punch;Toxic	4	6 HP / 252 Atk / 252 Spe	NONE	241.0	472	0		NONE
Mini bosses	BREEDER LYDIA	73	Route 117	NONE	single	8	Sneasel-Hisui	Focus Sash	NONE	NONE	False	Player's Highest Lv -4	scales_to_player	Jolly	Poison Touch	Fake Out;Cross Poison;Ice Punch;Rock Smash	4	6 HP / 252 Atk / 252 Spe	NONE	999.0	481	0		NONE
Mini bosses	HIKER TRENT	85	Route 112	NONE	single	0	Avalugg-Hisui	Never-Melt Ice	NONE	NONE	False	Player's Highest Lv -2	scales_to_player	Impish	Sturdy	Avalanche;Body Press;Rock Slide;Ice Shard	4	252 HP / 6 Atk / 252 Def	NONE	1007.0	430	0		NONE
Mini bosses	HIKER TRENT	85	Route 112	NONE	single	2	Runerigus	Leftovers	NONE	NONE	False	Player's Highest Lv -2	scales_to_player	Impish	Shadow Shield	Shadow Claw;Earthquake;Shadow Sneak;Stone Edge	4	252 HP / 6 Atk / 252 Def	NONE	867.0	472	0		NONE
Mini bosses	HIKER TRENT	85	Route 112	NONE	single	4	Turtonator	White Herb	NONE	NONE	False	Player's Highest Lv -2	scales_to_player	Calm	Dauntless Shield	Flamethrower;Aura Sphere;Dragon Pulse;Shell Smash	4	252 HP / 6 SpA / 252 SpD	NONE	776.0	460	0		NONE
Mini bosses	HIKER TRENT	85	Route 112	NONE	single	6	Bellossom	Leftovers	NONE	NONE	False	Player's Highest Lv -2	scales_to_player	Timid	Chlorophyll	Giga Drain;Sludge Bomb;Quiver Dance;Moonblast	4	6 HP / 252 SpA / 252 Spe	NONE	182.0	472	0		NONE
Mini bosses	PARASOL MADELINE	97	Route 113	NONE	single	0	Sneasler	Focus Sash	NONE	NONE	False	Player's Highest Lv -3	scales_to_player	Jolly	Poison Touch	Fake Out;Dire Claw;Brick Break;Rock Slide	4	6 HP / 252 Atk / 252 Spe	NONE	903.0	481	1		NONE
Mini bosses	PARASOL MADELINE	97	Route 113	NONE	single	2	Honchkrow	Scope Lens	NONE	NONE	False	Player's Highest Lv -3	scales_to_player	Adamant	Super Luck	Drill Peck;Sucker Punch;Night Slash;Roost	4	6 HP / 252 Atk / 252 Spe	NONE	430.0	471	0		NONE
Mini bosses	PARASOL MADELINE	97	Route 113	NONE	single	4	Palossand	Yache Berry	NONE	NONE	False	Player's Highest Lv -2	scales_to_player	Bold	Water Compaction	Earth Power;Shadow Ball;Shore Up;Psychic	4	252 HP / 252 Def / 6 SpA	NONE	770.0	554	0		NONE
Mini bosses	PARASOL MADELINE	97	Route 113	NONE	single	6	Heracross-Mega	Heracronite	NONE	NONE	False	Player's Highest Lv -2	scales_to_player	Adamant	Skill Link	Rock Blast;Arm Thrust;Bullet Seed;Pin Missile	4	6 HP / 252 Atk / 252 Spe	NONE	924.0	310	0		NONE
Mini bosses	TORI AND TIA	109	Route 113	NONE	double	0	Floatzel	Mystic Water	NONE	NONE	False	Player's Highest Lv -2	scales_to_player	Hasty	Technician	Water Pulse;Ice Beam;Fake Out;Aqua Jet	4	6 Atk / 252 SpA / 252 Spe	NONE	419.0	427	1		NONE
Mini bosses	TORI AND TIA	109	Route 113	NONE	double	2	Raichu	Magnet	NONE	NONE	False	Player's Highest Lv -2	scales_to_player	Jolly	Lightning Rod	Fake Out;Zippy Zap;Brick Break;Facade	4	6 HP / 252 Atk / 252 Spe	NONE	26.0	428	0		NONE
Mini bosses	TORI AND TIA	109	Route 113	NONE	double	4	Ribombee	Pixie Plate	NONE	NONE	False	Player's Highest Lv -3	scales_to_player	Timid	Shield Dust	Moonblast;Dazzling Gleam;Bug Buzz;Giga Drain	4	6 HP / 252 SpA / 252 Spe	NONE	743.0	266	1		NONE
Mini bosses	TORI AND TIA	109	Route 113	NONE	double	6	Gumshoos	Silk Scarf	NONE	NONE	False	Player's Highest Lv -3	scales_to_player	Adamant	Adaptability	Return;Crunch;Fire Fang;Ice Fang	4	6 HP / 252 Atk / 252 Spe	NONE	735.0	425	0		NONE
Mini bosses	FISHERMAN KAI	121	Route 114	NONE	single	0	Slowking	Focus Sash	NONE	NONE	False	Player's Highest Lv -2	scales_to_player	Modest	Regenerator	Blizzard;Scald;Yawn;Psychic	4	6 HP / 252 SpA / 252 Spe	NONE	199.0	481	0		NONE
Mini bosses	SNOW BATTLE	121		NONE	single	2	Dewgong	Leftovers	NONE	NONE	False	Player's Highest Lv -2	scales_to_player	Modest	Ice Body	Surf;Ice Beam;Rest;Sleep Talk	4	6 HP / 252 SpA / 252 Spe	NONE	87.0	472	0		NONE
Mini bosses	SNOW BATTLE	121		NONE	single	4	Weavile	Life Orb	NONE	NONE	False	Player's Highest Lv -2	scales_to_player	Jolly	Infiltrator	Fake Out;Icicle Crash;Knock Off;Ice Shard	4	6 HP / 252 Atk / 252 Spe	NONE	461.0	479	2		NONE
Mini bosses	SNOW BATTLE	121		NONE	single	6	Aurorus	Never-Melt Ice	NONE	NONE	False	Player's Highest Lv -2	scales_to_player	Modest	Refrigerate	Hyper Voice;Power Gem;Earth Power;Psychic	4	6 HP / 252 SpA / 252 Spe	NONE	699.0	430	0		NONE
Mini bosses	FISHERMAN CLAUDE	133	Route 114	NONE	single	0	Beartic	Expert Belt	NONE	NONE	False	Player's Highest Lv -2	scales_to_player	Jolly	Slush Rush	Icicle Crash;Brick Break;Night Slash;Earthquake	4	6 HP / 252 Atk / 252 Spe	NONE	614.0	477	1		NONE
Mini bosses	SNOW BATTLE	133		NONE	single	2	Arctovish	Life Orb	NONE	NONE	False	Player's Highest Lv -2	scales_to_player	Adamant	Slush Rush	Fishious Rend;Icicle Crash;Crunch;Facade	4	6 HP / 252 Atk / 252 Spe	NONE	883.0	479	0		NONE
Mini bosses	SNOW BATTLE	133		NONE	single	4	Cloyster	White Herb	NONE	NONE	False	Player's Highest Lv -2	scales_to_player	Naive	Skill Link	Shell Smash;Icicle Spear;Rock Blast;Hydro Pump	4	252 Atk / 6 SpA / 252 Spe	NONE	91.0	460	0		NONE
Mini bosses	SNOW BATTLE	133		NONE	single	6	Araquanid	Mystic Water	NONE	NONE	False	Player's Highest Lv -2	scales_to_player	Adamant	Water Bubble	Liquidation;Leech Life;Mirror Coat;Crunch	4	6 HP / 252 Atk / 252 Spe	NONE	752.0	427	0		NONE
Mini bosses	HIKER LUCAS	145	Route 114	NONE	single	0	Lunatone	Focus Sash	NONE	NONE	False	Player's Highest Lv -2	scales_to_player	Timid	Levitate	Psychic;Power Gem;Hypnosis;Blizzard	4	6 HP / 252 SpA / 252 Spe	NONE	337.0	481	0		NONE
Mini bosses	SNOW BATTLE	145		NONE	single	2	Eiscue	Salac Berry	NONE	NONE	False	Player's Highest Lv -2	scales_to_player	Jolly	Ice Face	Belly Drum;Icicle Crash;Liquidation;Zen Headbutt	4	6 HP / 252 Atk / 252 Spe	NONE	875.0	569	0		NONE
Mini bosses	SNOW BATTLE	145		NONE	single	4	Ninetales-Alola	Light Clay	NONE	NONE	False	Player's Highest Lv -2	scales_to_player	Timid	Snow Warning	Blizzard;Moonblast;Energy Ball;Aurora Veil	4	6 HP / 252 SpA / 252 Spe	NONE	962.0	478	0		NONE
Mini bosses	SNOW BATTLE	145		NONE	single	6	Toxicroak	Muscle Band	NONE	NONE	False	Player's Highest Lv -2	scales_to_player	Jolly	Dry Skin	Fake Out;Poison Jab;Drain Punch;Sucker Punch	4	6 HP / 252 Atk / 252 Spe	NONE	454.0	475	1		NONE
Mini bosses	SNOW BATTLE	145		NONE	single	8	Arctozolt	Life Orb	NONE	NONE	False	Player's Highest Lv -2	scales_to_player	Jolly	Slush Rush	Bolt Beak;Icicle Crash;Pluck;Rock Slide	4	6 HP / 252 Atk / 252 Spe	NONE	881.0	479	0		NONE
Mini bosses	CAMPER CHARLOTTE	157	Route 114	NONE	single	0	Darmanitan-Galar	Choice Scarf	NONE	NONE	False	Player's Highest Lv -1	scales_to_player	Jolly	Gorilla Tactics	Icicle Crash;Earthquake;Fire Punch;U-turn	4	6 HP / 252 Atk / 252 Spe	NONE	990	444			NONE
Mini bosses	SNOW BATTLE	157		NONE	single	2	Golem	Rindo Berry	NONE	NONE	False	Player's Highest Lv -1	scales_to_player	Impish	Sturdy	Rock Polish;Earthquake;Rock Slide;Explosion	4	252 HP / 6 Atk / 252 Def	NONE	76.0	553	0		NONE
Mini bosses	SNOW BATTLE	157		NONE	single	4	Tatsugiri	Wise Glasses	NONE	NONE	False	Player's Highest Lv -1	scales_to_player	Timid	Storm Drain	Dragon Pulse;Surf;Icy Wind;Nasty Plot	4	6 HP / 252 SpA / 252 Spe	NONE	1367.0	476	0		NONE
Mini bosses	SNOW BATTLE	157		NONE	single	6	Froslass	Expert Belt	NONE	NONE	False	Player's Highest Lv -1	scales_to_player	Timid	Ice Body	Blizzard;Bitter Malice;Thunderbolt;Destiny Bond	4	6 HP / 252 SpA / 252 Spe	NONE	478.0	477	0		NONE
Mini bosses	SNOW BATTLE	157		NONE	single	8	Glalie-Mega	Glalitite	NONE	NONE	False	Player's Highest Lv -1	scales_to_player	Jolly	Refrigerate	Return;Earthquake;Explosion;Crunch	4	6 HP / 252 Atk / 252 Spe	NONE	941.0	327	0		NONE
Mini bosses	CAMPER CELIA	169	Route 111	NONE	single	0	Gastrodon	Leftovers	NONE	NONE	False	Player's Highest Lv -2	scales_to_player	Modest	Sand Force	Scald;Earth Power;Clear Smog;Recover	4	6 HP / 252 SpA / 252 Spe	NONE	423.0	472	1		NONE
Mini bosses	SAND BATTLE	169		NONE	single	2	Wyrdeer	Safety Goggles	NONE	NONE	False	Player's Highest Lv -2	scales_to_player	Hasty	Sap Sipper	Psychic;Lunge;Earthquake;Hyper Voice	4	6 Atk / 252 SpA / 252 Spe	NONE	899.0	504	0		NONE
Mini bosses	SAND BATTLE	169		NONE	single	4	Dracozolt	Life Orb	NONE	NONE	False	Player's Highest Lv -2	scales_to_player	Jolly	Sand Rush	Bolt Beak;Dragon Claw;Earthquake;Body Slam	4	6 HP / 252 Atk / 252 Spe	NONE	880.0	479	0		NONE
Mini bosses	SAND BATTLE	169		NONE	single	6	Mawile-Mega	Mawilite	NONE	NONE	False	Player's Highest Lv -1	scales_to_player	Adamant	Huge Power	Sucker Punch;Iron Head;Play Rough;Swords Dance	4	6 HP / 252 Atk / 252 Spe	NONE	932.0	318	0		NONE
Mini bosses	HIKER DUSTY	181	Route 111	NONE	single	0	Dugtrio-Alola	Life Orb	NONE	NONE	False	Player's Highest Lv -2	scales_to_player	Jolly	Sand Force	Earthquake;Iron Head;Sucker Punch;Stone Edge	4	6 HP / 252 Atk / 252 Spe	NONE	964.0	479	0		NONE
Mini bosses	SAND BATTLE	181		NONE	single	2	Minior	White Herb	NONE	NONE	False	Player's Highest Lv -2	scales_to_player	Naive	Shields Down	Shell Smash;Power Gem;Earthquake;Acrobatics	4	252 Atk / 6 SpA / 252 Spe	NONE	774.0	460	0		NONE
Mini bosses	SAND BATTLE	181		NONE	single	4	Dracovish	Mystic Water	NONE	NONE	False	Player's Highest Lv -2	scales_to_player	Jolly	Sand Rush	Fishious Rend;Dragon Claw;Psychic Fangs;Ice Fang	4	6 HP / 252 Atk / 252 Spe	NONE	882.0	427	1		NONE
Mini bosses	SAND BATTLE	181		NONE	single	6	Aerodactyl-Mega	Aerodactylite	NONE	NONE	False	Player's Highest Lv -1	scales_to_player	Jolly	Tough Claws	Hone Claws;Stone Edge;Earthquake;Dual Wingbeat	4	6 HP / 252 Atk / 252 Spe	NONE	918.0	304	1		NONE
Mini bosses	CAMPER DREW	193	Route 111	NONE	double	0	Excadrill	Life Orb	NONE	NONE	False	Player's Highest Lv -1	scales_to_player	Jolly	Sand Rush	Earthquake;Iron Head;Rock Slide;Brick Break	4	6 HP / 252 Atk / 252 Spe	NONE	530.0	479	0		NONE
Mini bosses	SAND BATTLE	193		NONE	double	2	Sandy Shocks	Air Balloon	NONE	NONE	False	Player's Highest Lv -1	scales_to_player	Timid	Water Compaction	Discharge;Earth Power;Flash Cannon;Thunderbolt	4	6 HP / 252 SpA / 252 Spe	NONE	1381.0	497	0		NONE
Mini bosses	SAND BATTLE	193		NONE	double	4	Sandaconda-Mega	Sandacondite	NONE	NONE	False	Player's Highest Lv -1	scales_to_player	Jolly	Aerilate	Double-Edge;Quick Attack;High Horsepower;Scale Shot	4	6 HP / 252 Atk / 252 Spe	NONE	1517.0	991	0		NONE
Mini bosses	CAMPER BRANDEN	193		NONE	double	6	Rotom-Mow	Focus Sash	NONE	NONE	False	Player's Highest Lv -1	scales_to_player	Timid	Levitate	Discharge;Giga Drain;Hex;Confuse Ray	4	6 HP / 252 SpA / 252 Spe	NONE	1068.0	481	0		NONE
Mini bosses	CAMPER BRANDEN	193		NONE	double	8	Arcanine-Hisui	Air Balloon	NONE	NONE	False	Player's Highest Lv -1	scales_to_player	Jolly	Intimidate	Head Smash;Headlong Rush;Flare Blitz;Extreme Speed	4	6 HP / 252 Atk / 252 Spe	NONE	994.0	497	0		NONE
Mini bosses	CAMPER BRANDEN	193		NONE	double	10	Mr. Rime	Safety Goggles	NONE	NONE	False	Player's Highest Lv -1	scales_to_player	Timid	Screen Cleaner	Freeze Dry;Psychic;Focus Blast;Teeter Dance	4	6 HP / 252 SpA / 252 Spe	NONE	866.0	504	0		NONE
Mini bosses	MANIAC CALE	205	Route 121	NONE	single	0	Golduck	Mystic Water	NONE	NONE	False	Player's Highest Lv -2	scales_to_player	Timid	Swift Swim	Scald;Psychic;Ice Beam;Aqua Jet	4	6 HP / 252 SpA / 252 Spe	NONE	55.0	427	0		NONE
Mini bosses	RAIN BATTLE	205		NONE	single	2	Clawitzer	Choice Specs	NONE	NONE	False	Player's Highest Lv -2	scales_to_player	Modest	Mega Launcher	Water Pulse;Dark Pulse;Ice Beam;Aura Sphere	4	6 HP / 252 SpA / 252 Spe	NONE	693.0	443	0		NONE
Mini bosses	RAIN BATTLE	205		NONE	single	4	Shiinotic	Leftovers	NONE	NONE	False	Player's Highest Lv -2	scales_to_player	Calm	Rain Dish	Giga Drain;Spore;Moonblast;Flash	4	252 HP / 6 SpA / 252 SpD	NONE	756.0	472	0		NONE
Mini bosses	RAIN BATTLE	205		NONE	single	6	Zebstrika	Life Orb	NONE	NONE	False	Player's Highest Lv -1	scales_to_player	Jolly	Sap Sipper	Flare Blitz;Wild Charge;Facade;Zippy Zap	4	6 HP / 252 Atk / 252 Spe	NONE	523.0	479	0		NONE
Mini bosses	MANIAC TAMMY	217	Route 121	NONE	single	0	Jynx	Focus Sash	NONE	NONE	False	Player's Highest Lv -2	scales_to_player	Timid	Dry Skin	Freeze-Dry;Psystrike;Fake Out;Lovely Kiss	4	6 HP / 252 SpA / 252 Spe	NONE	124.0	481	0		NONE
Mini bosses	RAIN BATTLE	217		NONE	single	2	Toxicroak	Life Orb	NONE	NONE	False	Player's Highest Lv -2	scales_to_player	Jolly	Dry Skin	Fake Out;Gunk Shot;Close Combat;Sucker Punch	4	6 HP / 252 Atk / 252 Spe	NONE	454.0	479	1		NONE
Mini bosses	RAIN BATTLE	217		NONE	single	4	Heliolisk	Wise Glasses	NONE	NONE	False	Player's Highest Lv -2	scales_to_player	Timid	Dry Skin	Thunder;Boomburst;Dragon Pulse;Surf	4	6 HP / 252 SpA / 252 Spe	NONE	695.0	476	0		NONE
Mini bosses	RAIN BATTLE	217		NONE	single	6	Vivillon	Sharp Beak	NONE	NONE	False	Player's Highest Lv -1	scales_to_player	Timid	Shield Dust	Quiver Dance;Hurricane;Giga Drain;Sleep Powder	4	6 HP / 252 SpA / 252 Spe	NONE	666.0	434	0		NONE
Mini bosses	BEAUTY JESSICA	229	Route 121	NONE	single	0	Magnezone	Custap Berry	NONE	NONE	False	Player's Highest Lv -2	scales_to_player	Naive	Sturdy	Thunder;Body Press;Explosion;Flash Cannon	4	6 Atk / 252 SpA / 252 Spe	NONE	462.0	576	0		NONE
Mini bosses	RAIN BATTLE	229		NONE	single	2	Crawdaunt	Life Orb	NONE	NONE	False	Player's Highest Lv -2	scales_to_player	Adamant	Adaptability	Aqua Jet;Liquidation;Knock Off;X-Scissor	4	6 HP / 252 Atk / 252 Spe	NONE	342.0	479	0		NONE
Mini bosses	RAIN BATTLE	229		NONE	single	4	Gliscor	Toxic Orb	NONE	NONE	False	Player's Highest Lv -2	scales_to_player	Jolly	Poison Heal	Roost;Earthquake;Dual Wingbeat;Knock Off	4	6 HP / 252 Atk / 252 Spe	NONE	472.0	446	0		NONE
Mini bosses	RAIN BATTLE	229		NONE	single	6	Blastoise-Mega	Blastoisinite	NONE	NONE	False	Player's Highest Lv -1	scales_to_player	Modest	Mega Launcher	Aura Sphere;Ice Beam;Water Pulse;Shell Smash	4	6 HP / 252 SpA / 252 Spe	NONE	909.0	295	0		NONE
Mini bosses	GENTLEMAN WALTER	241	Route 121	NONE	double	0	Seaking	Focus Sash	NONE	NONE	False	Player's Highest Lv -1	scales_to_player	Jolly	Lightning Rod	Fishious Rend;Aqua Jet;Megahorn;Scale Shot	4	6 HP / 252 Atk / 252 Spe	NONE	119.0	481	0		NONE
Mini bosses	RAIN BATTLE	241		NONE	double	2	Corviknight	Leftovers	NONE	NONE	False	Player's Highest Lv -1	scales_to_player	Adamant	Unnerve	Body Press;Brave Bird;Iron Head;Tailwind	4	6 HP / 252 Atk / 252 Spe	NONE	823.0	472	0		NONE
Mini bosses	RAIN BATTLE	241		NONE	double	4	Omastar	White Herb	NONE	NONE	False	Player's Highest Lv -1	scales_to_player	Timid	Swift Swim	Hydro Pump;Ice Beam;Earth Power;Shell Smash	4	6 HP / 252 SpA / 252 Spe	NONE	139.0	460	0		NONE
Mini bosses	POKEFAN VANESSA	241		NONE	double	6	Kilowattrel	Yache Berry	NONE	NONE	False	Player's Highest Lv -1	scales_to_player	Timid	Static	Hurricane;Thunder;Discharge;Weather Ball	4	6 HP / 252 SpA / 252 Spe	NONE	1329.0	554	0		Hurricaine
Mini bosses	POKEFAN VANESSA	241		NONE	double	8	Kabutops	Life Orb	NONE	NONE	False	Player's Highest Lv -1	scales_to_player	Jolly	Swift Swim	Liquidation;Stone Edge;X-Scissor;Swords Dance	4	6 HP / 252 Atk / 252 Spe	NONE	141.0	479	0		NONE
Mini bosses	POKEFAN VANESSA	241		NONE	double	10	Drednaw-Mega	Drednawite	NONE	NONE	False	Player's Highest Lv -1	scales_to_player	Jolly	Strong Jaw	Jaw Lock;Ice Fang;Crunch;Aqua Fang	4	6 HP / 252 Atk / 252 Spe	NONE	1513.0	988	0		NONE
Mini bosses	BATTLE GIRL JENNY	253	Route 124	NONE	single	0	Heliolisk	Air Balloon	NONE	NONE	False	Player's Highest Lv -2	scales_to_player	Timid	Solar Power	Thunderbolt;Boomburst;Weather Ball;Hidden Power Ice	4	NONE	30 Spe	695.0	497	0		NONE
Mini bosses	SUN BATTLE	253		NONE	single	2	Torkoal	Custap Berry	NONE	NONE	False	Player's Highest Lv -2	scales_to_player	Quiet	White Smoke	Overheat;Earth Power;Solar Beam;Explosion	4	252 HP / 6 Atk / 252 SpA	NONE	324.0	576	0		NONE
Mini bosses	SUN BATTLE	253		NONE	single	4	Victreebel	Life Orb	NONE	NONE	False	Player's Highest Lv -2	scales_to_player	Hasty	Chlorophyll	Leaf Storm;Solar Blade;Gunk Shot;Leech Life	4	6 HP / 252 Atk / 252 Spe	NONE	71.0	479	0		NONE
Mini bosses	SUN BATTLE	253		NONE	single	6	Archeops	Sitrus Berry	NONE	NONE	False	Player's Highest Lv -1	scales_to_player	Jolly	Defeatist	Brave Bird;Head Smash;Earthquake;Roost	4	6 HP / 252 Atk / 252 Spe	NONE	567.0	523	1		NONE
Mini bosses	SUN BATTLE	253		NONE	single	8	Flapple-Mega	Flapplite	NONE	NONE	False	Player's Highest Lv -1	scales_to_player	Jolly	Dragon's Maw	Grav Apple;Scale Shot;Sucker Punch;Dragon Dance	4	6 HP / 252 Atk / 252 Spe	NONE	1515.0		1		NONE
Mini bosses	KINDLER SPENCER	265	Route 124	NONE	single	0	Swampert	Rindo Berry	NONE	NONE	False	Player's Highest Lv -2	scales_to_player	Careful	Torrent	Knock Off;Earthquake;Flip Turn;Stealth Rock	4	252 HP / 6 Atk / 252 SpD	NONE	260.0	553	0		NONE
Mini bosses	SUN BATTLE	265		NONE	single	2	Sunflora	Life Orb	NONE	NONE	False	Player's Highest Lv -2	scales_to_player	Timid	Chlorophyll	Seed Flare;Weather Ball;Earth Power;Sludge Bomb	4	6 HP / 252 SpA / 252 Spe	NONE	192.0	479	0		NONE
Mini bosses	SUN BATTLE	265		NONE	single	4	Chandelure	Choice Specs	NONE	NONE	False	Player's Highest Lv -2	scales_to_player	Timid	Shadow Tag	Shadow Ball;Flamethrower;Energy Ball;Scorching Sands	4	6 HP / 252 SpA / 252 Spe	NONE	609.0	443	0		NONE
Mini bosses	SUN BATTLE	265		NONE	single	6	Baxcalibur	Focus Sash	NONE	NONE	False	Player's Highest Lv -1	scales_to_player	Jolly	Thermal Exchange	Glaive Rush;Iron Head;Icicle Crash;Dragon Dance	4	6 HP / 252 Atk / 252 Spe	NONE	1390.0	481	0		NONE
Mini bosses	SUN BATTLE	265		NONE	single	8	Medicham-Mega	Medichamite	NONE	NONE	False	Player's Highest Lv -1	scales_to_player	Jolly	Huge Power	Zen Headbutt;Close Combat;Bullet Punch;Rock Slide	4	6 HP / 252 Atk / 252 Spe	NONE	934.0	320	0		NONE
Mini bosses	TRIATHLETE GRACE	277	Route 124	NONE	double	0	Typhlosion	Wise Glasses	NONE	NONE	False	Player's Highest Lv -1	scales_to_player	Quiet	Blazing Soul	Eruption;Heat Wave;Solar Beam;Focus Blast	4	252 HP / 6 Def / 252 SpA	0 Spe	157.0	476	0		NONE
Mini bosses	SUN BATTLE	277		NONE	double	2	Shiftry	Expert Belt	NONE	NONE	False	Player's Highest Lv -1	scales_to_player	Naughty	Chlorophyll	Solar Blade;Ceaseless Edge;Heat Wave;Hidden Power Rock	4	6 HP / 252 Atk / 252 Spe	30 Def / 30 SpD / 30 Spe	275.0	477	0		NONE
Mini bosses	SUN BATTLE	277		NONE	double	4	Coalossal-Mega	Coalossite	NONE	NONE	False	Player's Highest Lv -1	scales_to_player	Quiet	Mountaineer	Burn Up;Flash Cannon;Hydro Steam;Power Gem	4	6 HP / 252 Def / 252 SpA	0 Spe	1514.0	989	0		NONE
Mini bosses	TRIATHLETE DECLAN	277		NONE	double	6	Farigiraf	Focus Sash	NONE	NONE	False	Player's Highest Lv -1	scales_to_player	Quiet	Armor Tail	Psyshock;Thunderbolt;Hyper Voice;Trick Room	4	252 HP / 252 SpA / 6 SpD	0 Spe	1372.0	481	0		NONE
Mini bosses	TRIATHLETE DECLAN	277		NONE	double	8	Slither Wing	Life Orb	NONE	NONE	False	Player's Highest Lv -1	scales_to_player	Brave	Protosynthesis	First Impression;Close Combat;Leech Life;Stomping Tantrum	4	6 HP / 252 Atk / 252 SpD	0 Spe	1380.0	479	0		NONE
Mini bosses	TRIATHLETE DECLAN	277		NONE	double	10	Cinderace	Wide Lens	NONE	NONE	False	Player's Highest Lv -1	scales_to_player	Jolly	Libero	Pyro Ball;Sucker Punch;High Jump Kick;Gunk Shot	4	6 HP / 252 Atk / 252 Spe	NONE	815.0	474	1		NONE
Trick House	LASS SALLY	1		NONE	single	0	Arbok	Focus Sash	NONE	NONE	False	Player's Highest Lv -2	scales_to_player	Adamant	Intimidate	Poison Jab;Crunch;Sucker Punch;Earthquake	4	6 HP / 252 Atk / 252 Spe	NONE	24.0	481	0		NONE
Trick House	LASS SALLY	1		NONE	single	2	Grafaiai	Normal Gem	NONE	NONE	False	Player's Highest Lv -2	scales_to_player	Jolly	Poison Touch	Fury Swipes;Poison Jab;Knock Off;Parting Shot	4	6 HP / 252 Atk / 252 Spe	NONE	1333.0	339	0		NONE
Trick House	LASS SALLY	1		NONE	single	4	Toxicroak	Expert Belt	NONE	NONE	False	Player's Highest Lv -2	scales_to_player	Jolly	Poison Touch	Fake Out;Poison Jab;Drain Punch;Sucker Punch	4	6 HP / 252 Atk / 252 Spe	NONE	454.0	477	1		NONE
Trick House	LASS SALLY	1		NONE	single	6	Gengar	Life Orb	NONE	NONE	False	Player's Highest Lv -2	scales_to_player	Timid	Levitate	Shadow Ball;Sludge Bomb;Psychic;Focus Blast	4	6 HP / 252 SpA / 252 Spe	NONE	94.0	479	0		NONE
Trick House	LASS SALLY	1		NONE	single	8	Iron Moth	Air Balloon	NONE	NONE	False	Player's Highest Lv -1	scales_to_player	Timid	Quark Drive	Sludge Wave;Fiery Dance;Dazzling Gleam;Energy Ball	4	6 HP / 252 SpA / 252 Spe	NONE	1386.0	497	0		NONE
Trick House	LASS ROBIN	13		NONE	single	0	Weezing-Galar	Black Sludge	NONE	NONE	False	Player's Highest Lv -2	scales_to_player	Bold	Levitate	Strange Steam;Clear Smog;Heat Wave;Sludge Bomb	4	252 HP / 252 Def / 6 SpA	NONE	980.0	487	0		NONE
Trick House	LASS ROBIN	13		NONE	single	2	Ariados	Scope Lens	NONE	NONE	False	Player's Highest Lv -2	scales_to_player	Jolly	Sniper	Cross Poison;Megahorn;Sucker Punch;Night Slash	4	6 HP / 252 Atk / 252 Spe	NONE	168.0	471	1		NONE
Trick House	LASS ROBIN	13		NONE	single	4	Tentacruel	Leftovers	NONE	NONE	False	Player's Highest Lv -2	scales_to_player	Timid	Clear Body	Hydro Pump;Sludge Bomb;Hex;Toxic	4	6 HP / 252 SpA / 252 Spe	NONE	73.0	472	0		NONE
Trick House	LASS ROBIN	13		NONE	single	6	Toxtricity	Life Orb	NONE	NONE	False	Player's Highest Lv -2	scales_to_player	Timid	Punk Rock	Overdrive;Boomburst;Psychic Noise;Sludge Bomb	4	6 HP / 252 SpA / 252 Spe	NONE	849.0	479	0		NONE
Trick House	LASS ROBIN	13		NONE	single	8	Garbodor-Mega	Garbodorite	NONE	NONE	False	Player's Highest Lv -2	scales_to_player	Jolly	Parasitic Waste	Gunk Shot;Body Slam;Drain Punch;Earthquake	4	6 HP / 252 Atk / 252 Spe	NONE	1506.0	986	0		NONE
Trick House	LASS ROBIN	13		NONE	single	10	Nihilego	Air Balloon	NONE	NONE	False	Player's Highest Lv -1	scales_to_player	Timid	Beast Boost	Sludge Wave;Power Gem;Dazzling Gleam;Grass Knot	4	6 HP / 252 SpA / 252 Spe	NONE	793.0	497	0		NONE
Trick House	YOUNGSTER EDDIE	25		NONE	single	0	Qwilfish	Focus Sash	NONE	NONE	False	Player's Highest Lv -2	scales_to_player	Impish	Intimidate	Toxic Spikes;Taunt;Flip Turn;Explosion	4	252 HP / 6 Atk / 252 Def	NONE	211.0	481	0		NONE
Trick House	YOUNGSTER EDDIE	25		NONE	single	2	Revavroom	Air Balloon	NONE	NONE	False	Player's Highest Lv -2	scales_to_player	Jolly	Filter	Gunk Shot;Spin Out;Shift Gear;High Horsepower	4	6 HP / 252 Atk / 252 Spe	NONE	1355.0	497	0		NONE
Trick House	YOUNGSTER EDDIE	25		NONE	single	4	Drapion	Scope Lens	NONE	NONE	False	Player's Highest Lv -2	scales_to_player	Jolly	Sniper	Wicked Blow;Cross Poison;Ice Fang;Brick Break	4	6 HP / 252 Atk / 252 Spe	NONE	452.0	471	0		NONE
Trick House	YOUNGSTER EDDIE	25		NONE	single	6	Beedrill-Mega	Beedrillite	NONE	NONE	False	Player's Highest Lv -2	scales_to_player	Jolly	Adaptability	Swords Dance;X-Scissor;Poison Jab;Drill Run	4	6 HP / 252 Atk / 252 Spe	NONE	910.0	296	0		NONE
Trick House	YOUNGSTER EDDIE	25		NONE	single	8	Naganadel	Life Orb	NONE	NONE	False	Player's Highest Lv -1	scales_to_player	Timid	Beast Boost	Sludge Wave;Dragon Pulse;Fire Blast;Nasty Plot	4	6 HP / 252 SpA / 252 Spe	NONE	804.0	479	0		NONE
Trick House	PICNICKER RACHEL	38		NONE	single	0	Leavanny	Focus Sash	NONE	NONE	False	Player's Highest Lv -2	scales_to_player	Jolly	Sharpness	Leaf Blade;X-Scissor;Sacred Sword;Swords Dance	4	6 HP / 252 Atk / 252 Spe	NONE	542.0	481	0		NONE
Trick House	PICNICKER RACHEL	38		NONE	single	2	Electrode-Hisui	Life Orb	NONE	NONE	False	Player's Highest Lv -2	scales_to_player	Modest	Reckless	Chloroblast;Thunderbolt;Volt Switch;Flash Cannon	4	6 HP / 252 SpA / 252 Spe	NONE	996.0	479	0		NONE
Trick House	PICNICKER RACHEL	38		NONE	single	4	Crustle	White Herb	NONE	NONE	False	Player's Highest Lv -2	scales_to_player	Adamant	Sturdy	Shell Smash;X-Scissor;Knock Off;Stone Edge	4	6 HP / 252 Atk / 252 Spe	NONE	558.0	460	0		NONE
Trick House	PICNICKER RACHEL	38		NONE	single	6	Roserade	NONE	NONE	Technician	True	Player's Highest Lv -2	scales_to_player	Timid	Technician	Mega Drain;Sludge;Ancient Power;Hidden Power Fire	4	6 HP / 252 SpA / 252 Spe	30 Atk / 30 SpA / 30 Spe	407.0	NONE	1		NONE
Trick House	PICNICKER RACHEL	38		NONE	single	10	Kartana	Expert Belt	NONE	NONE	False	Player's Highest Lv -1	scales_to_player	Jolly	Beast Boost	Leaf Blade;Smart Strike;Sacred Sword;Night Slash	4	6 HP / 252 Atk / 252 Spe	NONE	798.0	477	0		NONE
Trick House	GIRL GEORGIA	50		NONE	single	0	Trevenant	Sitrus Berry	NONE	NONE	False	Player's Highest Lv -2	scales_to_player	Impish	Harvest	Leech Seed;Confuse Ray;Horn Leech;Poltergeist	4	252 HP / 6 Atk / 252 Def	NONE	709.0	523	0		NONE
Trick House	GIRL GEORGIA	50		NONE	single	2	Toedscruel	Yache Berry	NONE	NONE	False	Player's Highest Lv -2	scales_to_player	Timid	Clear Body	Spore;Leech Seed;Earth Power;Giga Drain	4	6 HP / 252 SpA / 252 Spe	NONE	1337.0	554	1		NONE
Trick House	GIRL GEORGIA	50		NONE	single	4	Masquerain	Expert Belt	NONE	NONE	False	Player's Highest Lv -2	scales_to_player	Timid	Intimidate	Bug Buzz;Scald;Ice Beam;Quiver Dance	4	6 HP / 252 SpA / 252 Spe	NONE	284.0	477	0		NONE
Trick House	GIRL GEORGIA	50		NONE	single	6	Butterfree	Butterfrite	NONE	NONE	False	Player's Highest Lv -2	scales_to_player	Timid	Compound Eyes	Quiver Dance;Hurricane;Bug Buzz;Giga Drain	4	6 HP / 252 SpA / 252 Spe	NONE	12.0	982	0		NONE
Trick House	GIRL GEORGIA	50		NONE	single	8	Wo-Chien	Leftovers	NONE	NONE	False	Player's Highest Lv -1	scales_to_player	Bold	Tablets of Ruin	Leech Seed;Stun Spore;Giga Drain;Ruination	4	252 HP / 252 Def / 6 SpA	NONE	1394.0	472	0		NONE
Trick House	KID TED	62		NONE	single	0	Kleavor	Focus Sash	NONE	NONE	False	Player's Highest Lv -2	scales_to_player	Jolly	Sharpness	Stone Axe;X-Scissor;Accelerock;Night Slash	4	6 HP / 252 Atk / 252 Spe	NONE	900.0	481	0		NONE
Trick House	KID TED	62		NONE	single	2	Jumpluff	Yache Berry	NONE	NONE	False	Player's Highest Lv -2	scales_to_player	Jolly	Aerilate	Double-Edge;Leaf Blade;Swords Dance;Strength Sap	4	6 HP / 252 Atk / 252 Spe	NONE	189.0	554	1		NONE
Trick House	KID TED	62		NONE	single	4	Parasect	Leftovers	NONE	NONE	False	Player's Highest Lv -2	scales_to_player	Adamant	Dry Skin	Spore;Sappy Seed;Leech Life;Crabhammer	4	6 HP / 252 Atk / 252 Spe	NONE	47.0	472	0		NONE
Trick House	KID TED	62		NONE	single	6	Snorlax	Snorlaxite	NONE	NONE	False	Player's Highest Lv -2	scales_to_player	Adamant	Thick Fat	Body Slam;Wood Hammer;Earthquake;Heavy Slam	4	6 HP / 252 Atk / 252 Spe	NONE	143.0	985	0		NONE
Trick House	KID TED	62		NONE	single	8	Pheromosa	Expert Belt	NONE	NONE	False	Player's Highest Lv -1	scales_to_player	Mild	Beast Boost	Bug Buzz;Close Combat;Aura Sphere;Ice Beam	4	6 Atk / 252 SpA / 252 Spe	NONE	795.0	477	0		NONE
Trick House	CAMPER RUSTY	75		NONE	single	0	Duraludon	Eviolite	NONE	NONE	False	Player's Highest Lv -1	scales_to_player	Relaxed	Heavy Metal	Flash Cannon;Dragon Pulse;Body Press;Dragon Tail	4	252 HP / 252 Def / 6 SpA	NONE	884.0	494	0		NONE
Trick House	CAMPER RUSTY	75		NONE	single	2	Bronzong	Occa Berry	NONE	NONE	False	Player's Highest Lv -2	scales_to_player	Relaxed	Levitate	Psychic;Gyro Ball;Body Press;Earthquake	4	252 HP / 252 Def / 6 SpD	NONE	437.0	550	0		NONE
Trick House	CAMPER RUSTY	75		NONE	single	4	Gholdengo	Air Balloon	NONE	NONE	False	Player's Highest Lv -2	scales_to_player	Timid	Good as Gold	Nasty Plot;Shadow Ball;Make It Rain;Focus Blast	4	6 HP / 252 SpA / 252 Spe	NONE	1393.0	497	0		NONE
Trick House	CAMPER RUSTY	75		NONE	single	6	Samurott	Assault Vest	NONE	NONE	False	Player's Highest Lv -2	scales_to_player	Jolly	Sharpness	Smart Strike;Knock Off;Razor Shell;Sacred Sword	4	6 HP / 252 Atk / 252 Spe	NONE	503.0	503	0		NONE
Trick House	CAMPER RUSTY	75		NONE	single	8	Iron Crown	Booster Energy	NONE	NONE	False	Player's Highest Lv -1	scales_to_player	Timid	Quark Drive	Tachyon Cutter;Psyshock;Secret Sword;Air Slash	4	6 HP / 252 SpA / 252 Spe	NONE	1430.0	906	0		NONE
Trick House	HIKER ALAN	87		NONE	single	0	Magnezone	Air Balloon	NONE	NONE	False	Player's Highest Lv -2	scales_to_player	Modest	Sturdy	Thunderbolt;Flash Cannon;Tri Attack;Volt Switch	4	6 HP / 252 SpA / 252 Spe	NONE	462.0	497	0		NONE
Trick House	HIKER ALAN	87		NONE	single	2	Ferrothorn	Rocky Helmet	NONE	NONE	False	Player's Highest Lv -2	scales_to_player	Relaxed	Iron Barbs	Power Whip;Gyro Ball;Leech Seed;Thunder Wave	4	252 HP / 6 Atk / 252 Def	NONE	598.0	496	1		NONE
Trick House	HIKER ALAN	87		NONE	single	4	Claydol	Custap Berry	NONE	NONE	False	Player's Highest Lv -2	scales_to_player	Sassy	Levitate	Earth Power;Psychic;Ice Beam;Explosion	4	6 HP / 252 Def / 252 SpA	NONE	344.0	576	0		NONE
Trick House	HIKER ALAN	87		NONE	single	6	Steelix-Mega	Steelixite	NONE	NONE	False	Player's Highest Lv -2	scales_to_player	Impish	Heatproof	Earthquake;Stone Edge;Heavy Slam;Crunch	4	252 HP / 6 Atk / 252 Def	NONE	922.0	308	0		NONE
Trick House	HIKER ALAN	87		NONE	single	8	Stakataka	Air Balloon	NONE	NONE	False	Player's Highest Lv -1	scales_to_player	Impish	Beast Boost	Gyro Ball;Earthquake;Rock Slide;Body Press	4	252 HP / 6 Atk / 252 Def	NONE	805.0	497	0		NONE
Trick House	CAMPER MARTHA	99		NONE	single	0	Durant	Life Orb	NONE	NONE	False	Player's Highest Lv -2	scales_to_player	Jolly	Hustle	Iron Head;Superpower;X-Scissor;First Impression	4	6 HP / 252 Atk / 252 Spe	NONE	632.0	479	0		NONE
Trick House	CAMPER MARTHA	99		NONE	single	2	Bastiodon	Focus Sash	NONE	NONE	False	Player's Highest Lv -2	scales_to_player	Sassy	Dauntless Shield	Metal Burst;Body Press;Rock Slide;Iron Head	4	252 HP / 6 Def / 252 SpD	NONE	411.0	481	0		NONE
Trick House	CAMPER MARTHA	99		NONE	single	4	Skarmory	Leftovers	NONE	NONE	False	Player's Highest Lv -2	scales_to_player	Impish	Sturdy	Roost;Toxic;Fly;Iron Head	4	252 HP / 6 Atk / 252 Def	NONE	227.0	472	0		NONE
Trick House	CAMPER MARTHA	99		NONE	single	6	Kingler	Kinglerite	NONE	NONE	False	Player's Highest Lv -2	scales_to_player	Jolly	Hyper Cutter	Aqua Jet;Liquidation;Ice Hammer;Iron Head	4	6 HP / 252 Atk / 252 Spe	NONE	99.0	981	0		NONE
Trick House	CAMPER MARTHA	99		NONE	single	8	Iron Treads	Booster Energy	NONE	NONE	False	Player's Highest Lv -1	scales_to_player	Jolly	Quark Drive	Iron Head;Wild Charge;Earthquake;Knock Off	4	6 HP / 252 Atk / 252 Spe	NONE	1382.0	906	0		NONE
Victory Road	WALLY	0	Victory Road	NONE	single	0	Sneasler	Focus Sash	NONE	NONE	False	84	fixed	Jolly	Poison Touch	Close Combat;Dire Claw;Fake Out;Rock Slide	4	6 HP / 252 Atk / 252 Spe	NONE	903.0	481	1	313	NONE
Victory Road	WALLY	0	Victory Road	NONE	single	2	Shaymin-Sky	Choice Specs	NONE	NONE	False	84	fixed	Timid	Serene Grace	Air Slash;Seed Flare;Earth Power;Psychic	4	6 HP / 252 SpA / 252 Spe	NONE	1072.0	443	0	326	NONE
Victory Road	WALLY	0	Victory Road	NONE	single	4	Celesteela	Power Herb	NONE	NONE	False	84	fixed	Modest	Beast Boost	Meteor Beam;Flamethrower;Air Slash;Flash Cannon	4	6 HP / 252 SpA / 252 Spe	NONE	797.0	480	0	186	NONE
Victory Road	WALLY	0	Victory Road	NONE	single	6	Darmanitan	Life Orb	NONE	NONE	False	84	fixed	Jolly	Sheer Force	Flare Blitz;Superpower;Rock Slide;Earthquake	4	6 HP / 252 Atk / 252 Spe	NONE	555.0	479	0	267	NONE
Victory Road	WALLY	0	Victory Road	NONE	single	8	Raging Bolt	Booster Energy	NONE	NONE	False	84	fixed	Timid	Protosynthesis	Dragon Pulse;Thunderclap;Thunderbolt;Hyper Voice	4	6 HP / 252 SpA / 252 Spe	NONE	1428.0	906	0	229	NONE
Victory Road	WALLY	0	Victory Road	NONE	single	10	Gardevoir-Mega	Gardevoirite	NONE	NONE	False	84	fixed	Timid	Pixilate	Hyper Voice;Psychic;Focus Blast;Calm Mind	4	6 HP / 252 SpA / 252 Spe	NONE	930.0	316	0	276	NONE
Victory Road	COOLTRAINER ALBERT	12		NONE	single	0	Toxapex	Black Sludge	NONE	NONE	False	83	fixed	Impish	Regenerator	Toxic Spikes;Haze;Liquidation;Poison Jab	4	252 HP / 6 Atk / 252 Def	NONE	748.0	487	1	88	NONE
Victory Road	COOLTRAINER ALBERT	12		NONE	single	2	Mabosstiff	Choice Band	NONE	NONE	False	83	fixed	Jolly	Stakeout	Crunch;Jaw Lock;Play Rough;Ice Fang	4	6 HP / 252 Atk / 252 Spe	NONE	1331.0	442	0	246	NONE
Victory Road	COOLTRAINER ALBERT	12		NONE	single	4	Sigilyph	Life Orb	NONE	NONE	False	83	fixed	Timid	Magic Guard	Air Slash;Roost;Stored Power;Cosmic Power	4	6 HP / 252 SpA / 252 Spe	NONE	561.0	479	0	268	NONE
Victory Road	COOLTRAINER ALBERT	12		NONE	single	6	Rhyperior	Weakness Policy	NONE	NONE	False	83	fixed	Jolly	Solid Rock	Earthquake;Stone Edge;Megahorn;Thunder Punch	4	6 HP / 252 Atk / 252 Spe	NONE	464.0		0	163	NONE
Victory Road	COOLTRAINER ALBERT	12		NONE	single	8	Venusaur-Mega	Venusaurite	NONE	NONE	False	84	fixed	Timid	Thick Fat	Solar Beam;Sludge Bomb;Earth Power;Hidden Power Fire	4	6 HP / 252 SpA / 252 Spe	30 Atk / 30 SpA / 30 Spe	906.0	292	0	238	NONE
Victory Road	COOLTRAINER HOPE	24		NONE	single	0	Maushold	Wide Lens	NONE	NONE	False	83	fixed	Jolly	Technician	Population Bomb;Bite;Bullet Seed;Tidy Up	4	6 HP / 252 Atk / 252 Spe	NONE	1309.0	474	1	293	NONE
Victory Road	COOLTRAINER HOPE	24		NONE	single	2	Marowak-Alola	Thick Club	NONE	NONE	False	83	fixed	Adamant	Rock Head	Shadow Bone;Flare Blitz;Bonemerang;Thunder Punch	4	6 HP / 252 Atk / 252 Spe	NONE	973.0	394	0	157	NONE
Victory Road	COOLTRAINER HOPE	24		NONE	single	4	Togekiss	Leftovers	NONE	NONE	False	83	fixed	Timid	Serene Grace	Air Slash;Thunder Wave;Moonblast;Roost	4	6 HP / 252 SpA / 252 Spe	NONE	468.0	472	0	236	NONE
Victory Road	COOLTRAINER HOPE	24		NONE	single	6	Xurkitree	Life Orb	NONE	NONE	False	83	fixed	Timid	Beast Boost	Thunderbolt;Signal Beam;Energy Ball;Tail Glow	4	6 HP / 252 SpA / 252 Spe	NONE	796.0	479	0	269	NONE
Victory Road	COOLTRAINER HOPE	24		NONE	single	8	Orbeetle-Mega	Orbeetlite	NONE	NONE	False	84	fixed	Timid	Magic Guard	Bug Buzz;Psychic;Energy Ball;Calm Mind	4	6 HP / 252 SpA / 252 Spe	NONE	1512.0	987	0	276	NONE
Victory Road	COOLTRAINER SAMUEL	36		NONE	single	0	Mienshao	Life Orb	NONE	NONE	False	83	fixed	Jolly	Regenerator	Fake Out;Close Combat;Poison Jab;U-turn	4	6 HP / 252 Atk / 252 Spe	NONE	620.0	479	0	282	NONE
Victory Road	COOLTRAINER SAMUEL	36		NONE	single	2	Flapple	Wide Lens	NONE	NONE	False	83	fixed	Adamant	Hustle	Scale Shot;Grav Apple;Sucker Punch;Dragon Dance	4	6 HP / 252 Atk / 252 Spe	NONE	841.0	474	1	199	NONE
Victory Road	COOLTRAINER SAMUEL	36		NONE	single	4	Mr. Rime	Assault Vest	NONE	NONE	False	83	fixed	Timid	Screen Cleaner	Freezy Frost;Psychic;Dazzling Gleam;Shadow Ball	4	6 HP / 252 SpA / 252 Spe	NONE	866.0	503	0	273	NONE
Victory Road	COOLTRAINER SAMUEL	36		NONE	single	6	Inteleon	Choice Specs	NONE	NONE	False	83	fixed	Timid	Sniper	Snipe Shot;Hydro Pump;Ice Beam;Air Slash	4	6 HP / 252 SpA / 252 Spe	NONE	818.0	443	0	310	NONE
Victory Road	COOLTRAINER SAMUEL	36		NONE	single	8	Pinsir-Mega	Pinsirite	NONE	NONE	False	84	fixed	Jolly	Aerilate	X-Scissor;Double-Edge;Swords Dance;Close Combat	4	6 HP / 252 Atk / 252 Spe	NONE	916.0	302	0	286	NONE
Victory Road	COOLTRAINER CAROLINE	48		NONE	single	0	Weavile	Life Orb	NONE	NONE	False	83	fixed	Jolly	Infiltrator	Fake Out;Knock Off;Icicle Crash;Low Kick	4	6 HP / 252 Atk / 252 Spe	NONE	461.0	479	2	319	NONE
Victory Road	COOLTRAINER CAROLINE	48		NONE	single	2	Magcargo	Focus Sash	NONE	NONE	False	83	fixed	Timid	Simple	Shell Smash;Flamethrower;Power Gem;Earth Power	4	6 HP / 252 SpA / 252 Spe	NONE	219.0	481	0	145	NONE
Victory Road	COOLTRAINER CAROLINE	48		NONE	single	4	Barraskewda	Choice Band	NONE	NONE	False	83	fixed	Jolly	Swift Swim	Liquidation;Scale Shot;Close Combat;Poison Jab	4	6 HP / 252 Atk / 252 Spe	NONE	847.0	442	0	338	NONE
Victory Road	COOLTRAINER CAROLINE	48		NONE	single	6	Mismagius	Leftovers	NONE	NONE	False	83	fixed	Timid	Levitate	Moonblast;Hex;Will-O-Wisp;Energy Ball	4	6 HP / 252 SpA / 252 Spe	NONE	429.0	472	0	282	NONE
Victory Road	COOLTRAINER CAROLINE	48		NONE	single	8	Lopunny-Mega	Lopunnite	NONE	NONE	False	84	fixed	Jolly	Scrappy	Fake Out;Return;Power-Up Punch;Play Rough	4	6 HP / 252 Atk / 252 Spe	NONE	946.0	332	0	341	NONE
Victory Road	COOLTRAINER FELIX	60		NONE	single	0	Reuniclus	Life Orb	NONE	NONE	False	83	fixed	Modest	Magic Guard	Psychic;Shadow Ball;Focus Blast;Energy Ball	4	6 HP / 252 SpA / 252 Spe	NONE	579.0	479	0	132	NONE
Victory Road	COOLTRAINER FELIX	60		NONE	single	2	Granbull	Choice Band	NONE	NONE	False	83	fixed	Adamant	Bull Rush	Play Rough;Ice Fang;Jaw Lock;Crunch	4	6 HP / 252 Atk / 252 Spe	NONE	210.0	442	0	157	NONE
Victory Road	COOLTRAINER FELIX	60		NONE	single	4	Regidrago	Dragon Fang	NONE	NONE	False	83	fixed	Jolly	Dragon's Maw	Dragon Energy;Dragon Claw;Body Slam;Dragon Dance	4	6 HP / 252 Atk / 252 Spe	NONE	895.0	439	0	236	NONE
Victory Road	COOLTRAINER FELIX	60		NONE	single	6	Aegislash-Blade	Leftovers	NONE	NONE	False	83	fixed	Bold	Stance Change	Shadow Ball;Flash Cannon;Toxic;King's Shield	4	252 HP / 252 Def / 6 SpA	NONE	1156.0	472	0	130	NONE
Victory Road	COOLTRAINER FELIX	60		NONE	single	8	Manectric-Mega	Manectite	NONE	NONE	False	84	fixed	Timid	Intimidate	Thunderbolt;Flamethrower;Charge Beam;Hidden Power Ice	4	6 HP / 252 SpA / 252 Spe	30 Atk / 30 SpA	935.0	321	0	341	NONE
Victory Road	COOLTRAINER MICHELLE	72		NONE	single	0	Carbink	Custap Berry	NONE	NONE	False	83	fixed	Sassy	Sturdy	Stealth Rock;Moonblast;Power Gem;Explosion	4	252 HP / 6 SpA / 252 SpD	NONE	703.0	576	0	101	NONE
Victory Road	COOLTRAINER MICHELLE	72		NONE	single	2	Polteageist	White Herb	NONE	NONE	False	83	fixed	Timid	Heatproof	Shadow Ball;Giga Drain;Stored Power;Shell Smash	4	6 HP / 252 SpA / 252 Spe	NONE	855.0	460	0	218	NONE
Victory Road	COOLTRAINER MICHELLE	72		NONE	single	4	Chatot	Throat Spray	NONE	NONE	False	83	fixed	Timid	Punk Rock	Chatter;Boomburst;Synchronoise;Hidden Power Grass	4	6 HP / 252 SpA / 252 Spe	NONE	441.0	508	0	275	NONE
Victory Road	COOLTRAINER MICHELLE	72		NONE	single	6	Torterra	Leftovers	NONE	NONE	False	83	fixed	Impish	Self Sufficient	Wood Hammer;Earthquake;Crunch;Synthesis	4	252 HP / 6 Atk / 252 Def	NONE	389.0	472	0	123	NONE
Victory Road	COOLTRAINER MICHELLE	72		NONE	single	8	Aggron-Mega	Aggronite	NONE	NONE	False	84	fixed	Impish	Filter	Earthquake;Stone Edge;Body Press;Heavy Slam	4	252 HP / 6 Atk / 252 Def	NONE	933.0	319	0	115	NONE
Hot House	GUITARIST BRIAN	0	Route 109 House	NONE	single	0	Simipour	Sitrus Berry	NONE	NONE	False	Player's Highest Lv -1	scales_to_player	Timid	Gluttony	Grass Knot;Brine;Icy Wind;Hidden Power Ground	4	NONE	30 Atk / 30 SpA / 30 SpD	516.0	523	1		NONE
Hot House	2 BADGES	0		NONE	single	2	Hitmontop	Muscle Band	NONE	NONE	False	Player's Highest Lv -1	scales_to_player	Jolly	Technician	Rock Smash;Mach Punch;Aerial Ace;Thief	4	NONE	NONE	237.0	475	0		NONE
Hot House	BEAUTY JOHANNA	12	Route 109 House	NONE	single	0	Simisage	Sitrus Berry	NONE	NONE	False	Player's Highest Lv -1	scales_to_player	Timid	Gluttony	Giga Drain;Power Gem;Hidden Power Bug;Synthesis	4	NONE	30 SpD / 30 Spe	512.0	523	1		NONE
Hot House	2 BADGES	12		NONE	single	2	Hitmonchan	Muscle Band	NONE	NONE	False	Player's Highest Lv -1	scales_to_player	Jolly	Iron Fist	Mach Punch;Fire Punch;Ice Punch;Thunder Punch	4	NONE	NONE	107.0	475	0		NONE
Hot House	SAILOR DWAYNE	24	Route 109 House	NONE	single	0	Simisear	Sitrus Berry	NONE	NONE	False	Player's Highest Lv -1	scales_to_player	Timid	Gluttony	Mystical Fire;Scorching Sands;Grass Knot;Hidden Power Psychic	4	NONE	30 Atk / 30 Spe	514.0	523	0		NONE
Hot House	2 BADGES	24		NONE	single	2	Hitmonlee	Muscle Band	NONE	NONE	False	Player's Highest Lv -1	scales_to_player	Adamant	Striker	Low Sweep;Triple Axel;Aqua Step;Mach Punch	4	NONE	NONE	106.0	475	1		NONE
Hot House	GUITARIST BRIAN	36	Route 109 House	NONE	single	0	Heracross	Flame Orb	NONE	NONE	False	Player's Highest Lv -1	scales_to_player	Jolly	Guts	Protect;Rock Slide;Brick Break;Pounce	4	6 HP / 252 Atk / 252 Spe	NONE	214.0	445	0		NONE
Hot House	3 BADGES	36		NONE	single	2	Stunfisk	Shuca Berry	NONE	NONE	False	Player's Highest Lv -1	scales_to_player	Sassy	Water Absorb	Discharge;Mud Bomb;Rock Slide;Silver Wind	4	252 HP / 6 SpA / 252 SpD	NONE	618.0	557	1		NONE
Hot House	3 BADGES	36		NONE	single	4	Azumarill	Mystic Water	NONE	NONE	False	Player's Highest Lv -1	scales_to_player	Adamant	Huge Power	Aqua Tail;Play Rough;Aqua Jet;Ice Punch	4	6 HP / 252 Atk / 252 Spe	NONE	184.0	427	0		NONE
Hot House	BEAUTY JOHANNA	48	Route 109 House	NONE	single	0	Arcanine	Muscle Band	NONE	NONE	False	Player's Highest Lv -1	scales_to_player	Jolly	Intimidate	Fire Fang;Extreme Speed;Thunder Fang;Crunch	4	6 HP / 252 Atk / 252 Spe	NONE	59.0	475	0		NONE
Hot House	3 BADGES	48		NONE	single	2	Scyther	Eviolite	NONE	NONE	False	Player's Highest Lv -1	scales_to_player	Jolly	Technician	Swords Dance;Aerial Ace;Bug Bite;Rock Smash	4	6 HP / 252 Atk / 252 Spe	NONE	123.0	494	0		NONE
Hot House	3 BADGES	48		NONE	single	4	Lumineon	Wise Glasses	NONE	NONE	False	Player's Highest Lv -1	scales_to_player	Timid	Storm Drain	Scald;Aurora Beam;Air Cutter;Ominous Wind	4	6 HP / 252 SpA / 252 Spe	NONE	457.0	476	0		NONE
Hot House	SAILOR DWAYNE	60	Route 109 House	NONE	single	0	Thievul	Dark Gem	NONE	NONE	False	Player's Highest Lv -1	scales_to_player	Timid	Unburden	Dark Pulse;Sucker Punch;Grass Knot;Psychic	4	6 HP / 252 SpA / 252 Spe	NONE	828.0	354	0		NONE
Hot House	3 BADGES	60		NONE	single	2	Cramorant	Sitrus Berry	NONE	NONE	False	Player's Highest Lv -1	scales_to_player	Timid	Gulp Missile	Roost;Surf;Icy Wind;Air Slash	4	6 HP / 252 SpA / 252 Spe	NONE	845.0	523	0		NONE
Hot House	3 BADGES	60		NONE	single	4	Pinsir	Sitrus Berry	NONE	NONE	False	Player's Highest Lv -1	scales_to_player	Jolly	Mold Breaker	X-Scissor;Brick Break;Rock Slide;Cut	4	6 HP / 252 Atk / 252 Spe	NONE	127.0	523	0		NONE
Hot House	GUITARIST BRIAN	72	Route 109 House	NONE	single	0	Yanmega	Life Orb	NONE	NONE	False	Player's Highest Lv	scales_to_player	Timid	Speed Boost	Air Slash;Bug Buzz;Psychic;Detect	4	6 HP / 252 SpA / 252 Spe	NONE	469.0	479	0		NONE
Hot House	4 BADGES	72		NONE	single	2	Vaporeon	Leftovers	NONE	NONE	False	Player's Highest Lv	scales_to_player	Calm	Water Absorb	Scald;Ice Beam;Shadow Ball;Yawn	4	6 HP / 252 SpA / 252 Spe	NONE	134.0	472	1		NONE
Hot House	4 BADGES	72		NONE	single	4	Meganium	Big Root	NONE	NONE	False	Player's Highest Lv	scales_to_player	Modest	Triage	Giga Drain;Draining Kiss;Ancient Power;Synthesis	4	252 HP / 4 SpA / 252 SpD	NONE	154.0	491	1		NONE
Hot House	4 BADGES	72		NONE	single	6	Blaziken-Mega	Blazikenite	NONE	NONE	False	Player's Highest Lv	scales_to_player	Jolly	Striker	Thunderous Kick;Blaze Kick;Knock Off;Power-Up Punch	4	6 HP / 252 Atk / 252 Spe	NONE	928.0	314	0		NONE
Hot House	BEAUTY JOHANNA	84	Route 109 House	NONE	single	0	Glimmora	Focus Sash	NONE	NONE	False	Player's Highest Lv	scales_to_player	Timid	Toxic Debris	Stealth Rock;Flash Cannon;Sludge Wave;Power Gem	4	6 HP / 252 SpA / 252 Spe	NONE	1359.0	481	0		NONE
Hot House	4 BADGES	84		NONE	single	2	Leafeon	Life Orb	NONE	NONE	False	Player's Highest Lv	scales_to_player	Jolly	Sap Sipper	Leaf Blade;X-Scissor;Stomping Tantrum;Swords Dance	4	6 HP / 252 Atk / 252 Spe	NONE	470.0	479	0		NONE
Hot House	4 BADGES	84		NONE	single	4	Skeledirge	Throat Spray	NONE	NONE	False	Player's Highest Lv	scales_to_player	Timid	Unaware	Torch Song;Shadow Ball;Hyper Voice;Flame Charge	4	6 HP / 252 SpA / 252 Spe	NONE	1294.0	508	0		NONE
Hot House	4 BADGES	84		NONE	single	6	Swampert-Mega	Swampertite	NONE	NONE	False	Player's Highest Lv	scales_to_player	Adamant	Swift Swim	Liquidation;Earthquake;Power-Up Punch;Avalanche	4	6 HP / 252 Atk / 252 Spe	NONE	929.0	315	1		NONE
Hot House	SAILOR DWAYNE	97	Route 109 House	NONE	single	0	Aegislash-Both	Leftovers	NONE	NONE	False	Player's Highest Lv	scales_to_player	Bold	Stance Change	Flash Cannon;Shadow Ball;Toxic;King's Shield	4	6 HP / 252 Def / 252 SpA	NONE	681	472			NONE
Hot House	4 BADGES	97		NONE	single	2	Flareon	Toxic Orb	NONE	NONE	False	Player's Highest Lv	scales_to_player	Jolly	Toxic Boost	Flame Charge;Sacred Fire;Facade;Superpower	4	6 HP / 252 Atk / 252 Spe	NONE	136.0	446	0		NONE
Hot House	4 BADGES	97		NONE	single	4	Samurott-Hisui	White Herb	NONE	NONE	False	Player's Highest Lv	scales_to_player	Adamant	Sharpness	Razor Shell;Night Slash;Sacred Sword;Shell Smash	4	6 HP / 252 Atk / 252 Spe	NONE	1000.0	460	0		NONE
Hot House	4 BADGES	97		NONE	single	6	Sceptile	Sceptilite	NONE	NONE	False	Player's Highest Lv	scales_to_player	Adamant	Technician	Dual Chop;Bullet Seed;Rock Tomb;Power-up Punch	4	6 HP / 252 Atk / 252 Spe	NONE	254.0	313	0		NONE
Hot House	GUITARIST BRIAN	109	Route 109 House	NONE	single	0	Snorlax	Focus Sash	NONE	NONE	False	Player's Highest Lv	scales_to_player	Impish	Thick Fat	Crunch;Last Resort	2	6 HP / 252 Def / 252 Atk	NONE	143.0	481	1		NONE
Hot House	5 BADGES	109		NONE	single	2	Gothitelle	Choice Scarf	NONE	NONE	False	Player's Highest Lv	scales_to_player	Timid	Shadow Tag	Psychic;Shadow Ball;Thunderbolt;Hidden Power Bug	4	6 HP / 252 SpA / 252 Spe	30 SpD / 30 Spe	576.0	444	0		NONE
Hot House	5 BADGES	109		NONE	single	4	Breloom	Leftovers	NONE	NONE	False	Player's Highest Lv	scales_to_player	Impish	Poison Heal	Substitute;Spore;Focus Punch;Rock Slide	4	6 HP / 252 Def / 252 Atk	NONE	286.0	472	0		NONE
Hot House	5 BADGES	109		NONE	single	6	Togekiss	King's Rock	NONE	NONE	False	Player's Highest Lv	scales_to_player	Timid	Serene Grace	Air Slash;Moonblast;Extrasensory;Flamethrower	4	6 HP / 252 SpA / 252 Spe	NONE	468.0	465	1		NONE
Hot House	5 BADGES	109		NONE	single	8	Steelix	Steelixite	NONE	NONE	False	Player's Highest Lv	scales_to_player	Brave	Heatproof	Spin Out;Curse;Earthquake;Stone Edge	4	6 HP / 252 Def / 252 Atk	NONE	208.0	308	0		NONE
Hot House	BEAUTY JOHANNA	122	Route 109 House	NONE	single	0	Carbink	Chesto Berry	NONE	NONE	False	Player's Highest Lv	scales_to_player	Bold	Sturdy	Moonblast;Body Press;Iron Defense;Rest	4	6 HP / 252 Def / 252 SpA	NONE	703.0	515	0		NONE
Hot House	5 BADGES	122		NONE	single	4	Weavile	Dark Gem	NONE	NONE	False	Player's Highest LV	scales_to_player	Adamant	Pressure	Pursuit;Icicle Crash;Low Kick;Ice Shard	4	6 HP / 252 Atk / 252 Spe	NONE	461.0	354	2		NONE
Hot House	5 BADGES	122		NONE	single	6	Exeggutor-Alola	Sitrus Berry	NONE	NONE	False	Player's Highest Lv	scales_to_player	Adamant	Harvest	Dragon Hammer;Wood Hammer;Facade;Iron head	4	6 HP / 252 Atk / 252 Spe	NONE	972.0	523	0		NONE
Hot House	5 BADGES	122		NONE	single	8	Pidgeot	Pidgeotite	NONE	NONE	False	Player's Highest Lv	scales_to_player	Timid	No Guard	Hurricane;Heat Wave;Hyper Voice;Focus Blast	4	6 HP / 252 SpA / 252 Spe	NONE	18.0	297	0		NONE
Hot House	5 BADGES	122		NONE	single	2	Magnezone	Air Balloon	NONE	NONE	False	Player's Highest Lv	scales_to_player	Modest	Magnet Pull	Thunderbolt;Hidden Power Grass;Flash Cannon;Body Press	4	6 HP / 252 Def / 252 SpA	NONE	462.0	497	0		NONE
Hot House	SAILOR DWAYNE	135	Route 109 House	NONE	single	0	Swellow	Flame Orb	NONE	NONE	False	Player's Highest Lv	scales_to_player	Jolly	Guts	Steel Wing;Facade;Dual Wingbeat;U-turn	4	6 HP / 252 Atk / 252 Spe	NONE	277.0	445	0		NONE
Hot House	5 BADGES	135		NONE	single	2	Dugtrio	Focus Sash	NONE	NONE	False	Player's Highest Lv	scales_to_player	Adamant	Arena Trap	Earthquake;Stone Edge;Swords Dance;Sucker Punch	4	6 HP / 252 Atk / 252 Spe	NONE	51.0	481	0		NONE
Hot House	5 BADGES	135		NONE	single	4	Pyroar	Throat Spray	NONE	NONE	False	Player's Highest Lv	scales_to_player	Timid	Adaptability	Hyper Voice;Torch Song;Dark Pulse;Scorching Sands	4	6 HP / 252 SpA / 252 Spe	NONE	668.0	508	0		Scorching Sand
Hot House	5 BADGES	135		NONE	single	6	Mismagius	Life Orb	NONE	NONE	False	Player's Highest Lv	scales_to_player	Modest	Levitate	Dazzling Gleam;Shadow Ball;Psychic;Energy Ball	4	6 HP / 252 SpA / 252 Spe	NONE	429.0	479	0		NONE
Hot House	5 BADGES	135		NONE	single	8	Ampharos	Ampharosite	NONE	NONE	False	Player's Highest Lv	scales_to_player	Modest	Mold Breaker	Thunderbolt;Dragon Pulse;Aura Sphere;Agility	4	6 HP / 252 SpA / 252 Spe	NONE	181.0	307	1		NONE
Hot House	GUITARIST BRIAN	148	Route 109 House	NONE	single	0	Silvally-Dark	Dark Memory	NONE	NONE	False	Player's Highest Lv	scales_to_player	Jolly	RKS System	Multi-Attack;Psychic Fangs;Rock Slide;Parting Shot	4	NONE	NONE	1191.0	285	0		NONE
Hot House	6 BADGES	148		NONE	single	2	Silvally-Flying	Flying Memory	NONE	NONE	False	Player's Highest Lv	scales_to_player	Timid	RKS System	Air Slash;Hidden Power Fighting;Shadow Ball;Tailwind	4	6 HP / 252 SpA / 252 Spe	30 Def / 30 SpA / 30 SpD / 30 Spe	1177.0	279	0		NONE
Hot House	6 BADGES	148		NONE	single	4	Silvally-Ground	Ground Memory	NONE	NONE	False	Player's Highest Lv	scales_to_player	Jolly	RKS System	Multi-Attack;X-Scissor;Flame Charge;Swords Dance	4	NONE	NONE	1179.0	278	0		NONE
Hot House	6 BADGES	148		NONE	single	6	Silvally-Grass	Grass Memory	NONE	NONE	False	Player's Highest Lv	scales_to_player	Jolly	RKS System	Multi-Attack;U-turn;Fire Fang;Ice Fang	4	NONE	NONE	1186.0	274	0		NONE
Hot House	6 BADGES	148		NONE	single	8	Silvally-Ice	Ice Memory	NONE	NONE	False	Player's Highest Lv	scales_to_player	Timid	RKS System	Ice Beam;Thunderbolt;Flamethrower;Surf	4	6 HP / 252 SpA / 252 Spe	NONE	1189.0	275	0		NONE
Hot House	6 BADGES	148		NONE	single	10	Silvally	Life Orb	NONE	NONE	False	Player's Highest Lv	scales_to_player	Jolly	RKS System	Multi-Attack;Iron Head;Dragon Claw;Shadow Claw	4	NONE	NONE	773.0	479	0		NONE
Hot House	BEAUTY JOHANNA	161	Route 109 House	NONE	single	0	Silvally-Ghost	Ghost Memory	NONE	NONE	False	Player's Highest Lv	scales_to_player	Timid	Battle Armor	Shadow Ball;Tri Attack;Ice Beam;Parting Shot	4	6 HP / 252 SpA / 252 Spe	NONE	1182.0	283	0		NONE
Hot House	6 BADGES	161		NONE	single	2	Silvally-Electric	Electric Memory	NONE	NONE	False	Player's Highest Lv	scales_to_player	Timid	RKS System	Ice Beam;Thunderbolt;Flamethrower;Surf	4	6 HP / 252 SpA / 252 Spe	NONE	1187.0		0		NONE
Hot House	6 BADGES	161		NONE	single	4	Silvally-Water	Water Memory	NONE	NONE	False	Player's Highest Lv	scales_to_player	Jolly	RKS System	Multi-Attack;Thunder Fang;Flame Charge;Swords Dance	4	NONE	NONE	1185.0	272	0		NONE
Hot House	6 BADGES	161		NONE	single	6	Silvally-Bug	Bug Memory	NONE	NONE	False	Player's Highest Lv	scales_to_player	Jolly	RKS System	Multi-Attack;U-turn;Rock Slide;Fire Fang	4	NONE	NONE	1181.0	281	0		NONE
Hot House	6 BADGES	161		NONE	single	8	Silvally-Fairy	Fairy Memory	NONE	NONE	False	Player's Highest Lv	scales_to_player	Jolly	RKS System	Multi-Attack;Fire Fang;Psychic Fangs;Swords Dance	4	NONE	NONE	1192.0	287	0		NONE
Hot House	6 BADGES	161		NONE	single	10	Silvally-Steel	Steel Memory	NONE	NONE	False	Player's Highest Lv	scales_to_player	Hasty	RKS System	Steel Beam;Explosion;Shadow Claw;Parting Shot	4	NONE	NONE	1183.0	286	0		NONE
Hot House	SAILOR DWAYNE	173	Route 109 House	NONE	single	0	Silvally-Fire	Fire Memory	NONE	NONE	False	Player's Highest Lv	scales_to_player	Naive	RKS System	Multi-Attack;Thunderbolt;Surf;Ice Beam	4	NONE	NONE	1184.0	271	0		NONE
Hot House	6 BADGES	173		NONE	single	2	Silvally-Dragon	Dragon Memory	NONE	NONE	False	Player's Highest Lv	scales_to_player	Jolly	RKS System	Multi-Attack;Iron Head;Flame Charge;Swords Dance	4	NONE	NONE	1190.0	284	0		NONE
Hot House	6 BADGES	173		NONE	single	4	Silvally-Fighting	Fighting Memory	NONE	NONE	False	Player's Highest Lv	scales_to_player	Jolly	RKS System	Multi-Attack;X-Scissor;Crunch;Rock Slide	4	NONE	NONE	1176.0		0		NONE
Hot House	6 BADGES	173		NONE	single	6	Silvally-Poison	Poison Memory	NONE	NONE	False	Player's Highest Lv	scales_to_player	Hasty	Battle Armor	Multi-Attack;Surf;Crunch;Thunderbolt	4	NONE	NONE	1178.0	277	0		NONE
Hot House	6 BADGES	173		NONE	single	8	Silvally-Psychic	Psychic Memory	NONE	NONE	False	Player's Highest Lv	scales_to_player	Hasty	RKS System	Multi-Attack;Air Slash;X-Scissor;Parting Shot	4	NONE	NONE	1188.0	280	0		NONE
Hot House	6 BADGES	173		NONE	single	10	Silvally-Rock	Rock Memory	NONE	NONE	False	Player's Highest Lv	scales_to_player	Naive	RKS System	Multi-Attack;Surf;Flamethrower;Work Up	4	NONE	NONE	1180.0	282	0		NONE
Hot House	GUITARIST BRIAN	185	Route 109 House	NONE	double	0	Sandy Shocks	Focus Sash	NONE	NONE	False	Player's Highest Lv	scales_to_player	Timid	Water Compaction	Bulldoze;Parabolic Charge;Substitute	3	NONE	NONE	1381.0	481	0		NONE
Hot House	7 BADGES	185		NONE	double	2	Rhyperior	Weakness Policy	NONE	NONE	False	Player's Highest Lv	scales_to_player	Adamant	Solid Rock	Stone Edge;Hammer Arm;Drill Run;Dragon Tail	4	6 HP / 252 Atk / 252 Spe	NONE	464.0		0		NONE
Hot House	7 BADGES	185		NONE	double	4	Rotom-Fan	Lum Berry	NONE	NONE	False	Player's Highest Lv	scales_to_player	Timid	Motor Drive	Air Slash;Discharge;Shadow Ball;Will-O-Wisp	4	NONE	NONE	1067.0	522	0		NONE
Hot House	7 BADGES	185		NONE	double	6	Orthworm	Leftovers	NONE	NONE	False	Player's Highest Lv	scales_to_player	Impish	Earth Eater	Heavy Slam;Body Press;Stomping Tantrum;Coil	4	6 HP / 252 Def / 252 Atk	NONE	1357.0	472	0		NONE
Hot House	7 BADGES	185		NONE	double	8	Marowak-Alola	Thick Club	NONE	NONE	False	Player's Highest Lv	scales_to_player	Brave	Lightning Rod	Heat Wave;Shadow Bone;Bonemerang;Icy Wind	4	6 HP / 252 Atk / 252 SpA	NONE	973.0	394	0		NONE
Hot House	7 BADGES	185		NONE	double	10	Lanturn	Weakness Policy	NONE	NONE	False	Player's Highest Lv	scales_to_player	Bold	Volt Absorb	Parabolic Charge;Scald;Dazzling Gleam;Ice Beam	4	6 HP / 252 Def / 252 SpA	NONE	171.0		0		NONE
Hot House	7 BADGES	197		NONE	single	2	Overqwil	Leftovers	NONE	NONE	False	Player's Highest Lv	scales_to_player	Jolly	Intimidate	Toxic Spikes;Haze;Barb Barrage;Throat Chop	4	6 HP / 252 Atk / 252 Spe	NONE	904.0	472	1		NONE
Hot House	7 BADGES	197		NONE	single	4	Galvantula	Focus Sash	NONE	NONE	False	Player's Highest Lv	scales_to_player	Timid	Compound Eyes	Sticky Web;Thunder;Bug Buzz;Giga Drain	4	NONE	NONE	596.0	481	0		NONE
Hot House	7 BADGES	197		NONE	single	8	Armarouge	White Herb	NONE	NONE	False	Player's Highest Lv	scales_to_player	Timid	Mega Launcher	Armor Cannon;Aura Sphere;Dragon Pulse;Psyshock	4	NONE	NONE	1324.0	460	0		NONE
Hot House	7 BADGES	197		NONE	single	6	Hydrapple	Assault Vest	NONE	NONE	False	Player's Highest Lv	scales_to_player	Modest	Regenerator	Fickle Beam;Energy ball;Earth Power;Hidden Power Fire	4	NONE	NONE	1426.0	503	0		NONE
Hot House	SAILOR DWAYNE	210	Route 109 House	NONE	single	0	Ferrothorn	Quick Claw	NONE	NONE	False	Player's Highest Lv	scales_to_player	Relaxed	Iron Barbs	Gyro Ball;Power Whip;Stealth Rock;Explosion	4	252 HP / 6 Atk / 252 Def	NONE	598.0	462	0		Steath Rock
Hot House	7 BADGES	210		NONE	single	2	Ceruledge	Air Balloon	NONE	NONE	False	Player's Highest Lv	scales_to_player	Adamant	Flash fire	Bitter Blade;Shadow Claw;Close Combat;Shadow Sneak	4	6 HP / 252 Atk / 252 Spe	NONE	1325.0	497	0		NONE
Hot House	7 BADGES	210		NONE	single	4	Primarina	Throat Spray	NONE	NONE	False	Player's Highest Lv	scales_to_player	Modest	Liquid Voice	Hyper Voice;Moonblast;Energy Ball;Psychic	4	NONE	NONE	730.0	508	0		NONE
Hot House	7 BADGES	210		NONE	single	6	Wobbuffet	Leftovers	NONE	NONE	False	Player's Highest Lv	scales_to_player	Bold	Shadow Tag	Encore;Counter;Mirror Coat;Destiny Bond	4	252 HP / 252 Def / 6 SpA	NONE	202.0	472	1		NONE
Hot House	7 BADGES	210		NONE	single	8	Mienshao	Life Orb	NONE	NONE	False	Player's Highest Lv	scales_to_player	Jolly	Regenerator	Poison Jab;Close Combat;Knock Off;U-turn	4	6 HP / 252 Atk / 252 Spe	NONE	620.0	479	0		NONE
Hot House	7 BADGES	210		NONE	single	10	Salamence	Salamencite	NONE	NONE	False	Player's Highest Lv	scales_to_player	Jolly	Intimidate	Double-Edge;Iron Head;Dragon Claw;Dragon Dance	4	6 HP / 252 Atk / 252 Spe	NONE	373.0	328	1		NONE
Optional Bosses	URSULA	1	Vendanturf Town	NONE	double	0	Oricorio-Baile	Charti Berry	NONE	NONE	False	Player's Highest Lv -1	scales_to_player	Timid	Dancer	Revelation Dance;Quiver Dance;Air Cutter;Roost	4	6 HP / 252 SpA / 252 Spe	NONE	741.0	561	0		NONE
Optional Bosses	URSULA	1	Vendanturf Town	NONE	double	2	Oricorio-Pa'u	Charti Berry	NONE	NONE	False	Player's Highest Lv -1	scales_to_player	Timid	Dancer	Revelation Dance;Quiver Dance;Air Cutter;Roost	4	6 HP / 252 SpA / 252 Spe	NONE	1170.0	561	0		NONE
Optional Bosses	URSULA	1	Vendanturf Town	NONE	double	4	Oricorio-Sensu	Charti Berry	NONE	NONE	False	Player's Highest Lv -1	scales_to_player	Timid	Dancer	Revelation Dance;Quiver Dance;Air Cutter;Roost	4	6 HP / 252 SpA / 252 Spe	NONE	1171.0	561	0		NONE
Optional Bosses	URSULA	1	Vendanturf Town	NONE	double	6	Oricorio-Pom-Pom	Charti Berry	NONE	NONE	False	Player's Highest Lv -1	scales_to_player	Timid	Dancer	Revelation Dance;Quiver Dance;Air Cutter;Roost	4	6 HP / 252 SpA / 252 Spe	NONE	1169.0	561	0		NONE
Optional Bosses	BLACK BELT DAISUKE	13	Route 111	NONE	single	0	Granbull	Expert Belt	NONE	NONE	False	Player's Highest Lv -2	scales_to_player	Adamant	Intimidate	Play Rough;Ice Fang;Jaw Lock;Roar	4	6 HP / 252 Atk / 252 Spe	NONE	210.0	477	0		NONE
Optional Bosses	BLACK BELT DAISUKE	13	Route 111	NONE	single	2	Krookodile	Focus Sash	NONE	NONE	False	Player's Highest Lv -2	scales_to_player	Jolly	Intimidate	Earthquake;Stone Edge;Knock Off;Cut	4	6 HP / 252 Atk / 252 Spe	NONE	553.0	481	0		NONE
Optional Bosses	BLACK BELT DAISUKE	13	Route 111	NONE	single	4	Hitmontop	Wide Lens	NONE	NONE	False	Player's Highest Lv -1	scales_to_player	Jolly	Intimidate	Triple Axel;Triple Kick;Sucker Punch;Facade	4	6 HP / 252 Atk / 252 Spe	NONE	237.0	474	0		NONE
Optional Bosses	BLACK BELT DAISUKE	13	Route 111	NONE	single	6	Hitmonchan	Punching Glove	NONE	NONE	False	Player's Highest Lv -1	scales_to_player	Adamant	Iron Fist	Drain Punch;Fire Punch;Thunder Punch;Mach Punch	4	6 HP / 252 Atk / 252 Spe	NONE	107.0	902	0		NONE
Optional Bosses	BLACK BELT DAISUKE	13	Route 111	NONE	single	8	Hitmonlee	Kicking Shoes	NONE	NONE	False	Player's Highest Lv -1	scales_to_player	Jolly	Striker	High Jump Kick;Sucker Punch;Blaze Kick;Aqua Step	4	6 HP / 252 Atk / 252 Spe	NONE	106.0	980	0		NONE
Optional Bosses	WINSTRATE VICTOR	26		NONE	single	0	Boltund	Muscle Band	NONE	NONE	False	Player's Highest Lv -1	scales_to_player	Jolly	Strong Jaw	Thunder Fang;Ice Fang;Psychic Fangs;Crunch	4	6 HP / 252 Atk / 252 Spe	NONE	836.0	475	0		NONE
Optional Bosses	B2B2B2B	26		NONE	single	2	Pidgeot-Mega	Pidgeotite	NONE	NONE	False	Player's Highest Lv -1	scales_to_player	Timid	No Guard	Hurricane;Facade;Heat Wave;Roost	4	6 HP / 252 SpA / 252 Spe	NONE	911.0	297	0		NONE
Optional Bosses	WINSTRATE VICTORIA	26		NONE	single	4	Cetitan	Never-Melt Ice	NONE	NONE	False	Player's Highest Lv -1	scales_to_player	Adamant	Sheer Force	Icicle Crash;Body Slam;Bulldoze;Ice Shard	4	6 HP / 252 Atk / 252 Spe	NONE	1364.0	430	1		NONE
Optional Bosses	B2B2B2B	26		NONE	single	6	Slowbro-Mega	Slowbronite	NONE	NONE	False	Player's Highest Lv -1	scales_to_player	Modest	Regenerator	Scald;Psychic;Yawn;Slack Off	4	6 HP / 252 SpA / 252 Spe	NONE	913.0	299	0		NONE
Optional Bosses	WINSTRATE VIVI	26		NONE	single	8	Pelipper	Sharp Beak	NONE	NONE	False	Player's Highest Lv -1	scales_to_player	Modest	Drizzle	Scald;Hurricane;Ice Beam;Roost	4	6 HP / 252 SpA / 252 Spe	NONE	279.0	434	0		NONE
Optional Bosses	B2B2B2B	26		NONE	single	10	Scizor-Mega	Scizorite	NONE	NONE	False	Player's Highest Lv -1	scales_to_player	Jolly	Technician	Bullet Punch;Lunge;Swords Dance;Dual Wingbeat	4	6 HP / 252 Atk / 252 Spe	NONE	923.0	309	1		NONE
Optional Bosses	WINSTRATE VICKY	26		NONE	single	12	Duraludon	Eviolite	NONE	NONE	False	Player's Highest Lv -1	scales_to_player	Bold	Heavy Metal	Flash Cannon;Dragon Pulse;Body Press;Thunderbolt	4	252 HP / 252 Def / 6 SpA	NONE	884.0	494	0		NONE
Optional Bosses	WINSTRATE VICKY	26		NONE	single	14	Medicham-Mega	Medichamite	NONE	NONE	False	Player's Highest Lv -1	scales_to_player	Jolly	Huge Power	Fake Out;Drain Punch;Zen Headbutt;Ice Punch	4	6 HP / 252 Atk / 252 Spe	NONE	934.0	320	0		NONE
Optional Bosses	TRAINER X	38	Fortree City	NONE	single	0	Galvantula	Focus Sash	NONE	NONE	False	Player's Highest Lv	scales_to_player	Timid	Compound Eyes	Sticky Web;Thunder;Bug Buzz;Giga Drain	4	6 HP / 252 SpA / 252 Spe	NONE	596.0	481	0		NONE
Optional Bosses	TRAINER X	38	Fortree City	NONE	single	2	Malamar	Leftovers	NONE	NONE	False	Player's Highest Lv	scales_to_player	Jolly	Contrary	Superpower;Night Slash;Psycho Cut;Pluck	4	6 HP / 252 Atk / 252 Spe	NONE	687.0	472	0		NONE
Optional Bosses	TRAINER X	38	Fortree City	NONE	single	4	Darmanitan	Life Orb	NONE	NONE	False	Player's Highest Lv	scales_to_player	Jolly	Sheer Force	Flare Blitz;Rock Slide;Earthquake;Brick Break	4	6 HP / 252 Atk / 252 Spe	NONE	555.0	479	0		NONE
Optional Bosses	TRAINER X	38	Fortree City	NONE	single	6	Mimikyu	Spell Tag	NONE	NONE	False	Player's Highest Lv	scales_to_player	Jolly	Disguise	Swords Dance;Shadow Claw;Play Rough;Shadow Sneak	4	6 HP / 252 Atk / 252 Spe	NONE	778.0	438	0		NONE
Optional Bosses	TRAINER X	38	Fortree City	NONE	single	8	Greninja	Expert Belt	NONE	NONE	False	Player's Highest Lv	scales_to_player	Timid	Protean	Water Shuriken;Ice Beam;Dark Pulse;Surf	4	6 HP / 252 SpA / 252 Spe	NONE	658.0	477	0		NONE
Optional Bosses	TRAINER X	38	Fortree City	NONE	single	10	Torterra	NONE	NONE	Ice Eater	True	Player's Highest Lv	scales_to_player	Adamant	Overgrow	Seed Bomb;Earthquake;Rock Slide;Heavy Slam	4	6 HP / 252 Atk / 252 Spe	NONE	389.0	NONE	0		NONE
Optional Bosses	TRAINER X	38	Fortree City	NONE	single	0	Rillaboom	Terrain Extender	NONE	NONE	False	Player's Highest Lv	scales_to_player	Adamant	Grassy Surge	High Horsepower;Wood Hammer;Taunt;Drain Punch	4	6 HP / 252 Atk / 252 Spe	NONE	812.0		0		NONE
Optional Bosses	TRAINER X	38	Fortree City	NONE	single	2	Alakazam	Focus Sash	NONE	NONE	False	Player's Highest Lv	scales_to_player	Timid	Inner Focus	Psychic;Shadow Ball;Grass Knot;Focus Blast	4	6 HP / 252 SpA / 252 Spe	NONE	65.0	481	0		NONE
Optional Bosses	TRAINER X	38	Fortree City	NONE	single	4	Tyranitar	Chople Berry	NONE	NONE	False	Player's Highest Lv	scales_to_player	Adamant	Unnerve	Crunch;Rock Slide;High Horsepower;Dragon Dance	4	6 HP / 252 Atk / 252 Spe	NONE	248.0	555	0		NONE
Optional Bosses	TRAINER X	38	Fortree City	NONE	single	6	Ampharos	Life Orb	NONE	NONE	False	Player's Highest Lv	scales_to_player	Modest	Static	Thunderbolt;Dragon Pulse;Signal Beam;Aura Sphere	4	6 HP / 252 SpA / 252 Spe	NONE	181.0	479	0		NONE
Optional Bosses	TRAINER X	38	Fortree City	NONE	single	8	Florges	Leftovers	NONE	NONE	False	Player's Highest Lv	scales_to_player	Modest	Natural Cure	Moonblast;Energy Ball;Wish;Hidden Power Fire	4	6 HP / 252 SpA / 252 Spe	30 Atk / 30 SpA / 30 Spe	671.0	472	0		NONE
Optional Bosses	TRAINER X	38	Fortree City	NONE	single	10	Empoleon	NONE	NONE	Emperor's Presence	True	Player's Highest Lv	scales_to_player	Jolly	Torrent	Cut;Liquidation;Drill Peck;Brick Break	4	6 HP / 252 Atk / 252 Spe	NONE	395.0	NONE	0		NONE
Optional Bosses	TRAINER CAP	62	Fortree City	NONE	single	0	Muk-Alola	Air Balloon	NONE	NONE	False	Player's Highest Lv	scales_to_player	Adamant	Poison Touch	Knock Off;Poison Jab;Ice Punch;Toxic	4	6 HP / 252 Atk / 252 Spe	NONE	971.0	497	0		NONE
Optional Bosses	TRAINER CAP	62	Fortree City	NONE	single	2	Conkeldurr	Punching Glove	NONE	NONE	False	Player's Highest Lv	scales_to_player	Adamant	Iron Fist	Drain Punch;Thunder Punch;Mach Punch;Fire Punch	4	6 HP / 252 Atk / 252 Spe	NONE	534.0	902	0		NONE
Optional Bosses	TRAINER CAP	62	Fortree City	NONE	single	4	Donphan	Custap Berry	NONE	NONE	False	Player's Highest Lv	scales_to_player	Adamant	Sturdy	Earthquake;Knock Off;Rock Slide;Play Rough	4	6 HP / 252 Atk / 252 Spe	NONE	232.0	576	0		NONE
Optional Bosses	TRAINER CAP	62	Fortree City	NONE	single	6	Lanturn	Leftovers	NONE	NONE	False	Player's Highest Lv	scales_to_player	Modest	Volt Absorb	Scald;Thunder Wave;Confuse Ray;Thunderbolt	4	6 HP / 252 SpA / 252 Spe	NONE	171.0	472	0		NONE
Optional Bosses	TRAINER CAP	62	Fortree City	NONE	single	8	Celesteela	Assault Vest	NONE	NONE	False	Player's Highest Lv	scales_to_player	Modest	Beast Boost	Air Slash;Flamethrower;Flash Cannon;Giga Drain	4	6 HP / 252 SpA / 252 Spe	NONE	797.0	503	0		NONE
Optional Bosses	TRAINER CAP	62	Fortree City	NONE	single	10	Charizard-Mega-X	Charizardite X	NONE	NONE	False	Player's Highest Lv	scales_to_player	Jolly	Tough Claws	Earthquake;Flare Blitz;Dragon Claw;Dragon Dance	4	6 HP / 252 Atk / 252 Spe	NONE	907.0	293	0		NONE
Optional Bosses	TRAINER SUNBIRD	74	Mossdeep City	NONE	single	0	Glimmora	Black Sludge	NONE	NONE	False	Player's Highest Lv	scales_to_player	Modest	Toxic Debris	Stealth Rock;Hidden Power Dark;Sludge Wave;Power Gem	4	6 HP / 252 SpA / 252 Spe	NONE	1359.0	487	0		NONE
Optional Bosses	TRAINER SUNBIRD	74	Mossdeep City	NONE	single	2	Dracovish	Quick Claw	NONE	NONE	False	Player's Highest Lv	scales_to_player	Adamant	Strong Jaw	Fishious Rend;Crunch;Psychic Fangs;Ancient Power	4	6 HP / 252 Atk / 252 Spe	NONE	882.0	462	0		NONE
Optional Bosses	TRAINER SUNBIRD	74	Mossdeep City	NONE	single	4	Dragonite	Sitrus Berry	NONE	NONE	False	Player's Highest Lv	scales_to_player	Gentle	Multiscale	Extreme Speed;Outrage;Aqua Tail;Dragon Dance	4	6 HP / 252 Atk / 252 Spe	NONE	149.0	523	0		NONE
Optional Bosses	TRAINER SUNBIRD	74	Mossdeep City	NONE	single	6	Meowscarada	Sitrus Berry	NONE	NONE	False	Player's Highest Lv	scales_to_player	Adamant	Protean	Night Slash;U-turn;Play Rough;Energy Ball	4	6 HP / 252 Atk / 252 Spe	NONE	1291.0	523	0		NONE
Optional Bosses	TRAINER SUNBIRD	74	Mossdeep City	NONE	single	8	Skeledirge	Throat Spray	NONE	NONE	False	Player's Highest Lv	scales_to_player	Modest	Unaware	Snarl;Hex;Hyper Voice;Torch Song	4	6 HP / 252 SpA / 252 Spe	NONE	1294.0	508	0		NONE
Optional Bosses	TRAINER SUNBIRD	74	Mossdeep City	NONE	single	10	Tyrantrum	Metronome	NONE	NONE	False	Player's Highest Lv	scales_to_player	Adamant	Strong Jaw	Poison Fang;Rock Slide;Crunch;Dragon Claw	4	6 HP / 252 Atk / 252 Spe	NONE	697.0	483	0		NONE
Optional Bosses	TRAINER SUNEAL	86	Mossdeep City	NONE	single	0	Dragapult	Draco Plate	NONE	NONE	False	Player's Highest Lv	scales_to_player	Naive	Infiltrator	Dragon Darts;Hex;Will-O-Wisp;U-turn	4	252 Atk / 6 SpA / 252 Spe	NONE	887.0	263	0		NONE
Optional Bosses	TRAINER SUNEAL	86	Mossdeep City	NONE	single	2	Blaziken	Life Orb	NONE	NONE	False	Player's Highest Lv	scales_to_player	Adamant	Blaze	Flame Charge;Flare Blitz;Swords Dance;Close Combat	4	6 HP / 252 Atk / 252 Spe	NONE	257.0	479	0		NONE
Optional Bosses	TRAINER SUNEAL	86	Mossdeep City	NONE	single	4	Sneasler	Choice Scarf	NONE	NONE	False	Player's Highest Lv	scales_to_player	Jolly	Poison Touch	Close Combat;Dire Claw;U-turn;Rock Slide	4	6 HP / 252 Atk / 252 Spe	NONE	903.0	444	0		NONE
Optional Bosses	TRAINER SUNEAL	86	Mossdeep City	NONE	single	6	Baxcalibur	Loaded Dice	NONE	NONE	False	Player's Highest Lv	scales_to_player	Adamant	Thermal Exchange	Dragon Dance;Icicle Spear;Scale Shot;Earthquake	4	6 HP / 252 Atk / 252 Spe	NONE	1390.0	904	0		NONE
Optional Bosses	TRAINER SUNEAL	86	Mossdeep City	NONE	single	8	Gyarados-Mega	Gyaradosite	NONE	NONE	False	Player's Highest Lv	scales_to_player	Adamant	Mold Breaker	Waterfall;Crunch;Ice Fang;Dragon Dance	4	6 HP / 252 Atk / 252 Spe	NONE	917.0	303	0		NONE
Optional Bosses	TRAINER SUNEAL	86	Mossdeep City	NONE	single	10	Kingambit	Black Glasses	NONE	NONE	False	Player's Highest Lv	scales_to_player	Adamant	Supreme Overlord	Iron Head;Sucker Punch;Low Kick;Kowtow Cleave	4	6 HP / 252 Atk / 252 Spe	NONE	1375.0	440	0		NONE
Optional Bosses	TRAINER DOLLAMIKE	99	Mossdeep City	NONE	single	0	Gengar	Gengarite	NONE	NONE	False	Player's Highest Lv	scales_to_player	Timid	Levitate	Hypnosis;Shadow Ball;Sludge Bomb;Nasty Plot	4	6 HP / 252 SpA / 252 Spe	NONE	94.0	300	0		NONE
Optional Bosses	TRAINER DOLLAMIKE	99	Mossdeep City	NONE	single	2	Blaziken	Leftovers	NONE	NONE	False	Player's Highest Lv	scales_to_player	Jolly	Striker	Flame Charge;Brick Break;Swords Dance;Blaze Kick	4	6 HP / 252 Atk / 252 Spe	NONE	257.0	472	0		NONE
Optional Bosses	TRAINER DOLLAMIKE	99	Mossdeep City	NONE	single	4	Ninetales-Alola	Shell Bell	NONE	NONE	False	Player's Highest Lv	scales_to_player	Timid	Snow Warning	Blizzard;Aurora Veil;Dazzling Gleam;Freeze-Dry	4	6 HP / 252 SpA / 252 Spe	NONE	962.0	473	0		NONE
Optional Bosses	TRAINER DOLLAMIKE	99	Mossdeep City	NONE	single	6	Swampert	Muscle Band	NONE	NONE	False	Player's Highest Lv	scales_to_player	Impish	Torrent	Muddy Water;Rock Slide;Stealth Rock;Earthquake	4	252 HP / 6 Atk / 252 Def	NONE	260.0	475	0		NONE
Optional Bosses	TRAINER DOLLAMIKE	99	Mossdeep City	NONE	single	8	Sylveon	Focus Sash	NONE	NONE	False	Player's Highest Lv	scales_to_player	Bold	Pixilate	Calm Mind;Iron Tail;Dazzling Gleam;Psyshock	4	252 HP / 252 Def / 6 SpA	NONE	700.0	481	0		NONE
Optional Bosses	TRAINER DOLLAMIKE	99	Mossdeep City	NONE	single	10	Silvally	Leftovers	NONE	NONE	False	Player's Highest Lv	scales_to_player	Jolly	RKS System	Thunder Fang;Rock Slide;Parting Shot;Multi-Attack	4	6 HP / 252 Atk / 252 Spe	NONE	773.0	472	0		NONE
Optional Bosses	TRAINER DANNI	111	Sootopolis City	NONE	single	0	Urshifu-Rapid-Strike	Life Orb	NONE	NONE	False	Player's Highest Lv	scales_to_player	Jolly	Unseen Fist	Surging Strikes;Close Combat;Aqua Jet;U-turn	4	6 HP / 252 Atk / 252 Spe	NONE	1230.0	479	0		NONE
Optional Bosses	TRAINER DANNI	111	Sootopolis City	NONE	single	2	Darkrai	Expert Belt	NONE	NONE	False	Player's Highest Lv	scales_to_player	Timid	Bad Dreams	Dark Pulse;Focus Blast;Dark Void;Nasty Plot	4	6 HP / 252 SpA / 252 Spe	NONE	491.0	477	0		NONE
Optional Bosses	TRAINER DANNI	111	Sootopolis City	NONE	single	4	Dragapult	Choice Specs	NONE	NONE	False	Player's Highest Lv	scales_to_player	Timid	Infiltrator	Dragon Pulse;Shadow Ball;Flamethrower;Thunderbolt	4	6 HP / 252 SpA / 252 Spe	NONE	887.0	443	0		NONE
Optional Bosses	TRAINER DANNI	111	Sootopolis City	NONE	single	6	Cinderace	Muscle Band	NONE	NONE	False	Player's Highest Lv	scales_to_player	Jolly	Libero	Pyro Ball;High Jump Kick;Sucker Punch;U-turn	4	6 HP / 252 Atk / 252 Spe	NONE	815.0	475	1		NONE
Optional Bosses	TRAINER DANNI	111	Sootopolis City	NONE	single	8	Flutter Mane	Booster Energy	NONE	NONE	False	Player's Highest Lv	scales_to_player	Timid	Protosynthesis	Shadow Ball;Moonblast;Mystical Fire;Power Gem	4	6 HP / 252 SpA / 252 Spe	NONE	1379.0	906	0		NONE
Optional Bosses	TRAINER DANNI	111	Sootopolis City	NONE	single	10	Melmetal	Assault Vest	NONE	NONE	False	Player's Highest Lv	scales_to_player	Adamant	Iron Fist	Double Iron Bash;Earthquake;Ice Punch;Thunder Punch	4	6 HP / 252 Atk / 252 Spe	NONE	809.0	503	0		NONE
Optional Bosses	TRAINER MASTAJANES	123	Sootopolis City	NONE	single	0	Iron Bundle	Booster Energy	NONE	NONE	False	Player's Highest Lv	scales_to_player	Hasty	Quark Drive	Freeze-Dry;Flip Turn;Ice Beam;Drill Peck	4	6 Atk / 252 SpA / 252 Spe	NONE	1383.0	906	0		NONE
Optional Bosses	TRAINER MASTAJANES	123	Sootopolis City	NONE	single	2	Meowscarada	Life Orb	NONE	NONE	False	Player's Highest Lv	scales_to_player	Adamant	Protean	Triple Axel;Play Rough;Flower Trick;Sucker Punch	4	6 HP / 252 Atk / 252 Spe	NONE	1291.0	479	0		NONE
Optional Bosses	TRAINER MASTAJANES	123	Sootopolis City	NONE	single	4	Alakazam	Wise Glasses	NONE	NONE	False	Player's Highest Lv	scales_to_player	Modest	Magic Guard	Dazzling Gleam;Hidden Power Dark;Psychic;Energy Ball	4	6 HP / 252 SpA / 252 Spe	NONE	65.0	476	0		NONE
Optional Bosses	TRAINER MASTAJANES	123	Sootopolis City	NONE	single	6	Ninjask	Expert Belt	NONE	NONE	False	Player's Highest Lv	scales_to_player	Adamant	Speed Boost	Swords Dance;X-Scissor;Dual Wingbeat;First Impression	4	6 HP / 252 Atk / 252 Spe	NONE	291.0	477	0		NONE
Optional Bosses	TRAINER MASTAJANES	123	Sootopolis City	NONE	single	8	Urshifu-Rapid-Strike	Coba Berry	NONE	NONE	False	Player's Highest Lv	scales_to_player	Jolly	Unseen Fist	Surging Strikes;Close Combat;Iron Head;Bulk Up	4	6 HP / 252 Atk / 252 Spe	NONE	1230.0	558	0		NONE
Optional Bosses	TRAINER MASTAJANES	123	Sootopolis City	NONE	single	10	Infernape	NONE	NONE	Adaptability	True	Player's Highest Lv	scales_to_player	Jolly	Iron Fist	Poison Jab;Close Combat;Pyro Ball;Acrobatics	4	6 HP / 252 Atk / 252 Spe	NONE	392.0	NONE	0		NONE
Optional Bosses	TRAINER BEFOOLS	135	Sootopolis City	NONE	single	0	Gengar	Gengarite	NONE	NONE	False	Player's Highest Lv	scales_to_player	Timid	Levitate	Shadow Ball;Hypnosis;Hex;Sludge	4	6 HP / 252 SpA / 252 Spe	NONE	94.0	300	1		NONE
Optional Bosses	TRAINER BEFOOLS	135	Sootopolis City	NONE	single	2	Kartana	Focus Sash	NONE	NONE	False	Player's Highest Lv	scales_to_player	Bold	Beast Boost	Leaf Blade;Psycho Cut;Air Slash;X-Scissor	4	252 HP / 252 Def / 6 SpA	NONE	798.0	481	0		NONE
Optional Bosses	TRAINER BEFOOLS	135	Sootopolis City	NONE	single	4	Iron Thorns	Hard Stone	NONE	NONE	False	Player's Highest Lv	scales_to_player	Jolly	Quark Drive	Earthquake;Rock Tomb;Rock Slide;Fusion Bolt	4	6 HP / 252 Atk / 252 Spe	NONE	1387.0	437	0		NONE
Optional Bosses	TRAINER BEFOOLS	135	Sootopolis City	NONE	single	6	Iron Hands	Magnet	NONE	NONE	False	Player's Highest Lv	scales_to_player	Adamant	Quark Drive	Fake Out;Plasma Fists;Electric Terrain;Force Palm	4	6 HP / 252 Atk / 252 Spe	NONE	1384.0	428	0		NONE
Optional Bosses	TRAINER BEFOOLS	135	Sootopolis City	NONE	single	8	Ceruledge	Charcoal	NONE	NONE	False	Player's Highest Lv	scales_to_player	Jolly	Weak Armor	Flamethrower;Bitter Blade;Shadow Claw;Flame Charge	4	6 HP / 252 Atk / 252 Spe	NONE	1325.0	426	0		NONE
Optional Bosses	TRAINER BEFOOLS	135	Sootopolis City	NONE	single	10	Tapu Koko	Magnet	NONE	NONE	False	Player's Highest Lv	scales_to_player	Rash	Electric Surge	Discharge;Agility;Electro Ball;Nature's Madness	4	6 HP / 252 SpA / 252 Spe	NONE	785.0	428	0		NONE
Optional Bosses	TRAINER NATN	147	Sootopolis City	NONE	single	0	Salamence	Salamencite	NONE	NONE	False	Player's Highest Lv	scales_to_player	Jolly	Intimidate	Return;Dragon Claw;Earthquake;Dragon Dance	4	6 HP / 252 Atk / 252 Spe	NONE	373.0	328	0		NONE
Optional Bosses	TRAINER NATN	147	Sootopolis City	NONE	single	2	Primarina	Leftovers	NONE	NONE	False	Player's Highest Lv	scales_to_player	Modest	Liquid Voice	Hyper Voice;Moonblast;Flip Turn;Icy Wind	4	6 HP / 252 SpA / 252 Spe	NONE	730.0	472	0		NONE
Optional Bosses	TRAINER NATN	147	Sootopolis City	NONE	single	4	Toxtricity	Life Orb	NONE	NONE	False	Player's Highest Lv	scales_to_player	Timid	Punk Rock	Overdrive;Sludge Wave;Nuzzle;Volt Switch	4	6 HP / 252 SpA / 252 Spe	NONE	849.0	479	0		NONE
Optional Bosses	TRAINER NATN	147	Sootopolis City	NONE	single	6	Kingambit	Choice Band	NONE	NONE	False	Player's Highest Lv	scales_to_player	Adamant	Defiant	Sucker Punch;Knock Off;Iron Head;Low Kick	4	6 HP / 252 Atk / 252 Spe	NONE	1375.0	442	0		NONE
Optional Bosses	TRAINER NATN	147	Sootopolis City	NONE	single	8	Gallade	Expert Belt	NONE	NONE	False	Player's Highest Lv	scales_to_player	Jolly	Sharpness	Psycho Cut;Sacred Sword;X-Scissor;Swords Dance	4	6 HP / 252 Atk / 252 Spe	NONE	475.0	477	0		NONE
Optional Bosses	TRAINER NATN	147	Sootopolis City	NONE	single	10	Ceruledge	Charcoal	NONE	NONE	False	Player's Highest Lv	scales_to_player	Jolly	Sharpness	Bitter Blade;Shadow Claw;Will-O-Wisp;Swords Dance	4	6 HP / 252 Atk / 252 Spe	NONE	1325.0	426	0		NONE
Optional Bosses	TRAINER MASTERPOUCINE	159	Sootopolis City	NONE	single	0	Dragapult	Dragon Fang	NONE	NONE	False	Player's Highest Lv	scales_to_player	Jolly	Clear Body	Dragon Dance;Dragon Darts;U-turn;Shadow Claw	4	6 HP / 252 Atk / 252 Spe	NONE	887.0	439	0		NONE
Optional Bosses	TRAINER MASTERPOUCINE	159	Sootopolis City	NONE	single	2	Sneasler	Shuca Berry	NONE	NONE	False	Player's Highest Lv	scales_to_player	Jolly	Poison Touch	Drain Punch;Dire Claw;Mach Punch;Swords Dance	4	6 HP / 252 Atk / 252 Spe	NONE	903.0	557	0		NONE
Optional Bosses	TRAINER MASTERPOUCINE	159	Sootopolis City	NONE	single	4	Rapidash-Galar	Charcoal	NONE	NONE	False	Player's Highest Lv	scales_to_player	Jolly	Flash Fire	Fire Lash;Flame Charge;Play Rough;Wild Charge	4	6 HP / 252 Atk / 252 Spe	NONE	976.0	426	0		NONE
Optional Bosses	TRAINER MASTERPOUCINE	159	Sootopolis City	NONE	single	6	Mamoswine	Soft Sand	NONE	NONE	False	Player's Highest Lv	scales_to_player	Adamant	Thick Fat	Earthquake;Ice Shard;Icicle Crash;Stone Edge	4	6 HP / 252 Atk / 252 Spe	NONE	473.0	433	0		NONE
Optional Bosses	TRAINER MASTERPOUCINE	159	Sootopolis City	NONE	single	8	Urshifu	Life Orb	NONE	NONE	False	Player's Highest Lv	scales_to_player	Jolly	Unseen Fist	Close Combat;Wicked Blow;Sucker Punch;Swords Dance	4	6 HP / 252 Atk / 252 Spe	NONE	892.0	479	0		NONE
Optional Bosses	TRAINER MASTERPOUCINE	159	Sootopolis City	NONE	single	10	Empoleon	NONE	NONE	Emperor's Presence	True	Player's Highest Lv	scales_to_player	Jolly	Torrent	Swords Dance;Iron Head;Aqua Jet;Liquidation	4	6 HP / 252 Atk / 252 Spe	NONE	395.0	NONE	0		NONE
Optional Bosses	TRAINER OBLIVION WING	171	Sootopolis City	NONE	single	0	Gyarados	Mystic Water	NONE	NONE	False	Player's Highest Lv	scales_to_player	Jolly	Intimidate	Ice Fang;Aqua Tail;Crunch;Twister	4	6 HP / 252 Atk / 252 Spe	NONE	130.0	427	0		NONE
Optional Bosses	TRAINER OBLIVION WING	171	Sootopolis City	NONE	single	2	Greninja	Mystic Water	NONE	NONE	False	Player's Highest Lv	scales_to_player	Timid	Protean	Scald;Icy Wind;Extrasensory;Water Pulse	4	6 HP / 252 SpA / 252 Spe	NONE	658.0	427	0		NONE
Optional Bosses	TRAINER OBLIVION WING	171	Sootopolis City	NONE	single	4	Blaziken	Expert Belt	NONE	NONE	False	Player's Highest Lv	scales_to_player	Adamant	Striker	Triple Arrows;Brave Bird;Blaze Kick;Quick Attack	4	6 HP / 252 Atk / 252 Spe	NONE	257.0	477	0		NONE
Optional Bosses	TRAINER OBLIVION WING	171	Sootopolis City	NONE	single	6	Roaring Moon	Booster Energy	NONE	NONE	False	Player's Highest Lv	scales_to_player	Jolly	Protosynthesis	Night Slash;Dragon Claw;Zen Headbutt;Headbutt	4	6 HP / 252 Atk / 252 Spe	NONE	1398.0	906	0		NONE
Optional Bosses	TRAINER OBLIVION WING	171	Sootopolis City	NONE	single	8	Urshifu	Life Orb	NONE	NONE	False	Player's Highest Lv	scales_to_player	Jolly	Unseen Fist	Dynamic Punch;Wicked Blow;Iron Head;Detect	4	6 HP / 252 Atk / 252 Spe	NONE	892.0	479	0		NONE
Optional Bosses	TRAINER OBLIVION WING	171	Sootopolis City	NONE	single	10	Luxray	NONE	NONE	Strong Jaw	True	Player's Highest Lv	scales_to_player	Jolly	Intimidate	Thunder Fang;Crunch;Zing Zap;Baby-Doll Eyes	4	6 HP / 252 Atk / 252 Spe	NONE	405.0	NONE	1		NONE
Optional Bosses	TRAINER BURAK	183	Sootopolis City	NONE	single	0	Infernape	Infernapite	NONE	NONE	False	Player's Highest Lv	scales_to_player	Hasty	Iron Fist	Fake Out;Overheat;Close Combat;Knock Off	4	252 Atk / 6 SpA / 252 Spe	NONE	392.0	979	1		NONE
Optional Bosses	TRAINER BURAK	183	Sootopolis City	NONE	single	2	Gouging Fire	Leftovers	NONE	NONE	False	Player's Highest Lv	scales_to_player	Jolly	Protosynthesis	Heat Crash;Dragon Claw;Burning Bulwark;Morning Sun	4	6 HP / 252 Atk / 252 Spe	NONE	1427.0	472	0		NONE
Optional Bosses	TRAINER BURAK	183	Sootopolis City	NONE	single	4	Primarina	Assault Vest	NONE	NONE	False	Player's Highest Lv	scales_to_player	Calm	Liquid Voice	Flip Turn;Moonblast;Ice Beam;Hyper Voice	4	252 HP / 6 SpA / 252 SpD	NONE	730.0	503	0		NONE
Optional Bosses	TRAINER BURAK	183	Sootopolis City	NONE	single	6	Gyarados	Wacan Berry	NONE	NONE	False	Player's Highest Lv	scales_to_player	Jolly	Intimidate	Aqua Tail;Ice Fang;Earthquake;Crunch	4	252 Atk / 6 SpA / 252 Spe	NONE	130.0	552	0		NONE
Optional Bosses	TRAINER BURAK	183	Sootopolis City	NONE	single	8	Kingambit	Focus Sash	NONE	NONE	False	Player's Highest Lv	scales_to_player	Adamant	Defiant	Kowtow Cleave;Iron Head;Sucker Punch;Brick Break	4	252 Atk / 6 SpA / 252 Spe	NONE	1375.0	481	0		NONE
Optional Bosses	TRAINER BURAK	183	Sootopolis City	NONE	single	10	Spidops	Life Orb	NONE	NONE	False	Player's Highest Lv	scales_to_player	Adamant	Stakeout	First Impression;Skitter Smack;Facade;Rock Tomb	4	252 Atk / 6 SpA / 252 Spe	NONE	1302.0	479	0		NONE
Elite 4	ELITE FOUR DRAKE	1		NONE	double	0	Salamence	Life Orb	NONE	NONE	False	82	fixed	Hasty	Intimidate	Dragon Claw;Dual Wingbeat;Hydro Pump;Fire Blast	4	252 Atk / 6 SpA / 252 Spe	NONE	373.0	479	0	270	NONE
Elite 4	ELITE FOUR DRAKE	1		NONE	double	2	Magearna	Leftovers	NONE	NONE	False	82	fixed	Modest	Soul-Heart	Dazzling Gleam;Flash Cannon;Aura Sphere;Energy Ball	4	6 HP / 252 SpA / 252 Spe	NONE	801.0	472	0	188	NONE
Elite 4	ELITE FOUR DRAKE	1		NONE	double	4	Archaludon	Power Herb	NONE	NONE	False	82	fixed	Modest	Bad Company	Draco Meteor;Steel Beam;Electro Shot;Dark Pulse	4	6 HP / 252 SpA / 252 Spe	NONE	1425.0	480	0	221	NONE
Elite 4	ELITE FOUR DRAKE	1		NONE	double	6	Tauros-Paldea-Aqua	Assault Vest	NONE	NONE	False	82	fixed	Jolly	Intimidate	Wave Crash;Close Combat;Zen Headbutt;Rock Slide	4	6 HP / 252 Atk / 252 Spe	NONE	1404.0	503	0	270	NONE
Elite 4	ELITE FOUR DRAKE	1		NONE	double	8	Gouging Fire	Booster Energy	NONE	NONE	False	82	fixed	Adamant	Protosynthesis	Flare Blitz;Dragon Claw;Stomping Tantrum;Dragon Dance	4	6 HP / 252 Atk / 252 Spe	NONE	1427.0	906	0	231	NONE
Elite 4	ELITE FOUR DRAKE	1		NONE	double	10	Rayquaza-Mega	Focus Sash	NONE	NONE	False	82	fixed	Naive	Delta Stream	Dragon Ascent;Dragon Pulse;Earth Power;Extreme Speed	4	252 Atk / 6 SpA / 252 Spe	NONE	953.0	481	0	297	NONE
Elite 4	ELITE FOUR SIDNEY	13		Team 1	single	0	Moltres-Galar	Focus Sash	NONE	NONE	False	85	fixed	Hasty	Berserk	Tailwind;Fiery Wrath;Air Slash;Sucker Punch	4	6 Atk / 252 SpA / 252 Spe	NONE	984.0	481	0	260	NONE
Elite 4	ELITE FOUR SIDNEY	13		Team 1	single	2	Grimmsnarl	Leftovers	NONE	NONE	False	85	fixed	Jolly	Prankster	Spirit Break;Darkest Lariat;Hammer Arm;Parting Shot	4	6 HP / 252 Atk / 252 Spe	NONE	861.0	472	1	204	NONE
Elite 4	ELITE FOUR SIDNEY	13		Team 1	single	4	Munkidori	Assault Vest	NONE	NONE	False	85	fixed	Timid	Toxic Chain	Fake Out;Sludge Wave;Grass Knot;Psychic	4	6 HP / 252 SpA / 252 Spe	NONE	1414.0	503	0	291	NONE
Elite 4	ELITE FOUR SIDNEY	13		Team 1	single	6	Delphox	Life Orb	NONE	NONE	False	85	fixed	Timid	Magic Guard	Mind Blown;Psychic;Shadow Ball;Scorching Sands	4	6 HP / 252 SpA / 252 Spe	NONE	655.0	479	0	287	NONE
Elite 4	ELITE FOUR SIDNEY	13		Team 1	single	8	Roaring Moon	Booster Energy	NONE	NONE	False	85	fixed	Adamant	Protosynthesis	Dragon Dance;Iron Head;Dragon Claw;Knock Off	4	6 HP / 252 Atk / 252 Spe	NONE	1398.0	906	0	287	NONE
Elite 4	ELITE FOUR SIDNEY	13		Team 1	single	10	Absol-Mega	Absolite	NONE	NONE	False	85	fixed	Jolly	Sharpness	Night Slash;Close Combat;Play Rough;Swords Dance	4	6 HP / 252 Atk / 252 Spe	NONE	940.0	326	0	308	NONE
Elite 4	ELITE FOUR SIDNEY	25		Team 2	single	0	Moltres-Galar	Focus Sash	NONE	NONE	False	85	fixed	Quiet	Berserk	Trick Room;Fiery Wrath;Air Slash;Sucker Punch	4	252 HP / 6 Atk / 252 SpA	0 Spe	984.0	481	1	142	NONE
Elite 4	ELITE FOUR SIDNEY	25		Team 2	single	2	Absol	Scope Lens	NONE	NONE	False	85	fixed	Brave	Super Luck	Night Slash;Psycho Cut;Sucker Punch;Close Combat	4	252 HP / 252 Atk / 6 Def	0 Spe	359.0	471	0	118	NONE
Elite 4	ELITE FOUR SIDNEY	25		Team 2	single	4	Munkidori	Assault Vest	NONE	NONE	False	85	fixed	Timid	Toxic Chain	Fake Out;Sludge Wave;Grass Knot;Psychic	4	6 HP / 252 SpA / 252 Spe	NONE	1414.0	503	0	291	NONE
Elite 4	ELITE FOUR SIDNEY	25		Team 2	single	6	Victini	Room Service	NONE	NONE	False	85	fixed	Brave	Victory Star	Trick Room;Zen Headbutt;Bolt Strike;V-create	4	252 HP / 252 Atk / 6 Def	0 Spe	494.0	512	0	157	NONE
Elite 4	ELITE FOUR SIDNEY	25		Team 2	single	8	Guzzlord	Life Orb	NONE	NONE	False	85	fixed	Brave	Beast Boost	Earthquake;Hammer Arm;Dragon Claw;Knock Off	4	252 HP / 252 Atk / 6 SpD	0 Spe	799.0	479	0	39	NONE
Elite 4	ELITE FOUR SIDNEY	25		Team 2	single	10	Grimmsnarl	NONE	NONE	Sheer Force	True	85	fixed	Quiet	Prankster	Dark Pulse;Moonblast;Aura Sphere;Nasty Plot	4	252 HP / 6 Atk / 252 SpA	0 Spe	861.0	NONE	0	96	NONE
Elite 4	ELITE FOUR PHOEBE	38		Team 1	single	0	Okidogi	Assault Vest	NONE	NONE	False	85	fixed	Adamant	Defiant	Close Combat;Poison Jab;Crunch;Mach Punch	4	6 HP / 252 Atk / 252 Spe	NONE	1413.0	503	0	220	NONE
Elite 4	ELITE FOUR PHOEBE	38		Team 1	single	2	Overqwil	Life Orb	NONE	NONE	False	85	fixed	Jolly	Intimidate	Gunk Shot;Throat Chop;Aqua Tail;Facade	4	6 HP / 252 Atk / 252 Spe	NONE	904.0	479	0	251	NONE
Elite 4	ELITE FOUR PHOEBE	38		Team 1	single	4	Annihilape	Punching Glove	NONE	NONE	False	85	fixed	Jolly	Defiant	Drain Punch;Rage Fist;Rock Slide;Bulk Up	4	6 HP / 252 Atk / 252 Spe	NONE	1370.0	902	0	260	NONE
Elite 4	ELITE FOUR PHOEBE	38		Team 1	single	6	Naganadel	Air Balloon	NONE	NONE	False	85	fixed	Timid	Beast Boost	Sludge Wave;Draco Barrage;Fire Blast;Nasty Plot	4	6 HP / 252 SpA / 252 Spe	NONE	804.0	497	0	319	NONE
Elite 4	ELITE FOUR PHOEBE	38		Team 1	single	8	Calyrex-Shadow	Focus Sash	NONE	NONE	False	85	fixed	Timid	As One (Spectrier)	Nasty Plot;Astral Barrage;Psyshock;Draining Kiss	4	6 HP / 252 SpA / 252 Spe	NONE	1233.0	481	0	372	NONE
Elite 4	ELITE FOUR PHOEBE	38		Team 1	single	10	Dusknoir	NONE	NONE	THE GRIPPER	True	85	fixed	Adamant	Hustle	Shadow Punch;Knock Off;Thunder Punch;Ice Punch	4	252 HP / 6 Atk / 252 Def	NONE	477.0	NONE	0	107	NONE
Elite 4	ELITE FOUR PHOEBE	50		Team 2	single	0	Dragapult	Expert Belt	NONE	NONE	False	85	fixed	Jolly	Clear Body	Dragon Darts;U-turn;Shadow Claw;Steel Wing	4	6 HP / 252 Atk / 252 Spe	NONE	887.0	477	0	358	NONE
Elite 4	ELITE FOUR PHOEBE	50		Team 2	single	2	Drapion	Scope Lens	NONE	NONE	False	85	fixed	Jolly	Sniper	Wicked Blow;Cross Poison;Earthquake;Ice Fang	4	6 HP / 252 Atk / 252 Spe	NONE	452.0	471	0	270	NONE
Elite 4	ELITE FOUR PHOEBE	50		Team 2	single	4	Annihilape	Punching Glove	NONE	NONE	False	85	fixed	Jolly	Defiant	Drain Punch;Rage Fist;Rock Slide;Bulk Up	4	6 HP / 252 Atk / 252 Spe	NONE	1370.0	902	0	260	NONE
Elite 4	ELITE FOUR PHOEBE	50		Team 2	single	6	Pecharunt	Life Orb	NONE	NONE	False	85	fixed	Timid	Poison Puppeteer	Malignant Chain;Hex;Hidden Power Fire;Recover	4	6 HP / 252 SpA / 252 Spe	30 Atk / 30 SpA / 30 Spe	1434.0	479	0	256	NONE
Elite 4	ELITE FOUR PHOEBE	50		Team 2	single	8	Calyrex-Shadow	Focus Sash	NONE	NONE	False	85	fixed	Timid	As One (Spectrier)	Nasty Plot;Astral Barrage;Psyshock;Draining Kiss	4	6 HP / 252 SpA / 252 Spe	NONE	1233.0	481	0	372	NONE
Elite 4	ELITE FOUR PHOEBE	50		Team 2	single	10	Gengar-Mega	Gengarite	NONE	NONE	False	85	fixed	Timid	Shadow Tag	Shadow Ball;Sludge Wave;Focus Blast;Nasty Plot	4	6 HP / 252 SpA / 252 Spe	NONE	914.0	300	0	335	NONE
Elite 4	ELITE FOUR GLACIA	63		Team 1	single	0	Ninetales	Heat Rock	NONE	NONE	False	85	fixed	Timid	Drought	Flamethrower;Energy Ball;Psyshock;Scorching Sands	4	6 HP / 252 SpA / 252 Spe	NONE	38.0	448	0	279	NONE
Elite 4	ELITE FOUR GLACIA	63		Team 1	single	2	Decidueye-Hisui	Expert Belt	NONE	NONE	False	85	fixed	Jolly	Quill Rush	Close Combat;Leaf Blade;Sucker Punch;Stone Edge	4	6 HP / 252 Atk / 252 Spe	NONE	1008.0	477	0	223	NONE
Elite 4	ELITE FOUR GLACIA	63		Team 1	single	4	Darmanitan-Galar-Zen	Life Orb	NONE	NONE	False	85	fixed	Jolly	Zen Mode	Flare Blitz;Icicle Crash;Zen Headbutt;Earthquake	4	6 HP / 252 Atk / 252 Spe	NONE	1093.0	479	0	345	NONE
Elite 4	ELITE FOUR GLACIA	63		Team 1	single	6	Volcanion	Heavy-Duty Boots	NONE	NONE	False	85	fixed	Timid	Water Absorb	Hydro Steam;Flamethrower;Sludge Wave;Defog	4	6 HP / 252 SpA / 252 Spe	NONE	721.0		0	223	NONE
Elite 4	ELITE FOUR GLACIA	63		Team 1	single	8	Reshiram	Weakness Policy	NONE	NONE	False	85	fixed	Timid	Turboblaze	Fusion Flare;Dragon Pulse;Aura Sphere;Flame Charge	4	6 HP / 252 SpA / 252 Spe	NONE	643.0		0	260	NONE
Elite 4	ELITE FOUR GLACIA	63		Team 1	single	10	Charizard-Mega-Y	Charizardite Y	NONE	NONE	False	85	fixed	Timid	Drought	Flamethrower;Air Slash;Solar Beam;Dragon Pulse	4	6 HP / 252 SpA / 252 Spe	NONE	908.0	294	0	279	NONE
Elite 4	ELITE FOUR GLACIA	75		Team 2	single	0	Ninetales-Alola	Icy Rock	NONE	NONE	False	85	fixed	Timid	Snow Warning	Extrasensory;Ice Beam;Moonblast;Energy Ball	4	6 HP / 252 SpA / 252 Spe	NONE	962.0	450	1	297	NONE
Elite 4	ELITE FOUR GLACIA	75		Team 2	single	2	Electivire	Expert Belt	NONE	NONE	False	85	fixed	Jolly	Iron Fist	Plasma Fists;Close Combat;Mach Punch;Earthquake	4	6 HP / 252 Atk / 252 Spe	NONE	466.0	477	0	270	NONE
Elite 4	ELITE FOUR GLACIA	75		Team 2	single	4	Darmanitan-Galar-Zen	Life Orb	NONE	NONE	False	85	fixed	Jolly	Zen Mode	Flare Blitz;Icicle Crash;Zen Headbutt;Earthquake	4	6 HP / 252 Atk / 252 Spe	NONE	1093.0	479	0	345	NONE
Elite 4	ELITE FOUR GLACIA	75		Team 2	single	6	Volcanion	Heavy-Duty Boots	NONE	NONE	False	85	fixed	Timid	Water Absorb	Steam Eruption;Flamethrower;Sludge Wave;Defog	4	6 HP / 252 SpA / 252 Spe	NONE	721.0		0	223	NONE
Elite 4	ELITE FOUR GLACIA	75		Team 2	single	8	Kyurem-Black	Loaded Dice	NONE	NONE	False	85	fixed	Jolly	Teravolt	Fusion Bolt;Scale Shot;Icicle Spear;Dragon Dance	4	6 HP / 252 Atk / 252 Spe	NONE	1105.0	904	0	270	NONE
Elite 4	ELITE FOUR GLACIA	75		Team 2	single	10	Abomasnow-Mega	Abomasite	NONE	NONE	False	85	fixed	Jolly	Slush Rush	Ice Hammer;Ice Shard;Wood Hammer;Earthquake	4	6 HP / 252 Atk / 252 Spe	NONE	949.0	335	0	204	NONE
Elite 4	ELITE FOUR CYNTHIA	88		NONE	single	0	Spiritomb	Assault Vest	NONE	NONE	False	85	fixed	Sassy	Intimidate	Dark Hole;Sucker Punch;Dream Eater;Poltergeist	4	252 HP / 6 SpA / 252 SpD	NONE	442.0	503	0	81	NONE
Elite 4	ELITE FOUR CYNTHIA	88		NONE	single	2	Heatran	Air Balloon	NONE	NONE	False	85	fixed	Timid	Flash Fire	Flamethrower;Flash Cannon;Power Gem;Will-O-Wisp	4	6 HP / 252 SpA / 252 Spe	NONE	485.0	497	0	236	NONE
Elite 4	ELITE FOUR CYNTHIA	88		NONE	single	4	Cramorant	Focus Sash	NONE	NONE	False	85	fixed	Timid	Gulp Missile	Surf;Ice Beam;Air Slash;Roost	4	6 HP / 252 SpA / 252 Spe	NONE	845.0	481	0	289	NONE
Elite 4	ELITE FOUR CYNTHIA	88		NONE	single	6	Zamazenta-Crowned	Rusted Shield	NONE	NONE	False	85	fixed	Jolly	Dauntless Shield	Body Press;Iron Defense;Behemoth Bash;Play Rough	4	6 HP / 252 Atk / 252 Spe	NONE	1228.0	289	1	332	NONE
Elite 4	ELITE FOUR CYNTHIA	88		NONE	single	8	Xerneas	Power Herb	NONE	NONE	False	85	fixed	Timid	Fairy Aura	Moonblast;Psyshock;Hidden Power Fire;Geomancy	4	6 HP / 252 SpA / 252 Spe	30 Atk / 30 SpA / 30 Spe	716.0	480	0	277	NONE
Elite 4	ELITE FOUR CYNTHIA	88		NONE	single	10	Garchomp-Mega	Garchompite	NONE	NONE	False	85	fixed	Jolly	Sand Force	Scale Shot;Earthquake;Stone Edge;Swords Dance	4	6 HP / 252 Atk / 252 Spe	NONE	947.0	333	0	283	NONE
Elite 4	CHAMPION WALLACE	101		NONE	double	0	Empoleon	NONE	NONE	Emperor's Presence	True	85	fixed	Jolly	Torrent	Iron Head;Liquidation;Drill Peck;Protect	4	6 HP / 252 Atk / 252 Spe	NONE	395.0	NONE	0	204	NONE
Elite 4	CHAMPION WALLACE	101		NONE	double	2	Palkia-Primal	Lustrous Orb	NONE	NONE	False	85	fixed	Timid	Primal Armor	Spacial Rend;Earth Power;Aura Sphere;Hydro Pump	4	6 HP / 252 SpA / 252 Spe	NONE	1530.0	402	0	279	NONE
Elite 4	CHAMPION WALLACE	101		NONE	double	4	Suicune	Leftovers	NONE	NONE	False	85	fixed	Timid	Inner Focus	Scald;Ice Beam;Calm Mind;Air Slash	4	6 HP / 252 SpA / 252 Spe	NONE	245.0	472	0	251	NONE
Elite 4	CHAMPION STEVEN	101		NONE	double	6	Empoleon	NONE	NONE	Lightning Rod	True	85	fixed	Sassy	Torrent	Flip Turn;Flash Cannon;Toxic;Roost	4	252 HP / 6 SpA / 252 SpD	NONE	395.0	NONE	0	119	NONE
Elite 4	CHAMPION STEVEN	101		NONE	double	8	Dialga-Primal	Adamant Orb	NONE	NONE	False	85	fixed	Timid	Primal Armor	Draco Barrage;Flash Cannon;Fire Blast;Ice Beam	4	6 HP / 252 SpA / 252 Spe	NONE	1529.0	401	0	260	NONE
Elite 4	CHAMPION STEVEN	101		NONE	double	10	Metagross	Assault Vest	NONE	NONE	False	85	fixed	Jolly	Tough Claws	Meteor Mash;Zen Headbutt;Ice Punch;Bullet Punch	4	6 HP / 252 Atk / 252 Spe	NONE	376.0	503	0	223	NONE
