lineage	checkpoint	form_used	form_stage	raw	floor	vorp	lin_median	dead_weight_penalty	adjusted
1	1	Venusaur	3	0.601	0.571	0.0285	0.6108	0.0098	0.5912
1	2	Venusaur	3	0.5114	0.4615	0.0078	0.6108	0.0994	0.412
1	3	Venusaur	3	0.5728	0.5068	0.0785	0.6108	0.038	0.5348
1	4	Venusaur	3	0.6242	0.4972	0.127	0.6108	0	0.6242
1	5	Venusaur	3	0.591	0.4531	0.024	0.6108	0.0198	0.5712
1	6	Venusaur	3	0.6643	0.4301	0.1437	0.6108	0	0.6643
1	7	Venusaur	3	0.6463	0.4041	0.1563	0.6108	0	0.6463
1	8	Venusaur	3	0.6028	0.3354	0.1146	0.6108	0.008	0.5948
1	9	Venusaur	3	0.6575	0.4588	0.1594	0.6108	0	0.6575
1	10	Venusaur	3	0.6606	0.4468	0.1988	0.6108	0	0.6606
1	11	Venusaur	3	0.6398	0.5353	0.0905	0.6108	0	0.6398
1	12	Venusaur	3	0.6154	0.4179	0.1637	0.6108	0	0.6154
1	13	Venusaur	3	0.5958	0.3725	0.1128	0.6108	0.015	0.5808
1	14	Venusaur	3	0.7212	0.4242	0.2221	0.6108	0	0.7212
1	15	Venusaur	3	0.6162	0.3825	0.0947	0.6108	0	0.6162
1	16	Venusaur	3	0.5827	0.3999	0.1048	0.6108	0.0281	0.5546
1	17	Venusaur	3	0.5209	0.3854	0.0784	0.6108	0.0899	0.431
1	18	Venusaur	3	0.6108	0.37	0.1332	0.6108	0	0.6108
1	19	Venusaur	3	0.568	0.3572	0.0836	0.6108	0.0428	0.5252
10	1	Butterfree	3	0.4584	0.3749	0.0196	0.5059	0.0475	0.4109
10	2	Butterfree	3	0.4499	0.368	-0.0156	0.5059	0.056	0.3939
10	3	Butterfree	3	0.4213	0.2972	-0.0657	0.5059	0.0846	0.3367
10	4	Butterfree	3	0.5741	0.4028	0.0438	0.5059	0	0.5741
10	5	Butterfree	3	0.5109	0.3358	-0.0356	0.5059	0	0.5109
10	6	Butterfree	3	0.5341	0.2204	0.0455	0.5059	0	0.5341
10	7	Butterfree	3	0.5042	0.3161	-0.0183	0.5059	0.0017	0.5025
10	8	Butterfree	3	0.4579	0.2445	-0.0754	0.5059	0.048	0.4099
10	9	Butterfree	3	0.5535	0.3163	0.0319	0.5059	0	0.5535
10	10	Butterfree	3	0.5837	0.345	0.0675	0.5059	0	0.5837
10	11	Butterfree	3	0.4374	0.3052	-0.1453	0.5059	0.0685	0.3689
10	12	Butterfree	3	0.4393	0.2526	-0.0716	0.5059	0.0666	0.3727
10	13	Butterfree	3	0.526	0.3229	-0.0357	0.5059	0	0.526
10	14	Butterfree	3	0.5582	0.3097	0.0127	0.5059	0	0.5582
10	15	Butterfree	3	0.6477	0.3744	0.1096	0.5059	0	0.6477
10	16	Butterfree	3	0.4803	0.2851	-0.0577	0.5059	0.0256	0.4547
10	17	Butterfree	3	0.5141	0.2347	0.0148	0.5059	0	0.5141
10	18	Butterfree	3	0.4259	0.248	-0.0785	0.5059	0.08	0.3459
10	19	Butterfree	3	0.5059	0.2669	-0.0031	0.5059	0	0.5059
100	1	Electrode	2	0.4778	0.4628	-0.1248	0.642	0.1642	0.3136
100	2	Electrode	2	0.5287	0.5021	0.0039	0.642	0.1133	0.4154
100	3	Electrode	2	0.4892	0.4639	-0.0438	0.642	0.1528	0.3364
100	4	Electrode	2	0.5905	0.4983	-0.0286	0.642	0.0515	0.539
100	5	Electrode	2	0.658	0.5825	0.091	0.642	0	0.658
100	6	Electrode	2	0.7137	0.5226	0.1931	0.642	0	0.7137
100	7	Electrode	2	0.6393	0.4623	0.1493	0.642	0.0027	0.6366
100	8	Electrode	2	0.654	0.4177	0.1658	0.642	0	0.654
100	9	Electrode	2	0.6731	0.459	0.175	0.642	0	0.6731
100	10	Electrode	2	0.6316	0.4392	0.1698	0.642	0.0104	0.6212
100	11	Electrode	2	0.642	0.4521	0.0927	0.642	0	0.642
100	12	Electrode	2	0.6766	0.4975	0.2249	0.642	0	0.6766
100	13	Electrode	2	0.6808	0.4469	0.1978	0.642	0	0.6808
100	14	Electrode	2	0.6611	0.4731	0.162	0.642	0	0.6611
100	15	Electrode	2	0.6878	0.4763	0.1663	0.642	0	0.6878
100	16	Electrode	2	0.5968	0.4362	0.1189	0.642	0.0452	0.5516
100	17	Electrode	2	0.6001	0.4077	0.1576	0.642	0.0419	0.5582
100	18	Electrode	2	0.6355	0.4716	0.1579	0.642	0.0065	0.629
100	19	Electrode	2	0.6568	0.4632	0.1724	0.642	0	0.6568
1002	1	Zorua-Hisui	1	0.5893	0.3511	-0.0133	0.5316	0	0.5893
1002	2	Zorua-Hisui	1	0.5043	0.3427	-0.0205	0.5316	0.0273	0.477
1002	3	Zorua-Hisui	1	0.4908	0.3194	-0.0422	0.5316	0.0408	0.45
1002	4	Zoroark-Hisui	2	0.5316	0.4805	-0.105	0.5316	0	0.5316
1002	5	Zoroark-Hisui	2	0.5617	0.515	0.0261	0.5316	0	0.5617
1002	6	Zoroark-Hisui	2	0.5559	0.3857	0.1221	0.5316	0	0.5559
1002	7	Zoroark-Hisui	2	0.573	0.3973	0.105	0.5316	0	0.573
1002	8	Zoroark-Hisui	2	0.4699	0.3721	-0.0634	0.5316	0.0617	0.4082
1002	9	Zoroark-Hisui	2	0.5497	0.3796	0.0281	0.5316	0	0.5497
1002	10	Zoroark-Hisui	2	0.5842	0.3356	0.068	0.5316	0	0.5842
1002	11	Zoroark-Hisui	2	0.5509	0.3375	-0.0318	0.5316	0	0.5509
1002	12	Zoroark-Hisui	2	0.4612	0.3526	-0.0497	0.5316	0.0704	0.3908
1002	13	Zoroark-Hisui	2	0.5354	0.3763	-0.0263	0.5316	0	0.5354
1002	14	Zoroark-Hisui	2	0.4966	0.3339	-0.0489	0.5316	0.035	0.4616
1002	15	Zoroark-Hisui	2	0.5601	0.3812	0.022	0.5316	0	0.5601
1002	16	Zoroark-Hisui	2	0.4729	0.3674	-0.0651	0.5316	0.0587	0.4142
1002	17	Zoroark-Hisui	2	0.5078	0.3378	0.0085	0.5316	0.0238	0.484
1002	18	Zoroark-Hisui	2	0.4814	0.3433	-0.023	0.5316	0.0502	0.4312
1002	19	Zoroark-Hisui	2	0.4742	0.3258	-0.0348	0.5316	0.0574	0.4168
102	1	Exeggcute	1	0.7036	0.548	0.2838	0.614	0	0.7036
102	2	Exeggcute	1	0.6002	0.3505	0.2798	0.614	0.0138	0.5864
102	3	Exeggcute	1	0.6671	0.4161	0.251	0.614	0	0.6671
102	4	Exeggcute	1	0.4656	0.2841	0.0273	0.614	0.1484	0.3172
102	5	Exeggcute	1	0.5187	0.2579	-0.0278	0.614	0.0953	0.4234
102	6	Exeggutor-Alola	2	0.6028	0.3094	0.1142	0.614	0.0112	0.5916
102	7	Exeggutor-Alola	2	0.6586	0.397	0.1361	0.614	0	0.6586
102	8	Exeggutor-Alola	2	0.5661	0.359	0.0328	0.614	0.0479	0.5182
102	9	Exeggutor-Alola	2	0.614	0.3546	0.0924	0.614	0	0.614
102	10	Exeggutor	2	0.6706	0.4052	0.2088	0.614	0	0.6706
102	11	Exeggutor	2	0.6558	0.3782	0.1065	0.614	0	0.6558
102	12	Exeggutor	2	0.6	0.3254	0.1483	0.614	0.014	0.586
102	13	Exeggutor-Alola	2	0.5648	0.3455	0.0859	0.614	0.0492	0.5156
102	14	Exeggutor-Alola	2	0.666	0.3987	0.226	0.614	0	0.666
102	15	Exeggutor	2	0.6702	0.3718	0.1487	0.614	0	0.6702
102	16	Exeggutor-Alola	2	0.6355	0.3707	0.23	0.614	0	0.6355
102	17	Exeggutor	2	0.6451	0.3671	0.2026	0.614	0	0.6451
102	18	Exeggutor	2	0.5481	0.3112	0.0705	0.614	0.0659	0.4822
102	19	Exeggutor	2	0.566	0.3104	0.0816	0.614	0.048	0.518
1024	4	Unown-B	1	0.4193	0.3837	-0.1998	0.3284	0	0.4193
1024	5	Unown-B	1	0.395	0.345	-0.1648	0.3284	0	0.395
1024	6	Unown-B	1	0.3502	0.2661	-0.0766	0.3284	0	0.3502
1024	7	Unown-B	1	0.3413	0.3121	-0.1143	0.3284	0	0.3413
1024	8	Unown-B	1	0.3463	0.2825	-0.0834	0.3284	0	0.3463
1024	9	Unown-B	1	0.3272	0.2751	-0.1436	0.3284	0.0012	0.326
1024	10	Unown-B	1	0.2881	0.2464	-0.1613	0.3284	0.0403	0.2478
1024	11	Unown-B	1	0.339	0.2591	-0.1382	0.3284	0	0.339
1024	12	Unown-B	1	0.3296	0.2308	-0.1222	0.3284	0	0.3296
1024	13	Unown-B	1	0.2938	0.2176	-0.1911	0.3284	0.0346	0.2592
1024	14	Unown-B	1	0.3488	0.2312	-0.1037	0.3284	0	0.3488
1024	15	Unown-B	1	0.2758	0.217	-0.2447	0.3284	0.0526	0.2232
1024	16	Unown-B	1	0.3228	0.2537	-0.119	0.3284	0.0056	0.3172
1024	17	Unown-B	1	0.2744	0.2224	-0.1443	0.3284	0.054	0.2204
1024	18	Unown-B	1	0.3153	0.2483	-0.1424	0.3284	0.0131	0.3022
1024	19	Unown-B	1	0.305	0.2207	-0.1482	0.3284	0.0234	0.2816
1025	4	Unown-C	1	0.4193	0.3837	-0.1998	0.3284	0	0.4193
1025	5	Unown-C	1	0.395	0.345	-0.1648	0.3284	0	0.395
1025	6	Unown-C	1	0.3502	0.2661	-0.0766	0.3284	0	0.3502
1025	7	Unown-C	1	0.3413	0.3121	-0.1143	0.3284	0	0.3413
1025	8	Unown-C	1	0.3463	0.2825	-0.0834	0.3284	0	0.3463
1025	9	Unown-C	1	0.3272	0.2751	-0.1436	0.3284	0.0012	0.326
1025	10	Unown-C	1	0.2881	0.2464	-0.1613	0.3284	0.0403	0.2478
1025	11	Unown-C	1	0.339	0.2591	-0.1382	0.3284	0	0.339
1025	12	Unown-C	1	0.3296	0.2308	-0.1222	0.3284	0	0.3296
1025	13	Unown-C	1	0.2938	0.2176	-0.1911	0.3284	0.0346	0.2592
1025	14	Unown-C	1	0.3488	0.2312	-0.1037	0.3284	0	0.3488
1025	15	Unown-C	1	0.2758	0.217	-0.2447	0.3284	0.0526	0.2232
1025	16	Unown-C	1	0.3228	0.2537	-0.119	0.3284	0.0056	0.3172
1025	17	Unown-C	1	0.2744	0.2224	-0.1443	0.3284	0.054	0.2204
1025	18	Unown-C	1	0.3153	0.2483	-0.1424	0.3284	0.0131	0.3022
1025	19	Unown-C	1	0.305	0.2207	-0.1482	0.3284	0.0234	0.2816
1026	4	Unown-D	1	0.4193	0.3837	-0.1998	0.3284	0	0.4193
1026	5	Unown-D	1	0.395	0.345	-0.1648	0.3284	0	0.395
1026	6	Unown-D	1	0.3502	0.2661	-0.0766	0.3284	0	0.3502
1026	7	Unown-D	1	0.3413	0.3121	-0.1143	0.3284	0	0.3413
1026	8	Unown-D	1	0.3463	0.2825	-0.0834	0.3284	0	0.3463
1026	9	Unown-D	1	0.3272	0.2751	-0.1436	0.3284	0.0012	0.326
1026	10	Unown-D	1	0.2881	0.2464	-0.1613	0.3284	0.0403	0.2478
1026	11	Unown-D	1	0.339	0.2591	-0.1382	0.3284	0	0.339
1026	12	Unown-D	1	0.3296	0.2308	-0.1222	0.3284	0	0.3296
1026	13	Unown-D	1	0.2938	0.2176	-0.1911	0.3284	0.0346	0.2592
1026	14	Unown-D	1	0.3488	0.2312	-0.1037	0.3284	0	0.3488
1026	15	Unown-D	1	0.2758	0.217	-0.2447	0.3284	0.0526	0.2232
1026	16	Unown-D	1	0.3228	0.2537	-0.119	0.3284	0.0056	0.3172
1026	17	Unown-D	1	0.2744	0.2224	-0.1443	0.3284	0.054	0.2204
1026	18	Unown-D	1	0.3153	0.2483	-0.1424	0.3284	0.0131	0.3022
1026	19	Unown-D	1	0.305	0.2207	-0.1482	0.3284	0.0234	0.2816
1027	4	Unown-E	1	0.4193	0.3837	-0.1998	0.3284	0	0.4193
1027	5	Unown-E	1	0.395	0.345	-0.1648	0.3284	0	0.395
1027	6	Unown-E	1	0.3502	0.2661	-0.0766	0.3284	0	0.3502
1027	7	Unown-E	1	0.3413	0.3121	-0.1143	0.3284	0	0.3413
1027	8	Unown-E	1	0.3463	0.2825	-0.0834	0.3284	0	0.3463
1027	9	Unown-E	1	0.3272	0.2751	-0.1436	0.3284	0.0012	0.326
1027	10	Unown-E	1	0.2881	0.2464	-0.1613	0.3284	0.0403	0.2478
1027	11	Unown-E	1	0.339	0.2591	-0.1382	0.3284	0	0.339
1027	12	Unown-E	1	0.3296	0.2308	-0.1222	0.3284	0	0.3296
1027	13	Unown-E	1	0.2938	0.2176	-0.1911	0.3284	0.0346	0.2592
1027	14	Unown-E	1	0.3488	0.2312	-0.1037	0.3284	0	0.3488
1027	15	Unown-E	1	0.2758	0.217	-0.2447	0.3284	0.0526	0.2232
1027	16	Unown-E	1	0.3228	0.2537	-0.119	0.3284	0.0056	0.3172
1027	17	Unown-E	1	0.2744	0.2224	-0.1443	0.3284	0.054	0.2204
1027	18	Unown-E	1	0.3153	0.2483	-0.1424	0.3284	0.0131	0.3022
1027	19	Unown-E	1	0.305	0.2207	-0.1482	0.3284	0.0234	0.2816
1028	4	Unown-F	1	0.4193	0.3837	-0.1998	0.3284	0	0.4193
1028	5	Unown-F	1	0.395	0.345	-0.1648	0.3284	0	0.395
1028	6	Unown-F	1	0.3502	0.2661	-0.0766	0.3284	0	0.3502
1028	7	Unown-F	1	0.3413	0.3121	-0.1143	0.3284	0	0.3413
1028	8	Unown-F	1	0.3463	0.2825	-0.0834	0.3284	0	0.3463
1028	9	Unown-F	1	0.3272	0.2751	-0.1436	0.3284	0.0012	0.326
1028	10	Unown-F	1	0.2881	0.2464	-0.1613	0.3284	0.0403	0.2478
1028	11	Unown-F	1	0.339	0.2591	-0.1382	0.3284	0	0.339
1028	12	Unown-F	1	0.3296	0.2308	-0.1222	0.3284	0	0.3296
1028	13	Unown-F	1	0.2938	0.2176	-0.1911	0.3284	0.0346	0.2592
1028	14	Unown-F	1	0.3488	0.2312	-0.1037	0.3284	0	0.3488
1028	15	Unown-F	1	0.2758	0.217	-0.2447	0.3284	0.0526	0.2232
1028	16	Unown-F	1	0.3228	0.2537	-0.119	0.3284	0.0056	0.3172
1028	17	Unown-F	1	0.2744	0.2224	-0.1443	0.3284	0.054	0.2204
1028	18	Unown-F	1	0.3153	0.2483	-0.1424	0.3284	0.0131	0.3022
1028	19	Unown-F	1	0.305	0.2207	-0.1482	0.3284	0.0234	0.2816
1029	4	Unown-G	1	0.4193	0.3837	-0.1998	0.3284	0	0.4193
1029	5	Unown-G	1	0.395	0.345	-0.1648	0.3284	0	0.395
1029	6	Unown-G	1	0.3502	0.2661	-0.0766	0.3284	0	0.3502
1029	7	Unown-G	1	0.3413	0.3121	-0.1143	0.3284	0	0.3413
1029	8	Unown-G	1	0.3463	0.2825	-0.0834	0.3284	0	0.3463
1029	9	Unown-G	1	0.3272	0.2751	-0.1436	0.3284	0.0012	0.326
1029	10	Unown-G	1	0.2881	0.2464	-0.1613	0.3284	0.0403	0.2478
1029	11	Unown-G	1	0.339	0.2591	-0.1382	0.3284	0	0.339
1029	12	Unown-G	1	0.3296	0.2308	-0.1222	0.3284	0	0.3296
1029	13	Unown-G	1	0.2938	0.2176	-0.1911	0.3284	0.0346	0.2592
1029	14	Unown-G	1	0.3488	0.2312	-0.1037	0.3284	0	0.3488
1029	15	Unown-G	1	0.2758	0.217	-0.2447	0.3284	0.0526	0.2232
1029	16	Unown-G	1	0.3228	0.2537	-0.119	0.3284	0.0056	0.3172
1029	17	Unown-G	1	0.2744	0.2224	-0.1443	0.3284	0.054	0.2204
1029	18	Unown-G	1	0.3153	0.2483	-0.1424	0.3284	0.0131	0.3022
1029	19	Unown-G	1	0.305	0.2207	-0.1482	0.3284	0.0234	0.2816
1030	4	Unown-H	1	0.4193	0.3837	-0.1998	0.3284	0	0.4193
1030	5	Unown-H	1	0.395	0.345	-0.1648	0.3284	0	0.395
1030	6	Unown-H	1	0.3502	0.2661	-0.0766	0.3284	0	0.3502
1030	7	Unown-H	1	0.3413	0.3121	-0.1143	0.3284	0	0.3413
1030	8	Unown-H	1	0.3463	0.2825	-0.0834	0.3284	0	0.3463
1030	9	Unown-H	1	0.3272	0.2751	-0.1436	0.3284	0.0012	0.326
1030	10	Unown-H	1	0.2881	0.2464	-0.1613	0.3284	0.0403	0.2478
1030	11	Unown-H	1	0.339	0.2591	-0.1382	0.3284	0	0.339
1030	12	Unown-H	1	0.3296	0.2308	-0.1222	0.3284	0	0.3296
1030	13	Unown-H	1	0.2938	0.2176	-0.1911	0.3284	0.0346	0.2592
1030	14	Unown-H	1	0.3488	0.2312	-0.1037	0.3284	0	0.3488
1030	15	Unown-H	1	0.2758	0.217	-0.2447	0.3284	0.0526	0.2232
1030	16	Unown-H	1	0.3228	0.2537	-0.119	0.3284	0.0056	0.3172
1030	17	Unown-H	1	0.2744	0.2224	-0.1443	0.3284	0.054	0.2204
1030	18	Unown-H	1	0.3153	0.2483	-0.1424	0.3284	0.0131	0.3022
1030	19	Unown-H	1	0.305	0.2207	-0.1482	0.3284	0.0234	0.2816
1031	4	Unown-I	1	0.4193	0.3837	-0.1998	0.3284	0	0.4193
1031	5	Unown-I	1	0.395	0.345	-0.1648	0.3284	0	0.395
1031	6	Unown-I	1	0.3502	0.2661	-0.0766	0.3284	0	0.3502
1031	7	Unown-I	1	0.3413	0.3121	-0.1143	0.3284	0	0.3413
1031	8	Unown-I	1	0.3463	0.2825	-0.0834	0.3284	0	0.3463
1031	9	Unown-I	1	0.3272	0.2751	-0.1436	0.3284	0.0012	0.326
1031	10	Unown-I	1	0.2881	0.2464	-0.1613	0.3284	0.0403	0.2478
1031	11	Unown-I	1	0.339	0.2591	-0.1382	0.3284	0	0.339
1031	12	Unown-I	1	0.3296	0.2308	-0.1222	0.3284	0	0.3296
1031	13	Unown-I	1	0.2938	0.2176	-0.1911	0.3284	0.0346	0.2592
1031	14	Unown-I	1	0.3488	0.2312	-0.1037	0.3284	0	0.3488
1031	15	Unown-I	1	0.2758	0.217	-0.2447	0.3284	0.0526	0.2232
1031	16	Unown-I	1	0.3228	0.2537	-0.119	0.3284	0.0056	0.3172
1031	17	Unown-I	1	0.2744	0.2224	-0.1443	0.3284	0.054	0.2204
1031	18	Unown-I	1	0.3153	0.2483	-0.1424	0.3284	0.0131	0.3022
1031	19	Unown-I	1	0.305	0.2207	-0.1482	0.3284	0.0234	0.2816
1032	4	Unown-J	1	0.4193	0.3837	-0.1998	0.3284	0	0.4193
1032	5	Unown-J	1	0.395	0.345	-0.1648	0.3284	0	0.395
1032	6	Unown-J	1	0.3502	0.2661	-0.0766	0.3284	0	0.3502
1032	7	Unown-J	1	0.3413	0.3121	-0.1143	0.3284	0	0.3413
1032	8	Unown-J	1	0.3463	0.2825	-0.0834	0.3284	0	0.3463
1032	9	Unown-J	1	0.3272	0.2751	-0.1436	0.3284	0.0012	0.326
1032	10	Unown-J	1	0.2881	0.2464	-0.1613	0.3284	0.0403	0.2478
1032	11	Unown-J	1	0.339	0.2591	-0.1382	0.3284	0	0.339
1032	12	Unown-J	1	0.3296	0.2308	-0.1222	0.3284	0	0.3296
1032	13	Unown-J	1	0.2938	0.2176	-0.1911	0.3284	0.0346	0.2592
1032	14	Unown-J	1	0.3488	0.2312	-0.1037	0.3284	0	0.3488
1032	15	Unown-J	1	0.2758	0.217	-0.2447	0.3284	0.0526	0.2232
1032	16	Unown-J	1	0.3228	0.2537	-0.119	0.3284	0.0056	0.3172
1032	17	Unown-J	1	0.2744	0.2224	-0.1443	0.3284	0.054	0.2204
1032	18	Unown-J	1	0.3153	0.2483	-0.1424	0.3284	0.0131	0.3022
1032	19	Unown-J	1	0.305	0.2207	-0.1482	0.3284	0.0234	0.2816
1033	4	Unown-K	1	0.4193	0.3837	-0.1998	0.3284	0	0.4193
1033	5	Unown-K	1	0.395	0.345	-0.1648	0.3284	0	0.395
1033	6	Unown-K	1	0.3502	0.2661	-0.0766	0.3284	0	0.3502
1033	7	Unown-K	1	0.3413	0.3121	-0.1143	0.3284	0	0.3413
1033	8	Unown-K	1	0.3463	0.2825	-0.0834	0.3284	0	0.3463
1033	9	Unown-K	1	0.3272	0.2751	-0.1436	0.3284	0.0012	0.326
1033	10	Unown-K	1	0.2881	0.2464	-0.1613	0.3284	0.0403	0.2478
1033	11	Unown-K	1	0.339	0.2591	-0.1382	0.3284	0	0.339
1033	12	Unown-K	1	0.3296	0.2308	-0.1222	0.3284	0	0.3296
1033	13	Unown-K	1	0.2938	0.2176	-0.1911	0.3284	0.0346	0.2592
1033	14	Unown-K	1	0.3488	0.2312	-0.1037	0.3284	0	0.3488
1033	15	Unown-K	1	0.2758	0.217	-0.2447	0.3284	0.0526	0.2232
1033	16	Unown-K	1	0.3228	0.2537	-0.119	0.3284	0.0056	0.3172
1033	17	Unown-K	1	0.2744	0.2224	-0.1443	0.3284	0.054	0.2204
1033	18	Unown-K	1	0.3153	0.2483	-0.1424	0.3284	0.0131	0.3022
1033	19	Unown-K	1	0.305	0.2207	-0.1482	0.3284	0.0234	0.2816
1034	4	Unown-L	1	0.4193	0.3837	-0.1998	0.3284	0	0.4193
1034	5	Unown-L	1	0.395	0.345	-0.1648	0.3284	0	0.395
1034	6	Unown-L	1	0.3502	0.2661	-0.0766	0.3284	0	0.3502
1034	7	Unown-L	1	0.3413	0.3121	-0.1143	0.3284	0	0.3413
1034	8	Unown-L	1	0.3463	0.2825	-0.0834	0.3284	0	0.3463
1034	9	Unown-L	1	0.3272	0.2751	-0.1436	0.3284	0.0012	0.326
1034	10	Unown-L	1	0.2881	0.2464	-0.1613	0.3284	0.0403	0.2478
1034	11	Unown-L	1	0.339	0.2591	-0.1382	0.3284	0	0.339
1034	12	Unown-L	1	0.3296	0.2308	-0.1222	0.3284	0	0.3296
1034	13	Unown-L	1	0.2938	0.2176	-0.1911	0.3284	0.0346	0.2592
1034	14	Unown-L	1	0.3488	0.2312	-0.1037	0.3284	0	0.3488
1034	15	Unown-L	1	0.2758	0.217	-0.2447	0.3284	0.0526	0.2232
1034	16	Unown-L	1	0.3228	0.2537	-0.119	0.3284	0.0056	0.3172
1034	17	Unown-L	1	0.2744	0.2224	-0.1443	0.3284	0.054	0.2204
1034	18	Unown-L	1	0.3153	0.2483	-0.1424	0.3284	0.0131	0.3022
1034	19	Unown-L	1	0.305	0.2207	-0.1482	0.3284	0.0234	0.2816
1035	4	Unown-M	1	0.4193	0.3837	-0.1998	0.3284	0	0.4193
1035	5	Unown-M	1	0.395	0.345	-0.1648	0.3284	0	0.395
1035	6	Unown-M	1	0.3502	0.2661	-0.0766	0.3284	0	0.3502
1035	7	Unown-M	1	0.3413	0.3121	-0.1143	0.3284	0	0.3413
1035	8	Unown-M	1	0.3463	0.2825	-0.0834	0.3284	0	0.3463
1035	9	Unown-M	1	0.3272	0.2751	-0.1436	0.3284	0.0012	0.326
1035	10	Unown-M	1	0.2881	0.2464	-0.1613	0.3284	0.0403	0.2478
1035	11	Unown-M	1	0.339	0.2591	-0.1382	0.3284	0	0.339
1035	12	Unown-M	1	0.3296	0.2308	-0.1222	0.3284	0	0.3296
1035	13	Unown-M	1	0.2938	0.2176	-0.1911	0.3284	0.0346	0.2592
1035	14	Unown-M	1	0.3488	0.2312	-0.1037	0.3284	0	0.3488
1035	15	Unown-M	1	0.2758	0.217	-0.2447	0.3284	0.0526	0.2232
1035	16	Unown-M	1	0.3228	0.2537	-0.119	0.3284	0.0056	0.3172
1035	17	Unown-M	1	0.2744	0.2224	-0.1443	0.3284	0.054	0.2204
1035	18	Unown-M	1	0.3153	0.2483	-0.1424	0.3284	0.0131	0.3022
1035	19	Unown-M	1	0.305	0.2207	-0.1482	0.3284	0.0234	0.2816
1036	4	Unown-N	1	0.4193	0.3837	-0.1998	0.3284	0	0.4193
1036	5	Unown-N	1	0.395	0.345	-0.1648	0.3284	0	0.395
1036	6	Unown-N	1	0.3502	0.2661	-0.0766	0.3284	0	0.3502
1036	7	Unown-N	1	0.3413	0.3121	-0.1143	0.3284	0	0.3413
1036	8	Unown-N	1	0.3463	0.2825	-0.0834	0.3284	0	0.3463
1036	9	Unown-N	1	0.3272	0.2751	-0.1436	0.3284	0.0012	0.326
1036	10	Unown-N	1	0.2881	0.2464	-0.1613	0.3284	0.0403	0.2478
1036	11	Unown-N	1	0.339	0.2591	-0.1382	0.3284	0	0.339
1036	12	Unown-N	1	0.3296	0.2308	-0.1222	0.3284	0	0.3296
1036	13	Unown-N	1	0.2938	0.2176	-0.1911	0.3284	0.0346	0.2592
1036	14	Unown-N	1	0.3488	0.2312	-0.1037	0.3284	0	0.3488
1036	15	Unown-N	1	0.2758	0.217	-0.2447	0.3284	0.0526	0.2232
1036	16	Unown-N	1	0.3228	0.2537	-0.119	0.3284	0.0056	0.3172
1036	17	Unown-N	1	0.2744	0.2224	-0.1443	0.3284	0.054	0.2204
1036	18	Unown-N	1	0.3153	0.2483	-0.1424	0.3284	0.0131	0.3022
1036	19	Unown-N	1	0.305	0.2207	-0.1482	0.3284	0.0234	0.2816
1037	4	Unown-O	1	0.4193	0.3837	-0.1998	0.3284	0	0.4193
1037	5	Unown-O	1	0.395	0.345	-0.1648	0.3284	0	0.395
1037	6	Unown-O	1	0.3502	0.2661	-0.0766	0.3284	0	0.3502
1037	7	Unown-O	1	0.3413	0.3121	-0.1143	0.3284	0	0.3413
1037	8	Unown-O	1	0.3463	0.2825	-0.0834	0.3284	0	0.3463
1037	9	Unown-O	1	0.3272	0.2751	-0.1436	0.3284	0.0012	0.326
1037	10	Unown-O	1	0.2881	0.2464	-0.1613	0.3284	0.0403	0.2478
1037	11	Unown-O	1	0.339	0.2591	-0.1382	0.3284	0	0.339
1037	12	Unown-O	1	0.3296	0.2308	-0.1222	0.3284	0	0.3296
1037	13	Unown-O	1	0.2938	0.2176	-0.1911	0.3284	0.0346	0.2592
1037	14	Unown-O	1	0.3488	0.2312	-0.1037	0.3284	0	0.3488
1037	15	Unown-O	1	0.2758	0.217	-0.2447	0.3284	0.0526	0.2232
1037	16	Unown-O	1	0.3228	0.2537	-0.119	0.3284	0.0056	0.3172
1037	17	Unown-O	1	0.2744	0.2224	-0.1443	0.3284	0.054	0.2204
1037	18	Unown-O	1	0.3153	0.2483	-0.1424	0.3284	0.0131	0.3022
1037	19	Unown-O	1	0.305	0.2207	-0.1482	0.3284	0.0234	0.2816
1038	4	Unown-P	1	0.4193	0.3837	-0.1998	0.3284	0	0.4193
1038	5	Unown-P	1	0.395	0.345	-0.1648	0.3284	0	0.395
1038	6	Unown-P	1	0.3502	0.2661	-0.0766	0.3284	0	0.3502
1038	7	Unown-P	1	0.3413	0.3121	-0.1143	0.3284	0	0.3413
1038	8	Unown-P	1	0.3463	0.2825	-0.0834	0.3284	0	0.3463
1038	9	Unown-P	1	0.3272	0.2751	-0.1436	0.3284	0.0012	0.326
1038	10	Unown-P	1	0.2881	0.2464	-0.1613	0.3284	0.0403	0.2478
1038	11	Unown-P	1	0.339	0.2591	-0.1382	0.3284	0	0.339
1038	12	Unown-P	1	0.3296	0.2308	-0.1222	0.3284	0	0.3296
1038	13	Unown-P	1	0.2938	0.2176	-0.1911	0.3284	0.0346	0.2592
1038	14	Unown-P	1	0.3488	0.2312	-0.1037	0.3284	0	0.3488
1038	15	Unown-P	1	0.2758	0.217	-0.2447	0.3284	0.0526	0.2232
1038	16	Unown-P	1	0.3228	0.2537	-0.119	0.3284	0.0056	0.3172
1038	17	Unown-P	1	0.2744	0.2224	-0.1443	0.3284	0.054	0.2204
1038	18	Unown-P	1	0.3153	0.2483	-0.1424	0.3284	0.0131	0.3022
1038	19	Unown-P	1	0.305	0.2207	-0.1482	0.3284	0.0234	0.2816
1039	4	Unown-Q	1	0.4193	0.3837	-0.1998	0.3284	0	0.4193
1039	5	Unown-Q	1	0.395	0.345	-0.1648	0.3284	0	0.395
1039	6	Unown-Q	1	0.3502	0.2661	-0.0766	0.3284	0	0.3502
1039	7	Unown-Q	1	0.3413	0.3121	-0.1143	0.3284	0	0.3413
1039	8	Unown-Q	1	0.3463	0.2825	-0.0834	0.3284	0	0.3463
1039	9	Unown-Q	1	0.3272	0.2751	-0.1436	0.3284	0.0012	0.326
1039	10	Unown-Q	1	0.2881	0.2464	-0.1613	0.3284	0.0403	0.2478
1039	11	Unown-Q	1	0.339	0.2591	-0.1382	0.3284	0	0.339
1039	12	Unown-Q	1	0.3296	0.2308	-0.1222	0.3284	0	0.3296
1039	13	Unown-Q	1	0.2938	0.2176	-0.1911	0.3284	0.0346	0.2592
1039	14	Unown-Q	1	0.3488	0.2312	-0.1037	0.3284	0	0.3488
1039	15	Unown-Q	1	0.2758	0.217	-0.2447	0.3284	0.0526	0.2232
1039	16	Unown-Q	1	0.3228	0.2537	-0.119	0.3284	0.0056	0.3172
1039	17	Unown-Q	1	0.2744	0.2224	-0.1443	0.3284	0.054	0.2204
1039	18	Unown-Q	1	0.3153	0.2483	-0.1424	0.3284	0.0131	0.3022
1039	19	Unown-Q	1	0.305	0.2207	-0.1482	0.3284	0.0234	0.2816
104	1	Marowak-Alola-Totem	2	0.4533	0.4225	-0.1192	0.5038	0.0505	0.4028
104	2	Marowak-Alola-Totem	2	0.4839	0.3938	-0.0197	0.5038	0.0199	0.464
104	3	Marowak-Alola-Totem	2	0.5084	0.405	0.0141	0.5038	0	0.5084
104	4	Marowak	2	0.4047	0.3368	-0.1047	0.5038	0.0991	0.3056
104	5	Marowak-Alola	2	0.481	0.3634	-0.066	0.5038	0.0228	0.4582
104	6	Marowak	2	0.6004	0.3615	0.0596	0.5038	0	0.6004
104	7	Marowak-Alola	2	0.4667	0.3001	-0.0569	0.5038	0.0371	0.4296
104	8	Marowak	2	0.4456	0.2831	0.0957	0.5038	0.0582	0.3874
104	9	Marowak-Alola	2	0.5441	0.378	0.1655	0.5038	0	0.5441
104	10	Marowak	2	0.5781	0.2778	0.2153	0.5038	0	0.5781
104	11	Marowak	2	0.4926	0.2611	0.1076	0.5038	0.0112	0.4814
104	12	Marowak	2	0.5236	0.3001	0.1556	0.5038	0	0.5236
104	13	Marowak	2	0.564	0.3309	0.1363	0.5038	0	0.564
104	14	Marowak	2	0.5189	0.2794	0.0921	0.5038	0	0.5189
104	15	Marowak-Alola	2	0.578	0.3611	0.1433	0.5038	0	0.578
104	16	Marowak	2	0.4798	0.2661	0.0751	0.5038	0.024	0.4558
104	17	Marowak	2	0.5038	0.2872	0.1105	0.5038	0	0.5038
104	18	Marowak	2	0.4724	0.3097	0.0806	0.5038	0.0314	0.441
104	19	Marowak	2	0.5192	0.2825	0.1198	0.5038	0	0.5192
1040	4	Unown-R	1	0.4193	0.3837	-0.1998	0.3284	0	0.4193
1040	5	Unown-R	1	0.395	0.345	-0.1648	0.3284	0	0.395
1040	6	Unown-R	1	0.3502	0.2661	-0.0766	0.3284	0	0.3502
1040	7	Unown-R	1	0.3413	0.3121	-0.1143	0.3284	0	0.3413
1040	8	Unown-R	1	0.3463	0.2825	-0.0834	0.3284	0	0.3463
1040	9	Unown-R	1	0.3272	0.2751	-0.1436	0.3284	0.0012	0.326
1040	10	Unown-R	1	0.2881	0.2464	-0.1613	0.3284	0.0403	0.2478
1040	11	Unown-R	1	0.339	0.2591	-0.1382	0.3284	0	0.339
1040	12	Unown-R	1	0.3296	0.2308	-0.1222	0.3284	0	0.3296
1040	13	Unown-R	1	0.2938	0.2176	-0.1911	0.3284	0.0346	0.2592
1040	14	Unown-R	1	0.3488	0.2312	-0.1037	0.3284	0	0.3488
1040	15	Unown-R	1	0.2758	0.217	-0.2447	0.3284	0.0526	0.2232
1040	16	Unown-R	1	0.3228	0.2537	-0.119	0.3284	0.0056	0.3172
1040	17	Unown-R	1	0.2744	0.2224	-0.1443	0.3284	0.054	0.2204
1040	18	Unown-R	1	0.3153	0.2483	-0.1424	0.3284	0.0131	0.3022
1040	19	Unown-R	1	0.305	0.2207	-0.1482	0.3284	0.0234	0.2816
1041	4	Unown-S	1	0.4193	0.3837	-0.1998	0.3284	0	0.4193
1041	5	Unown-S	1	0.395	0.345	-0.1648	0.3284	0	0.395
1041	6	Unown-S	1	0.3502	0.2661	-0.0766	0.3284	0	0.3502
1041	7	Unown-S	1	0.3413	0.3121	-0.1143	0.3284	0	0.3413
1041	8	Unown-S	1	0.3463	0.2825	-0.0834	0.3284	0	0.3463
1041	9	Unown-S	1	0.3272	0.2751	-0.1436	0.3284	0.0012	0.326
1041	10	Unown-S	1	0.2881	0.2464	-0.1613	0.3284	0.0403	0.2478
1041	11	Unown-S	1	0.339	0.2591	-0.1382	0.3284	0	0.339
1041	12	Unown-S	1	0.3296	0.2308	-0.1222	0.3284	0	0.3296
1041	13	Unown-S	1	0.2938	0.2176	-0.1911	0.3284	0.0346	0.2592
1041	14	Unown-S	1	0.3488	0.2312	-0.1037	0.3284	0	0.3488
1041	15	Unown-S	1	0.2758	0.217	-0.2447	0.3284	0.0526	0.2232
1041	16	Unown-S	1	0.3228	0.2537	-0.119	0.3284	0.0056	0.3172
1041	17	Unown-S	1	0.2744	0.2224	-0.1443	0.3284	0.054	0.2204
1041	18	Unown-S	1	0.3153	0.2483	-0.1424	0.3284	0.0131	0.3022
1041	19	Unown-S	1	0.305	0.2207	-0.1482	0.3284	0.0234	0.2816
1042	4	Unown-T	1	0.4193	0.3837	-0.1998	0.3284	0	0.4193
1042	5	Unown-T	1	0.395	0.345	-0.1648	0.3284	0	0.395
1042	6	Unown-T	1	0.3502	0.2661	-0.0766	0.3284	0	0.3502
1042	7	Unown-T	1	0.3413	0.3121	-0.1143	0.3284	0	0.3413
1042	8	Unown-T	1	0.3463	0.2825	-0.0834	0.3284	0	0.3463
1042	9	Unown-T	1	0.3272	0.2751	-0.1436	0.3284	0.0012	0.326
1042	10	Unown-T	1	0.2881	0.2464	-0.1613	0.3284	0.0403	0.2478
1042	11	Unown-T	1	0.339	0.2591	-0.1382	0.3284	0	0.339
1042	12	Unown-T	1	0.3296	0.2308	-0.1222	0.3284	0	0.3296
1042	13	Unown-T	1	0.2938	0.2176	-0.1911	0.3284	0.0346	0.2592
1042	14	Unown-T	1	0.3488	0.2312	-0.1037	0.3284	0	0.3488
1042	15	Unown-T	1	0.2758	0.217	-0.2447	0.3284	0.0526	0.2232
1042	16	Unown-T	1	0.3228	0.2537	-0.119	0.3284	0.0056	0.3172
1042	17	Unown-T	1	0.2744	0.2224	-0.1443	0.3284	0.054	0.2204
1042	18	Unown-T	1	0.3153	0.2483	-0.1424	0.3284	0.0131	0.3022
1042	19	Unown-T	1	0.305	0.2207	-0.1482	0.3284	0.0234	0.2816
1043	4	Unown-U	1	0.4193	0.3837	-0.1998	0.3284	0	0.4193
1043	5	Unown-U	1	0.395	0.345	-0.1648	0.3284	0	0.395
1043	6	Unown-U	1	0.3502	0.2661	-0.0766	0.3284	0	0.3502
1043	7	Unown-U	1	0.3413	0.3121	-0.1143	0.3284	0	0.3413
1043	8	Unown-U	1	0.3463	0.2825	-0.0834	0.3284	0	0.3463
1043	9	Unown-U	1	0.3272	0.2751	-0.1436	0.3284	0.0012	0.326
1043	10	Unown-U	1	0.2881	0.2464	-0.1613	0.3284	0.0403	0.2478
1043	11	Unown-U	1	0.339	0.2591	-0.1382	0.3284	0	0.339
1043	12	Unown-U	1	0.3296	0.2308	-0.1222	0.3284	0	0.3296
1043	13	Unown-U	1	0.2938	0.2176	-0.1911	0.3284	0.0346	0.2592
1043	14	Unown-U	1	0.3488	0.2312	-0.1037	0.3284	0	0.3488
1043	15	Unown-U	1	0.2758	0.217	-0.2447	0.3284	0.0526	0.2232
1043	16	Unown-U	1	0.3228	0.2537	-0.119	0.3284	0.0056	0.3172
1043	17	Unown-U	1	0.2744	0.2224	-0.1443	0.3284	0.054	0.2204
1043	18	Unown-U	1	0.3153	0.2483	-0.1424	0.3284	0.0131	0.3022
1043	19	Unown-U	1	0.305	0.2207	-0.1482	0.3284	0.0234	0.2816
1044	4	Unown-V	1	0.4193	0.3837	-0.1998	0.3284	0	0.4193
1044	5	Unown-V	1	0.395	0.345	-0.1648	0.3284	0	0.395
1044	6	Unown-V	1	0.3502	0.2661	-0.0766	0.3284	0	0.3502
1044	7	Unown-V	1	0.3413	0.3121	-0.1143	0.3284	0	0.3413
1044	8	Unown-V	1	0.3463	0.2825	-0.0834	0.3284	0	0.3463
1044	9	Unown-V	1	0.3272	0.2751	-0.1436	0.3284	0.0012	0.326
1044	10	Unown-V	1	0.2881	0.2464	-0.1613	0.3284	0.0403	0.2478
1044	11	Unown-V	1	0.339	0.2591	-0.1382	0.3284	0	0.339
1044	12	Unown-V	1	0.3296	0.2308	-0.1222	0.3284	0	0.3296
1044	13	Unown-V	1	0.2938	0.2176	-0.1911	0.3284	0.0346	0.2592
1044	14	Unown-V	1	0.3488	0.2312	-0.1037	0.3284	0	0.3488
1044	15	Unown-V	1	0.2758	0.217	-0.2447	0.3284	0.0526	0.2232
1044	16	Unown-V	1	0.3228	0.2537	-0.119	0.3284	0.0056	0.3172
1044	17	Unown-V	1	0.2744	0.2224	-0.1443	0.3284	0.054	0.2204
1044	18	Unown-V	1	0.3153	0.2483	-0.1424	0.3284	0.0131	0.3022
1044	19	Unown-V	1	0.305	0.2207	-0.1482	0.3284	0.0234	0.2816
1045	4	Unown-W	1	0.4193	0.3837	-0.1998	0.3284	0	0.4193
1045	5	Unown-W	1	0.395	0.345	-0.1648	0.3284	0	0.395
1045	6	Unown-W	1	0.3502	0.2661	-0.0766	0.3284	0	0.3502
1045	7	Unown-W	1	0.3413	0.3121	-0.1143	0.3284	0	0.3413
1045	8	Unown-W	1	0.3463	0.2825	-0.0834	0.3284	0	0.3463
1045	9	Unown-W	1	0.3272	0.2751	-0.1436	0.3284	0.0012	0.326
1045	10	Unown-W	1	0.2881	0.2464	-0.1613	0.3284	0.0403	0.2478
1045	11	Unown-W	1	0.339	0.2591	-0.1382	0.3284	0	0.339
1045	12	Unown-W	1	0.3296	0.2308	-0.1222	0.3284	0	0.3296
1045	13	Unown-W	1	0.2938	0.2176	-0.1911	0.3284	0.0346	0.2592
1045	14	Unown-W	1	0.3488	0.2312	-0.1037	0.3284	0	0.3488
1045	15	Unown-W	1	0.2758	0.217	-0.2447	0.3284	0.0526	0.2232
1045	16	Unown-W	1	0.3228	0.2537	-0.119	0.3284	0.0056	0.3172
1045	17	Unown-W	1	0.2744	0.2224	-0.1443	0.3284	0.054	0.2204
1045	18	Unown-W	1	0.3153	0.2483	-0.1424	0.3284	0.0131	0.3022
1045	19	Unown-W	1	0.305	0.2207	-0.1482	0.3284	0.0234	0.2816
1046	4	Unown-X	1	0.4193	0.3837	-0.1998	0.3284	0	0.4193
1046	5	Unown-X	1	0.395	0.345	-0.1648	0.3284	0	0.395
1046	6	Unown-X	1	0.3502	0.2661	-0.0766	0.3284	0	0.3502
1046	7	Unown-X	1	0.3413	0.3121	-0.1143	0.3284	0	0.3413
1046	8	Unown-X	1	0.3463	0.2825	-0.0834	0.3284	0	0.3463
1046	9	Unown-X	1	0.3272	0.2751	-0.1436	0.3284	0.0012	0.326
1046	10	Unown-X	1	0.2881	0.2464	-0.1613	0.3284	0.0403	0.2478
1046	11	Unown-X	1	0.339	0.2591	-0.1382	0.3284	0	0.339
1046	12	Unown-X	1	0.3296	0.2308	-0.1222	0.3284	0	0.3296
1046	13	Unown-X	1	0.2938	0.2176	-0.1911	0.3284	0.0346	0.2592
1046	14	Unown-X	1	0.3488	0.2312	-0.1037	0.3284	0	0.3488
1046	15	Unown-X	1	0.2758	0.217	-0.2447	0.3284	0.0526	0.2232
1046	16	Unown-X	1	0.3228	0.2537	-0.119	0.3284	0.0056	0.3172
1046	17	Unown-X	1	0.2744	0.2224	-0.1443	0.3284	0.054	0.2204
1046	18	Unown-X	1	0.3153	0.2483	-0.1424	0.3284	0.0131	0.3022
1046	19	Unown-X	1	0.305	0.2207	-0.1482	0.3284	0.0234	0.2816
1047	4	Unown-Y	1	0.4193	0.3837	-0.1998	0.3284	0	0.4193
1047	5	Unown-Y	1	0.395	0.345	-0.1648	0.3284	0	0.395
1047	6	Unown-Y	1	0.3502	0.2661	-0.0766	0.3284	0	0.3502
1047	7	Unown-Y	1	0.3413	0.3121	-0.1143	0.3284	0	0.3413
1047	8	Unown-Y	1	0.3463	0.2825	-0.0834	0.3284	0	0.3463
1047	9	Unown-Y	1	0.3272	0.2751	-0.1436	0.3284	0.0012	0.326
1047	10	Unown-Y	1	0.2881	0.2464	-0.1613	0.3284	0.0403	0.2478
1047	11	Unown-Y	1	0.339	0.2591	-0.1382	0.3284	0	0.339
1047	12	Unown-Y	1	0.3296	0.2308	-0.1222	0.3284	0	0.3296
1047	13	Unown-Y	1	0.2938	0.2176	-0.1911	0.3284	0.0346	0.2592
1047	14	Unown-Y	1	0.3488	0.2312	-0.1037	0.3284	0	0.3488
1047	15	Unown-Y	1	0.2758	0.217	-0.2447	0.3284	0.0526	0.2232
1047	16	Unown-Y	1	0.3228	0.2537	-0.119	0.3284	0.0056	0.3172
1047	17	Unown-Y	1	0.2744	0.2224	-0.1443	0.3284	0.054	0.2204
1047	18	Unown-Y	1	0.3153	0.2483	-0.1424	0.3284	0.0131	0.3022
1047	19	Unown-Y	1	0.305	0.2207	-0.1482	0.3284	0.0234	0.2816
1048	4	Unown-Z	1	0.4193	0.3837	-0.1998	0.3284	0	0.4193
1048	5	Unown-Z	1	0.395	0.345	-0.1648	0.3284	0	0.395
1048	6	Unown-Z	1	0.3502	0.2661	-0.0766	0.3284	0	0.3502
1048	7	Unown-Z	1	0.3413	0.3121	-0.1143	0.3284	0	0.3413
1048	8	Unown-Z	1	0.3463	0.2825	-0.0834	0.3284	0	0.3463
1048	9	Unown-Z	1	0.3272	0.2751	-0.1436	0.3284	0.0012	0.326
1048	10	Unown-Z	1	0.2881	0.2464	-0.1613	0.3284	0.0403	0.2478
1048	11	Unown-Z	1	0.339	0.2591	-0.1382	0.3284	0	0.339
1048	12	Unown-Z	1	0.3296	0.2308	-0.1222	0.3284	0	0.3296
1048	13	Unown-Z	1	0.2938	0.2176	-0.1911	0.3284	0.0346	0.2592
1048	14	Unown-Z	1	0.3488	0.2312	-0.1037	0.3284	0	0.3488
1048	15	Unown-Z	1	0.2758	0.217	-0.2447	0.3284	0.0526	0.2232
1048	16	Unown-Z	1	0.3228	0.2537	-0.119	0.3284	0.0056	0.3172
1048	17	Unown-Z	1	0.2744	0.2224	-0.1443	0.3284	0.054	0.2204
1048	18	Unown-Z	1	0.3153	0.2483	-0.1424	0.3284	0.0131	0.3022
1048	19	Unown-Z	1	0.305	0.2207	-0.1482	0.3284	0.0234	0.2816
1049	4	Unown-Exclamation	1	0.4193	0.3837	-0.1998	0.3284	0	0.4193
1049	5	Unown-Exclamation	1	0.395	0.345	-0.1648	0.3284	0	0.395
1049	6	Unown-Exclamation	1	0.3502	0.2661	-0.0766	0.3284	0	0.3502
1049	7	Unown-Exclamation	1	0.3413	0.3121	-0.1143	0.3284	0	0.3413
1049	8	Unown-Exclamation	1	0.3463	0.2825	-0.0834	0.3284	0	0.3463
1049	9	Unown-Exclamation	1	0.3272	0.2751	-0.1436	0.3284	0.0012	0.326
1049	10	Unown-Exclamation	1	0.2881	0.2464	-0.1613	0.3284	0.0403	0.2478
1049	11	Unown-Exclamation	1	0.339	0.2591	-0.1382	0.3284	0	0.339
1049	12	Unown-Exclamation	1	0.3296	0.2308	-0.1222	0.3284	0	0.3296
1049	13	Unown-Exclamation	1	0.2938	0.2176	-0.1911	0.3284	0.0346	0.2592
1049	14	Unown-Exclamation	1	0.3488	0.2312	-0.1037	0.3284	0	0.3488
1049	15	Unown-Exclamation	1	0.2758	0.217	-0.2447	0.3284	0.0526	0.2232
1049	16	Unown-Exclamation	1	0.3228	0.2537	-0.119	0.3284	0.0056	0.3172
1049	17	Unown-Exclamation	1	0.2744	0.2224	-0.1443	0.3284	0.054	0.2204
1049	18	Unown-Exclamation	1	0.3153	0.2483	-0.1424	0.3284	0.0131	0.3022
1049	19	Unown-Exclamation	1	0.305	0.2207	-0.1482	0.3284	0.0234	0.2816
1050	4	Unown-Question	1	0.4193	0.3837	-0.1998	0.3284	0	0.4193
1050	5	Unown-Question	1	0.395	0.345	-0.1648	0.3284	0	0.395
1050	6	Unown-Question	1	0.3502	0.2661	-0.0766	0.3284	0	0.3502
1050	7	Unown-Question	1	0.3413	0.3121	-0.1143	0.3284	0	0.3413
1050	8	Unown-Question	1	0.3463	0.2825	-0.0834	0.3284	0	0.3463
1050	9	Unown-Question	1	0.3272	0.2751	-0.1436	0.3284	0.0012	0.326
1050	10	Unown-Question	1	0.2881	0.2464	-0.1613	0.3284	0.0403	0.2478
1050	11	Unown-Question	1	0.339	0.2591	-0.1382	0.3284	0	0.339
1050	12	Unown-Question	1	0.3296	0.2308	-0.1222	0.3284	0	0.3296
1050	13	Unown-Question	1	0.2938	0.2176	-0.1911	0.3284	0.0346	0.2592
1050	14	Unown-Question	1	0.3488	0.2312	-0.1037	0.3284	0	0.3488
1050	15	Unown-Question	1	0.2758	0.217	-0.2447	0.3284	0.0526	0.2232
1050	16	Unown-Question	1	0.3228	0.2537	-0.119	0.3284	0.0056	0.3172
1050	17	Unown-Question	1	0.2744	0.2224	-0.1443	0.3284	0.054	0.2204
1050	18	Unown-Question	1	0.3153	0.2483	-0.1424	0.3284	0.0131	0.3022
1050	19	Unown-Question	1	0.305	0.2207	-0.1482	0.3284	0.0234	0.2816
1062	1	Shellos-East	1	0.7047	0.5027	0.1322	0.5676	0	0.7047
1062	2	Shellos-East	1	0.4471	0.3138	-0.0565	0.5676	0.1205	0.3266
1062	3	Gastrodon-East	2	0.4894	0.428	-0.0049	0.5676	0.0782	0.4112
1062	4	Gastrodon-East	2	0.4231	0.3595	-0.0863	0.5676	0.1445	0.2786
1062	5	Gastrodon-East	2	0.4302	0.3707	-0.0612	0.5676	0.1374	0.2928
1062	6	Gastrodon-East	2	0.6408	0.4188	0.1125	0.5676	0	0.6408
1062	7	Gastrodon-East	2	0.5613	0.3568	-0.0056	0.5676	0.0063	0.555
1062	8	Gastrodon-East	2	0.6307	0.3436	0.1314	0.5676	0	0.6307
1062	9	Gastrodon-East	2	0.565	0.4133	0.0537	0.5676	0.0026	0.5624
1062	10	Gastrodon-East	2	0.5568	0.3489	0.0197	0.5676	0.0108	0.546
1062	11	Gastrodon-East	2	0.5775	0.3652	0.0617	0.5676	0	0.5775
1062	12	Gastrodon-East	2	0.4515	0.2982	0.0241	0.5676	0.1161	0.3354
1062	13	Gastrodon-East	2	0.6778	0.41	0.2122	0.5676	0	0.6778
1062	14	Gastrodon-East	2	0.5436	0.3819	0.093	0.5676	0.024	0.5196
1062	15	Gastrodon-East	2	0.6425	0.3145	0.1168	0.5676	0	0.6425
1062	16	Gastrodon-East	2	0.5676	0.3419	0.1303	0.5676	0	0.5676
1062	17	Gastrodon-East	2	0.6583	0.354	0.1957	0.5676	0	0.6583
1062	18	Gastrodon-East	2	0.685	0.3509	0.2557	0.5676	0	0.685
1062	19	Gastrodon-East	2	0.5856	0.4019	0.1142	0.5676	0	0.5856
1072	11	Shaymin-Sky	1	0.6194	0.4105	0.0367	0.5675	0	0.6194
1072	12	Shaymin-Sky	1	0.5234	0.3427	0.0125	0.5675	0.0441	0.4793
1072	13	Shaymin-Sky	1	0.568	0.3567	0.085	0.5675	0	0.568
1072	14	Shaymin-Sky	1	0.6891	0.4451	0.19	0.5675	0	0.6891
1072	15	Shaymin-Sky	1	0.7416	0.3933	0.2201	0.5675	0	0.7416
1072	16	Shaymin-Sky	1	0.5648	0.3675	0.0869	0.5675	0.0027	0.5621
1072	17	Shaymin-Sky	1	0.5675	0.331	0.125	0.5675	0	0.5675
1072	18	Shaymin-Sky	1	0.5583	0.3308	0.0807	0.5675	0.0092	0.5491
1072	19	Shaymin-Sky	1	0.552	0.3376	0.0676	0.5675	0.0155	0.5365
108	4	Lickilicky	2	0.4388	0.4172	-0.0706	0.6519	0.213	0.2258
108	5	Lickilicky	2	0.4613	0.4206	-0.0301	0.6519	0.1906	0.2707
108	6	Lickilicky	2	0.6904	0.3871	0.1621	0.6519	0	0.6904
108	7	Lickilicky	2	0.6239	0.3107	0.057	0.6519	0.028	0.5959
108	8	Lickilicky	2	0.6921	0.3142	0.1928	0.6519	0	0.6921
108	9	Lickilicky	2	0.7257	0.3268	0.2144	0.6519	0	0.7257
108	10	Lickilicky	2	0.6913	0.3354	0.1542	0.6519	0	0.6913
108	11	Lickilicky	2	0.7075	0.3361	0.1917	0.6519	0	0.7075
108	12	Lickilicky	2	0.7585	0.309	0.3311	0.6519	0	0.7585
108	13	Lickilicky	2	0.6313	0.342	0.1657	0.6519	0.0206	0.6107
108	14	Lickilicky	2	0.7238	0.3776	0.2732	0.6519	0	0.7238
108	15	Lickilicky	2	0.6331	0.3418	0.1074	0.6519	0.0188	0.6143
108	16	Lickilicky	2	0.6093	0.3301	0.172	0.6519	0.0426	0.5667
108	17	Lickilicky	2	0.6647	0.3376	0.2021	0.6519	0	0.6647
108	18	Lickilicky	2	0.617	0.2777	0.1877	0.6519	0.0349	0.5821
108	19	Lickilicky	2	0.639	0.3136	0.1676	0.6519	0.0129	0.6261
109	1	Koffing	1	0.6305	0.3006	0.2323	0.5832	0	0.6305
109	2	Koffing	1	0.6054	0.302	0.2054	0.5832	0	0.6054
109	3	Koffing	1	0.6281	0.3372	0.2801	0.5832	0	0.6281
109	4	Koffing	1	0.6393	0.3414	0.1617	0.5832	0	0.6393
109	5	Koffing	1	0.5759	0.2878	0.1307	0.5832	0.0073	0.5686
109	6	Koffing	1	0.4881	0.2695	0.0489	0.5832	0.0951	0.393
109	7	Weezing-Galar	2	0.5438	0.4235	0.1337	0.5832	0.0394	0.5044
109	8	Weezing	2	0.5319	0.3315	0.1047	0.5832	0.0513	0.4806
109	9	Weezing	2	0.6132	0.3577	0.1896	0.5832	0	0.6132
109	10	Weezing	2	0.6207	0.3516	0.2107	0.5832	0	0.6207
109	11	Weezing-Galar	2	0.5832	0.4134	0.1612	0.5832	0	0.5832
109	12	Weezing-Galar	2	0.6009	0.4333	0.2025	0.5832	0	0.6009
109	13	Weezing-Galar	2	0.5211	0.3739	0.0934	0.5832	0.0621	0.459
109	14	Weezing	2	0.6251	0.376	0.1976	0.5832	0	0.6251
109	15	Weezing-Galar	2	0.4873	0.3591	0.0526	0.5832	0.0959	0.3914
109	16	Weezing-Galar	2	0.5487	0.3978	0.144	0.5832	0.0345	0.5142
109	17	Weezing	2	0.6199	0.3339	0.2333	0.5832	0	0.6199
109	18	Weezing-Galar	2	0.4623	0.3668	0.0705	0.5832	0.1209	0.3414
109	19	Weezing	2	0.5519	0.3259	0.1543	0.5832	0.0313	0.5206
1090	1	Basculin-Blue-Striped	1	0.6535	0.5588	0.0947	0.6161	0	0.6535
1090	2	Basculin-Blue-Striped	1	0.5956	0.5053	0.0965	0.6161	0.0205	0.5751
1090	3	Basculin-Blue-Striped	1	0.5991	0.4808	0.0554	0.6161	0.017	0.5821
1090	4	Basculin-Blue-Striped	1	0.6288	0.5181	-0.0078	0.6161	0	0.6288
1090	5	Basculin-Blue-Striped	1	0.6161	0.4961	0.0805	0.6161	0	0.6161
1090	6	Basculin-Blue-Striped	1	0.5105	0.2908	0.0271	0.6161	0.1056	0.4049
1090	7	Basculin-Blue-Striped	1	0.6234	0.4896	0.1265	0.6161	0	0.6234
1090	8	Basculin-Blue-Striped	1	0.6388	0.4108	0.1603	0.6161	0	0.6388
1090	9	Basculin-Blue-Striped	1	0.667	0.4305	0.1872	0.6161	0	0.667
1090	10	Basculin-Blue-Striped	1	0.6237	0.3989	0.1382	0.6161	0	0.6237
1090	11	Basculin-Blue-Striped	1	0.6425	0.383	0.1256	0.6161	0	0.6425
1090	12	Basculin-Blue-Striped	1	0.5652	0.3792	0.0991	0.6161	0.0509	0.5143
1090	13	Basculin-Blue-Striped	1	0.6425	0.4302	0.1714	0.6161	0	0.6425
1090	14	Basculin-Blue-Striped	1	0.5829	0.3916	0.0779	0.6161	0.0332	0.5497
1090	15	Basculin-Blue-Striped	1	0.652	0.4034	0.1494	0.6161	0	0.652
1090	16	Basculin-Blue-Striped	1	0.6147	0.4087	0.1465	0.6161	0.0014	0.6133
1090	17	Basculin-Blue-Striped	1	0.5656	0.4057	0.123	0.6161	0.0505	0.5151
1090	18	Basculin-Blue-Striped	1	0.4951	0.3781	0.0579	0.6161	0.121	0.3741
1090	19	Basculin-Blue-Striped	1	0.592	0.3999	0.143	0.6161	0.0241	0.5679
1091	3	Basculin-White-Striped	1	0.5775	0.4808	0.0967	0.5802	0.0027	0.5748
1091	4	Basculin-White-Striped	1	0.5657	0.5181	0.0476	0.5802	0.0145	0.5512
1091	5	Basculin-White-Striped	1	0.5647	0.4961	0.0023	0.5802	0.0155	0.5492
1091	6	Basculin-White-Striped	1	0.4842	0.2908	-0.0063	0.5802	0.096	0.3882
1091	7	Basculin-White-Striped	1	0.6118	0.4896	0.1438	0.5802	0	0.6118
1091	8	Basculin-White-Striped	1	0.6271	0.4108	0.1999	0.5802	0	0.6271
1091	9	Basculin-White-Striped	1	0.6553	0.4305	0.172	0.5802	0	0.6553
1091	10	Basculin-White-Striped	1	0.6121	0.3989	0.1508	0.5802	0	0.6121
1091	11	Basculin-White-Striped	1	0.6308	0.383	0.1321	0.5802	0	0.6308
1091	12	Basculin-White-Striped	1	0.5535	0.3792	0.0947	0.5802	0.0267	0.5268
1091	13	Basculin-White-Striped	1	0.6307	0.4302	0.1674	0.5802	0	0.6307
1091	14	Basculin-White-Striped	1	0.5712	0.3916	0.0908	0.5802	0.009	0.5622
1091	15	Basculin-White-Striped	1	0.6402	0.4034	0.1332	0.5802	0	0.6402
1091	16	Basculin-White-Striped	1	0.6029	0.4087	0.1361	0.5802	0	0.6029
1091	17	Basculin-White-Striped	1	0.5538	0.4057	0.1222	0.5802	0.0264	0.5274
1091	18	Basculin-White-Striped	1	0.4834	0.3781	0.0328	0.5802	0.0968	0.3866
1091	19	Basculin-White-Striped	1	0.5802	0.3999	0.1434	0.5802	0	0.5802
111	3	Rhyhorn	1	0.4309	0.3387	-0.0499	0.5212	0.0903	0.3406
111	4	Rhyhorn	1	0.303	0.2171	-0.2151	0.5212	0.2182	0.0848
111	5	Rhyhorn	1	0.3366	0.2464	-0.2258	0.5212	0.1846	0.152
111	6	Rhyhorn	1	0.5384	0.3507	0.0479	0.5212	0	0.5384
111	7	Rhyperior	3	0.5082	0.3868	0.0239	0.5212	0.013	0.4952
111	8	Rhyperior	3	0.5552	0.4021	0.056	0.5212	0	0.5552
111	9	Rhyperior	3	0.531	0.3658	0.0749	0.5212	0	0.531
111	10	Rhyperior	3	0.6145	0.3625	0.2133	0.5212	0	0.6145
111	11	Rhyperior	3	0.4562	0.3443	0.0065	0.5212	0.065	0.3912
111	12	Rhyperior	3	0.5934	0.387	0.1524	0.5212	0	0.5934
111	13	Rhyperior	3	0.6241	0.4154	0.2005	0.5212	0	0.6241
111	14	Rhyperior	3	0.4975	0.3327	0.0575	0.5212	0.0237	0.4738
111	15	Rhyperior	3	0.5416	0.3941	0.0943	0.5212	0	0.5416
111	16	Rhyperior	3	0.4938	0.3413	0.0883	0.5212	0.0274	0.4664
111	17	Rhyperior	3	0.5212	0.3452	0.0961	0.5212	0	0.5212
111	18	Rhyperior	3	0.5779	0.3986	0.1301	0.5212	0	0.5779
111	19	Rhyperior	3	0.5142	0.3439	0.1166	0.5212	0.007	0.5072
114	1	Tangrowth	2	0.575	0.5728	0.0025	0.578	0.003	0.572
114	2	Tangrowth	2	0.5108	0.3885	0.0072	0.578	0.0672	0.4436
114	3	Tangrowth	2	0.5784	0.4373	0.0841	0.578	0	0.5784
114	4	Tangrowth	2	0.4896	0.4579	-0.0198	0.578	0.0884	0.4012
114	5	Tangrowth	2	0.5471	0.3978	-0.0199	0.578	0.0309	0.5162
114	6	Tangrowth	2	0.5764	0.3899	0.0558	0.578	0.0016	0.5748
114	7	Tangrowth	2	0.6504	0.3544	0.1604	0.578	0	0.6504
114	8	Tangrowth	2	0.5033	0.2801	0.0151	0.578	0.0747	0.4286
114	9	Tangrowth	2	0.6243	0.3866	0.1262	0.578	0	0.6243
114	10	Tangrowth	2	0.6724	0.3824	0.2106	0.578	0	0.6724
114	11	Tangrowth	2	0.5574	0.4029	0.0081	0.578	0.0206	0.5368
114	12	Tangrowth	2	0.5611	0.3044	0.1094	0.578	0.0169	0.5442
114	13	Tangrowth	2	0.578	0.3599	0.095	0.578	0	0.578
114	14	Tangrowth	2	0.6826	0.4239	0.1835	0.578	0	0.6826
114	15	Tangrowth	2	0.6598	0.4094	0.1383	0.578	0	0.6598
114	16	Tangrowth	2	0.5929	0.409	0.115	0.578	0	0.5929
114	17	Tangrowth	2	0.6583	0.3872	0.2158	0.578	0	0.6583
114	18	Tangrowth	2	0.5557	0.3144	0.0781	0.578	0.0223	0.5334
114	19	Tangrowth	2	0.5815	0.352	0.0971	0.578	0	0.5815
1146	4	Furfrou-Heart-Trim	1	0.4481	0.3968	-0.171	0.563	0.1149	0.3332
1146	5	Furfrou-Heart-Trim	1	0.4418	0.3576	-0.118	0.563	0.1212	0.3206
1146	6	Furfrou-Heart-Trim	1	0.7296	0.3423	0.2013	0.563	0	0.7296
1146	7	Furfrou-Heart-Trim	1	0.521	0.3174	-0.0459	0.563	0.042	0.479
1146	8	Furfrou-Heart-Trim	1	0.6136	0.3385	0.1143	0.563	0	0.6136
1146	9	Furfrou-Heart-Trim	1	0.6347	0.3273	0.1234	0.563	0	0.6347
1146	10	Furfrou-Heart-Trim	1	0.5397	0.3112	0.0026	0.563	0.0233	0.5164
1146	11	Furfrou-Heart-Trim	1	0.6656	0.337	0.1498	0.563	0	0.6656
1146	12	Furfrou-Heart-Trim	1	0.5397	0.3032	0.1123	0.563	0.0233	0.5164
1146	13	Furfrou-Heart-Trim	1	0.6466	0.3219	0.181	0.563	0	0.6466
1146	14	Furfrou-Heart-Trim	1	0.6294	0.3434	0.1788	0.563	0	0.6294
1146	15	Furfrou-Heart-Trim	1	0.648	0.3308	0.1223	0.563	0	0.648
1146	16	Furfrou-Heart-Trim	1	0.5306	0.3077	0.0933	0.563	0.0324	0.4982
1146	17	Furfrou-Heart-Trim	1	0.5636	0.2963	0.101	0.563	0	0.5636
1146	18	Furfrou-Heart-Trim	1	0.5623	0.2687	0.133	0.563	0.0007	0.5616
1146	19	Furfrou-Heart-Trim	1	0.5454	0.3119	0.074	0.563	0.0176	0.5278
1147	4	Furfrou-Star-Trim	1	0.4481	0.3968	-0.171	0.563	0.1149	0.3332
1147	5	Furfrou-Star-Trim	1	0.4418	0.3576	-0.118	0.563	0.1212	0.3206
1147	6	Furfrou-Star-Trim	1	0.7296	0.3423	0.2013	0.563	0	0.7296
1147	7	Furfrou-Star-Trim	1	0.521	0.3174	-0.0459	0.563	0.042	0.479
1147	8	Furfrou-Star-Trim	1	0.6136	0.3385	0.1143	0.563	0	0.6136
1147	9	Furfrou-Star-Trim	1	0.6347	0.3273	0.1234	0.563	0	0.6347
1147	10	Furfrou-Star-Trim	1	0.5397	0.3112	0.0026	0.563	0.0233	0.5164
1147	11	Furfrou-Star-Trim	1	0.6656	0.337	0.1498	0.563	0	0.6656
1147	12	Furfrou-Star-Trim	1	0.5397	0.3032	0.1123	0.563	0.0233	0.5164
1147	13	Furfrou-Star-Trim	1	0.6466	0.3219	0.181	0.563	0	0.6466
1147	14	Furfrou-Star-Trim	1	0.6294	0.3434	0.1788	0.563	0	0.6294
1147	15	Furfrou-Star-Trim	1	0.648	0.3308	0.1223	0.563	0	0.648
1147	16	Furfrou-Star-Trim	1	0.5306	0.3077	0.0933	0.563	0.0324	0.4982
1147	17	Furfrou-Star-Trim	1	0.5636	0.2963	0.101	0.563	0	0.5636
1147	18	Furfrou-Star-Trim	1	0.5623	0.2687	0.133	0.563	0.0007	0.5616
1147	19	Furfrou-Star-Trim	1	0.5454	0.3119	0.074	0.563	0.0176	0.5278
1148	4	Furfrou-Diamond-Trim	1	0.4481	0.3968	-0.171	0.563	0.1149	0.3332
1148	5	Furfrou-Diamond-Trim	1	0.4418	0.3576	-0.118	0.563	0.1212	0.3206
1148	6	Furfrou-Diamond-Trim	1	0.7296	0.3423	0.2013	0.563	0	0.7296
1148	7	Furfrou-Diamond-Trim	1	0.521	0.3174	-0.0459	0.563	0.042	0.479
1148	8	Furfrou-Diamond-Trim	1	0.6136	0.3385	0.1143	0.563	0	0.6136
1148	9	Furfrou-Diamond-Trim	1	0.6347	0.3273	0.1234	0.563	0	0.6347
1148	10	Furfrou-Diamond-Trim	1	0.5397	0.3112	0.0026	0.563	0.0233	0.5164
1148	11	Furfrou-Diamond-Trim	1	0.6656	0.337	0.1498	0.563	0	0.6656
1148	12	Furfrou-Diamond-Trim	1	0.5397	0.3032	0.1123	0.563	0.0233	0.5164
1148	13	Furfrou-Diamond-Trim	1	0.6466	0.3219	0.181	0.563	0	0.6466
1148	14	Furfrou-Diamond-Trim	1	0.6294	0.3434	0.1788	0.563	0	0.6294
1148	15	Furfrou-Diamond-Trim	1	0.648	0.3308	0.1223	0.563	0	0.648
1148	16	Furfrou-Diamond-Trim	1	0.5306	0.3077	0.0933	0.563	0.0324	0.4982
1148	17	Furfrou-Diamond-Trim	1	0.5636	0.2963	0.101	0.563	0	0.5636
1148	18	Furfrou-Diamond-Trim	1	0.5623	0.2687	0.133	0.563	0.0007	0.5616
1148	19	Furfrou-Diamond-Trim	1	0.5454	0.3119	0.074	0.563	0.0176	0.5278
1149	4	Furfrou-Debutante-Trim	1	0.4481	0.3968	-0.171	0.563	0.1149	0.3332
1149	5	Furfrou-Debutante-Trim	1	0.4418	0.3576	-0.118	0.563	0.1212	0.3206
1149	6	Furfrou-Debutante-Trim	1	0.7296	0.3423	0.2013	0.563	0	0.7296
1149	7	Furfrou-Debutante-Trim	1	0.521	0.3174	-0.0459	0.563	0.042	0.479
1149	8	Furfrou-Debutante-Trim	1	0.6136	0.3385	0.1143	0.563	0	0.6136
1149	9	Furfrou-Debutante-Trim	1	0.6347	0.3273	0.1234	0.563	0	0.6347
1149	10	Furfrou-Debutante-Trim	1	0.5397	0.3112	0.0026	0.563	0.0233	0.5164
1149	11	Furfrou-Debutante-Trim	1	0.6656	0.337	0.1498	0.563	0	0.6656
1149	12	Furfrou-Debutante-Trim	1	0.5397	0.3032	0.1123	0.563	0.0233	0.5164
1149	13	Furfrou-Debutante-Trim	1	0.6466	0.3219	0.181	0.563	0	0.6466
1149	14	Furfrou-Debutante-Trim	1	0.6294	0.3434	0.1788	0.563	0	0.6294
1149	15	Furfrou-Debutante-Trim	1	0.648	0.3308	0.1223	0.563	0	0.648
1149	16	Furfrou-Debutante-Trim	1	0.5306	0.3077	0.0933	0.563	0.0324	0.4982
1149	17	Furfrou-Debutante-Trim	1	0.5636	0.2963	0.101	0.563	0	0.5636
1149	18	Furfrou-Debutante-Trim	1	0.5623	0.2687	0.133	0.563	0.0007	0.5616
1149	19	Furfrou-Debutante-Trim	1	0.5454	0.3119	0.074	0.563	0.0176	0.5278
115	4	Kangaskhan	1	0.6706	0.4527	0.0515	0.5852	0	0.6706
115	5	Kangaskhan	1	0.7426	0.4216	0.1828	0.5852	0	0.7426
115	6	Kangaskhan	1	0.6864	0.3714	0.203	0.5852	0	0.6864
115	7	Kangaskhan	1	0.6136	0.3417	0.1167	0.5852	0	0.6136
115	8	Kangaskhan	1	0.5575	0.3559	0.079	0.5852	0.0277	0.5298
115	9	Kangaskhan	1	0.6367	0.3353	0.1569	0.5852	0	0.6367
115	10	Kangaskhan	1	0.6033	0.304	0.1178	0.5852	0	0.6033
115	11	Kangaskhan	1	0.5827	0.3385	0.0658	0.5852	0.0025	0.5802
115	12	Kangaskhan	1	0.5833	0.3186	0.1172	0.5852	0.0019	0.5814
115	13	Kangaskhan	1	0.5871	0.3386	0.116	0.5852	0	0.5871
115	14	Kangaskhan	1	0.6201	0.304	0.1151	0.5852	0	0.6201
115	15	Kangaskhan	1	0.5804	0.3168	0.0778	0.5852	0.0048	0.5756
115	16	Kangaskhan	1	0.5584	0.2936	0.0902	0.5852	0.0268	0.5316
115	17	Kangaskhan	1	0.5641	0.2976	0.1215	0.5852	0.0211	0.543
115	18	Kangaskhan	1	0.491	0.2571	0.0538	0.5852	0.0942	0.3968
115	19	Kangaskhan	1	0.5686	0.3165	0.1196	0.5852	0.0166	0.552
1150	4	Furfrou-Matron-Trim	1	0.4481	0.3968	-0.171	0.563	0.1149	0.3332
1150	5	Furfrou-Matron-Trim	1	0.4418	0.3576	-0.118	0.563	0.1212	0.3206
1150	6	Furfrou-Matron-Trim	1	0.7296	0.3423	0.2013	0.563	0	0.7296
1150	7	Furfrou-Matron-Trim	1	0.521	0.3174	-0.0459	0.563	0.042	0.479
1150	8	Furfrou-Matron-Trim	1	0.6136	0.3385	0.1143	0.563	0	0.6136
1150	9	Furfrou-Matron-Trim	1	0.6347	0.3273	0.1234	0.563	0	0.6347
1150	10	Furfrou-Matron-Trim	1	0.5397	0.3112	0.0026	0.563	0.0233	0.5164
1150	11	Furfrou-Matron-Trim	1	0.6656	0.337	0.1498	0.563	0	0.6656
1150	12	Furfrou-Matron-Trim	1	0.5397	0.3032	0.1123	0.563	0.0233	0.5164
1150	13	Furfrou-Matron-Trim	1	0.6466	0.3219	0.181	0.563	0	0.6466
1150	14	Furfrou-Matron-Trim	1	0.6294	0.3434	0.1788	0.563	0	0.6294
1150	15	Furfrou-Matron-Trim	1	0.648	0.3308	0.1223	0.563	0	0.648
1150	16	Furfrou-Matron-Trim	1	0.5306	0.3077	0.0933	0.563	0.0324	0.4982
1150	17	Furfrou-Matron-Trim	1	0.5636	0.2963	0.101	0.563	0	0.5636
1150	18	Furfrou-Matron-Trim	1	0.5623	0.2687	0.133	0.563	0.0007	0.5616
1150	19	Furfrou-Matron-Trim	1	0.5454	0.3119	0.074	0.563	0.0176	0.5278
1151	4	Furfrou-Dandy-Trim	1	0.4481	0.3968	-0.171	0.563	0.1149	0.3332
1151	5	Furfrou-Dandy-Trim	1	0.4418	0.3576	-0.118	0.563	0.1212	0.3206
1151	6	Furfrou-Dandy-Trim	1	0.7296	0.3423	0.2013	0.563	0	0.7296
1151	7	Furfrou-Dandy-Trim	1	0.521	0.3174	-0.0459	0.563	0.042	0.479
1151	8	Furfrou-Dandy-Trim	1	0.6136	0.3385	0.1143	0.563	0	0.6136
1151	9	Furfrou-Dandy-Trim	1	0.6347	0.3273	0.1234	0.563	0	0.6347
1151	10	Furfrou-Dandy-Trim	1	0.5397	0.3112	0.0026	0.563	0.0233	0.5164
1151	11	Furfrou-Dandy-Trim	1	0.6656	0.337	0.1498	0.563	0	0.6656
1151	12	Furfrou-Dandy-Trim	1	0.5397	0.3032	0.1123	0.563	0.0233	0.5164
1151	13	Furfrou-Dandy-Trim	1	0.6466	0.3219	0.181	0.563	0	0.6466
1151	14	Furfrou-Dandy-Trim	1	0.6294	0.3434	0.1788	0.563	0	0.6294
1151	15	Furfrou-Dandy-Trim	1	0.648	0.3308	0.1223	0.563	0	0.648
1151	16	Furfrou-Dandy-Trim	1	0.5306	0.3077	0.0933	0.563	0.0324	0.4982
1151	17	Furfrou-Dandy-Trim	1	0.5636	0.2963	0.101	0.563	0	0.5636
1151	18	Furfrou-Dandy-Trim	1	0.5623	0.2687	0.133	0.563	0.0007	0.5616
1151	19	Furfrou-Dandy-Trim	1	0.5454	0.3119	0.074	0.563	0.0176	0.5278
1152	4	Furfrou-La-Reine-Trim	1	0.4481	0.3968	-0.171	0.563	0.1149	0.3332
1152	5	Furfrou-La-Reine-Trim	1	0.4418	0.3576	-0.118	0.563	0.1212	0.3206
1152	6	Furfrou-La-Reine-Trim	1	0.7296	0.3423	0.2013	0.563	0	0.7296
1152	7	Furfrou-La-Reine-Trim	1	0.521	0.3174	-0.0459	0.563	0.042	0.479
1152	8	Furfrou-La-Reine-Trim	1	0.6136	0.3385	0.1143	0.563	0	0.6136
1152	9	Furfrou-La-Reine-Trim	1	0.6347	0.3273	0.1234	0.563	0	0.6347
1152	10	Furfrou-La-Reine-Trim	1	0.5397	0.3112	0.0026	0.563	0.0233	0.5164
1152	11	Furfrou-La-Reine-Trim	1	0.6656	0.337	0.1498	0.563	0	0.6656
1152	12	Furfrou-La-Reine-Trim	1	0.5397	0.3032	0.1123	0.563	0.0233	0.5164
1152	13	Furfrou-La-Reine-Trim	1	0.6466	0.3219	0.181	0.563	0	0.6466
1152	14	Furfrou-La-Reine-Trim	1	0.6294	0.3434	0.1788	0.563	0	0.6294
1152	15	Furfrou-La-Reine-Trim	1	0.648	0.3308	0.1223	0.563	0	0.648
1152	16	Furfrou-La-Reine-Trim	1	0.5306	0.3077	0.0933	0.563	0.0324	0.4982
1152	17	Furfrou-La-Reine-Trim	1	0.5636	0.2963	0.101	0.563	0	0.5636
1152	18	Furfrou-La-Reine-Trim	1	0.5623	0.2687	0.133	0.563	0.0007	0.5616
1152	19	Furfrou-La-Reine-Trim	1	0.5454	0.3119	0.074	0.563	0.0176	0.5278
1153	4	Furfrou-Kabuki-Trim	1	0.4481	0.3968	-0.171	0.563	0.1149	0.3332
1153	5	Furfrou-Kabuki-Trim	1	0.4418	0.3576	-0.118	0.563	0.1212	0.3206
1153	6	Furfrou-Kabuki-Trim	1	0.7296	0.3423	0.2013	0.563	0	0.7296
1153	7	Furfrou-Kabuki-Trim	1	0.521	0.3174	-0.0459	0.563	0.042	0.479
1153	8	Furfrou-Kabuki-Trim	1	0.6136	0.3385	0.1143	0.563	0	0.6136
1153	9	Furfrou-Kabuki-Trim	1	0.6347	0.3273	0.1234	0.563	0	0.6347
1153	10	Furfrou-Kabuki-Trim	1	0.5397	0.3112	0.0026	0.563	0.0233	0.5164
1153	11	Furfrou-Kabuki-Trim	1	0.6656	0.337	0.1498	0.563	0	0.6656
1153	12	Furfrou-Kabuki-Trim	1	0.5397	0.3032	0.1123	0.563	0.0233	0.5164
1153	13	Furfrou-Kabuki-Trim	1	0.6466	0.3219	0.181	0.563	0	0.6466
1153	14	Furfrou-Kabuki-Trim	1	0.6294	0.3434	0.1788	0.563	0	0.6294
1153	15	Furfrou-Kabuki-Trim	1	0.648	0.3308	0.1223	0.563	0	0.648
1153	16	Furfrou-Kabuki-Trim	1	0.5306	0.3077	0.0933	0.563	0.0324	0.4982
1153	17	Furfrou-Kabuki-Trim	1	0.5636	0.2963	0.101	0.563	0	0.5636
1153	18	Furfrou-Kabuki-Trim	1	0.5623	0.2687	0.133	0.563	0.0007	0.5616
1153	19	Furfrou-Kabuki-Trim	1	0.5454	0.3119	0.074	0.563	0.0176	0.5278
1154	4	Furfrou-Pharaoh-Trim	1	0.4481	0.3968	-0.171	0.563	0.1149	0.3332
1154	5	Furfrou-Pharaoh-Trim	1	0.4418	0.3576	-0.118	0.563	0.1212	0.3206
1154	6	Furfrou-Pharaoh-Trim	1	0.7296	0.3423	0.2013	0.563	0	0.7296
1154	7	Furfrou-Pharaoh-Trim	1	0.521	0.3174	-0.0459	0.563	0.042	0.479
1154	8	Furfrou-Pharaoh-Trim	1	0.6136	0.3385	0.1143	0.563	0	0.6136
1154	9	Furfrou-Pharaoh-Trim	1	0.6347	0.3273	0.1234	0.563	0	0.6347
1154	10	Furfrou-Pharaoh-Trim	1	0.5397	0.3112	0.0026	0.563	0.0233	0.5164
1154	11	Furfrou-Pharaoh-Trim	1	0.6656	0.337	0.1498	0.563	0	0.6656
1154	12	Furfrou-Pharaoh-Trim	1	0.5397	0.3032	0.1123	0.563	0.0233	0.5164
1154	13	Furfrou-Pharaoh-Trim	1	0.6466	0.3219	0.181	0.563	0	0.6466
1154	14	Furfrou-Pharaoh-Trim	1	0.6294	0.3434	0.1788	0.563	0	0.6294
1154	15	Furfrou-Pharaoh-Trim	1	0.648	0.3308	0.1223	0.563	0	0.648
1154	16	Furfrou-Pharaoh-Trim	1	0.5306	0.3077	0.0933	0.563	0.0324	0.4982
1154	17	Furfrou-Pharaoh-Trim	1	0.5636	0.2963	0.101	0.563	0	0.5636
1154	18	Furfrou-Pharaoh-Trim	1	0.5623	0.2687	0.133	0.563	0.0007	0.5616
1154	19	Furfrou-Pharaoh-Trim	1	0.5454	0.3119	0.074	0.563	0.0176	0.5278
116	1	Kingdra	3	0.5787	0.5487	0.0062	0.5466	0	0.5787
116	2	Kingdra	3	0.5117	0.5036	0.0081	0.5466	0.0349	0.4768
116	3	Kingdra	3	0.5405	0.5189	0.0462	0.5466	0.0061	0.5344
116	4	Kingdra	3	0.5252	0.4405	-0.0784	0.5466	0.0214	0.5038
116	5	Kingdra	3	0.5373	0.5054	-0.0097	0.5466	0.0093	0.528
116	6	Kingdra	3	0.6272	0.4072	0.1735	0.5466	0	0.6272
116	7	Kingdra	3	0.6271	0.4574	0.1371	0.5466	0	0.6271
116	8	Kingdra	3	0.5328	0.4525	0.0446	0.5466	0.0138	0.519
116	9	Kingdra	3	0.6468	0.4125	0.1487	0.5466	0	0.6468
116	10	Kingdra	3	0.5422	0.3733	0.0804	0.5466	0.0044	0.5378
116	11	Kingdra	3	0.5905	0.3777	0.0412	0.5466	0	0.5905
116	12	Kingdra	3	0.4997	0.3297	0.048	0.5466	0.0469	0.4528
116	13	Kingdra	3	0.6114	0.3645	0.1284	0.5466	0	0.6114
116	14	Kingdra	3	0.5624	0.3373	0.0633	0.5466	0	0.5624
116	15	Kingdra	3	0.4894	0.3364	-0.0321	0.5466	0.0572	0.4322
116	16	Kingdra	3	0.6039	0.3738	0.126	0.5466	0	0.6039
116	17	Kingdra	3	0.4367	0.3126	-0.0058	0.5466	0.1099	0.3268
116	18	Kingdra	3	0.5601	0.3249	0.0825	0.5466	0	0.5601
116	19	Kingdra	3	0.5466	0.3483	0.0622	0.5466	0	0.5466
1169	1	Oricorio-Pom-Pom	1	0.5383	0.4965	-0.0643	0.5411	0.0028	0.5355
1169	2	Oricorio-Pom-Pom	1	0.533	0.4593	0.0082	0.5411	0.0081	0.5249
1169	3	Oricorio-Pom-Pom	1	0.5088	0.4289	-0.0242	0.5411	0.0323	0.4765
1169	4	Oricorio-Pom-Pom	1	0.7236	0.6191	0.1045	0.5411	0	0.7236
1169	5	Oricorio-Pom-Pom	1	0.5799	0.5277	0.0201	0.5411	0	0.5799
1169	6	Oricorio-Pom-Pom	1	0.5299	0.346	0.1031	0.5411	0.0112	0.5187
1169	7	Oricorio-Pom-Pom	1	0.572	0.4564	0.082	0.5411	0	0.572
1169	8	Oricorio-Pom-Pom	1	0.5548	0.3762	0.0666	0.5411	0	0.5548
1169	9	Oricorio-Pom-Pom	1	0.5993	0.4717	0.1012	0.5411	0	0.5993
1169	10	Oricorio-Pom-Pom	1	0.6033	0.3822	0.1415	0.5411	0	0.6033
1169	11	Oricorio-Pom-Pom	1	0.6543	0.4165	0.105	0.5411	0	0.6543
1169	12	Oricorio-Pom-Pom	1	0.4986	0.3433	0.0469	0.5411	0.0425	0.4561
1169	13	Oricorio-Pom-Pom	1	0.4847	0.361	0.0017	0.5411	0.0564	0.4283
1169	14	Oricorio-Pom-Pom	1	0.5924	0.3801	0.0933	0.5411	0	0.5924
1169	15	Oricorio-Pom-Pom	1	0.5411	0.4184	0.0196	0.5411	0	0.5411
1169	16	Oricorio-Pom-Pom	1	0.5184	0.3965	0.0405	0.5411	0.0227	0.4957
1169	17	Oricorio-Pom-Pom	1	0.5284	0.3364	0.0859	0.5411	0.0127	0.5157
1169	18	Oricorio-Pom-Pom	1	0.4981	0.3569	0.0205	0.5411	0.043	0.4551
1169	19	Oricorio-Pom-Pom	1	0.5416	0.3764	0.0572	0.5411	0	0.5416
1170	1	Oricorio-Pau	1	0.5325	0.4908	-0.0701	0.4822	0	0.5325
1170	2	Oricorio-Pau	1	0.5178	0.4441	-0.007	0.4822	0	0.5178
1170	3	Oricorio-Pau	1	0.4792	0.3993	-0.0538	0.4822	0.003	0.4762
1170	4	Oricorio-Pau	1	0.6998	0.5959	0.0807	0.4822	0	0.6998
1170	5	Oricorio-Pau	1	0.5681	0.4477	0.0083	0.4822	0	0.5681
1170	6	Oricorio-Pau	1	0.3849	0.1979	-0.0419	0.4822	0.0973	0.2876
1170	7	Oricorio-Pau	1	0.5084	0.3915	0.0184	0.4822	0	0.5084
1170	8	Oricorio-Pau	1	0.4771	0.3553	-0.0111	0.4822	0.0051	0.472
1170	9	Oricorio-Pau	1	0.5478	0.4374	0.0497	0.4822	0	0.5478
1170	10	Oricorio-Pau	1	0.4877	0.3543	0.0259	0.4822	0	0.4877
1170	11	Oricorio-Pau	1	0.5273	0.4466	-0.022	0.4822	0	0.5273
1170	12	Oricorio-Pau	1	0.4643	0.3062	0.0126	0.4822	0.0179	0.4464
1170	13	Oricorio-Pau	1	0.4755	0.313	-0.0075	0.4822	0.0067	0.4688
1170	14	Oricorio-Pau	1	0.4601	0.3062	-0.039	0.4822	0.0221	0.438
1170	15	Oricorio-Pau	1	0.5405	0.3589	0.019	0.4822	0	0.5405
1170	16	Oricorio-Pau	1	0.444	0.3493	-0.0339	0.4822	0.0382	0.4058
1170	17	Oricorio-Pau	1	0.4502	0.3024	0.0077	0.4822	0.032	0.4182
1170	18	Oricorio-Pau	1	0.4689	0.3407	-0.0087	0.4822	0.0133	0.4556
1170	19	Oricorio-Pau	1	0.4822	0.318	-0.0022	0.4822	0	0.4822
1171	1	Oricorio-Sensu	1	0.5451	0.5034	-0.0575	0.5098	0	0.5451
1171	2	Oricorio-Sensu	1	0.5244	0.4507	-0.0004	0.5098	0	0.5244
1171	3	Oricorio-Sensu	1	0.4881	0.4082	-0.0449	0.5098	0.0217	0.4664
1171	4	Oricorio-Sensu	1	0.717	0.6151	0.0979	0.5098	0	0.717
1171	5	Oricorio-Sensu	1	0.571	0.5173	0.0112	0.5098	0	0.571
1171	6	Oricorio-Sensu	1	0.3885	0.2016	-0.0383	0.5098	0.1213	0.2672
1171	7	Oricorio-Sensu	1	0.5138	0.3879	0.0238	0.5098	0	0.5138
1171	8	Oricorio-Sensu	1	0.4881	0.4108	-0.0001	0.5098	0.0217	0.4664
1171	9	Oricorio-Sensu	1	0.5849	0.4479	0.0868	0.5098	0	0.5849
1171	10	Oricorio-Sensu	1	0.5618	0.4286	0.1	0.5098	0	0.5618
1171	11	Oricorio-Sensu	1	0.5291	0.4484	-0.0202	0.5098	0	0.5291
1171	12	Oricorio-Sensu	1	0.4865	0.3244	0.0348	0.5098	0.0233	0.4632
1171	13	Oricorio-Sensu	1	0.5098	0.363	0.0268	0.5098	0	0.5098
1171	14	Oricorio-Sensu	1	0.4627	0.3106	-0.0364	0.5098	0.0471	0.4156
1171	15	Oricorio-Sensu	1	0.563	0.372	0.0415	0.5098	0	0.563
1171	16	Oricorio-Sensu	1	0.4512	0.3565	-0.0267	0.5098	0.0586	0.3926
1171	17	Oricorio-Sensu	1	0.5043	0.3233	0.0618	0.5098	0.0055	0.4988
1171	18	Oricorio-Sensu	1	0.4896	0.3577	0.012	0.5098	0.0202	0.4694
1171	19	Oricorio-Sensu	1	0.5044	0.3522	0.02	0.5098	0.0054	0.499
118	1	Goldeen	1	0.5876	0.4861	0.1015	0.5537	0	0.5876
118	2	Goldeen	1	0.4767	0.3434	-0.0099	0.5537	0.077	0.3997
118	3	Seaking	2	0.5186	0.4164	-0.0144	0.5537	0.0351	0.4835
118	4	Seaking	2	0.5606	0.4142	-0.0585	0.5537	0	0.5606
118	5	Seaking	2	0.5587	0.3939	0.0231	0.5537	0	0.5587
118	6	Seaking	2	0.5871	0.3507	0.1037	0.5537	0	0.5871
118	7	Seaking	2	0.6002	0.4176	0.1033	0.5537	0	0.6002
118	8	Seaking	2	0.5833	0.3504	0.1048	0.5537	0	0.5833
118	9	Seaking	2	0.5232	0.3423	0.0434	0.5537	0.0305	0.4927
118	10	Seaking	2	0.48	0.2984	-0.0055	0.5537	0.0737	0.4063
118	11	Seaking	2	0.5264	0.3572	-0.001	0.5537	0.0273	0.4991
118	12	Seaking	2	0.4559	0.3301	-0.0307	0.5537	0.0978	0.3581
118	13	Seaking	2	0.6051	0.3915	0.0924	0.5537	0	0.6051
118	14	Seaking	2	0.5803	0.3258	0.0561	0.5537	0	0.5803
118	15	Seaking	2	0.5976	0.3738	0.0626	0.5537	0	0.5976
118	16	Seaking	2	0.5537	0.3668	0.0535	0.5537	0	0.5537
118	17	Seaking	2	0.5386	0.3475	0.0245	0.5537	0.0151	0.5235
118	18	Seaking	2	0.4893	0.3244	0.009	0.5537	0.0644	0.4249
118	19	Seaking	2	0.5156	0.3378	0.0189	0.5537	0.0381	0.4775
120	1	Staryu	1	0.4709	0.4277	-0.0067	0.6555	0.1846	0.2863
120	2	Starmie	2	0.4894	0.4541	0.0437	0.6555	0.1661	0.3233
120	3	Starmie	2	0.523	0.4722	0.0611	0.6555	0.1325	0.3905
120	4	Starmie	2	0.6652	0.4934	0.2311	0.6555	0	0.6652
120	5	Starmie	2	0.603	0.5463	0.2145	0.6555	0.0525	0.5505
120	6	Starmie	2	0.6552	0.3275	0.2901	0.6555	0.0003	0.6549
120	7	Starmie	2	0.5894	0.4758	0.1014	0.6555	0.0661	0.5233
120	8	Starmie	2	0.6605	0.3947	0.2298	0.6555	0	0.6605
120	9	Starmie	2	0.6454	0.4088	0.1857	0.6555	0.0101	0.6353
120	10	Starmie	2	0.6931	0.4328	0.2274	0.6555	0	0.6931
120	11	Starmie	2	0.6905	0.3478	0.2034	0.6555	0	0.6905
120	12	Starmie	2	0.6885	0.4415	0.247	0.6555	0	0.6885
120	13	Starmie	2	0.6882	0.4432	0.245	0.6555	0	0.6882
120	14	Starmie	2	0.5922	0.3427	0.1931	0.6555	0.0633	0.5289
120	15	Starmie	2	0.7025	0.3445	0.254	0.6555	0	0.7025
120	16	Starmie	2	0.6555	0.4236	0.2394	0.6555	0	0.6555
120	17	Starmie	2	0.692	0.3561	0.2943	0.6555	0	0.692
120	18	Starmie	2	0.5626	0.4427	0.1199	0.6555	0.0929	0.4697
120	19	Starmie	2	0.669	0.4553	0.2249	0.6555	0	0.669
1225	3	Indeedee-F	1	0.5189	0.4416	-0.0141	0.5717	0.0528	0.4661
1225	4	Indeedee-F	1	0.4717	0.3361	-0.1474	0.5717	0.1	0.3717
1225	5	Indeedee-F	1	0.4889	0.3872	-0.0709	0.5717	0.0828	0.4061
1225	6	Indeedee-F	1	0.6469	0.3163	0.1263	0.5717	0	0.6469
1225	7	Indeedee-F	1	0.5659	0.3429	0.0759	0.5717	0.0058	0.5601
1225	8	Indeedee-F	1	0.6168	0.3404	0.0835	0.5717	0	0.6168
1225	9	Indeedee-F	1	0.5826	0.3495	0.061	0.5717	0	0.5826
1225	10	Indeedee-F	1	0.5717	0.3286	0.0555	0.5717	0	0.5717
1225	11	Indeedee-F	1	0.6271	0.3329	0.0444	0.5717	0	0.6271
1225	12	Indeedee-F	1	0.5123	0.2831	0.0014	0.5717	0.0594	0.4529
1225	13	Indeedee-F	1	0.5735	0.3142	0.0118	0.5717	0	0.5735
1225	14	Indeedee-F	1	0.513	0.2951	-0.0325	0.5717	0.0587	0.4543
1225	15	Indeedee-F	1	0.6222	0.293	0.0841	0.5717	0	0.6222
1225	16	Indeedee-F	1	0.5243	0.2826	-0.0137	0.5717	0.0474	0.4769
1225	17	Indeedee-F	1	0.5671	0.3222	0.0678	0.5717	0.0046	0.5625
1225	18	Indeedee-F	1	0.6059	0.3062	0.1015	0.5717	0	0.6059
1225	19	Indeedee-F	1	0.5885	0.3085	0.0795	0.5717	0	0.5885
123	2	Scizor	2	0.5409	0.4637	0.0418	0.6401	0.0992	0.4417
123	3	Scizor	2	0.5559	0.4466	0.0122	0.6401	0.0843	0.4716
123	4	Scizor	2	0.5984	0.4393	-0.0382	0.6401	0.0417	0.5567
123	5	Scizor	2	0.6245	0.4055	0.1127	0.6401	0.0156	0.6089
123	6	Kleavor	2	0.7181	0.406	0.2276	0.6401	0	0.7181
123	7	Scizor	2	0.6137	0.3723	0.0901	0.6401	0.0264	0.5873
123	8	Kleavor	2	0.63	0.4112	0.131	0.6401	0.0101	0.6199
123	9	Scizor	2	0.726	0.4254	0.2022	0.6401	0	0.726
123	10	Scizor	2	0.7163	0.4129	0.2012	0.6401	0	0.7163
123	11	Scizor	2	0.6503	0.3966	0.1229	0.6401	0	0.6503
123	12	Scizor	2	0.6788	0.3947	0.1922	0.6401	0	0.6788
123	13	Scizor	2	0.6658	0.4011	0.1531	0.6401	0	0.6658
123	14	Scizor	2	0.6577	0.3426	0.1335	0.6401	0	0.6577
123	15	Kleavor	2	0.6821	0.4585	0.1471	0.6401	0	0.6821
123	16	Kleavor	2	0.6006	0.38	0.1004	0.6401	0.0395	0.5611
123	17	Scizor	2	0.7218	0.3883	0.2077	0.6401	0	0.7218
123	18	Scizor	2	0.6055	0.3489	0.1252	0.6401	0.0346	0.5709
123	19	Scizor	2	0.6055	0.3326	0.1088	0.6401	0.0346	0.5709
1235	7	Alcremie-Berry-Vanilla-Cream	1	0.6173	0.3903	0.0948	0.6089	0	0.6173
1235	8	Alcremie-Berry-Vanilla-Cream	1	0.6118	0.3482	0.0785	0.6089	0	0.6118
1235	9	Alcremie-Berry-Vanilla-Cream	1	0.5691	0.3151	0.0475	0.6089	0.0398	0.5293
1235	10	Alcremie-Berry-Vanilla-Cream	1	0.6562	0.3937	0.14	0.6089	0	0.6562
1235	11	Alcremie-Berry-Vanilla-Cream	1	0.6738	0.5264	0.0911	0.6089	0	0.6738
1235	12	Alcremie-Berry-Vanilla-Cream	1	0.5168	0.3648	0.0059	0.6089	0.0921	0.4247
1235	13	Alcremie-Berry-Vanilla-Cream	1	0.6483	0.4073	0.0866	0.6089	0	0.6483
1235	14	Alcremie-Berry-Vanilla-Cream	1	0.6093	0.3849	0.0638	0.6089	0	0.6093
1235	15	Alcremie-Berry-Vanilla-Cream	1	0.6043	0.4441	0.0662	0.6089	0.0046	0.5997
1235	16	Alcremie-Berry-Vanilla-Cream	1	0.5699	0.3858	0.0319	0.6089	0.039	0.5309
1235	17	Alcremie-Berry-Vanilla-Cream	1	0.5461	0.3543	0.0468	0.6089	0.0628	0.4833
1235	18	Alcremie-Berry-Vanilla-Cream	1	0.5753	0.3192	0.0709	0.6089	0.0336	0.5417
1235	19	Alcremie-Berry-Vanilla-Cream	1	0.6089	0.3846	0.0999	0.6089	0	0.6089
1236	7	Alcremie-Berry-Ruby-Cream	1	0.6173	0.3903	0.0948	0.6089	0	0.6173
1236	8	Alcremie-Berry-Ruby-Cream	1	0.6118	0.3482	0.0785	0.6089	0	0.6118
1236	9	Alcremie-Berry-Ruby-Cream	1	0.5691	0.3151	0.0475	0.6089	0.0398	0.5293
1236	10	Alcremie-Berry-Ruby-Cream	1	0.6562	0.3937	0.14	0.6089	0	0.6562
1236	11	Alcremie-Berry-Ruby-Cream	1	0.6738	0.5264	0.0911	0.6089	0	0.6738
1236	12	Alcremie-Berry-Ruby-Cream	1	0.5168	0.3648	0.0059	0.6089	0.0921	0.4247
1236	13	Alcremie-Berry-Ruby-Cream	1	0.6483	0.4073	0.0866	0.6089	0	0.6483
1236	14	Alcremie-Berry-Ruby-Cream	1	0.6093	0.3849	0.0638	0.6089	0	0.6093
1236	15	Alcremie-Berry-Ruby-Cream	1	0.6043	0.4441	0.0662	0.6089	0.0046	0.5997
1236	16	Alcremie-Berry-Ruby-Cream	1	0.5699	0.3858	0.0319	0.6089	0.039	0.5309
1236	17	Alcremie-Berry-Ruby-Cream	1	0.5461	0.3543	0.0468	0.6089	0.0628	0.4833
1236	18	Alcremie-Berry-Ruby-Cream	1	0.5753	0.3192	0.0709	0.6089	0.0336	0.5417
1236	19	Alcremie-Berry-Ruby-Cream	1	0.6089	0.3846	0.0999	0.6089	0	0.6089
1237	7	Alcremie-Berry-Matcha-Cream	1	0.6173	0.3903	0.0948	0.6089	0	0.6173
1237	8	Alcremie-Berry-Matcha-Cream	1	0.6118	0.3482	0.0785	0.6089	0	0.6118
1237	9	Alcremie-Berry-Matcha-Cream	1	0.5691	0.3151	0.0475	0.6089	0.0398	0.5293
1237	10	Alcremie-Berry-Matcha-Cream	1	0.6562	0.3937	0.14	0.6089	0	0.6562
1237	11	Alcremie-Berry-Matcha-Cream	1	0.6738	0.5264	0.0911	0.6089	0	0.6738
1237	12	Alcremie-Berry-Matcha-Cream	1	0.5168	0.3648	0.0059	0.6089	0.0921	0.4247
1237	13	Alcremie-Berry-Matcha-Cream	1	0.6483	0.4073	0.0866	0.6089	0	0.6483
1237	14	Alcremie-Berry-Matcha-Cream	1	0.6093	0.3849	0.0638	0.6089	0	0.6093
1237	15	Alcremie-Berry-Matcha-Cream	1	0.6043	0.4441	0.0662	0.6089	0.0046	0.5997
1237	16	Alcremie-Berry-Matcha-Cream	1	0.5699	0.3858	0.0319	0.6089	0.039	0.5309
1237	17	Alcremie-Berry-Matcha-Cream	1	0.5461	0.3543	0.0468	0.6089	0.0628	0.4833
1237	18	Alcremie-Berry-Matcha-Cream	1	0.5753	0.3192	0.0709	0.6089	0.0336	0.5417
1237	19	Alcremie-Berry-Matcha-Cream	1	0.6089	0.3846	0.0999	0.6089	0	0.6089
1238	7	Alcremie-Berry-Mint-Cream	1	0.6173	0.3903	0.0948	0.6089	0	0.6173
1238	8	Alcremie-Berry-Mint-Cream	1	0.6118	0.3482	0.0785	0.6089	0	0.6118
1238	9	Alcremie-Berry-Mint-Cream	1	0.5691	0.3151	0.0475	0.6089	0.0398	0.5293
1238	10	Alcremie-Berry-Mint-Cream	1	0.6562	0.3937	0.14	0.6089	0	0.6562
1238	11	Alcremie-Berry-Mint-Cream	1	0.6738	0.5264	0.0911	0.6089	0	0.6738
1238	12	Alcremie-Berry-Mint-Cream	1	0.5168	0.3648	0.0059	0.6089	0.0921	0.4247
1238	13	Alcremie-Berry-Mint-Cream	1	0.6483	0.4073	0.0866	0.6089	0	0.6483
1238	14	Alcremie-Berry-Mint-Cream	1	0.6093	0.3849	0.0638	0.6089	0	0.6093
1238	15	Alcremie-Berry-Mint-Cream	1	0.6043	0.4441	0.0662	0.6089	0.0046	0.5997
1238	16	Alcremie-Berry-Mint-Cream	1	0.5699	0.3858	0.0319	0.6089	0.039	0.5309
1238	17	Alcremie-Berry-Mint-Cream	1	0.5461	0.3543	0.0468	0.6089	0.0628	0.4833
1238	18	Alcremie-Berry-Mint-Cream	1	0.5753	0.3192	0.0709	0.6089	0.0336	0.5417
1238	19	Alcremie-Berry-Mint-Cream	1	0.6089	0.3846	0.0999	0.6089	0	0.6089
1239	7	Alcremie-Berry-Lemon-Cream	1	0.6173	0.3903	0.0948	0.6089	0	0.6173
1239	8	Alcremie-Berry-Lemon-Cream	1	0.6118	0.3482	0.0785	0.6089	0	0.6118
1239	9	Alcremie-Berry-Lemon-Cream	1	0.5691	0.3151	0.0475	0.6089	0.0398	0.5293
1239	10	Alcremie-Berry-Lemon-Cream	1	0.6562	0.3937	0.14	0.6089	0	0.6562
1239	11	Alcremie-Berry-Lemon-Cream	1	0.6738	0.5264	0.0911	0.6089	0	0.6738
1239	12	Alcremie-Berry-Lemon-Cream	1	0.5168	0.3648	0.0059	0.6089	0.0921	0.4247
1239	13	Alcremie-Berry-Lemon-Cream	1	0.6483	0.4073	0.0866	0.6089	0	0.6483
1239	14	Alcremie-Berry-Lemon-Cream	1	0.6093	0.3849	0.0638	0.6089	0	0.6093
1239	15	Alcremie-Berry-Lemon-Cream	1	0.6043	0.4441	0.0662	0.6089	0.0046	0.5997
1239	16	Alcremie-Berry-Lemon-Cream	1	0.5699	0.3858	0.0319	0.6089	0.039	0.5309
1239	17	Alcremie-Berry-Lemon-Cream	1	0.5461	0.3543	0.0468	0.6089	0.0628	0.4833
1239	18	Alcremie-Berry-Lemon-Cream	1	0.5753	0.3192	0.0709	0.6089	0.0336	0.5417
1239	19	Alcremie-Berry-Lemon-Cream	1	0.6089	0.3846	0.0999	0.6089	0	0.6089
1240	7	Alcremie-Berry-Salted-Cream	1	0.6173	0.3903	0.0948	0.6089	0	0.6173
1240	8	Alcremie-Berry-Salted-Cream	1	0.6118	0.3482	0.0785	0.6089	0	0.6118
1240	9	Alcremie-Berry-Salted-Cream	1	0.5691	0.3151	0.0475	0.6089	0.0398	0.5293
1240	10	Alcremie-Berry-Salted-Cream	1	0.6562	0.3937	0.14	0.6089	0	0.6562
1240	11	Alcremie-Berry-Salted-Cream	1	0.6738	0.5264	0.0911	0.6089	0	0.6738
1240	12	Alcremie-Berry-Salted-Cream	1	0.5168	0.3648	0.0059	0.6089	0.0921	0.4247
1240	13	Alcremie-Berry-Salted-Cream	1	0.6483	0.4073	0.0866	0.6089	0	0.6483
1240	14	Alcremie-Berry-Salted-Cream	1	0.6093	0.3849	0.0638	0.6089	0	0.6093
1240	15	Alcremie-Berry-Salted-Cream	1	0.6043	0.4441	0.0662	0.6089	0.0046	0.5997
1240	16	Alcremie-Berry-Salted-Cream	1	0.5699	0.3858	0.0319	0.6089	0.039	0.5309
1240	17	Alcremie-Berry-Salted-Cream	1	0.5461	0.3543	0.0468	0.6089	0.0628	0.4833
1240	18	Alcremie-Berry-Salted-Cream	1	0.5753	0.3192	0.0709	0.6089	0.0336	0.5417
1240	19	Alcremie-Berry-Salted-Cream	1	0.6089	0.3846	0.0999	0.6089	0	0.6089
1241	7	Alcremie-Berry-Ruby-Swirl	1	0.6173	0.3903	0.0948	0.6089	0	0.6173
1241	8	Alcremie-Berry-Ruby-Swirl	1	0.6118	0.3482	0.0785	0.6089	0	0.6118
1241	9	Alcremie-Berry-Ruby-Swirl	1	0.5691	0.3151	0.0475	0.6089	0.0398	0.5293
1241	10	Alcremie-Berry-Ruby-Swirl	1	0.6562	0.3937	0.14	0.6089	0	0.6562
1241	11	Alcremie-Berry-Ruby-Swirl	1	0.6738	0.5264	0.0911	0.6089	0	0.6738
1241	12	Alcremie-Berry-Ruby-Swirl	1	0.5168	0.3648	0.0059	0.6089	0.0921	0.4247
1241	13	Alcremie-Berry-Ruby-Swirl	1	0.6483	0.4073	0.0866	0.6089	0	0.6483
1241	14	Alcremie-Berry-Ruby-Swirl	1	0.6093	0.3849	0.0638	0.6089	0	0.6093
1241	15	Alcremie-Berry-Ruby-Swirl	1	0.6043	0.4441	0.0662	0.6089	0.0046	0.5997
1241	16	Alcremie-Berry-Ruby-Swirl	1	0.5699	0.3858	0.0319	0.6089	0.039	0.5309
1241	17	Alcremie-Berry-Ruby-Swirl	1	0.5461	0.3543	0.0468	0.6089	0.0628	0.4833
1241	18	Alcremie-Berry-Ruby-Swirl	1	0.5753	0.3192	0.0709	0.6089	0.0336	0.5417
1241	19	Alcremie-Berry-Ruby-Swirl	1	0.6089	0.3846	0.0999	0.6089	0	0.6089
1242	7	Alcremie-Berry-Caramel-Swirl	1	0.6173	0.3903	0.0948	0.6089	0	0.6173
1242	8	Alcremie-Berry-Caramel-Swirl	1	0.6118	0.3482	0.0785	0.6089	0	0.6118
1242	9	Alcremie-Berry-Caramel-Swirl	1	0.5691	0.3151	0.0475	0.6089	0.0398	0.5293
1242	10	Alcremie-Berry-Caramel-Swirl	1	0.6562	0.3937	0.14	0.6089	0	0.6562
1242	11	Alcremie-Berry-Caramel-Swirl	1	0.6738	0.5264	0.0911	0.6089	0	0.6738
1242	12	Alcremie-Berry-Caramel-Swirl	1	0.5168	0.3648	0.0059	0.6089	0.0921	0.4247
1242	13	Alcremie-Berry-Caramel-Swirl	1	0.6483	0.4073	0.0866	0.6089	0	0.6483
1242	14	Alcremie-Berry-Caramel-Swirl	1	0.6093	0.3849	0.0638	0.6089	0	0.6093
1242	15	Alcremie-Berry-Caramel-Swirl	1	0.6043	0.4441	0.0662	0.6089	0.0046	0.5997
1242	16	Alcremie-Berry-Caramel-Swirl	1	0.5699	0.3858	0.0319	0.6089	0.039	0.5309
1242	17	Alcremie-Berry-Caramel-Swirl	1	0.5461	0.3543	0.0468	0.6089	0.0628	0.4833
1242	18	Alcremie-Berry-Caramel-Swirl	1	0.5753	0.3192	0.0709	0.6089	0.0336	0.5417
1242	19	Alcremie-Berry-Caramel-Swirl	1	0.6089	0.3846	0.0999	0.6089	0	0.6089
1243	7	Alcremie-Berry-Rainbow-Swirl	1	0.6173	0.3903	0.0948	0.6089	0	0.6173
1243	8	Alcremie-Berry-Rainbow-Swirl	1	0.6118	0.3482	0.0785	0.6089	0	0.6118
1243	9	Alcremie-Berry-Rainbow-Swirl	1	0.5691	0.3151	0.0475	0.6089	0.0398	0.5293
1243	10	Alcremie-Berry-Rainbow-Swirl	1	0.6562	0.3937	0.14	0.6089	0	0.6562
1243	11	Alcremie-Berry-Rainbow-Swirl	1	0.6738	0.5264	0.0911	0.6089	0	0.6738
1243	12	Alcremie-Berry-Rainbow-Swirl	1	0.5168	0.3648	0.0059	0.6089	0.0921	0.4247
1243	13	Alcremie-Berry-Rainbow-Swirl	1	0.6483	0.4073	0.0866	0.6089	0	0.6483
1243	14	Alcremie-Berry-Rainbow-Swirl	1	0.6093	0.3849	0.0638	0.6089	0	0.6093
1243	15	Alcremie-Berry-Rainbow-Swirl	1	0.6043	0.4441	0.0662	0.6089	0.0046	0.5997
1243	16	Alcremie-Berry-Rainbow-Swirl	1	0.5699	0.3858	0.0319	0.6089	0.039	0.5309
1243	17	Alcremie-Berry-Rainbow-Swirl	1	0.5461	0.3543	0.0468	0.6089	0.0628	0.4833
1243	18	Alcremie-Berry-Rainbow-Swirl	1	0.5753	0.3192	0.0709	0.6089	0.0336	0.5417
1243	19	Alcremie-Berry-Rainbow-Swirl	1	0.6089	0.3846	0.0999	0.6089	0	0.6089
1244	7	Alcremie-Love-Vanilla-Cream	1	0.6173	0.3903	0.0948	0.6089	0	0.6173
1244	8	Alcremie-Love-Vanilla-Cream	1	0.6118	0.3482	0.0785	0.6089	0	0.6118
1244	9	Alcremie-Love-Vanilla-Cream	1	0.5691	0.3151	0.0475	0.6089	0.0398	0.5293
1244	10	Alcremie-Love-Vanilla-Cream	1	0.6562	0.3937	0.14	0.6089	0	0.6562
1244	11	Alcremie-Love-Vanilla-Cream	1	0.6738	0.5264	0.0911	0.6089	0	0.6738
1244	12	Alcremie-Love-Vanilla-Cream	1	0.5168	0.3648	0.0059	0.6089	0.0921	0.4247
1244	13	Alcremie-Love-Vanilla-Cream	1	0.6483	0.4073	0.0866	0.6089	0	0.6483
1244	14	Alcremie-Love-Vanilla-Cream	1	0.6093	0.3849	0.0638	0.6089	0	0.6093
1244	15	Alcremie-Love-Vanilla-Cream	1	0.6043	0.4441	0.0662	0.6089	0.0046	0.5997
1244	16	Alcremie-Love-Vanilla-Cream	1	0.5699	0.3858	0.0319	0.6089	0.039	0.5309
1244	17	Alcremie-Love-Vanilla-Cream	1	0.5461	0.3543	0.0468	0.6089	0.0628	0.4833
1244	18	Alcremie-Love-Vanilla-Cream	1	0.5753	0.3192	0.0709	0.6089	0.0336	0.5417
1244	19	Alcremie-Love-Vanilla-Cream	1	0.6089	0.3846	0.0999	0.6089	0	0.6089
1245	7	Alcremie-Love-Ruby-Cream	1	0.6173	0.3903	0.0948	0.6089	0	0.6173
1245	8	Alcremie-Love-Ruby-Cream	1	0.6118	0.3482	0.0785	0.6089	0	0.6118
1245	9	Alcremie-Love-Ruby-Cream	1	0.5691	0.3151	0.0475	0.6089	0.0398	0.5293
1245	10	Alcremie-Love-Ruby-Cream	1	0.6562	0.3937	0.14	0.6089	0	0.6562
1245	11	Alcremie-Love-Ruby-Cream	1	0.6738	0.5264	0.0911	0.6089	0	0.6738
1245	12	Alcremie-Love-Ruby-Cream	1	0.5168	0.3648	0.0059	0.6089	0.0921	0.4247
1245	13	Alcremie-Love-Ruby-Cream	1	0.6483	0.4073	0.0866	0.6089	0	0.6483
1245	14	Alcremie-Love-Ruby-Cream	1	0.6093	0.3849	0.0638	0.6089	0	0.6093
1245	15	Alcremie-Love-Ruby-Cream	1	0.6043	0.4441	0.0662	0.6089	0.0046	0.5997
1245	16	Alcremie-Love-Ruby-Cream	1	0.5699	0.3858	0.0319	0.6089	0.039	0.5309
1245	17	Alcremie-Love-Ruby-Cream	1	0.5461	0.3543	0.0468	0.6089	0.0628	0.4833
1245	18	Alcremie-Love-Ruby-Cream	1	0.5753	0.3192	0.0709	0.6089	0.0336	0.5417
1245	19	Alcremie-Love-Ruby-Cream	1	0.6089	0.3846	0.0999	0.6089	0	0.6089
1246	7	Alcremie-Love-Matcha-Cream	1	0.6173	0.3903	0.0948	0.6089	0	0.6173
1246	8	Alcremie-Love-Matcha-Cream	1	0.6118	0.3482	0.0785	0.6089	0	0.6118
1246	9	Alcremie-Love-Matcha-Cream	1	0.5691	0.3151	0.0475	0.6089	0.0398	0.5293
1246	10	Alcremie-Love-Matcha-Cream	1	0.6562	0.3937	0.14	0.6089	0	0.6562
1246	11	Alcremie-Love-Matcha-Cream	1	0.6738	0.5264	0.0911	0.6089	0	0.6738
1246	12	Alcremie-Love-Matcha-Cream	1	0.5168	0.3648	0.0059	0.6089	0.0921	0.4247
1246	13	Alcremie-Love-Matcha-Cream	1	0.6483	0.4073	0.0866	0.6089	0	0.6483
1246	14	Alcremie-Love-Matcha-Cream	1	0.6093	0.3849	0.0638	0.6089	0	0.6093
1246	15	Alcremie-Love-Matcha-Cream	1	0.6043	0.4441	0.0662	0.6089	0.0046	0.5997
1246	16	Alcremie-Love-Matcha-Cream	1	0.5699	0.3858	0.0319	0.6089	0.039	0.5309
1246	17	Alcremie-Love-Matcha-Cream	1	0.5461	0.3543	0.0468	0.6089	0.0628	0.4833
1246	18	Alcremie-Love-Matcha-Cream	1	0.5753	0.3192	0.0709	0.6089	0.0336	0.5417
1246	19	Alcremie-Love-Matcha-Cream	1	0.6089	0.3846	0.0999	0.6089	0	0.6089
1247	7	Alcremie-Love-Mint-Cream	1	0.6173	0.3903	0.0948	0.6089	0	0.6173
1247	8	Alcremie-Love-Mint-Cream	1	0.6118	0.3482	0.0785	0.6089	0	0.6118
1247	9	Alcremie-Love-Mint-Cream	1	0.5691	0.3151	0.0475	0.6089	0.0398	0.5293
1247	10	Alcremie-Love-Mint-Cream	1	0.6562	0.3937	0.14	0.6089	0	0.6562
1247	11	Alcremie-Love-Mint-Cream	1	0.6738	0.5264	0.0911	0.6089	0	0.6738
1247	12	Alcremie-Love-Mint-Cream	1	0.5168	0.3648	0.0059	0.6089	0.0921	0.4247
1247	13	Alcremie-Love-Mint-Cream	1	0.6483	0.4073	0.0866	0.6089	0	0.6483
1247	14	Alcremie-Love-Mint-Cream	1	0.6093	0.3849	0.0638	0.6089	0	0.6093
1247	15	Alcremie-Love-Mint-Cream	1	0.6043	0.4441	0.0662	0.6089	0.0046	0.5997
1247	16	Alcremie-Love-Mint-Cream	1	0.5699	0.3858	0.0319	0.6089	0.039	0.5309
1247	17	Alcremie-Love-Mint-Cream	1	0.5461	0.3543	0.0468	0.6089	0.0628	0.4833
1247	18	Alcremie-Love-Mint-Cream	1	0.5753	0.3192	0.0709	0.6089	0.0336	0.5417
1247	19	Alcremie-Love-Mint-Cream	1	0.6089	0.3846	0.0999	0.6089	0	0.6089
1248	7	Alcremie-Love-Lemon-Cream	1	0.6173	0.3903	0.0948	0.6089	0	0.6173
1248	8	Alcremie-Love-Lemon-Cream	1	0.6118	0.3482	0.0785	0.6089	0	0.6118
1248	9	Alcremie-Love-Lemon-Cream	1	0.5691	0.3151	0.0475	0.6089	0.0398	0.5293
1248	10	Alcremie-Love-Lemon-Cream	1	0.6562	0.3937	0.14	0.6089	0	0.6562
1248	11	Alcremie-Love-Lemon-Cream	1	0.6738	0.5264	0.0911	0.6089	0	0.6738
1248	12	Alcremie-Love-Lemon-Cream	1	0.5168	0.3648	0.0059	0.6089	0.0921	0.4247
1248	13	Alcremie-Love-Lemon-Cream	1	0.6483	0.4073	0.0866	0.6089	0	0.6483
1248	14	Alcremie-Love-Lemon-Cream	1	0.6093	0.3849	0.0638	0.6089	0	0.6093
1248	15	Alcremie-Love-Lemon-Cream	1	0.6043	0.4441	0.0662	0.6089	0.0046	0.5997
1248	16	Alcremie-Love-Lemon-Cream	1	0.5699	0.3858	0.0319	0.6089	0.039	0.5309
1248	17	Alcremie-Love-Lemon-Cream	1	0.5461	0.3543	0.0468	0.6089	0.0628	0.4833
1248	18	Alcremie-Love-Lemon-Cream	1	0.5753	0.3192	0.0709	0.6089	0.0336	0.5417
1248	19	Alcremie-Love-Lemon-Cream	1	0.6089	0.3846	0.0999	0.6089	0	0.6089
1249	7	Alcremie-Love-Salted-Cream	1	0.6173	0.3903	0.0948	0.6089	0	0.6173
1249	8	Alcremie-Love-Salted-Cream	1	0.6118	0.3482	0.0785	0.6089	0	0.6118
1249	9	Alcremie-Love-Salted-Cream	1	0.5691	0.3151	0.0475	0.6089	0.0398	0.5293
1249	10	Alcremie-Love-Salted-Cream	1	0.6562	0.3937	0.14	0.6089	0	0.6562
1249	11	Alcremie-Love-Salted-Cream	1	0.6738	0.5264	0.0911	0.6089	0	0.6738
1249	12	Alcremie-Love-Salted-Cream	1	0.5168	0.3648	0.0059	0.6089	0.0921	0.4247
1249	13	Alcremie-Love-Salted-Cream	1	0.6483	0.4073	0.0866	0.6089	0	0.6483
1249	14	Alcremie-Love-Salted-Cream	1	0.6093	0.3849	0.0638	0.6089	0	0.6093
1249	15	Alcremie-Love-Salted-Cream	1	0.6043	0.4441	0.0662	0.6089	0.0046	0.5997
1249	16	Alcremie-Love-Salted-Cream	1	0.5699	0.3858	0.0319	0.6089	0.039	0.5309
1249	17	Alcremie-Love-Salted-Cream	1	0.5461	0.3543	0.0468	0.6089	0.0628	0.4833
1249	18	Alcremie-Love-Salted-Cream	1	0.5753	0.3192	0.0709	0.6089	0.0336	0.5417
1249	19	Alcremie-Love-Salted-Cream	1	0.6089	0.3846	0.0999	0.6089	0	0.6089
1250	7	Alcremie-Love-Ruby-Swirl	1	0.6173	0.3903	0.0948	0.6089	0	0.6173
1250	8	Alcremie-Love-Ruby-Swirl	1	0.6118	0.3482	0.0785	0.6089	0	0.6118
1250	9	Alcremie-Love-Ruby-Swirl	1	0.5691	0.3151	0.0475	0.6089	0.0398	0.5293
1250	10	Alcremie-Love-Ruby-Swirl	1	0.6562	0.3937	0.14	0.6089	0	0.6562
1250	11	Alcremie-Love-Ruby-Swirl	1	0.6738	0.5264	0.0911	0.6089	0	0.6738
1250	12	Alcremie-Love-Ruby-Swirl	1	0.5168	0.3648	0.0059	0.6089	0.0921	0.4247
1250	13	Alcremie-Love-Ruby-Swirl	1	0.6483	0.4073	0.0866	0.6089	0	0.6483
1250	14	Alcremie-Love-Ruby-Swirl	1	0.6093	0.3849	0.0638	0.6089	0	0.6093
1250	15	Alcremie-Love-Ruby-Swirl	1	0.6043	0.4441	0.0662	0.6089	0.0046	0.5997
1250	16	Alcremie-Love-Ruby-Swirl	1	0.5699	0.3858	0.0319	0.6089	0.039	0.5309
1250	17	Alcremie-Love-Ruby-Swirl	1	0.5461	0.3543	0.0468	0.6089	0.0628	0.4833
1250	18	Alcremie-Love-Ruby-Swirl	1	0.5753	0.3192	0.0709	0.6089	0.0336	0.5417
1250	19	Alcremie-Love-Ruby-Swirl	1	0.6089	0.3846	0.0999	0.6089	0	0.6089
1251	7	Alcremie-Love-Caramel-Swirl	1	0.6173	0.3903	0.0948	0.6089	0	0.6173
1251	8	Alcremie-Love-Caramel-Swirl	1	0.6118	0.3482	0.0785	0.6089	0	0.6118
1251	9	Alcremie-Love-Caramel-Swirl	1	0.5691	0.3151	0.0475	0.6089	0.0398	0.5293
1251	10	Alcremie-Love-Caramel-Swirl	1	0.6562	0.3937	0.14	0.6089	0	0.6562
1251	11	Alcremie-Love-Caramel-Swirl	1	0.6738	0.5264	0.0911	0.6089	0	0.6738
1251	12	Alcremie-Love-Caramel-Swirl	1	0.5168	0.3648	0.0059	0.6089	0.0921	0.4247
1251	13	Alcremie-Love-Caramel-Swirl	1	0.6483	0.4073	0.0866	0.6089	0	0.6483
1251	14	Alcremie-Love-Caramel-Swirl	1	0.6093	0.3849	0.0638	0.6089	0	0.6093
1251	15	Alcremie-Love-Caramel-Swirl	1	0.6043	0.4441	0.0662	0.6089	0.0046	0.5997
1251	16	Alcremie-Love-Caramel-Swirl	1	0.5699	0.3858	0.0319	0.6089	0.039	0.5309
1251	17	Alcremie-Love-Caramel-Swirl	1	0.5461	0.3543	0.0468	0.6089	0.0628	0.4833
1251	18	Alcremie-Love-Caramel-Swirl	1	0.5753	0.3192	0.0709	0.6089	0.0336	0.5417
1251	19	Alcremie-Love-Caramel-Swirl	1	0.6089	0.3846	0.0999	0.6089	0	0.6089
1252	7	Alcremie-Love-Rainbow-Swirl	1	0.6173	0.3903	0.0948	0.6089	0	0.6173
1252	8	Alcremie-Love-Rainbow-Swirl	1	0.6118	0.3482	0.0785	0.6089	0	0.6118
1252	9	Alcremie-Love-Rainbow-Swirl	1	0.5691	0.3151	0.0475	0.6089	0.0398	0.5293
1252	10	Alcremie-Love-Rainbow-Swirl	1	0.6562	0.3937	0.14	0.6089	0	0.6562
1252	11	Alcremie-Love-Rainbow-Swirl	1	0.6738	0.5264	0.0911	0.6089	0	0.6738
1252	12	Alcremie-Love-Rainbow-Swirl	1	0.5168	0.3648	0.0059	0.6089	0.0921	0.4247
1252	13	Alcremie-Love-Rainbow-Swirl	1	0.6483	0.4073	0.0866	0.6089	0	0.6483
1252	14	Alcremie-Love-Rainbow-Swirl	1	0.6093	0.3849	0.0638	0.6089	0	0.6093
1252	15	Alcremie-Love-Rainbow-Swirl	1	0.6043	0.4441	0.0662	0.6089	0.0046	0.5997
1252	16	Alcremie-Love-Rainbow-Swirl	1	0.5699	0.3858	0.0319	0.6089	0.039	0.5309
1252	17	Alcremie-Love-Rainbow-Swirl	1	0.5461	0.3543	0.0468	0.6089	0.0628	0.4833
1252	18	Alcremie-Love-Rainbow-Swirl	1	0.5753	0.3192	0.0709	0.6089	0.0336	0.5417
1252	19	Alcremie-Love-Rainbow-Swirl	1	0.6089	0.3846	0.0999	0.6089	0	0.6089
1253	7	Alcremie-Star-Vanilla-Cream	1	0.6173	0.3903	0.0948	0.6089	0	0.6173
1253	8	Alcremie-Star-Vanilla-Cream	1	0.6118	0.3482	0.0785	0.6089	0	0.6118
1253	9	Alcremie-Star-Vanilla-Cream	1	0.5691	0.3151	0.0475	0.6089	0.0398	0.5293
1253	10	Alcremie-Star-Vanilla-Cream	1	0.6562	0.3937	0.14	0.6089	0	0.6562
1253	11	Alcremie-Star-Vanilla-Cream	1	0.6738	0.5264	0.0911	0.6089	0	0.6738
1253	12	Alcremie-Star-Vanilla-Cream	1	0.5168	0.3648	0.0059	0.6089	0.0921	0.4247
1253	13	Alcremie-Star-Vanilla-Cream	1	0.6483	0.4073	0.0866	0.6089	0	0.6483
1253	14	Alcremie-Star-Vanilla-Cream	1	0.6093	0.3849	0.0638	0.6089	0	0.6093
1253	15	Alcremie-Star-Vanilla-Cream	1	0.6043	0.4441	0.0662	0.6089	0.0046	0.5997
1253	16	Alcremie-Star-Vanilla-Cream	1	0.5699	0.3858	0.0319	0.6089	0.039	0.5309
1253	17	Alcremie-Star-Vanilla-Cream	1	0.5461	0.3543	0.0468	0.6089	0.0628	0.4833
1253	18	Alcremie-Star-Vanilla-Cream	1	0.5753	0.3192	0.0709	0.6089	0.0336	0.5417
1253	19	Alcremie-Star-Vanilla-Cream	1	0.6089	0.3846	0.0999	0.6089	0	0.6089
1254	7	Alcremie-Star-Ruby-Cream	1	0.6173	0.3903	0.0948	0.6089	0	0.6173
1254	8	Alcremie-Star-Ruby-Cream	1	0.6118	0.3482	0.0785	0.6089	0	0.6118
1254	9	Alcremie-Star-Ruby-Cream	1	0.5691	0.3151	0.0475	0.6089	0.0398	0.5293
1254	10	Alcremie-Star-Ruby-Cream	1	0.6562	0.3937	0.14	0.6089	0	0.6562
1254	11	Alcremie-Star-Ruby-Cream	1	0.6738	0.5264	0.0911	0.6089	0	0.6738
1254	12	Alcremie-Star-Ruby-Cream	1	0.5168	0.3648	0.0059	0.6089	0.0921	0.4247
1254	13	Alcremie-Star-Ruby-Cream	1	0.6483	0.4073	0.0866	0.6089	0	0.6483
1254	14	Alcremie-Star-Ruby-Cream	1	0.6093	0.3849	0.0638	0.6089	0	0.6093
1254	15	Alcremie-Star-Ruby-Cream	1	0.6043	0.4441	0.0662	0.6089	0.0046	0.5997
1254	16	Alcremie-Star-Ruby-Cream	1	0.5699	0.3858	0.0319	0.6089	0.039	0.5309
1254	17	Alcremie-Star-Ruby-Cream	1	0.5461	0.3543	0.0468	0.6089	0.0628	0.4833
1254	18	Alcremie-Star-Ruby-Cream	1	0.5753	0.3192	0.0709	0.6089	0.0336	0.5417
1254	19	Alcremie-Star-Ruby-Cream	1	0.6089	0.3846	0.0999	0.6089	0	0.6089
1255	7	Alcremie-Star-Matcha-Cream	1	0.6173	0.3903	0.0948	0.6089	0	0.6173
1255	8	Alcremie-Star-Matcha-Cream	1	0.6118	0.3482	0.0785	0.6089	0	0.6118
1255	9	Alcremie-Star-Matcha-Cream	1	0.5691	0.3151	0.0475	0.6089	0.0398	0.5293
1255	10	Alcremie-Star-Matcha-Cream	1	0.6562	0.3937	0.14	0.6089	0	0.6562
1255	11	Alcremie-Star-Matcha-Cream	1	0.6738	0.5264	0.0911	0.6089	0	0.6738
1255	12	Alcremie-Star-Matcha-Cream	1	0.5168	0.3648	0.0059	0.6089	0.0921	0.4247
1255	13	Alcremie-Star-Matcha-Cream	1	0.6483	0.4073	0.0866	0.6089	0	0.6483
1255	14	Alcremie-Star-Matcha-Cream	1	0.6093	0.3849	0.0638	0.6089	0	0.6093
1255	15	Alcremie-Star-Matcha-Cream	1	0.6043	0.4441	0.0662	0.6089	0.0046	0.5997
1255	16	Alcremie-Star-Matcha-Cream	1	0.5699	0.3858	0.0319	0.6089	0.039	0.5309
1255	17	Alcremie-Star-Matcha-Cream	1	0.5461	0.3543	0.0468	0.6089	0.0628	0.4833
1255	18	Alcremie-Star-Matcha-Cream	1	0.5753	0.3192	0.0709	0.6089	0.0336	0.5417
1255	19	Alcremie-Star-Matcha-Cream	1	0.6089	0.3846	0.0999	0.6089	0	0.6089
1256	7	Alcremie-Star-Mint-Cream	1	0.6173	0.3903	0.0948	0.6089	0	0.6173
1256	8	Alcremie-Star-Mint-Cream	1	0.6118	0.3482	0.0785	0.6089	0	0.6118
1256	9	Alcremie-Star-Mint-Cream	1	0.5691	0.3151	0.0475	0.6089	0.0398	0.5293
1256	10	Alcremie-Star-Mint-Cream	1	0.6562	0.3937	0.14	0.6089	0	0.6562
1256	11	Alcremie-Star-Mint-Cream	1	0.6738	0.5264	0.0911	0.6089	0	0.6738
1256	12	Alcremie-Star-Mint-Cream	1	0.5168	0.3648	0.0059	0.6089	0.0921	0.4247
1256	13	Alcremie-Star-Mint-Cream	1	0.6483	0.4073	0.0866	0.6089	0	0.6483
1256	14	Alcremie-Star-Mint-Cream	1	0.6093	0.3849	0.0638	0.6089	0	0.6093
1256	15	Alcremie-Star-Mint-Cream	1	0.6043	0.4441	0.0662	0.6089	0.0046	0.5997
1256	16	Alcremie-Star-Mint-Cream	1	0.5699	0.3858	0.0319	0.6089	0.039	0.5309
1256	17	Alcremie-Star-Mint-Cream	1	0.5461	0.3543	0.0468	0.6089	0.0628	0.4833
1256	18	Alcremie-Star-Mint-Cream	1	0.5753	0.3192	0.0709	0.6089	0.0336	0.5417
1256	19	Alcremie-Star-Mint-Cream	1	0.6089	0.3846	0.0999	0.6089	0	0.6089
1257	7	Alcremie-Star-Lemon-Cream	1	0.6173	0.3903	0.0948	0.6089	0	0.6173
1257	8	Alcremie-Star-Lemon-Cream	1	0.6118	0.3482	0.0785	0.6089	0	0.6118
1257	9	Alcremie-Star-Lemon-Cream	1	0.5691	0.3151	0.0475	0.6089	0.0398	0.5293
1257	10	Alcremie-Star-Lemon-Cream	1	0.6562	0.3937	0.14	0.6089	0	0.6562
1257	11	Alcremie-Star-Lemon-Cream	1	0.6738	0.5264	0.0911	0.6089	0	0.6738
1257	12	Alcremie-Star-Lemon-Cream	1	0.5168	0.3648	0.0059	0.6089	0.0921	0.4247
1257	13	Alcremie-Star-Lemon-Cream	1	0.6483	0.4073	0.0866	0.6089	0	0.6483
1257	14	Alcremie-Star-Lemon-Cream	1	0.6093	0.3849	0.0638	0.6089	0	0.6093
1257	15	Alcremie-Star-Lemon-Cream	1	0.6043	0.4441	0.0662	0.6089	0.0046	0.5997
1257	16	Alcremie-Star-Lemon-Cream	1	0.5699	0.3858	0.0319	0.6089	0.039	0.5309
1257	17	Alcremie-Star-Lemon-Cream	1	0.5461	0.3543	0.0468	0.6089	0.0628	0.4833
1257	18	Alcremie-Star-Lemon-Cream	1	0.5753	0.3192	0.0709	0.6089	0.0336	0.5417
1257	19	Alcremie-Star-Lemon-Cream	1	0.6089	0.3846	0.0999	0.6089	0	0.6089
1258	7	Alcremie-Star-Salted-Cream	1	0.6173	0.3903	0.0948	0.6089	0	0.6173
1258	8	Alcremie-Star-Salted-Cream	1	0.6118	0.3482	0.0785	0.6089	0	0.6118
1258	9	Alcremie-Star-Salted-Cream	1	0.5691	0.3151	0.0475	0.6089	0.0398	0.5293
1258	10	Alcremie-Star-Salted-Cream	1	0.6562	0.3937	0.14	0.6089	0	0.6562
1258	11	Alcremie-Star-Salted-Cream	1	0.6738	0.5264	0.0911	0.6089	0	0.6738
1258	12	Alcremie-Star-Salted-Cream	1	0.5168	0.3648	0.0059	0.6089	0.0921	0.4247
1258	13	Alcremie-Star-Salted-Cream	1	0.6483	0.4073	0.0866	0.6089	0	0.6483
1258	14	Alcremie-Star-Salted-Cream	1	0.6093	0.3849	0.0638	0.6089	0	0.6093
1258	15	Alcremie-Star-Salted-Cream	1	0.6043	0.4441	0.0662	0.6089	0.0046	0.5997
1258	16	Alcremie-Star-Salted-Cream	1	0.5699	0.3858	0.0319	0.6089	0.039	0.5309
1258	17	Alcremie-Star-Salted-Cream	1	0.5461	0.3543	0.0468	0.6089	0.0628	0.4833
1258	18	Alcremie-Star-Salted-Cream	1	0.5753	0.3192	0.0709	0.6089	0.0336	0.5417
1258	19	Alcremie-Star-Salted-Cream	1	0.6089	0.3846	0.0999	0.6089	0	0.6089
1259	7	Alcremie-Star-Ruby-Swirl	1	0.6173	0.3903	0.0948	0.6089	0	0.6173
1259	8	Alcremie-Star-Ruby-Swirl	1	0.6118	0.3482	0.0785	0.6089	0	0.6118
1259	9	Alcremie-Star-Ruby-Swirl	1	0.5691	0.3151	0.0475	0.6089	0.0398	0.5293
1259	10	Alcremie-Star-Ruby-Swirl	1	0.6562	0.3937	0.14	0.6089	0	0.6562
1259	11	Alcremie-Star-Ruby-Swirl	1	0.6738	0.5264	0.0911	0.6089	0	0.6738
1259	12	Alcremie-Star-Ruby-Swirl	1	0.5168	0.3648	0.0059	0.6089	0.0921	0.4247
1259	13	Alcremie-Star-Ruby-Swirl	1	0.6483	0.4073	0.0866	0.6089	0	0.6483
1259	14	Alcremie-Star-Ruby-Swirl	1	0.6093	0.3849	0.0638	0.6089	0	0.6093
1259	15	Alcremie-Star-Ruby-Swirl	1	0.6043	0.4441	0.0662	0.6089	0.0046	0.5997
1259	16	Alcremie-Star-Ruby-Swirl	1	0.5699	0.3858	0.0319	0.6089	0.039	0.5309
1259	17	Alcremie-Star-Ruby-Swirl	1	0.5461	0.3543	0.0468	0.6089	0.0628	0.4833
1259	18	Alcremie-Star-Ruby-Swirl	1	0.5753	0.3192	0.0709	0.6089	0.0336	0.5417
1259	19	Alcremie-Star-Ruby-Swirl	1	0.6089	0.3846	0.0999	0.6089	0	0.6089
1260	7	Alcremie-Star-Caramel-Swirl	1	0.6173	0.3903	0.0948	0.6089	0	0.6173
1260	8	Alcremie-Star-Caramel-Swirl	1	0.6118	0.3482	0.0785	0.6089	0	0.6118
1260	9	Alcremie-Star-Caramel-Swirl	1	0.5691	0.3151	0.0475	0.6089	0.0398	0.5293
1260	10	Alcremie-Star-Caramel-Swirl	1	0.6562	0.3937	0.14	0.6089	0	0.6562
1260	11	Alcremie-Star-Caramel-Swirl	1	0.6738	0.5264	0.0911	0.6089	0	0.6738
1260	12	Alcremie-Star-Caramel-Swirl	1	0.5168	0.3648	0.0059	0.6089	0.0921	0.4247
1260	13	Alcremie-Star-Caramel-Swirl	1	0.6483	0.4073	0.0866	0.6089	0	0.6483
1260	14	Alcremie-Star-Caramel-Swirl	1	0.6093	0.3849	0.0638	0.6089	0	0.6093
1260	15	Alcremie-Star-Caramel-Swirl	1	0.6043	0.4441	0.0662	0.6089	0.0046	0.5997
1260	16	Alcremie-Star-Caramel-Swirl	1	0.5699	0.3858	0.0319	0.6089	0.039	0.5309
1260	17	Alcremie-Star-Caramel-Swirl	1	0.5461	0.3543	0.0468	0.6089	0.0628	0.4833
1260	18	Alcremie-Star-Caramel-Swirl	1	0.5753	0.3192	0.0709	0.6089	0.0336	0.5417
1260	19	Alcremie-Star-Caramel-Swirl	1	0.6089	0.3846	0.0999	0.6089	0	0.6089
1261	7	Alcremie-Star-Rainbow-Swirl	1	0.6173	0.3903	0.0948	0.6089	0	0.6173
1261	8	Alcremie-Star-Rainbow-Swirl	1	0.6118	0.3482	0.0785	0.6089	0	0.6118
1261	9	Alcremie-Star-Rainbow-Swirl	1	0.5691	0.3151	0.0475	0.6089	0.0398	0.5293
1261	10	Alcremie-Star-Rainbow-Swirl	1	0.6562	0.3937	0.14	0.6089	0	0.6562
1261	11	Alcremie-Star-Rainbow-Swirl	1	0.6738	0.5264	0.0911	0.6089	0	0.6738
1261	12	Alcremie-Star-Rainbow-Swirl	1	0.5168	0.3648	0.0059	0.6089	0.0921	0.4247
1261	13	Alcremie-Star-Rainbow-Swirl	1	0.6483	0.4073	0.0866	0.6089	0	0.6483
1261	14	Alcremie-Star-Rainbow-Swirl	1	0.6093	0.3849	0.0638	0.6089	0	0.6093
1261	15	Alcremie-Star-Rainbow-Swirl	1	0.6043	0.4441	0.0662	0.6089	0.0046	0.5997
1261	16	Alcremie-Star-Rainbow-Swirl	1	0.5699	0.3858	0.0319	0.6089	0.039	0.5309
1261	17	Alcremie-Star-Rainbow-Swirl	1	0.5461	0.3543	0.0468	0.6089	0.0628	0.4833
1261	18	Alcremie-Star-Rainbow-Swirl	1	0.5753	0.3192	0.0709	0.6089	0.0336	0.5417
1261	19	Alcremie-Star-Rainbow-Swirl	1	0.6089	0.3846	0.0999	0.6089	0	0.6089
1262	7	Alcremie-Clover-Vanilla-Cream	1	0.6173	0.3903	0.0948	0.6089	0	0.6173
1262	8	Alcremie-Clover-Vanilla-Cream	1	0.6118	0.3482	0.0785	0.6089	0	0.6118
1262	9	Alcremie-Clover-Vanilla-Cream	1	0.5691	0.3151	0.0475	0.6089	0.0398	0.5293
1262	10	Alcremie-Clover-Vanilla-Cream	1	0.6562	0.3937	0.14	0.6089	0	0.6562
1262	11	Alcremie-Clover-Vanilla-Cream	1	0.6738	0.5264	0.0911	0.6089	0	0.6738
1262	12	Alcremie-Clover-Vanilla-Cream	1	0.5168	0.3648	0.0059	0.6089	0.0921	0.4247
1262	13	Alcremie-Clover-Vanilla-Cream	1	0.6483	0.4073	0.0866	0.6089	0	0.6483
1262	14	Alcremie-Clover-Vanilla-Cream	1	0.6093	0.3849	0.0638	0.6089	0	0.6093
1262	15	Alcremie-Clover-Vanilla-Cream	1	0.6043	0.4441	0.0662	0.6089	0.0046	0.5997
1262	16	Alcremie-Clover-Vanilla-Cream	1	0.5699	0.3858	0.0319	0.6089	0.039	0.5309
1262	17	Alcremie-Clover-Vanilla-Cream	1	0.5461	0.3543	0.0468	0.6089	0.0628	0.4833
1262	18	Alcremie-Clover-Vanilla-Cream	1	0.5753	0.3192	0.0709	0.6089	0.0336	0.5417
1262	19	Alcremie-Clover-Vanilla-Cream	1	0.6089	0.3846	0.0999	0.6089	0	0.6089
1263	7	Alcremie-Clover-Ruby-Cream	1	0.6173	0.3903	0.0948	0.6089	0	0.6173
1263	8	Alcremie-Clover-Ruby-Cream	1	0.6118	0.3482	0.0785	0.6089	0	0.6118
1263	9	Alcremie-Clover-Ruby-Cream	1	0.5691	0.3151	0.0475	0.6089	0.0398	0.5293
1263	10	Alcremie-Clover-Ruby-Cream	1	0.6562	0.3937	0.14	0.6089	0	0.6562
1263	11	Alcremie-Clover-Ruby-Cream	1	0.6738	0.5264	0.0911	0.6089	0	0.6738
1263	12	Alcremie-Clover-Ruby-Cream	1	0.5168	0.3648	0.0059	0.6089	0.0921	0.4247
1263	13	Alcremie-Clover-Ruby-Cream	1	0.6483	0.4073	0.0866	0.6089	0	0.6483
1263	14	Alcremie-Clover-Ruby-Cream	1	0.6093	0.3849	0.0638	0.6089	0	0.6093
1263	15	Alcremie-Clover-Ruby-Cream	1	0.6043	0.4441	0.0662	0.6089	0.0046	0.5997
1263	16	Alcremie-Clover-Ruby-Cream	1	0.5699	0.3858	0.0319	0.6089	0.039	0.5309
1263	17	Alcremie-Clover-Ruby-Cream	1	0.5461	0.3543	0.0468	0.6089	0.0628	0.4833
1263	18	Alcremie-Clover-Ruby-Cream	1	0.5753	0.3192	0.0709	0.6089	0.0336	0.5417
1263	19	Alcremie-Clover-Ruby-Cream	1	0.6089	0.3846	0.0999	0.6089	0	0.6089
1264	7	Alcremie-Clover-Matcha-Cream	1	0.6173	0.3903	0.0948	0.6089	0	0.6173
1264	8	Alcremie-Clover-Matcha-Cream	1	0.6118	0.3482	0.0785	0.6089	0	0.6118
1264	9	Alcremie-Clover-Matcha-Cream	1	0.5691	0.3151	0.0475	0.6089	0.0398	0.5293
1264	10	Alcremie-Clover-Matcha-Cream	1	0.6562	0.3937	0.14	0.6089	0	0.6562
1264	11	Alcremie-Clover-Matcha-Cream	1	0.6738	0.5264	0.0911	0.6089	0	0.6738
1264	12	Alcremie-Clover-Matcha-Cream	1	0.5168	0.3648	0.0059	0.6089	0.0921	0.4247
1264	13	Alcremie-Clover-Matcha-Cream	1	0.6483	0.4073	0.0866	0.6089	0	0.6483
1264	14	Alcremie-Clover-Matcha-Cream	1	0.6093	0.3849	0.0638	0.6089	0	0.6093
1264	15	Alcremie-Clover-Matcha-Cream	1	0.6043	0.4441	0.0662	0.6089	0.0046	0.5997
1264	16	Alcremie-Clover-Matcha-Cream	1	0.5699	0.3858	0.0319	0.6089	0.039	0.5309
1264	17	Alcremie-Clover-Matcha-Cream	1	0.5461	0.3543	0.0468	0.6089	0.0628	0.4833
1264	18	Alcremie-Clover-Matcha-Cream	1	0.5753	0.3192	0.0709	0.6089	0.0336	0.5417
1264	19	Alcremie-Clover-Matcha-Cream	1	0.6089	0.3846	0.0999	0.6089	0	0.6089
1265	7	Alcremie-Clover-Mint-Cream	1	0.6173	0.3903	0.0948	0.6089	0	0.6173
1265	8	Alcremie-Clover-Mint-Cream	1	0.6118	0.3482	0.0785	0.6089	0	0.6118
1265	9	Alcremie-Clover-Mint-Cream	1	0.5691	0.3151	0.0475	0.6089	0.0398	0.5293
1265	10	Alcremie-Clover-Mint-Cream	1	0.6562	0.3937	0.14	0.6089	0	0.6562
1265	11	Alcremie-Clover-Mint-Cream	1	0.6738	0.5264	0.0911	0.6089	0	0.6738
1265	12	Alcremie-Clover-Mint-Cream	1	0.5168	0.3648	0.0059	0.6089	0.0921	0.4247
1265	13	Alcremie-Clover-Mint-Cream	1	0.6483	0.4073	0.0866	0.6089	0	0.6483
1265	14	Alcremie-Clover-Mint-Cream	1	0.6093	0.3849	0.0638	0.6089	0	0.6093
1265	15	Alcremie-Clover-Mint-Cream	1	0.6043	0.4441	0.0662	0.6089	0.0046	0.5997
1265	16	Alcremie-Clover-Mint-Cream	1	0.5699	0.3858	0.0319	0.6089	0.039	0.5309
1265	17	Alcremie-Clover-Mint-Cream	1	0.5461	0.3543	0.0468	0.6089	0.0628	0.4833
1265	18	Alcremie-Clover-Mint-Cream	1	0.5753	0.3192	0.0709	0.6089	0.0336	0.5417
1265	19	Alcremie-Clover-Mint-Cream	1	0.6089	0.3846	0.0999	0.6089	0	0.6089
1266	7	Alcremie-Clover-Lemon-Cream	1	0.6173	0.3903	0.0948	0.6089	0	0.6173
1266	8	Alcremie-Clover-Lemon-Cream	1	0.6118	0.3482	0.0785	0.6089	0	0.6118
1266	9	Alcremie-Clover-Lemon-Cream	1	0.5691	0.3151	0.0475	0.6089	0.0398	0.5293
1266	10	Alcremie-Clover-Lemon-Cream	1	0.6562	0.3937	0.14	0.6089	0	0.6562
1266	11	Alcremie-Clover-Lemon-Cream	1	0.6738	0.5264	0.0911	0.6089	0	0.6738
1266	12	Alcremie-Clover-Lemon-Cream	1	0.5168	0.3648	0.0059	0.6089	0.0921	0.4247
1266	13	Alcremie-Clover-Lemon-Cream	1	0.6483	0.4073	0.0866	0.6089	0	0.6483
1266	14	Alcremie-Clover-Lemon-Cream	1	0.6093	0.3849	0.0638	0.6089	0	0.6093
1266	15	Alcremie-Clover-Lemon-Cream	1	0.6043	0.4441	0.0662	0.6089	0.0046	0.5997
1266	16	Alcremie-Clover-Lemon-Cream	1	0.5699	0.3858	0.0319	0.6089	0.039	0.5309
1266	17	Alcremie-Clover-Lemon-Cream	1	0.5461	0.3543	0.0468	0.6089	0.0628	0.4833
1266	18	Alcremie-Clover-Lemon-Cream	1	0.5753	0.3192	0.0709	0.6089	0.0336	0.5417
1266	19	Alcremie-Clover-Lemon-Cream	1	0.6089	0.3846	0.0999	0.6089	0	0.6089
1267	7	Alcremie-Clover-Salted-Cream	1	0.6173	0.3903	0.0948	0.6089	0	0.6173
1267	8	Alcremie-Clover-Salted-Cream	1	0.6118	0.3482	0.0785	0.6089	0	0.6118
1267	9	Alcremie-Clover-Salted-Cream	1	0.5691	0.3151	0.0475	0.6089	0.0398	0.5293
1267	10	Alcremie-Clover-Salted-Cream	1	0.6562	0.3937	0.14	0.6089	0	0.6562
1267	11	Alcremie-Clover-Salted-Cream	1	0.6738	0.5264	0.0911	0.6089	0	0.6738
1267	12	Alcremie-Clover-Salted-Cream	1	0.5168	0.3648	0.0059	0.6089	0.0921	0.4247
1267	13	Alcremie-Clover-Salted-Cream	1	0.6483	0.4073	0.0866	0.6089	0	0.6483
1267	14	Alcremie-Clover-Salted-Cream	1	0.6093	0.3849	0.0638	0.6089	0	0.6093
1267	15	Alcremie-Clover-Salted-Cream	1	0.6043	0.4441	0.0662	0.6089	0.0046	0.5997
1267	16	Alcremie-Clover-Salted-Cream	1	0.5699	0.3858	0.0319	0.6089	0.039	0.5309
1267	17	Alcremie-Clover-Salted-Cream	1	0.5461	0.3543	0.0468	0.6089	0.0628	0.4833
1267	18	Alcremie-Clover-Salted-Cream	1	0.5753	0.3192	0.0709	0.6089	0.0336	0.5417
1267	19	Alcremie-Clover-Salted-Cream	1	0.6089	0.3846	0.0999	0.6089	0	0.6089
1268	7	Alcremie-Clover-Ruby-Swirl	1	0.6173	0.3903	0.0948	0.6089	0	0.6173
1268	8	Alcremie-Clover-Ruby-Swirl	1	0.6118	0.3482	0.0785	0.6089	0	0.6118
1268	9	Alcremie-Clover-Ruby-Swirl	1	0.5691	0.3151	0.0475	0.6089	0.0398	0.5293
1268	10	Alcremie-Clover-Ruby-Swirl	1	0.6562	0.3937	0.14	0.6089	0	0.6562
1268	11	Alcremie-Clover-Ruby-Swirl	1	0.6738	0.5264	0.0911	0.6089	0	0.6738
1268	12	Alcremie-Clover-Ruby-Swirl	1	0.5168	0.3648	0.0059	0.6089	0.0921	0.4247
1268	13	Alcremie-Clover-Ruby-Swirl	1	0.6483	0.4073	0.0866	0.6089	0	0.6483
1268	14	Alcremie-Clover-Ruby-Swirl	1	0.6093	0.3849	0.0638	0.6089	0	0.6093
1268	15	Alcremie-Clover-Ruby-Swirl	1	0.6043	0.4441	0.0662	0.6089	0.0046	0.5997
1268	16	Alcremie-Clover-Ruby-Swirl	1	0.5699	0.3858	0.0319	0.6089	0.039	0.5309
1268	17	Alcremie-Clover-Ruby-Swirl	1	0.5461	0.3543	0.0468	0.6089	0.0628	0.4833
1268	18	Alcremie-Clover-Ruby-Swirl	1	0.5753	0.3192	0.0709	0.6089	0.0336	0.5417
1268	19	Alcremie-Clover-Ruby-Swirl	1	0.6089	0.3846	0.0999	0.6089	0	0.6089
1269	7	Alcremie-Clover-Caramel-Swirl	1	0.6173	0.3903	0.0948	0.6089	0	0.6173
1269	8	Alcremie-Clover-Caramel-Swirl	1	0.6118	0.3482	0.0785	0.6089	0	0.6118
1269	9	Alcremie-Clover-Caramel-Swirl	1	0.5691	0.3151	0.0475	0.6089	0.0398	0.5293
1269	10	Alcremie-Clover-Caramel-Swirl	1	0.6562	0.3937	0.14	0.6089	0	0.6562
1269	11	Alcremie-Clover-Caramel-Swirl	1	0.6738	0.5264	0.0911	0.6089	0	0.6738
1269	12	Alcremie-Clover-Caramel-Swirl	1	0.5168	0.3648	0.0059	0.6089	0.0921	0.4247
1269	13	Alcremie-Clover-Caramel-Swirl	1	0.6483	0.4073	0.0866	0.6089	0	0.6483
1269	14	Alcremie-Clover-Caramel-Swirl	1	0.6093	0.3849	0.0638	0.6089	0	0.6093
1269	15	Alcremie-Clover-Caramel-Swirl	1	0.6043	0.4441	0.0662	0.6089	0.0046	0.5997
1269	16	Alcremie-Clover-Caramel-Swirl	1	0.5699	0.3858	0.0319	0.6089	0.039	0.5309
1269	17	Alcremie-Clover-Caramel-Swirl	1	0.5461	0.3543	0.0468	0.6089	0.0628	0.4833
1269	18	Alcremie-Clover-Caramel-Swirl	1	0.5753	0.3192	0.0709	0.6089	0.0336	0.5417
1269	19	Alcremie-Clover-Caramel-Swirl	1	0.6089	0.3846	0.0999	0.6089	0	0.6089
127	2	Pinsir	1	0.5682	0.4059	0.0816	0.5746	0.0064	0.5618
127	3	Pinsir	1	0.5668	0.4104	0.086	0.5746	0.0079	0.5589
127	4	Pinsir	1	0.5859	0.4254	0.0678	0.5746	0	0.5859
127	5	Pinsir	1	0.5811	0.4312	0.0187	0.5746	0	0.5811
127	6	Pinsir	1	0.6023	0.3355	0.1118	0.5746	0	0.6023
127	7	Pinsir	1	0.5594	0.3016	0.0358	0.5746	0.0152	0.5442
127	8	Pinsir	1	0.4701	0.2694	-0.0289	0.5746	0.1045	0.3656
127	9	Pinsir	1	0.5851	0.3894	0.0613	0.5746	0	0.5851
127	10	Pinsir	1	0.6871	0.402	0.172	0.5746	0	0.6871
127	11	Pinsir	1	0.6011	0.4396	0.0737	0.5746	0	0.6011
127	12	Pinsir	1	0.5106	0.3532	0.024	0.5746	0.064	0.4466
127	13	Pinsir	1	0.5928	0.3736	0.0801	0.5746	0	0.5928
127	14	Pinsir	1	0.623	0.3778	0.0988	0.5746	0	0.623
127	15	Pinsir	1	0.6149	0.4608	0.0799	0.5746	0	0.6149
127	16	Pinsir	1	0.5397	0.3422	0.0395	0.5746	0.035	0.5047
127	17	Pinsir	1	0.5451	0.3324	0.031	0.5746	0.0295	0.5156
127	18	Pinsir	1	0.5213	0.3155	0.041	0.5746	0.0534	0.4679
127	19	Pinsir	1	0.5527	0.3285	0.056	0.5746	0.022	0.5307
1270	7	Alcremie-Clover-Rainbow-Swirl	1	0.6173	0.3903	0.0948	0.6089	0	0.6173
1270	8	Alcremie-Clover-Rainbow-Swirl	1	0.6118	0.3482	0.0785	0.6089	0	0.6118
1270	9	Alcremie-Clover-Rainbow-Swirl	1	0.5691	0.3151	0.0475	0.6089	0.0398	0.5293
1270	10	Alcremie-Clover-Rainbow-Swirl	1	0.6562	0.3937	0.14	0.6089	0	0.6562
1270	11	Alcremie-Clover-Rainbow-Swirl	1	0.6738	0.5264	0.0911	0.6089	0	0.6738
1270	12	Alcremie-Clover-Rainbow-Swirl	1	0.5168	0.3648	0.0059	0.6089	0.0921	0.4247
1270	13	Alcremie-Clover-Rainbow-Swirl	1	0.6483	0.4073	0.0866	0.6089	0	0.6483
1270	14	Alcremie-Clover-Rainbow-Swirl	1	0.6093	0.3849	0.0638	0.6089	0	0.6093
1270	15	Alcremie-Clover-Rainbow-Swirl	1	0.6043	0.4441	0.0662	0.6089	0.0046	0.5997
1270	16	Alcremie-Clover-Rainbow-Swirl	1	0.5699	0.3858	0.0319	0.6089	0.039	0.5309
1270	17	Alcremie-Clover-Rainbow-Swirl	1	0.5461	0.3543	0.0468	0.6089	0.0628	0.4833
1270	18	Alcremie-Clover-Rainbow-Swirl	1	0.5753	0.3192	0.0709	0.6089	0.0336	0.5417
1270	19	Alcremie-Clover-Rainbow-Swirl	1	0.6089	0.3846	0.0999	0.6089	0	0.6089
1271	7	Alcremie-Vanilla-Cream	1	0.6173	0.3903	0.0948	0.6089	0	0.6173
1271	8	Alcremie-Vanilla-Cream	1	0.6118	0.3482	0.0785	0.6089	0	0.6118
1271	9	Alcremie-Vanilla-Cream	1	0.5691	0.3151	0.0475	0.6089	0.0398	0.5293
1271	10	Alcremie-Vanilla-Cream	1	0.6562	0.3937	0.14	0.6089	0	0.6562
1271	11	Alcremie-Vanilla-Cream	1	0.6738	0.5264	0.0911	0.6089	0	0.6738
1271	12	Alcremie-Vanilla-Cream	1	0.5168	0.3648	0.0059	0.6089	0.0921	0.4247
1271	13	Alcremie-Vanilla-Cream	1	0.6483	0.4073	0.0866	0.6089	0	0.6483
1271	14	Alcremie-Vanilla-Cream	1	0.6093	0.3849	0.0638	0.6089	0	0.6093
1271	15	Alcremie-Vanilla-Cream	1	0.6043	0.4441	0.0662	0.6089	0.0046	0.5997
1271	16	Alcremie-Vanilla-Cream	1	0.5699	0.3858	0.0319	0.6089	0.039	0.5309
1271	17	Alcremie-Vanilla-Cream	1	0.5461	0.3543	0.0468	0.6089	0.0628	0.4833
1271	18	Alcremie-Vanilla-Cream	1	0.5753	0.3192	0.0709	0.6089	0.0336	0.5417
1271	19	Alcremie-Vanilla-Cream	1	0.6089	0.3846	0.0999	0.6089	0	0.6089
1272	7	Alcremie-Ruby-Cream	1	0.6173	0.3903	0.0948	0.6089	0	0.6173
1272	8	Alcremie-Ruby-Cream	1	0.6118	0.3482	0.0785	0.6089	0	0.6118
1272	9	Alcremie-Ruby-Cream	1	0.5691	0.3151	0.0475	0.6089	0.0398	0.5293
1272	10	Alcremie-Ruby-Cream	1	0.6562	0.3937	0.14	0.6089	0	0.6562
1272	11	Alcremie-Ruby-Cream	1	0.6738	0.5264	0.0911	0.6089	0	0.6738
1272	12	Alcremie-Ruby-Cream	1	0.5168	0.3648	0.0059	0.6089	0.0921	0.4247
1272	13	Alcremie-Ruby-Cream	1	0.6483	0.4073	0.0866	0.6089	0	0.6483
1272	14	Alcremie-Ruby-Cream	1	0.6093	0.3849	0.0638	0.6089	0	0.6093
1272	15	Alcremie-Ruby-Cream	1	0.6043	0.4441	0.0662	0.6089	0.0046	0.5997
1272	16	Alcremie-Ruby-Cream	1	0.5699	0.3858	0.0319	0.6089	0.039	0.5309
1272	17	Alcremie-Ruby-Cream	1	0.5461	0.3543	0.0468	0.6089	0.0628	0.4833
1272	18	Alcremie-Ruby-Cream	1	0.5753	0.3192	0.0709	0.6089	0.0336	0.5417
1272	19	Alcremie-Ruby-Cream	1	0.6089	0.3846	0.0999	0.6089	0	0.6089
1273	7	Alcremie-Matcha-Cream	1	0.6173	0.3903	0.0948	0.6089	0	0.6173
1273	8	Alcremie-Matcha-Cream	1	0.6118	0.3482	0.0785	0.6089	0	0.6118
1273	9	Alcremie-Matcha-Cream	1	0.5691	0.3151	0.0475	0.6089	0.0398	0.5293
1273	10	Alcremie-Matcha-Cream	1	0.6562	0.3937	0.14	0.6089	0	0.6562
1273	11	Alcremie-Matcha-Cream	1	0.6738	0.5264	0.0911	0.6089	0	0.6738
1273	12	Alcremie-Matcha-Cream	1	0.5168	0.3648	0.0059	0.6089	0.0921	0.4247
1273	13	Alcremie-Matcha-Cream	1	0.6483	0.4073	0.0866	0.6089	0	0.6483
1273	14	Alcremie-Matcha-Cream	1	0.6093	0.3849	0.0638	0.6089	0	0.6093
1273	15	Alcremie-Matcha-Cream	1	0.6043	0.4441	0.0662	0.6089	0.0046	0.5997
1273	16	Alcremie-Matcha-Cream	1	0.5699	0.3858	0.0319	0.6089	0.039	0.5309
1273	17	Alcremie-Matcha-Cream	1	0.5461	0.3543	0.0468	0.6089	0.0628	0.4833
1273	18	Alcremie-Matcha-Cream	1	0.5753	0.3192	0.0709	0.6089	0.0336	0.5417
1273	19	Alcremie-Matcha-Cream	1	0.6089	0.3846	0.0999	0.6089	0	0.6089
1274	7	Alcremie-Mint-Cream	1	0.6173	0.3903	0.0948	0.6089	0	0.6173
1274	8	Alcremie-Mint-Cream	1	0.6118	0.3482	0.0785	0.6089	0	0.6118
1274	9	Alcremie-Mint-Cream	1	0.5691	0.3151	0.0475	0.6089	0.0398	0.5293
1274	10	Alcremie-Mint-Cream	1	0.6562	0.3937	0.14	0.6089	0	0.6562
1274	11	Alcremie-Mint-Cream	1	0.6738	0.5264	0.0911	0.6089	0	0.6738
1274	12	Alcremie-Mint-Cream	1	0.5168	0.3648	0.0059	0.6089	0.0921	0.4247
1274	13	Alcremie-Mint-Cream	1	0.6483	0.4073	0.0866	0.6089	0	0.6483
1274	14	Alcremie-Mint-Cream	1	0.6093	0.3849	0.0638	0.6089	0	0.6093
1274	15	Alcremie-Mint-Cream	1	0.6043	0.4441	0.0662	0.6089	0.0046	0.5997
1274	16	Alcremie-Mint-Cream	1	0.5699	0.3858	0.0319	0.6089	0.039	0.5309
1274	17	Alcremie-Mint-Cream	1	0.5461	0.3543	0.0468	0.6089	0.0628	0.4833
1274	18	Alcremie-Mint-Cream	1	0.5753	0.3192	0.0709	0.6089	0.0336	0.5417
1274	19	Alcremie-Mint-Cream	1	0.6089	0.3846	0.0999	0.6089	0	0.6089
1275	7	Alcremie-Lemon-Cream	1	0.6173	0.3903	0.0948	0.6089	0	0.6173
1275	8	Alcremie-Lemon-Cream	1	0.6118	0.3482	0.0785	0.6089	0	0.6118
1275	9	Alcremie-Lemon-Cream	1	0.5691	0.3151	0.0475	0.6089	0.0398	0.5293
1275	10	Alcremie-Lemon-Cream	1	0.6562	0.3937	0.14	0.6089	0	0.6562
1275	11	Alcremie-Lemon-Cream	1	0.6738	0.5264	0.0911	0.6089	0	0.6738
1275	12	Alcremie-Lemon-Cream	1	0.5168	0.3648	0.0059	0.6089	0.0921	0.4247
1275	13	Alcremie-Lemon-Cream	1	0.6483	0.4073	0.0866	0.6089	0	0.6483
1275	14	Alcremie-Lemon-Cream	1	0.6093	0.3849	0.0638	0.6089	0	0.6093
1275	15	Alcremie-Lemon-Cream	1	0.6043	0.4441	0.0662	0.6089	0.0046	0.5997
1275	16	Alcremie-Lemon-Cream	1	0.5699	0.3858	0.0319	0.6089	0.039	0.5309
1275	17	Alcremie-Lemon-Cream	1	0.5461	0.3543	0.0468	0.6089	0.0628	0.4833
1275	18	Alcremie-Lemon-Cream	1	0.5753	0.3192	0.0709	0.6089	0.0336	0.5417
1275	19	Alcremie-Lemon-Cream	1	0.6089	0.3846	0.0999	0.6089	0	0.6089
1276	7	Alcremie-Salted-Cream	1	0.6173	0.3903	0.0948	0.6089	0	0.6173
1276	8	Alcremie-Salted-Cream	1	0.6118	0.3482	0.0785	0.6089	0	0.6118
1276	9	Alcremie-Salted-Cream	1	0.5691	0.3151	0.0475	0.6089	0.0398	0.5293
1276	10	Alcremie-Salted-Cream	1	0.6562	0.3937	0.14	0.6089	0	0.6562
1276	11	Alcremie-Salted-Cream	1	0.6738	0.5264	0.0911	0.6089	0	0.6738
1276	12	Alcremie-Salted-Cream	1	0.5168	0.3648	0.0059	0.6089	0.0921	0.4247
1276	13	Alcremie-Salted-Cream	1	0.6483	0.4073	0.0866	0.6089	0	0.6483
1276	14	Alcremie-Salted-Cream	1	0.6093	0.3849	0.0638	0.6089	0	0.6093
1276	15	Alcremie-Salted-Cream	1	0.6043	0.4441	0.0662	0.6089	0.0046	0.5997
1276	16	Alcremie-Salted-Cream	1	0.5699	0.3858	0.0319	0.6089	0.039	0.5309
1276	17	Alcremie-Salted-Cream	1	0.5461	0.3543	0.0468	0.6089	0.0628	0.4833
1276	18	Alcremie-Salted-Cream	1	0.5753	0.3192	0.0709	0.6089	0.0336	0.5417
1276	19	Alcremie-Salted-Cream	1	0.6089	0.3846	0.0999	0.6089	0	0.6089
1277	7	Alcremie-Ruby-Swirl	1	0.6173	0.3903	0.0948	0.6089	0	0.6173
1277	8	Alcremie-Ruby-Swirl	1	0.6118	0.3482	0.0785	0.6089	0	0.6118
1277	9	Alcremie-Ruby-Swirl	1	0.5691	0.3151	0.0475	0.6089	0.0398	0.5293
1277	10	Alcremie-Ruby-Swirl	1	0.6562	0.3937	0.14	0.6089	0	0.6562
1277	11	Alcremie-Ruby-Swirl	1	0.6738	0.5264	0.0911	0.6089	0	0.6738
1277	12	Alcremie-Ruby-Swirl	1	0.5168	0.3648	0.0059	0.6089	0.0921	0.4247
1277	13	Alcremie-Ruby-Swirl	1	0.6483	0.4073	0.0866	0.6089	0	0.6483
1277	14	Alcremie-Ruby-Swirl	1	0.6093	0.3849	0.0638	0.6089	0	0.6093
1277	15	Alcremie-Ruby-Swirl	1	0.6043	0.4441	0.0662	0.6089	0.0046	0.5997
1277	16	Alcremie-Ruby-Swirl	1	0.5699	0.3858	0.0319	0.6089	0.039	0.5309
1277	17	Alcremie-Ruby-Swirl	1	0.5461	0.3543	0.0468	0.6089	0.0628	0.4833
1277	18	Alcremie-Ruby-Swirl	1	0.5753	0.3192	0.0709	0.6089	0.0336	0.5417
1277	19	Alcremie-Ruby-Swirl	1	0.6089	0.3846	0.0999	0.6089	0	0.6089
1278	7	Alcremie-Caramel-Swirl	1	0.6173	0.3903	0.0948	0.6089	0	0.6173
1278	8	Alcremie-Caramel-Swirl	1	0.6118	0.3482	0.0785	0.6089	0	0.6118
1278	9	Alcremie-Caramel-Swirl	1	0.5691	0.3151	0.0475	0.6089	0.0398	0.5293
1278	10	Alcremie-Caramel-Swirl	1	0.6562	0.3937	0.14	0.6089	0	0.6562
1278	11	Alcremie-Caramel-Swirl	1	0.6738	0.5264	0.0911	0.6089	0	0.6738
1278	12	Alcremie-Caramel-Swirl	1	0.5168	0.3648	0.0059	0.6089	0.0921	0.4247
1278	13	Alcremie-Caramel-Swirl	1	0.6483	0.4073	0.0866	0.6089	0	0.6483
1278	14	Alcremie-Caramel-Swirl	1	0.6093	0.3849	0.0638	0.6089	0	0.6093
1278	15	Alcremie-Caramel-Swirl	1	0.6043	0.4441	0.0662	0.6089	0.0046	0.5997
1278	16	Alcremie-Caramel-Swirl	1	0.5699	0.3858	0.0319	0.6089	0.039	0.5309
1278	17	Alcremie-Caramel-Swirl	1	0.5461	0.3543	0.0468	0.6089	0.0628	0.4833
1278	18	Alcremie-Caramel-Swirl	1	0.5753	0.3192	0.0709	0.6089	0.0336	0.5417
1278	19	Alcremie-Caramel-Swirl	1	0.6089	0.3846	0.0999	0.6089	0	0.6089
1279	7	Alcremie-Rainbow-Swirl	1	0.6173	0.3903	0.0948	0.6089	0	0.6173
1279	8	Alcremie-Rainbow-Swirl	1	0.6118	0.3482	0.0785	0.6089	0	0.6118
1279	9	Alcremie-Rainbow-Swirl	1	0.5691	0.3151	0.0475	0.6089	0.0398	0.5293
1279	10	Alcremie-Rainbow-Swirl	1	0.6562	0.3937	0.14	0.6089	0	0.6562
1279	11	Alcremie-Rainbow-Swirl	1	0.6738	0.5264	0.0911	0.6089	0	0.6738
1279	12	Alcremie-Rainbow-Swirl	1	0.5168	0.3648	0.0059	0.6089	0.0921	0.4247
1279	13	Alcremie-Rainbow-Swirl	1	0.6483	0.4073	0.0866	0.6089	0	0.6483
1279	14	Alcremie-Rainbow-Swirl	1	0.6093	0.3849	0.0638	0.6089	0	0.6093
1279	15	Alcremie-Rainbow-Swirl	1	0.6043	0.4441	0.0662	0.6089	0.0046	0.5997
1279	16	Alcremie-Rainbow-Swirl	1	0.5699	0.3858	0.0319	0.6089	0.039	0.5309
1279	17	Alcremie-Rainbow-Swirl	1	0.5461	0.3543	0.0468	0.6089	0.0628	0.4833
1279	18	Alcremie-Rainbow-Swirl	1	0.5753	0.3192	0.0709	0.6089	0.0336	0.5417
1279	19	Alcremie-Rainbow-Swirl	1	0.6089	0.3846	0.0999	0.6089	0	0.6089
128	1	Tauros	1	0.4848	0.4706	-0.1178	0.5988	0.114	0.3708
128	2	Tauros	1	0.6286	0.5155	0.3072	0.5988	0	0.6286
128	3	Tauros	1	0.6699	0.4882	0.3374	0.5988	0	0.6699
128	4	Tauros	1	0.6846	0.6366	0.048	0.5988	0	0.6846
128	5	Tauros	1	0.7143	0.4997	0.1519	0.5988	0	0.7143
128	6	Tauros	1	0.644	0.4392	0.1535	0.5988	0	0.644
128	7	Tauros	1	0.5988	0.371	0.0752	0.5988	0	0.5988
128	8	Tauros	1	0.5278	0.418	0.0288	0.5988	0.071	0.4568
128	9	Tauros	1	0.6055	0.4133	0.0817	0.5988	0	0.6055
128	10	Tauros	1	0.5223	0.3466	0.0072	0.5988	0.0765	0.4458
128	11	Tauros	1	0.6002	0.4847	0.0728	0.5988	0	0.6002
128	12	Tauros	1	0.5231	0.4227	0.0365	0.5988	0.0757	0.4474
128	13	Tauros	1	0.5606	0.385	0.0479	0.5988	0.0382	0.5224
128	14	Tauros	1	0.6017	0.4444	0.0775	0.5988	0	0.6017
128	15	Tauros	1	0.6223	0.4402	0.0873	0.5988	0	0.6223
128	16	Tauros	1	0.5535	0.4193	0.0533	0.5988	0.0453	0.5082
128	17	Tauros	1	0.5667	0.396	0.0526	0.5988	0.0321	0.5346
128	18	Tauros	1	0.4919	0.3508	0.0116	0.5988	0.1069	0.385
128	19	Tauros	1	0.5566	0.3801	0.0599	0.5988	0.0422	0.5144
1280	7	Alcremie-Ribbon-Vanilla-Cream	1	0.6173	0.3903	0.0948	0.6089	0	0.6173
1280	8	Alcremie-Ribbon-Vanilla-Cream	1	0.6118	0.3482	0.0785	0.6089	0	0.6118
1280	9	Alcremie-Ribbon-Vanilla-Cream	1	0.5691	0.3151	0.0475	0.6089	0.0398	0.5293
1280	10	Alcremie-Ribbon-Vanilla-Cream	1	0.6562	0.3937	0.14	0.6089	0	0.6562
1280	11	Alcremie-Ribbon-Vanilla-Cream	1	0.6738	0.5264	0.0911	0.6089	0	0.6738
1280	12	Alcremie-Ribbon-Vanilla-Cream	1	0.5168	0.3648	0.0059	0.6089	0.0921	0.4247
1280	13	Alcremie-Ribbon-Vanilla-Cream	1	0.6483	0.4073	0.0866	0.6089	0	0.6483
1280	14	Alcremie-Ribbon-Vanilla-Cream	1	0.6093	0.3849	0.0638	0.6089	0	0.6093
1280	15	Alcremie-Ribbon-Vanilla-Cream	1	0.6043	0.4441	0.0662	0.6089	0.0046	0.5997
1280	16	Alcremie-Ribbon-Vanilla-Cream	1	0.5699	0.3858	0.0319	0.6089	0.039	0.5309
1280	17	Alcremie-Ribbon-Vanilla-Cream	1	0.5461	0.3543	0.0468	0.6089	0.0628	0.4833
1280	18	Alcremie-Ribbon-Vanilla-Cream	1	0.5753	0.3192	0.0709	0.6089	0.0336	0.5417
1280	19	Alcremie-Ribbon-Vanilla-Cream	1	0.6089	0.3846	0.0999	0.6089	0	0.6089
1281	7	Alcremie-Ribbon-Ruby-Cream	1	0.6173	0.3903	0.0948	0.6089	0	0.6173
1281	8	Alcremie-Ribbon-Ruby-Cream	1	0.6118	0.3482	0.0785	0.6089	0	0.6118
1281	9	Alcremie-Ribbon-Ruby-Cream	1	0.5691	0.3151	0.0475	0.6089	0.0398	0.5293
1281	10	Alcremie-Ribbon-Ruby-Cream	1	0.6562	0.3937	0.14	0.6089	0	0.6562
1281	11	Alcremie-Ribbon-Ruby-Cream	1	0.6738	0.5264	0.0911	0.6089	0	0.6738
1281	12	Alcremie-Ribbon-Ruby-Cream	1	0.5168	0.3648	0.0059	0.6089	0.0921	0.4247
1281	13	Alcremie-Ribbon-Ruby-Cream	1	0.6483	0.4073	0.0866	0.6089	0	0.6483
1281	14	Alcremie-Ribbon-Ruby-Cream	1	0.6093	0.3849	0.0638	0.6089	0	0.6093
1281	15	Alcremie-Ribbon-Ruby-Cream	1	0.6043	0.4441	0.0662	0.6089	0.0046	0.5997
1281	16	Alcremie-Ribbon-Ruby-Cream	1	0.5699	0.3858	0.0319	0.6089	0.039	0.5309
1281	17	Alcremie-Ribbon-Ruby-Cream	1	0.5461	0.3543	0.0468	0.6089	0.0628	0.4833
1281	18	Alcremie-Ribbon-Ruby-Cream	1	0.5753	0.3192	0.0709	0.6089	0.0336	0.5417
1281	19	Alcremie-Ribbon-Ruby-Cream	1	0.6089	0.3846	0.0999	0.6089	0	0.6089
1282	7	Alcremie-Ribbon-Matcha-Cream	1	0.6173	0.3903	0.0948	0.6089	0	0.6173
1282	8	Alcremie-Ribbon-Matcha-Cream	1	0.6118	0.3482	0.0785	0.6089	0	0.6118
1282	9	Alcremie-Ribbon-Matcha-Cream	1	0.5691	0.3151	0.0475	0.6089	0.0398	0.5293
1282	10	Alcremie-Ribbon-Matcha-Cream	1	0.6562	0.3937	0.14	0.6089	0	0.6562
1282	11	Alcremie-Ribbon-Matcha-Cream	1	0.6738	0.5264	0.0911	0.6089	0	0.6738
1282	12	Alcremie-Ribbon-Matcha-Cream	1	0.5168	0.3648	0.0059	0.6089	0.0921	0.4247
1282	13	Alcremie-Ribbon-Matcha-Cream	1	0.6483	0.4073	0.0866	0.6089	0	0.6483
1282	14	Alcremie-Ribbon-Matcha-Cream	1	0.6093	0.3849	0.0638	0.6089	0	0.6093
1282	15	Alcremie-Ribbon-Matcha-Cream	1	0.6043	0.4441	0.0662	0.6089	0.0046	0.5997
1282	16	Alcremie-Ribbon-Matcha-Cream	1	0.5699	0.3858	0.0319	0.6089	0.039	0.5309
1282	17	Alcremie-Ribbon-Matcha-Cream	1	0.5461	0.3543	0.0468	0.6089	0.0628	0.4833
1282	18	Alcremie-Ribbon-Matcha-Cream	1	0.5753	0.3192	0.0709	0.6089	0.0336	0.5417
1282	19	Alcremie-Ribbon-Matcha-Cream	1	0.6089	0.3846	0.0999	0.6089	0	0.6089
1283	7	Alcremie-Ribbon-Mint-Cream	1	0.6173	0.3903	0.0948	0.6089	0	0.6173
1283	8	Alcremie-Ribbon-Mint-Cream	1	0.6118	0.3482	0.0785	0.6089	0	0.6118
1283	9	Alcremie-Ribbon-Mint-Cream	1	0.5691	0.3151	0.0475	0.6089	0.0398	0.5293
1283	10	Alcremie-Ribbon-Mint-Cream	1	0.6562	0.3937	0.14	0.6089	0	0.6562
1283	11	Alcremie-Ribbon-Mint-Cream	1	0.6738	0.5264	0.0911	0.6089	0	0.6738
1283	12	Alcremie-Ribbon-Mint-Cream	1	0.5168	0.3648	0.0059	0.6089	0.0921	0.4247
1283	13	Alcremie-Ribbon-Mint-Cream	1	0.6483	0.4073	0.0866	0.6089	0	0.6483
1283	14	Alcremie-Ribbon-Mint-Cream	1	0.6093	0.3849	0.0638	0.6089	0	0.6093
1283	15	Alcremie-Ribbon-Mint-Cream	1	0.6043	0.4441	0.0662	0.6089	0.0046	0.5997
1283	16	Alcremie-Ribbon-Mint-Cream	1	0.5699	0.3858	0.0319	0.6089	0.039	0.5309
1283	17	Alcremie-Ribbon-Mint-Cream	1	0.5461	0.3543	0.0468	0.6089	0.0628	0.4833
1283	18	Alcremie-Ribbon-Mint-Cream	1	0.5753	0.3192	0.0709	0.6089	0.0336	0.5417
1283	19	Alcremie-Ribbon-Mint-Cream	1	0.6089	0.3846	0.0999	0.6089	0	0.6089
1284	7	Alcremie-Ribbon-Lemon-Cream	1	0.6173	0.3903	0.0948	0.6089	0	0.6173
1284	8	Alcremie-Ribbon-Lemon-Cream	1	0.6118	0.3482	0.0785	0.6089	0	0.6118
1284	9	Alcremie-Ribbon-Lemon-Cream	1	0.5691	0.3151	0.0475	0.6089	0.0398	0.5293
1284	10	Alcremie-Ribbon-Lemon-Cream	1	0.6562	0.3937	0.14	0.6089	0	0.6562
1284	11	Alcremie-Ribbon-Lemon-Cream	1	0.6738	0.5264	0.0911	0.6089	0	0.6738
1284	12	Alcremie-Ribbon-Lemon-Cream	1	0.5168	0.3648	0.0059	0.6089	0.0921	0.4247
1284	13	Alcremie-Ribbon-Lemon-Cream	1	0.6483	0.4073	0.0866	0.6089	0	0.6483
1284	14	Alcremie-Ribbon-Lemon-Cream	1	0.6093	0.3849	0.0638	0.6089	0	0.6093
1284	15	Alcremie-Ribbon-Lemon-Cream	1	0.6043	0.4441	0.0662	0.6089	0.0046	0.5997
1284	16	Alcremie-Ribbon-Lemon-Cream	1	0.5699	0.3858	0.0319	0.6089	0.039	0.5309
1284	17	Alcremie-Ribbon-Lemon-Cream	1	0.5461	0.3543	0.0468	0.6089	0.0628	0.4833
1284	18	Alcremie-Ribbon-Lemon-Cream	1	0.5753	0.3192	0.0709	0.6089	0.0336	0.5417
1284	19	Alcremie-Ribbon-Lemon-Cream	1	0.6089	0.3846	0.0999	0.6089	0	0.6089
1285	7	Alcremie-Ribbon-Salted-Cream	1	0.6173	0.3903	0.0948	0.6089	0	0.6173
1285	8	Alcremie-Ribbon-Salted-Cream	1	0.6118	0.3482	0.0785	0.6089	0	0.6118
1285	9	Alcremie-Ribbon-Salted-Cream	1	0.5691	0.3151	0.0475	0.6089	0.0398	0.5293
1285	10	Alcremie-Ribbon-Salted-Cream	1	0.6562	0.3937	0.14	0.6089	0	0.6562
1285	11	Alcremie-Ribbon-Salted-Cream	1	0.6738	0.5264	0.0911	0.6089	0	0.6738
1285	12	Alcremie-Ribbon-Salted-Cream	1	0.5168	0.3648	0.0059	0.6089	0.0921	0.4247
1285	13	Alcremie-Ribbon-Salted-Cream	1	0.6483	0.4073	0.0866	0.6089	0	0.6483
1285	14	Alcremie-Ribbon-Salted-Cream	1	0.6093	0.3849	0.0638	0.6089	0	0.6093
1285	15	Alcremie-Ribbon-Salted-Cream	1	0.6043	0.4441	0.0662	0.6089	0.0046	0.5997
1285	16	Alcremie-Ribbon-Salted-Cream	1	0.5699	0.3858	0.0319	0.6089	0.039	0.5309
1285	17	Alcremie-Ribbon-Salted-Cream	1	0.5461	0.3543	0.0468	0.6089	0.0628	0.4833
1285	18	Alcremie-Ribbon-Salted-Cream	1	0.5753	0.3192	0.0709	0.6089	0.0336	0.5417
1285	19	Alcremie-Ribbon-Salted-Cream	1	0.6089	0.3846	0.0999	0.6089	0	0.6089
1286	7	Alcremie-Ribbon-Ruby-Swirl	1	0.6173	0.3903	0.0948	0.6089	0	0.6173
1286	8	Alcremie-Ribbon-Ruby-Swirl	1	0.6118	0.3482	0.0785	0.6089	0	0.6118
1286	9	Alcremie-Ribbon-Ruby-Swirl	1	0.5691	0.3151	0.0475	0.6089	0.0398	0.5293
1286	10	Alcremie-Ribbon-Ruby-Swirl	1	0.6562	0.3937	0.14	0.6089	0	0.6562
1286	11	Alcremie-Ribbon-Ruby-Swirl	1	0.6738	0.5264	0.0911	0.6089	0	0.6738
1286	12	Alcremie-Ribbon-Ruby-Swirl	1	0.5168	0.3648	0.0059	0.6089	0.0921	0.4247
1286	13	Alcremie-Ribbon-Ruby-Swirl	1	0.6483	0.4073	0.0866	0.6089	0	0.6483
1286	14	Alcremie-Ribbon-Ruby-Swirl	1	0.6093	0.3849	0.0638	0.6089	0	0.6093
1286	15	Alcremie-Ribbon-Ruby-Swirl	1	0.6043	0.4441	0.0662	0.6089	0.0046	0.5997
1286	16	Alcremie-Ribbon-Ruby-Swirl	1	0.5699	0.3858	0.0319	0.6089	0.039	0.5309
1286	17	Alcremie-Ribbon-Ruby-Swirl	1	0.5461	0.3543	0.0468	0.6089	0.0628	0.4833
1286	18	Alcremie-Ribbon-Ruby-Swirl	1	0.5753	0.3192	0.0709	0.6089	0.0336	0.5417
1286	19	Alcremie-Ribbon-Ruby-Swirl	1	0.6089	0.3846	0.0999	0.6089	0	0.6089
1287	7	Alcremie-Ribbon-Caramel-Swirl	1	0.6173	0.3903	0.0948	0.6089	0	0.6173
1287	8	Alcremie-Ribbon-Caramel-Swirl	1	0.6118	0.3482	0.0785	0.6089	0	0.6118
1287	9	Alcremie-Ribbon-Caramel-Swirl	1	0.5691	0.3151	0.0475	0.6089	0.0398	0.5293
1287	10	Alcremie-Ribbon-Caramel-Swirl	1	0.6562	0.3937	0.14	0.6089	0	0.6562
1287	11	Alcremie-Ribbon-Caramel-Swirl	1	0.6738	0.5264	0.0911	0.6089	0	0.6738
1287	12	Alcremie-Ribbon-Caramel-Swirl	1	0.5168	0.3648	0.0059	0.6089	0.0921	0.4247
1287	13	Alcremie-Ribbon-Caramel-Swirl	1	0.6483	0.4073	0.0866	0.6089	0	0.6483
1287	14	Alcremie-Ribbon-Caramel-Swirl	1	0.6093	0.3849	0.0638	0.6089	0	0.6093
1287	15	Alcremie-Ribbon-Caramel-Swirl	1	0.6043	0.4441	0.0662	0.6089	0.0046	0.5997
1287	16	Alcremie-Ribbon-Caramel-Swirl	1	0.5699	0.3858	0.0319	0.6089	0.039	0.5309
1287	17	Alcremie-Ribbon-Caramel-Swirl	1	0.5461	0.3543	0.0468	0.6089	0.0628	0.4833
1287	18	Alcremie-Ribbon-Caramel-Swirl	1	0.5753	0.3192	0.0709	0.6089	0.0336	0.5417
1287	19	Alcremie-Ribbon-Caramel-Swirl	1	0.6089	0.3846	0.0999	0.6089	0	0.6089
1288	7	Alcremie-Ribbon-Rainbow-Swirl	1	0.6173	0.3903	0.0948	0.6089	0	0.6173
1288	8	Alcremie-Ribbon-Rainbow-Swirl	1	0.6118	0.3482	0.0785	0.6089	0	0.6118
1288	9	Alcremie-Ribbon-Rainbow-Swirl	1	0.5691	0.3151	0.0475	0.6089	0.0398	0.5293
1288	10	Alcremie-Ribbon-Rainbow-Swirl	1	0.6562	0.3937	0.14	0.6089	0	0.6562
1288	11	Alcremie-Ribbon-Rainbow-Swirl	1	0.6738	0.5264	0.0911	0.6089	0	0.6738
1288	12	Alcremie-Ribbon-Rainbow-Swirl	1	0.5168	0.3648	0.0059	0.6089	0.0921	0.4247
1288	13	Alcremie-Ribbon-Rainbow-Swirl	1	0.6483	0.4073	0.0866	0.6089	0	0.6483
1288	14	Alcremie-Ribbon-Rainbow-Swirl	1	0.6093	0.3849	0.0638	0.6089	0	0.6093
1288	15	Alcremie-Ribbon-Rainbow-Swirl	1	0.6043	0.4441	0.0662	0.6089	0.0046	0.5997
1288	16	Alcremie-Ribbon-Rainbow-Swirl	1	0.5699	0.3858	0.0319	0.6089	0.039	0.5309
1288	17	Alcremie-Ribbon-Rainbow-Swirl	1	0.5461	0.3543	0.0468	0.6089	0.0628	0.4833
1288	18	Alcremie-Ribbon-Rainbow-Swirl	1	0.5753	0.3192	0.0709	0.6089	0.0336	0.5417
1288	19	Alcremie-Ribbon-Rainbow-Swirl	1	0.6089	0.3846	0.0999	0.6089	0	0.6089
1289	1	Sprigatito	1	0.5127	0.4141	-0.0899	0.5067	0	0.5127
1289	2	Floragato	2	0.4604	0.3863	-0.0644	0.5067	0.0463	0.4141
1289	3	Floragato	2	0.4862	0.4238	-0.0468	0.5067	0.0205	0.4657
1289	4	Floragato	2	0.4529	0.3538	-0.1662	0.5067	0.0538	0.3991
1289	5	Floragato	2	0.5031	0.3983	-0.0567	0.5067	0.0036	0.4995
1289	6	Floragato	2	0.4323	0.3067	-0.0015	0.5067	0.0744	0.3579
1289	7	Meowscarada	3	0.5361	0.3998	0.0681	0.5067	0	0.5361
1289	8	Meowscarada	3	0.481	0.3221	0.0538	0.5067	0.0257	0.4553
1289	9	Meowscarada	3	0.5079	0.3475	-0.0159	0.5067	0	0.5079
1289	10	Meowscarada	3	0.5062	0.3315	-0.0089	0.5067	0.0005	0.5057
1289	11	Meowscarada	3	0.5522	0.3775	0.0248	0.5067	0	0.5522
1289	12	Meowscarada	3	0.5346	0.2844	0.048	0.5067	0	0.5346
1289	13	Meowscarada	3	0.477	0.3332	-0.0357	0.5067	0.0297	0.4473
1289	14	Meowscarada	3	0.6019	0.4197	0.0777	0.5067	0	0.6019
1289	15	Meowscarada	3	0.6554	0.364	0.1204	0.5067	0	0.6554
1289	16	Meowscarada	3	0.5751	0.3792	0.0749	0.5067	0	0.5751
1289	17	Meowscarada	3	0.5067	0.2909	-0.0074	0.5067	0	0.5067
1289	18	Meowscarada	3	0.4866	0.298	0.0063	0.5067	0.0201	0.4665
1289	19	Meowscarada	3	0.5487	0.3274	0.052	0.5067	0	0.5487
129	1	Magikarp	1	0.3258	0.2698	-0.2768	0.6345	0.3087	0.0171
129	2	Gyarados	2	0.5222	0.471	0.0186	0.6345	0.1123	0.4099
129	3	Gyarados	2	0.4632	0.3801	-0.0311	0.6345	0.1713	0.2919
129	4	Gyarados	2	0.5594	0.4531	0.05	0.6345	0.0751	0.4843
129	5	Gyarados	2	0.5835	0.4595	0.0211	0.6345	0.051	0.5325
129	6	Gyarados	2	0.4597	0.2151	-0.0686	0.6345	0.1748	0.2849
129	7	Gyarados	2	0.7072	0.4698	0.1403	0.6345	0	0.7072
129	8	Gyarados	2	0.6186	0.3859	0.1193	0.6345	0.0159	0.6027
129	9	Gyarados	2	0.6585	0.4203	0.1472	0.6345	0	0.6585
129	10	Gyarados	2	0.6345	0.38	0.0974	0.6345	0	0.6345
129	11	Gyarados	2	0.6494	0.3784	0.1336	0.6345	0	0.6494
129	12	Gyarados	2	0.6082	0.3585	0.1421	0.6345	0.0263	0.5819
129	13	Gyarados	2	0.6878	0.3928	0.2167	0.6345	0	0.6878
129	14	Gyarados	2	0.6618	0.3626	0.1568	0.6345	0	0.6618
129	15	Gyarados	2	0.6758	0.3915	0.1732	0.6345	0	0.6758
129	16	Gyarados	2	0.6616	0.4063	0.1934	0.6345	0	0.6616
129	17	Gyarados	2	0.6481	0.3907	0.2055	0.6345	0	0.6481
129	18	Gyarados	2	0.5731	0.3816	0.1359	0.6345	0.0614	0.5117
129	19	Gyarados	2	0.6653	0.4081	0.2163	0.6345	0	0.6653
1292	1	Fuecoco	1	0.4469	0.2915	-0.1256	0.5281	0.0812	0.3657
1292	2	Crocalor	2	0.4226	0.3717	-0.081	0.5281	0.1055	0.3171
1292	3	Crocalor	2	0.4025	0.3652	-0.0918	0.5281	0.1256	0.2769
1292	4	Crocalor	2	0.3776	0.32	-0.1318	0.5281	0.1505	0.2271
1292	5	Crocalor	2	0.4157	0.3503	-0.0757	0.5281	0.1124	0.3033
1292	6	Crocalor	2	0.5822	0.3668	0.143	0.5281	0	0.5822
1292	7	Skeledirge	3	0.5281	0.3392	0.118	0.5281	0	0.5281
1292	8	Skeledirge	3	0.4984	0.3409	0.1001	0.5281	0.0297	0.4687
1292	9	Skeledirge	3	0.646	0.4228	0.2224	0.5281	0	0.646
1292	10	Skeledirge	3	0.64	0.3845	0.23	0.5281	0	0.64
1292	11	Skeledirge	3	0.538	0.3495	0.116	0.5281	0	0.538
1292	12	Skeledirge	3	0.5575	0.3984	0.1591	0.5281	0	0.5575
1292	13	Skeledirge	3	0.5349	0.3893	0.1113	0.5281	0	0.5349
1292	14	Skeledirge	3	0.5538	0.3331	0.1263	0.5281	0	0.5538
1292	15	Skeledirge	3	0.6634	0.409	0.2161	0.5281	0	0.6634
1292	16	Skeledirge	3	0.461	0.2993	0.0569	0.5281	0.0671	0.3939
1292	17	Skeledirge	3	0.5924	0.3087	0.2058	0.5281	0	0.5924
1292	18	Skeledirge	3	0.5243	0.355	0.0765	0.5281	0.0038	0.5205
1292	19	Skeledirge	3	0.5088	0.345	0.1112	0.5281	0.0193	0.4895
1295	1	Quaxly	1	0.6367	0.4549	0.0341	0.5735	0	0.6367
1295	2	Quaxwell	2	0.49	0.4223	-0.0348	0.5735	0.0835	0.4065
1295	3	Quaxwell	2	0.4674	0.4056	-0.0656	0.5735	0.1061	0.3613
1295	4	Quaxwell	2	0.4861	0.3883	-0.133	0.5735	0.0874	0.3987
1295	5	Quaxwell	2	0.4881	0.3428	-0.0717	0.5735	0.0854	0.4027
1295	6	Quaxwell	2	0.3351	0.2306	-0.0917	0.5735	0.2384	0.0967
1295	7	Quaquaval	3	0.605	0.4447	0.1081	0.5735	0	0.605
1295	8	Quaquaval	3	0.5774	0.3546	0.0989	0.5735	0	0.5774
1295	9	Quaquaval	3	0.585	0.4066	0.1052	0.5735	0	0.585
1295	10	Quaquaval	3	0.6102	0.4073	0.1247	0.5735	0	0.6102
1295	11	Quaquaval	3	0.6171	0.3682	0.1002	0.5735	0	0.6171
1295	12	Quaquaval	3	0.5644	0.3687	0.0983	0.5735	0.0091	0.5553
1295	13	Quaquaval	3	0.5879	0.4077	0.1168	0.5735	0	0.5879
1295	14	Quaquaval	3	0.6406	0.3807	0.1356	0.5735	0	0.6406
1295	15	Quaquaval	3	0.4768	0.3102	-0.0258	0.5735	0.0967	0.3801
1295	16	Quaquaval	3	0.6047	0.4047	0.1365	0.5735	0	0.6047
1295	17	Quaquaval	3	0.5152	0.3426	0.0726	0.5735	0.0583	0.4569
1295	18	Quaquaval	3	0.5029	0.3165	0.0657	0.5735	0.0706	0.4323
1295	19	Quaquaval	3	0.5735	0.3553	0.1245	0.5735	0	0.5735
1298	1	Oinkologne-M	2	0.4041	0.4017	-0.1684	0.5854	0.1813	0.2228
1298	2	Oinkologne-M	2	0.4224	0.3817	-0.0812	0.5854	0.163	0.2594
1298	3	Oinkologne-M	2	0.4173	0.3807	-0.077	0.5854	0.1681	0.2492
1298	4	Oinkologne-M	2	0.4496	0.3834	-0.0598	0.5854	0.1358	0.3138
1298	5	Oinkologne-M	2	0.4644	0.3558	-0.0712	0.5854	0.121	0.3434
1298	6	Oinkologne-F	2	0.7263	0.4032	0.198	0.5854	0	0.7263
1298	7	Oinkologne-F	2	0.6013	0.3362	0.0344	0.5854	0	0.6013
1298	8	Oinkologne-M	2	0.6676	0.3701	0.1683	0.5854	0	0.6676
1298	9	Oinkologne-F	2	0.5737	0.3448	0.0624	0.5854	0.0117	0.562
1298	10	Oinkologne-F	2	0.526	0.3267	-0.0111	0.5854	0.0594	0.4666
1298	11	Oinkologne-M	2	0.6494	0.3587	0.1336	0.5854	0	0.6494
1298	12	Oinkologne-F	2	0.5321	0.3594	0.1047	0.5854	0.0533	0.4788
1298	13	Oinkologne-M	2	0.6396	0.3869	0.174	0.5854	0	0.6396
1298	14	Oinkologne-F	2	0.6261	0.3321	0.1755	0.5854	0	0.6261
1298	15	Oinkologne-M	2	0.6214	0.3476	0.0957	0.5854	0	0.6214
1298	16	Oinkologne-F	2	0.5854	0.3246	0.1481	0.5854	0	0.5854
1298	17	Oinkologne-F	2	0.6169	0.3502	0.1543	0.5854	0	0.6169
1298	18	Oinkologne-F	2	0.4903	0.3181	0.061	0.5854	0.0951	0.3952
1298	19	Oinkologne-M	2	0.5915	0.3549	0.1201	0.5854	0	0.5915
13	1	Beedrill	3	0.4213	0.3649	0.0564	0.5028	0.0815	0.3398
13	2	Beedrill	3	0.4534	0.3805	0.0729	0.5028	0.0494	0.404
13	3	Beedrill	3	0.4395	0.3428	-0.0475	0.5028	0.0633	0.3762
13	4	Beedrill	3	0.5453	0.3543	0.015	0.5028	0	0.5453
13	5	Beedrill	3	0.4824	0.3133	0.0008	0.5028	0.0204	0.462
13	6	Beedrill	3	0.6082	0.27	0.3382	0.5028	0	0.6082
13	7	Beedrill	3	0.4779	0.2936	0.0816	0.5028	0.0249	0.453
13	8	Beedrill	3	0.4844	0.2608	0.1254	0.5028	0.0184	0.466
13	9	Beedrill	3	0.5866	0.3184	0.204	0.5028	0	0.5866
13	10	Beedrill	3	0.5452	0.3344	0.2108	0.5028	0	0.5452
13	11	Beedrill	3	0.5627	0.35	0.2026	0.5028	0	0.5627
13	12	Beedrill	3	0.5055	0.2763	0.1703	0.5028	0	0.5055
13	13	Beedrill	3	0.5436	0.3007	0.1531	0.5028	0	0.5436
13	14	Beedrill	3	0.4895	0.2847	0.0687	0.5028	0.0133	0.4762
13	15	Beedrill	3	0.598	0.3058	0.2165	0.5028	0	0.598
13	16	Beedrill	3	0.5007	0.2604	0.0974	0.5028	0.0021	0.4986
13	17	Beedrill	3	0.5028	0.294	0.1695	0.5028	0	0.5028
13	18	Beedrill	3	0.4875	0.2492	0.143	0.5028	0.0153	0.4722
13	19	Beedrill	3	0.5059	0.247	0.1514	0.5028	0	0.5059
1301	1	Spidops	2	0.4017	0.3638	-0.0269	0.5179	0.1162	0.2855
1301	2	Spidops	2	0.446	0.3682	-0.0576	0.5179	0.0719	0.3741
1301	3	Spidops	2	0.4198	0.3549	-0.0745	0.5179	0.0981	0.3217
1301	4	Spidops	2	0.4595	0.4084	0.0597	0.5179	0.0584	0.4011
1301	5	Spidops	2	0.4462	0.3664	0.1009	0.5179	0.0717	0.3745
1301	6	Spidops	2	0.5656	0.3849	0.1795	0.5179	0	0.5656
1301	7	Spidops	2	0.4782	0.3114	0.0427	0.5179	0.0397	0.4385
1301	8	Spidops	2	0.4752	0.2856	0.067	0.5179	0.0427	0.4325
1301	9	Spidops	2	0.6488	0.3722	0.2489	0.5179	0	0.6488
1301	10	Spidops	2	0.7101	0.3692	0.3117	0.5179	0	0.7101
1301	11	Spidops	2	0.6576	0.3721	0.2526	0.5179	0	0.6576
1301	12	Spidops	2	0.5158	0.3655	0.1169	0.5179	0.0021	0.5137
1301	13	Spidops	2	0.5737	0.3343	0.1736	0.5179	0	0.5737
1301	14	Spidops	2	0.6433	0.3615	0.2746	0.5179	0	0.6433
1301	15	Spidops	2	0.7408	0.4131	0.3237	0.5179	0	0.7408
1301	16	Spidops	2	0.4984	0.2984	0.1087	0.5179	0.0195	0.4789
1301	17	Spidops	2	0.6232	0.2766	0.2068	0.5179	0	0.6232
1301	18	Spidops	2	0.5179	0.2848	0.0949	0.5179	0	0.5179
1301	19	Spidops	2	0.5514	0.3017	0.1368	0.5179	0	0.5514
1303	1	Nymble	1	0.3727	0.304	-0.2528	0.5016	0.1289	0.2438
1303	2	Nymble	1	0.3086	0.1766	-0.2673	0.5016	0.193	0.1156
1303	3	Lokix	2	0.4729	0.3553	-0.0601	0.5016	0.0287	0.4442
1303	4	Lokix	2	0.5145	0.4406	-0.1221	0.5016	0	0.5145
1303	5	Lokix	2	0.4745	0.4173	-0.0373	0.5016	0.0271	0.4474
1303	6	Lokix	2	0.5177	0.3411	0.0839	0.5016	0	0.5177
1303	7	Lokix	2	0.5016	0.3824	0.0336	0.5016	0	0.5016
1303	8	Lokix	2	0.4579	0.3322	0.0307	0.5016	0.0437	0.4142
1303	9	Lokix	2	0.5412	0.3963	0.0174	0.5016	0	0.5412
1303	10	Lokix	2	0.5716	0.3872	0.0565	0.5016	0	0.5716
1303	11	Lokix	2	0.6013	0.4088	0.0739	0.5016	0	0.6013
1303	12	Lokix	2	0.4786	0.3017	-0.008	0.5016	0.023	0.4556
1303	13	Lokix	2	0.5293	0.3826	0.0166	0.5016	0	0.5293
1303	14	Lokix	2	0.5811	0.3836	0.0569	0.5016	0	0.5811
1303	15	Lokix	2	0.5938	0.4358	0.0588	0.5016	0	0.5938
1303	16	Lokix	2	0.5179	0.3628	0.0177	0.5016	0	0.5179
1303	17	Lokix	2	0.4559	0.2807	-0.0582	0.5016	0.0457	0.4102
1303	18	Lokix	2	0.4586	0.291	-0.0217	0.5016	0.043	0.4156
1303	19	Lokix	2	0.4835	0.3278	-0.0132	0.5016	0.0181	0.4654
1305	2	Pawmo	2	0.4662	0.414	-0.0586	0.5625	0.0962	0.37
1305	3	Pawmo	2	0.4736	0.4078	-0.0594	0.5625	0.0888	0.3848
1305	4	Pawmo	2	0.466	0.3792	-0.1531	0.5625	0.0964	0.3696
1305	5	Pawmot	3	0.5462	0.4679	-0.0136	0.5625	0.0162	0.53
1305	6	Pawmot	3	0.5804	0.4642	0.097	0.5625	0	0.5804
1305	7	Pawmot	3	0.605	0.4059	0.1081	0.5625	0	0.605
1305	8	Pawmot	3	0.5008	0.3897	0.0223	0.5625	0.0616	0.4392
1305	9	Pawmot	3	0.6032	0.4344	0.1234	0.5625	0	0.6032
1305	10	Pawmot	3	0.5743	0.4189	0.0888	0.5625	0	0.5743
1305	11	Pawmot	3	0.5891	0.4302	0.0722	0.5625	0	0.5891
1305	12	Pawmot	3	0.5808	0.4136	0.1147	0.5625	0	0.5808
1305	13	Pawmot	3	0.5331	0.4209	0.062	0.5625	0.0293	0.5038
1305	14	Pawmot	3	0.6556	0.4387	0.1506	0.5625	0	0.6556
1305	15	Pawmot	3	0.5734	0.3576	0.0708	0.5625	0	0.5734
1305	16	Pawmot	3	0.5895	0.4343	0.1213	0.5625	0	0.5895
1305	17	Pawmot	3	0.4726	0.3568	0.03	0.5625	0.0898	0.3828
1305	18	Pawmot	3	0.5515	0.3912	0.1143	0.5625	0.011	0.5405
1305	19	Pawmot	3	0.5401	0.3926	0.0911	0.5625	0.0223	0.5178
1308	7	Maushold-Four	2	0.511	0.3179	0.1004	0.4916	0	0.511
1308	8	Maushold-Four	2	0.4987	0.3261	0.0819	0.4916	0	0.4987
1308	9	Maushold-Four	2	0.4772	0.2869	0.0648	0.4916	0.0144	0.4628
1308	10	Maushold-Four	2	0.4434	0.2762	0.0538	0.4916	0.0482	0.3952
1308	11	Maushold-Four	2	0.5407	0.3275	0.0133	0.4916	0	0.5407
1308	12	Maushold-Four	2	0.4517	0.2891	-0.0349	0.4916	0.0399	0.4118
1308	13	Maushold-Four	2	0.464	0.2653	-0.0487	0.4916	0.0276	0.4364
1308	14	Maushold-Four	2	0.5028	0.32	-0.0214	0.4916	0	0.5028
1308	15	Maushold-Four	2	0.5356	0.2767	0.0006	0.4916	0	0.5356
1308	16	Maushold-Four	2	0.4776	0.301	-0.0226	0.4916	0.014	0.4636
1308	17	Maushold-Four	2	0.4719	0.2517	-0.0422	0.4916	0.0197	0.4522
1308	18	Maushold-Four	2	0.4916	0.2569	0.0113	0.4916	0	0.4916
1308	19	Maushold-Four	2	0.5026	0.2707	0.0059	0.4916	0	0.5026
131	1	Lapras	1	0.5588	0.5022	0.1343	0.6531	0.0943	0.4645
131	2	Lapras	1	0.5208	0.42	0.2166	0.6531	0.1323	0.3885
131	3	Lapras	1	0.5188	0.4343	0.0569	0.6531	0.1343	0.3845
131	4	Lapras	1	0.5225	0.4023	-0.0458	0.6531	0.1306	0.3919
131	5	Lapras	1	0.5537	0.41	0.0072	0.6531	0.0994	0.4543
131	6	Lapras	1	0.7364	0.3994	0.1956	0.6531	0	0.7364
131	7	Lapras	1	0.6435	0.4258	0.2177	0.6531	0.0096	0.6339
131	8	Lapras	1	0.7135	0.4154	0.3008	0.6531	0	0.7135
131	9	Lapras	1	0.7161	0.4096	0.3034	0.6531	0	0.7161
131	10	Lapras	1	0.6531	0.4112	0.2223	0.6531	0	0.6531
131	11	Lapras	1	0.7177	0.4736	0.2441	0.6531	0	0.7177
131	12	Lapras	1	0.6312	0.4794	0.2211	0.6531	0.0219	0.6093
131	13	Lapras	1	0.7215	0.4886	0.321	0.6531	0	0.7215
131	14	Lapras	1	0.6604	0.5426	0.228	0.6531	0	0.6604
131	15	Lapras	1	0.7092	0.4603	0.2823	0.6531	0	0.7092
131	16	Lapras	1	0.6953	0.5178	0.3269	0.6531	0	0.6953
131	17	Lapras	1	0.4846	0.4198	0.0829	0.6531	0.1685	0.3161
131	18	Lapras	1	0.673	0.4	0.3127	0.6531	0	0.673
131	19	Lapras	1	0.5976	0.5024	0.2334	0.6531	0.0555	0.5421
1311	7	Dachsbun	2	0.583	0.3938	0.0594	0.5057	0	0.583
1311	8	Dachsbun	2	0.5762	0.4555	0.0772	0.5057	0	0.5762
1311	9	Dachsbun	2	0.5022	0.3399	-0.0216	0.5057	0.0035	0.4987
1311	10	Dachsbun	2	0.5461	0.4151	0.031	0.5057	0	0.5461
1311	11	Dachsbun	2	0.5636	0.4973	0.1416	0.5057	0	0.5636
1311	12	Dachsbun	2	0.4886	0.3369	0.002	0.5057	0.0171	0.4715
1311	13	Dachsbun	2	0.5031	0.4116	0.0754	0.5057	0.0026	0.5005
1311	14	Dachsbun	2	0.5428	0.3704	0.116	0.5057	0	0.5428
1311	15	Dachsbun	2	0.5057	0.4199	0.071	0.5057	0	0.5057
1311	16	Dachsbun	2	0.5054	0.3917	0.1007	0.5057	0.0003	0.5051
1311	17	Dachsbun	2	0.4196	0.3617	0.0263	0.5057	0.0861	0.3335
1311	18	Dachsbun	2	0.4312	0.3487	0.0394	0.5057	0.0745	0.3567
1311	19	Dachsbun	2	0.5081	0.3627	0.1087	0.5057	0	0.5081
1313	1	Smoliv	1	0.4857	0.3287	-0.1398	0.5418	0.0561	0.4296
1313	2	Smoliv	1	0.29	0.1978	-0.2859	0.5418	0.2518	0.0382
1313	3	Arboliva	3	0.4571	0.3546	0.0685	0.5418	0.0847	0.3724
1313	4	Arboliva	3	0.3914	0.3401	-0.072	0.5418	0.1504	0.241
1313	5	Arboliva	3	0.4889	0.3677	-0.0229	0.5418	0.0529	0.436
1313	6	Arboliva	3	0.6524	0.4002	0.1638	0.5418	0	0.6524
1313	7	Arboliva	3	0.599	0.3461	0.0765	0.5418	0	0.599
1313	8	Arboliva	3	0.567	0.3132	0.0337	0.5418	0	0.567
1313	9	Arboliva	3	0.5527	0.3396	0.0311	0.5418	0	0.5527
1313	10	Arboliva	3	0.5591	0.3799	0.0429	0.5418	0	0.5591
1313	11	Arboliva	3	0.5792	0.3993	-0.0035	0.5418	0	0.5792
1313	12	Arboliva	3	0.5378	0.3113	0.0269	0.5418	0.004	0.5338
1313	13	Arboliva	3	0.519	0.3157	-0.0427	0.5418	0.0228	0.4962
1313	14	Arboliva	3	0.6565	0.4035	0.111	0.5418	0	0.6565
1313	15	Arboliva	3	0.5855	0.3377	0.0474	0.5418	0	0.5855
1313	16	Arboliva	3	0.5418	0.3535	0.0038	0.5418	0	0.5418
1313	17	Arboliva	3	0.5418	0.3723	0.0425	0.5418	0	0.5418
1313	18	Arboliva	3	0.4594	0.2872	-0.045	0.5418	0.0824	0.377
1313	19	Arboliva	3	0.5536	0.3195	0.0446	0.5418	0	0.5536
1316	7	Squawkabilly-Green	1	0.6227	0.404	0.0991	0.5837	0	0.6227
1316	8	Squawkabilly-Green	1	0.5552	0.4336	0.0562	0.5837	0.0285	0.5267
1316	9	Squawkabilly-Green	1	0.6487	0.4019	0.1249	0.5837	0	0.6487
1316	10	Squawkabilly-Green	1	0.5652	0.4222	0.0501	0.5837	0.0185	0.5467
1316	11	Squawkabilly-Green	1	0.6638	0.4549	0.1364	0.5837	0	0.6638
1316	12	Squawkabilly-Green	1	0.5456	0.3188	0.059	0.5837	0.0381	0.5075
1316	13	Squawkabilly-Green	1	0.5493	0.3742	0.0366	0.5837	0.0344	0.5149
1316	14	Squawkabilly-Green	1	0.5721	0.3418	0.0479	0.5837	0.0116	0.5605
1316	15	Squawkabilly-Green	1	0.6797	0.4324	0.1447	0.5837	0	0.6797
1316	16	Squawkabilly-Green	1	0.5963	0.3498	0.0961	0.5837	0	0.5963
1316	17	Squawkabilly-Green	1	0.5935	0.3304	0.0794	0.5837	0	0.5935
1316	18	Squawkabilly-Green	1	0.5255	0.3603	0.0452	0.5837	0.0582	0.4673
1316	19	Squawkabilly-Green	1	0.5837	0.3453	0.087	0.5837	0	0.5837
132	4	Ditto	1	0.1968	0.1453	-0.4854	0.107	0	0.1968
132	5	Ditto	1	0.171	0.111	-0.4526	0.107	0	0.171
132	6	Ditto	1	0.1425	0.1155	-0.5308	0.107	0	0.1425
132	7	Ditto	1	0.1275	0.1073	-0.4464	0.107	0	0.1275
132	8	Ditto	1	0.098	0.0771	-0.5085	0.107	0.009	0.089
132	9	Ditto	1	0.1286	0.0859	-0.4341	0.107	0	0.1286
132	10	Ditto	1	0.0884	0.0555	-0.4974	0.107	0.0186	0.0698
132	11	Ditto	1	0.1183	0.0797	-0.5016	0.107	0	0.1183
132	12	Ditto	1	0.0948	0.0596	-0.4369	0.107	0.0122	0.0826
132	13	Ditto	1	0.106	0.0662	-0.4997	0.107	0.001	0.105
132	14	Ditto	1	0.1101	0.0702	-0.5144	0.107	0	0.1101
132	15	Ditto	1	0.0947	0.0702	-0.5444	0.107	0.0123	0.0824
132	16	Ditto	1	0.0832	0.0582	-0.456	0.107	0.0238	0.0594
132	17	Ditto	1	0.1036	0.0607	-0.4598	0.107	0.0034	0.1002
132	18	Ditto	1	0.0603	0.0528	-0.4934	0.107	0.0467	0.0136
132	19	Ditto	1	0.108	0.0795	-0.4514	0.107	0	0.108
1320	1	Nacli	1	0.3507	0.2311	-0.2081	0.5905	0.2398	0.1109
1320	2	Nacli	1	0.3299	0.2435	-0.0348	0.5905	0.2606	0.0693
1320	3	Naclstack	2	0.3136	0.218	-0.1734	0.5905	0.2769	0.0367
1320	4	Naclstack	2	0.5679	0.4275	-0.022	0.5905	0.0226	0.5453
1320	5	Naclstack	2	0.4418	0.3535	-0.0938	0.5905	0.1487	0.2931
1320	6	Naclstack	2	0.5914	0.3608	0.1522	0.5905	0	0.5914
1320	7	Garganacl	3	0.5905	0.4283	0.17	0.5905	0	0.5905
1320	8	Garganacl	3	0.6781	0.4675	0.2541	0.5905	0	0.6781
1320	9	Garganacl	3	0.6308	0.469	0.1981	0.5905	0	0.6308
1320	10	Garganacl	3	0.6511	0.4636	0.2432	0.5905	0	0.6511
1320	11	Garganacl	3	0.6243	0.4825	0.1857	0.5905	0	0.6243
1320	12	Garganacl	3	0.7287	0.4827	0.2735	0.5905	0	0.7287
1320	13	Garganacl	3	0.734	0.4966	0.2374	0.5905	0	0.734
1320	14	Garganacl	3	0.5936	0.5287	0.123	0.5905	0	0.5936
1320	15	Garganacl	3	0.616	0.5502	0.0658	0.5905	0	0.616
1320	16	Garganacl	3	0.5662	0.4463	0.1246	0.5905	0.0243	0.5419
1320	17	Garganacl	3	0.5702	0.4607	0.173	0.5905	0.0203	0.5499
1320	18	Garganacl	3	0.5898	0.4027	0.1871	0.5905	0.0007	0.5891
1320	19	Garganacl	3	0.5888	0.4964	0.163	0.5905	0.0017	0.5871
1323	3	Charcadet	1	0.3272	0.2543	-0.1287	0.6287	0.3015	0.0257
1323	4	Charcadet	1	0.2929	0.2461	-0.1677	0.6287	0.3358	-0.0429
1323	5	Charcadet	1	0.3467	0.2771	-0.2003	0.6287	0.282	0.0647
1323	6	Ceruledge	2	0.7522	0.4527	0.2688	0.6287	0	0.7522
1323	7	Ceruledge	2	0.6451	0.3995	0.1482	0.6287	0	0.6451
1323	8	Armarouge	2	0.6114	0.3431	0.0781	0.6287	0.0173	0.5941
1323	9	Armarouge	2	0.6622	0.4511	0.1406	0.6287	0	0.6622
1323	10	Armarouge	2	0.6287	0.3986	0.1125	0.6287	0	0.6287
1323	11	Ceruledge	2	0.6251	0.4123	0.1082	0.6287	0.0036	0.6215
1323	12	Armarouge	2	0.6562	0.384	0.1453	0.6287	0	0.6562
1323	13	Ceruledge	2	0.6567	0.4355	0.1856	0.6287	0	0.6567
1323	14	Armarouge	2	0.6219	0.3287	0.0764	0.6287	0.0068	0.6151
1323	15	Armarouge	2	0.6803	0.4107	0.1422	0.6287	0	0.6803
1323	16	Ceruledge	2	0.5854	0.3661	0.1172	0.6287	0.0433	0.5421
1323	17	Ceruledge	2	0.6653	0.4422	0.2227	0.6287	0	0.6653
1323	18	Ceruledge	2	0.6388	0.4272	0.2016	0.6287	0	0.6388
1323	19	Armarouge	2	0.6192	0.361	0.1102	0.6287	0.0095	0.6097
1326	3	Tadbulb	1	0.3645	0.2654	-0.1225	0.6147	0.2502	0.1143
1326	4	Tadbulb	1	0.3497	0.2434	-0.1806	0.6147	0.265	0.0847
1326	5	Tadbulb	1	0.4142	0.2796	-0.1323	0.6147	0.2005	0.2137
1326	6	Bellibolt	2	0.6463	0.5505	0.1055	0.6147	0	0.6463
1326	7	Bellibolt	2	0.5808	0.4059	0.0583	0.6147	0.0339	0.5469
1326	8	Bellibolt	2	0.609	0.4238	0.0757	0.6147	0.0057	0.6033
1326	9	Bellibolt	2	0.6537	0.4579	0.1321	0.6147	0	0.6537
1326	10	Bellibolt	2	0.6025	0.4258	0.0863	0.6147	0.0122	0.5903
1326	11	Bellibolt	2	0.6804	0.461	0.0977	0.6147	0	0.6804
1326	12	Bellibolt	2	0.6256	0.3824	0.1147	0.6147	0	0.6256
1326	13	Bellibolt	2	0.7163	0.4357	0.1546	0.6147	0	0.7163
1326	14	Bellibolt	2	0.7062	0.5455	0.1607	0.6147	0	0.7062
1326	15	Bellibolt	2	0.6131	0.4335	0.075	0.6147	0.0016	0.6115
1326	16	Bellibolt	2	0.6147	0.4138	0.0767	0.6147	0	0.6147
1326	17	Bellibolt	2	0.6356	0.4346	0.1363	0.6147	0	0.6356
1326	18	Bellibolt	2	0.6144	0.3661	0.11	0.6147	0.0003	0.6141
1326	19	Bellibolt	2	0.6376	0.4313	0.1286	0.6147	0	0.6376
1328	1	Wattrel	1	0.5753	0.4061	-0.0273	0.5922	0.0169	0.5584
1328	2	Wattrel	1	0.4354	0.3613	-0.0894	0.5922	0.1568	0.2786
1328	3	Kilowattrel	2	0.6748	0.5052	0.1418	0.5922	0	0.6748
1328	4	Kilowattrel	2	0.7812	0.6108	0.1621	0.5922	0	0.7812
1328	5	Kilowattrel	2	0.672	0.5509	0.105	0.5922	0	0.672
1328	6	Kilowattrel	2	0.6874	0.4785	0.1668	0.5922	0	0.6874
1328	7	Kilowattrel	2	0.6094	0.4493	0.1194	0.5922	0	0.6094
1328	8	Kilowattrel	2	0.5844	0.4329	0.0962	0.5922	0.0078	0.5766
1328	9	Kilowattrel	2	0.6351	0.5142	0.137	0.5922	0	0.6351
1328	10	Kilowattrel	2	0.5857	0.4255	0.1239	0.5922	0.0065	0.5792
1328	11	Kilowattrel	2	0.7052	0.496	0.1559	0.5922	0	0.7052
1328	12	Kilowattrel	2	0.5657	0.3873	0.114	0.5922	0.0265	0.5392
1328	13	Kilowattrel	2	0.5691	0.434	0.0861	0.5922	0.0231	0.546
1328	14	Kilowattrel	2	0.6977	0.4544	0.1986	0.5922	0	0.6977
1328	15	Kilowattrel	2	0.6286	0.4521	0.1071	0.5922	0	0.6286
1328	16	Kilowattrel	2	0.5656	0.4449	0.0877	0.5922	0.0266	0.539
1328	17	Kilowattrel	2	0.5115	0.3614	0.069	0.5922	0.0807	0.4308
1328	18	Kilowattrel	2	0.5451	0.4123	0.0675	0.5922	0.0471	0.498
1328	19	Kilowattrel	2	0.5922	0.446	0.1078	0.5922	0	0.5922
133	3	Sylveon	2	0.478	0.4311	-0.0163	0.7107	0.2327	0.2453
133	4	Espeon	2	0.4941	0.4723	-0.0742	0.7107	0.2166	0.2775
133	5	Espeon	2	0.5463	0.474	-0.0002	0.7107	0.1644	0.3819
133	6	Jolteon	2	0.7176	0.4542	0.197	0.7107	0	0.7176
133	7	Vaporeon	2	0.7068	0.4222	0.2184	0.7107	0.0039	0.7029
133	8	Vaporeon	2	0.7456	0.3907	0.2748	0.7107	0	0.7456
133	9	Vaporeon	2	0.7136	0.3669	0.1638	0.7107	0	0.7136
133	10	Vaporeon	2	0.732	0.3808	0.2462	0.7107	0	0.732
133	11	Sylveon	2	0.7022	0.5079	0.1195	0.7107	0.0085	0.6937
133	12	Vaporeon	2	0.7032	0.3586	0.2412	0.7107	0.0075	0.6957
133	13	Vaporeon	2	0.7581	0.3747	0.2419	0.7107	0	0.7581
133	14	Jolteon	2	0.6991	0.4956	0.2	0.7107	0.0116	0.6875
133	15	Jolteon	2	0.7206	0.4115	0.1991	0.7107	0	0.7206
133	16	Vaporeon	2	0.7286	0.3631	0.2718	0.7107	0	0.7286
133	17	Vaporeon	2	0.7593	0.373	0.2311	0.7107	0	0.7593
133	18	Vaporeon	2	0.7036	0.3501	0.2263	0.7107	0.0071	0.6965
133	19	Vaporeon	2	0.7107	0.3513	0.1841	0.7107	0	0.7107
1330	7	Mabosstiff	2	0.469	0.3394	0.0589	0.4984	0.0294	0.4396
1330	8	Mabosstiff	2	0.4685	0.3371	0.0702	0.4984	0.0299	0.4386
1330	9	Mabosstiff	2	0.4984	0.3536	-0.0254	0.4984	0	0.4984
1330	10	Mabosstiff	2	0.5097	0.3525	-0.0054	0.4984	0	0.5097
1330	11	Mabosstiff	2	0.5138	0.3719	-0.0136	0.4984	0	0.5138
1330	12	Mabosstiff	2	0.4578	0.3208	-0.0288	0.4984	0.0406	0.4172
1330	13	Mabosstiff	2	0.4601	0.3418	-0.0526	0.4984	0.0383	0.4218
1330	14	Mabosstiff	2	0.5602	0.3593	0.036	0.4984	0	0.5602
1330	15	Mabosstiff	2	0.5103	0.3742	-0.0247	0.4984	0	0.5103
1330	16	Mabosstiff	2	0.5369	0.3321	0.0367	0.4984	0	0.5369
1330	17	Mabosstiff	2	0.4496	0.2856	-0.0645	0.4984	0.0488	0.4008
1330	18	Mabosstiff	2	0.441	0.292	-0.0393	0.4984	0.0574	0.3836
1330	19	Mabosstiff	2	0.5211	0.3345	0.0244	0.4984	0	0.5211
1332	4	Grafaiai	2	0.4383	0.3969	-0.1808	0.4749	0.0366	0.4017
1332	5	Grafaiai	2	0.4478	0.3693	-0.112	0.4749	0.0271	0.4207
1332	6	Grafaiai	2	0.6247	0.3508	0.171	0.4749	0	0.6247
1332	7	Grafaiai	2	0.4647	0.3042	0.0541	0.4749	0.0102	0.4545
1332	8	Grafaiai	2	0.5577	0.3219	0.1409	0.4749	0	0.5577
1332	9	Grafaiai	2	0.5582	0.3482	0.1458	0.4749	0	0.5582
1332	10	Grafaiai	2	0.4638	0.3399	0.0742	0.4749	0.0111	0.4527
1332	11	Grafaiai	2	0.5606	0.3451	0.1284	0.4749	0	0.5606
1332	12	Grafaiai	2	0.5201	0.3367	0.1506	0.4749	0	0.5201
1332	13	Grafaiai	2	0.5169	0.3423	0.0741	0.4749	0	0.5169
1332	14	Grafaiai	2	0.4716	0.3291	0.0512	0.4749	0.0033	0.4683
1332	15	Grafaiai	2	0.432	0.3239	-0.048	0.4749	0.0429	0.3891
1332	16	Grafaiai	2	0.4349	0.307	0.0313	0.4749	0.04	0.3949
1332	17	Grafaiai	2	0.4782	0.3261	0.0441	0.4749	0	0.4782
1332	18	Grafaiai	2	0.4294	0.3259	0.0138	0.4749	0.0455	0.3839
1332	19	Grafaiai	2	0.4904	0.3204	0.0987	0.4749	0	0.4904
1334	7	Brambleghast	2	0.5471	0.3882	0.0235	0.5822	0.0351	0.512
1334	8	Brambleghast	2	0.4784	0.3209	-0.0206	0.5822	0.1038	0.3746
1334	9	Brambleghast	2	0.6236	0.4052	0.0998	0.5822	0	0.6236
1334	10	Brambleghast	2	0.6287	0.3954	0.1136	0.5822	0	0.6287
1334	11	Brambleghast	2	0.6069	0.3816	0.0795	0.5822	0	0.6069
1334	12	Brambleghast	2	0.5426	0.3438	0.056	0.5822	0.0396	0.503
1334	13	Brambleghast	2	0.5822	0.4155	0.0695	0.5822	0	0.5822
1334	14	Brambleghast	2	0.552	0.3722	0.0278	0.5822	0.0302	0.5218
1334	15	Brambleghast	2	0.6925	0.4209	0.1575	0.5822	0	0.6925
1334	16	Brambleghast	2	0.4848	0.3506	-0.0154	0.5822	0.0974	0.3874
1334	17	Brambleghast	2	0.6121	0.4161	0.098	0.5822	0	0.6121
1334	18	Brambleghast	2	0.5846	0.3634	0.1043	0.5822	0	0.5846
1334	19	Brambleghast	2	0.5245	0.3356	0.0278	0.5822	0.0577	0.4668
1336	1	Toedscool	1	0.5809	0.4776	0.1033	0.6108	0.0299	0.551
1336	2	Toedscool	1	0.3766	0.3154	-0.0889	0.6108	0.2342	0.1424
1336	3	Toedscool	1	0.4481	0.3444	0.0376	0.6108	0.1627	0.2854
1336	4	Toedscruel	2	0.4834	0.4606	0.0228	0.6108	0.1274	0.356
1336	5	Toedscruel	2	0.5518	0.5061	0.04	0.6108	0.059	0.4928
1336	6	Toedscruel	2	0.6023	0.3822	0.1486	0.6108	0.0085	0.5938
1336	7	Toedscruel	2	0.671	0.3556	0.1485	0.6108	0	0.671
1336	8	Toedscruel	2	0.6407	0.3405	0.1074	0.6108	0	0.6407
1336	9	Toedscruel	2	0.6374	0.403	0.1158	0.6108	0	0.6374
1336	10	Toedscruel	2	0.6299	0.4104	0.1137	0.6108	0	0.6299
1336	11	Toedscruel	2	0.6128	0.3569	0.0301	0.6108	0	0.6128
1336	12	Toedscruel	2	0.5979	0.3409	0.087	0.6108	0.0129	0.585
1336	13	Toedscruel	2	0.5847	0.3454	0.023	0.6108	0.0261	0.5586
1336	14	Toedscruel	2	0.7047	0.3961	0.1592	0.6108	0	0.7047
1336	15	Toedscruel	2	0.6649	0.388	0.1268	0.6108	0	0.6649
1336	16	Toedscruel	2	0.582	0.3765	0.044	0.6108	0.0288	0.5532
1336	17	Toedscruel	2	0.6201	0.3991	0.1208	0.6108	0	0.6201
1336	18	Toedscruel	2	0.6127	0.3695	0.1083	0.6108	0	0.6127
1336	19	Toedscruel	2	0.6108	0.3423	0.1018	0.6108	0	0.6108
1338	1	Klawf	1	0.5693	0.3759	0.1934	0.5055	0	0.5693
1338	2	Klawf	1	0.4578	0.4126	0.0532	0.5055	0.0477	0.4101
1338	3	Klawf	1	0.402	0.3121	-0.085	0.5055	0.1035	0.2985
1338	4	Klawf	1	0.4125	0.3496	-0.1178	0.5055	0.093	0.3195
1338	5	Klawf	1	0.4375	0.3398	-0.1249	0.5055	0.068	0.3695
1338	6	Klawf	1	0.6212	0.3606	0.182	0.5055	0	0.6212
1338	7	Klawf	1	0.5055	0.3009	0.0954	0.5055	0	0.5055
1338	8	Klawf	1	0.5339	0.3357	0.1356	0.5055	0	0.5339
1338	9	Klawf	1	0.5354	0.3293	0.1118	0.5055	0	0.5354
1338	10	Klawf	1	0.5184	0.282	0.1084	0.5055	0	0.5184
1338	11	Klawf	1	0.4545	0.2837	0.0325	0.5055	0.051	0.4035
1338	12	Klawf	1	0.6125	0.343	0.2141	0.5055	0	0.6125
1338	13	Klawf	1	0.6287	0.3654	0.2051	0.5055	0	0.6287
1338	14	Klawf	1	0.5628	0.3688	0.1353	0.5055	0	0.5628
1338	15	Klawf	1	0.5969	0.3195	0.1496	0.5055	0	0.5969
1338	16	Klawf	1	0.4626	0.2994	0.0585	0.5055	0.0429	0.4197
1338	17	Klawf	1	0.4688	0.2799	0.0822	0.5055	0.0367	0.4321
1338	18	Klawf	1	0.4465	0.2857	-0.0013	0.5055	0.059	0.3875
1338	19	Klawf	1	0.4944	0.2846	0.0968	0.5055	0.0111	0.4833
1339	3	Capsakid	1	0.417	0.34	0.0009	0.5453	0.1283	0.2887
1339	4	Capsakid	1	0.3199	0.2688	-0.1184	0.5453	0.2254	0.0945
1339	5	Capsakid	1	0.4107	0.254	-0.1563	0.5453	0.1346	0.2761
1339	6	Scovillain	2	0.5555	0.4078	0.0349	0.5453	0	0.5555
1339	7	Scovillain	2	0.5459	0.4356	0.0559	0.5453	0	0.5459
1339	8	Scovillain	2	0.5028	0.3631	0.0146	0.5453	0.0425	0.4603
1339	9	Scovillain	2	0.5891	0.4432	0.091	0.5453	0	0.5891
1339	10	Scovillain	2	0.5618	0.3826	0.1	0.5453	0	0.5618
1339	11	Scovillain	2	0.5859	0.4355	0.0366	0.5453	0	0.5859
1339	12	Scovillain	2	0.5227	0.3824	0.071	0.5453	0.0226	0.5001
1339	13	Scovillain	2	0.5453	0.3823	0.0623	0.5453	0	0.5453
1339	14	Scovillain	2	0.6212	0.4406	0.1221	0.5453	0	0.6212
1339	15	Scovillain	2	0.5752	0.4066	0.0537	0.5453	0	0.5752
1339	16	Scovillain	2	0.5395	0.3901	0.0616	0.5453	0.0058	0.5337
1339	17	Scovillain	2	0.5663	0.3733	0.1238	0.5453	0	0.5663
1339	18	Scovillain	2	0.4657	0.3363	-0.0119	0.5453	0.0796	0.3861
1339	19	Scovillain	2	0.4945	0.3569	0.0101	0.5453	0.0508	0.4437
1341	7	Rabsca	2	0.4539	0.3936	-0.0686	0.5835	0.1296	0.3243
1341	8	Rabsca	2	0.5392	0.3256	0.0059	0.5835	0.0443	0.4949
1341	9	Rabsca	2	0.5835	0.3948	0.0619	0.5835	0	0.5835
1341	10	Rabsca	2	0.6168	0.3668	0.1006	0.5835	0	0.6168
1341	11	Rabsca	2	0.6593	0.4605	0.0766	0.5835	0	0.6593
1341	12	Rabsca	2	0.5686	0.3486	0.0577	0.5835	0.0149	0.5537
1341	13	Rabsca	2	0.6153	0.3087	0.1364	0.5835	0	0.6153
1341	14	Rabsca	2	0.6178	0.3414	0.1778	0.5835	0	0.6178
1341	15	Rabsca	2	0.6475	0.4435	0.1895	0.5835	0	0.6475
1341	16	Rabsca	2	0.5028	0.3443	0.0973	0.5835	0.0807	0.4221
1341	17	Rabsca	2	0.5186	0.3256	0.0935	0.5835	0.0649	0.4537
1341	18	Rabsca	2	0.6082	0.3053	0.1366	0.5835	0	0.6082
1341	19	Rabsca	2	0.5403	0.3245	0.1124	0.5835	0.0432	0.4971
1343	7	Espathra	2	0.5565	0.4221	0.0665	0.5861	0.0296	0.5269
1343	8	Espathra	2	0.5874	0.385	0.0992	0.5861	0	0.5874
1343	9	Espathra	2	0.6119	0.3858	0.1138	0.5861	0	0.6119
1343	10	Espathra	2	0.592	0.3669	0.1302	0.5861	0	0.592
1343	11	Espathra	2	0.5985	0.3861	0.0492	0.5861	0	0.5985
1343	12	Espathra	2	0.5442	0.3267	0.0925	0.5861	0.0419	0.5023
1343	13	Espathra	2	0.5842	0.3273	0.1012	0.5861	0.0019	0.5823
1343	14	Espathra	2	0.6239	0.3628	0.1248	0.5861	0	0.6239
1343	15	Espathra	2	0.6316	0.3717	0.1101	0.5861	0	0.6316
1343	16	Espathra	2	0.5833	0.3838	0.1054	0.5861	0.0028	0.5805
1343	17	Espathra	2	0.5858	0.3105	0.1433	0.5861	0.0003	0.5855
1343	18	Espathra	2	0.5336	0.3559	0.056	0.5861	0.0525	0.4811
1343	19	Espathra	2	0.5861	0.3397	0.1017	0.5861	0	0.5861
1345	3	Tinkatuff	2	0.489	0.4177	-0.044	0.6594	0.1704	0.3186
1345	4	Tinkatuff	2	0.5034	0.3738	-0.1157	0.6594	0.156	0.3474
1345	5	Tinkatuff	2	0.5325	0.4038	-0.0273	0.6594	0.1269	0.4056
1345	6	Tinkatuff	2	0.6556	0.3436	0.1273	0.6594	0.0038	0.6518
1345	7	Tinkaton	3	0.6752	0.4333	0.1516	0.6594	0	0.6752
1345	8	Tinkaton	3	0.5757	0.3472	0.0767	0.6594	0.0837	0.492
1345	9	Tinkaton	3	0.6971	0.4516	0.1733	0.6594	0	0.6971
1345	10	Tinkaton	3	0.6415	0.434	0.1264	0.6594	0.0179	0.6236
1345	11	Tinkaton	3	0.72	0.4351	0.1926	0.6594	0	0.72
1345	12	Tinkaton	3	0.7274	0.4384	0.2408	0.6594	0	0.7274
1345	13	Tinkaton	3	0.7479	0.4795	0.2352	0.6594	0	0.7479
1345	14	Tinkaton	3	0.723	0.4159	0.1988	0.6594	0	0.723
1345	15	Tinkaton	3	0.6605	0.5043	0.1255	0.6594	0	0.6605
1345	16	Tinkaton	3	0.5626	0.3528	0.0624	0.6594	0.0968	0.4658
1345	17	Tinkaton	3	0.6142	0.4256	0.1001	0.6594	0.0452	0.569
1345	18	Tinkaton	3	0.685	0.3947	0.2047	0.6594	0	0.685
1345	19	Tinkaton	3	0.6594	0.3992	0.1627	0.6594	0	0.6594
1348	1	Wugtrio	2	0.5285	0.4785	-0.0741	0.5054	0	0.5285
1348	2	Wugtrio	2	0.5102	0.4505	-0.0146	0.5054	0	0.5102
1348	3	Wugtrio	2	0.5002	0.4216	-0.0328	0.5054	0.0052	0.495
1348	4	Wugtrio	2	0.5052	0.4309	-0.1139	0.5054	0.0002	0.505
1348	5	Wugtrio	2	0.5196	0.4497	-0.0402	0.5054	0	0.5196
1348	6	Wugtrio	2	0.4768	0.3256	0.05	0.5054	0.0286	0.4482
1348	7	Wugtrio	2	0.5379	0.396	0.0823	0.5054	0	0.5379
1348	8	Wugtrio	2	0.4747	0.3615	0.045	0.5054	0.0307	0.444
1348	9	Wugtrio	2	0.4845	0.3491	-0.0393	0.5054	0.0209	0.4636
1348	10	Wugtrio	2	0.46	0.2829	-0.0551	0.5054	0.0454	0.4146
1348	11	Wugtrio	2	0.4718	0.3089	-0.0556	0.5054	0.0336	0.4382
1348	12	Wugtrio	2	0.5728	0.291	0.0862	0.5054	0	0.5728
1348	13	Wugtrio	2	0.5163	0.3171	0.0036	0.5054	0	0.5163
1348	14	Wugtrio	2	0.5254	0.3175	0.0012	0.5054	0	0.5254
1348	15	Wugtrio	2	0.5259	0.3098	-0.0091	0.5054	0	0.5259
1348	16	Wugtrio	2	0.5054	0.3392	0.0052	0.5054	0	0.5054
1348	17	Wugtrio	2	0.468	0.3151	-0.0461	0.5054	0.0374	0.4306
1348	18	Wugtrio	2	0.4794	0.3031	-0.0009	0.5054	0.026	0.4534
1348	19	Wugtrio	2	0.5314	0.3292	0.0347	0.5054	0	0.5314
1350	1	Bombirdier	1	0.6953	0.4466	0.1228	0.6105	0	0.6953
1350	2	Bombirdier	1	0.7388	0.4716	0.214	0.6105	0	0.7388
1350	3	Bombirdier	1	0.6586	0.4004	0.1256	0.6105	0	0.6586
1350	4	Bombirdier	1	0.7385	0.4147	0.1194	0.6105	0	0.7385
1350	5	Bombirdier	1	0.6622	0.4135	0.1024	0.6105	0	0.6622
1350	6	Bombirdier	1	0.4451	0.3404	-0.0454	0.6105	0.1654	0.2797
1350	7	Bombirdier	1	0.6105	0.4183	0.1225	0.6105	0	0.6105
1350	8	Bombirdier	1	0.6077	0.3952	0.177	0.6105	0.0028	0.6049
1350	9	Bombirdier	1	0.6125	0.4022	0.1528	0.6105	0	0.6125
1350	10	Bombirdier	1	0.5517	0.3232	0.086	0.6105	0.0588	0.4929
1350	11	Bombirdier	1	0.6842	0.4228	0.1568	0.6105	0	0.6842
1350	12	Bombirdier	1	0.4803	0.3356	-0.0063	0.6105	0.1302	0.3501
1350	13	Bombirdier	1	0.6212	0.4	0.1085	0.6105	0	0.6212
1350	14	Bombirdier	1	0.5897	0.3425	0.0655	0.6105	0.0208	0.5689
1350	15	Bombirdier	1	0.7089	0.4146	0.1739	0.6105	0	0.7089
1350	16	Bombirdier	1	0.5831	0.36	0.0829	0.6105	0.0274	0.5557
1350	17	Bombirdier	1	0.4452	0.2856	-0.0689	0.6105	0.1653	0.2799
1350	18	Bombirdier	1	0.5261	0.3226	0.0458	0.6105	0.0844	0.4417
1350	19	Bombirdier	1	0.5975	0.3584	0.1008	0.6105	0.013	0.5845
1351	1	Finizen	1	0.4409	0.3788	-0.1617	0.5457	0.1048	0.3361
1351	2	Palafin-Zero	2	0.5292	0.4622	0.0044	0.5457	0.0165	0.5127
1351	3	Palafin-Zero	2	0.5543	0.4832	0.0213	0.5457	0	0.5543
1351	4	Palafin-Zero	2	0.5494	0.508	-0.0697	0.5457	0	0.5494
1351	5	Palafin-Zero	2	0.5457	0.4996	-0.0141	0.5457	0	0.5457
1351	6	Palafin-Zero	2	0.4645	0.2914	-0.0189	0.5457	0.0812	0.3833
1351	7	Palafin-Zero	2	0.5914	0.4209	0.0945	0.5457	0	0.5914
1351	8	Palafin-Zero	2	0.528	0.3787	0.0495	0.5457	0.0177	0.5103
1351	9	Palafin-Zero	2	0.5507	0.3748	0.0709	0.5457	0	0.5507
1351	10	Palafin-Zero	2	0.5812	0.372	0.0957	0.5457	0	0.5812
1351	11	Palafin-Zero	2	0.5035	0.3512	-0.0134	0.5457	0.0422	0.4613
1351	12	Palafin-Zero	2	0.4936	0.3255	0.0275	0.5457	0.0521	0.4415
1351	13	Palafin-Zero	2	0.619	0.3782	0.1479	0.5457	0	0.619
1351	14	Palafin-Zero	2	0.5912	0.3372	0.0862	0.5457	0	0.5912
1351	15	Palafin-Zero	2	0.5274	0.3186	0.0248	0.5457	0.0183	0.5091
1351	16	Palafin-Zero	2	0.5681	0.3769	0.0999	0.5457	0	0.5681
1351	17	Palafin-Zero	2	0.5209	0.3631	0.0783	0.5457	0.0248	0.4961
1351	18	Palafin-Zero	2	0.4904	0.3218	0.0532	0.5457	0.0553	0.4351
1351	19	Palafin-Zero	2	0.5711	0.3368	0.1221	0.5457	0	0.5711
1354	1	Varoom	1	0.3254	0.1593	-0.1134	0.5864	0.261	0.0644
1354	2	Varoom	1	0.4628	0.2819	-0.0027	0.5864	0.1236	0.3392
1354	3	Varoom	1	0.4054	0.2087	-0.0505	0.5864	0.181	0.2244
1354	4	Varoom	1	0.415	0.2516	-0.0456	0.5864	0.1714	0.2436
1354	5	Varoom	1	0.3938	0.2529	-0.1686	0.5864	0.1926	0.2012
1354	6	Revavroom	2	0.751	0.3468	0.3118	0.5864	0	0.751
1354	7	Revavroom	2	0.4535	0.2878	0.0434	0.5864	0.1329	0.3206
1354	8	Revavroom	2	0.4559	0.2475	0.0576	0.5864	0.1305	0.3254
1354	9	Revavroom	2	0.6334	0.3594	0.2098	0.5864	0	0.6334
1354	10	Revavroom	2	0.5864	0.3456	0.1764	0.5864	0	0.5864
1354	11	Revavroom	2	0.6471	0.3594	0.2251	0.5864	0	0.6471
1354	12	Revavroom	2	0.6792	0.3674	0.2808	0.5864	0	0.6792
1354	13	Revavroom	2	0.7518	0.3989	0.3282	0.5864	0	0.7518
1354	14	Revavroom	2	0.5905	0.3374	0.163	0.5864	0	0.5905
1354	15	Revavroom	2	0.6756	0.4139	0.2283	0.5864	0	0.6756
1354	16	Revavroom	2	0.5068	0.281	0.1027	0.5864	0.0796	0.4272
1354	17	Revavroom	2	0.6605	0.3556	0.2739	0.5864	0	0.6605
1354	18	Revavroom	2	0.4836	0.3352	0.0358	0.5864	0.1028	0.3808
1354	19	Revavroom	2	0.5922	0.3169	0.1946	0.5864	0	0.5922
1356	3	Cyclizar	1	0.5046	0.3459	0.0941	0.5516	0.047	0.4576
1356	4	Cyclizar	1	0.6334	0.4099	0.1993	0.5516	0	0.6334
1356	5	Cyclizar	1	0.5827	0.3885	0.1942	0.5516	0	0.5827
1356	6	Cyclizar	1	0.6046	0.3651	0.2395	0.5516	0	0.6046
1356	7	Cyclizar	1	0.602	0.3809	0.114	0.5516	0	0.602
1356	8	Cyclizar	1	0.662	0.4133	0.2313	0.5516	0	0.662
1356	9	Cyclizar	1	0.6285	0.3499	0.1688	0.5516	0	0.6285
1356	10	Cyclizar	1	0.458	0.3012	-0.0077	0.5516	0.0936	0.3644
1356	11	Cyclizar	1	0.5516	0.3376	0.0645	0.5516	0	0.5516
1356	12	Cyclizar	1	0.5159	0.3244	0.0744	0.5516	0.0357	0.4802
1356	13	Cyclizar	1	0.5464	0.3308	0.1032	0.5516	0.0052	0.5412
1356	14	Cyclizar	1	0.5866	0.3412	0.1875	0.5516	0	0.5866
1356	15	Cyclizar	1	0.6034	0.404	0.1549	0.5516	0	0.6034
1356	16	Cyclizar	1	0.5358	0.3419	0.1197	0.5516	0.0158	0.52
1356	17	Cyclizar	1	0.4378	0.2648	0.0401	0.5516	0.1138	0.324
1356	18	Cyclizar	1	0.4779	0.3227	0.0352	0.5516	0.0737	0.4042
1356	19	Cyclizar	1	0.5085	0.3284	0.0644	0.5516	0.0431	0.4654
1357	2	Orthworm	1	0.4235	0.3669	-0.0801	0.5343	0.1108	0.3127
1357	3	Orthworm	1	0.4387	0.3795	-0.105	0.5343	0.0956	0.3431
1357	4	Orthworm	1	0.4766	0.3834	-0.16	0.5343	0.0576	0.419
1357	5	Orthworm	1	0.4753	0.3635	-0.0603	0.5343	0.059	0.4163
1357	6	Orthworm	1	0.633	0.3766	0.1938	0.5343	0	0.633
1357	7	Orthworm	1	0.4776	0.3019	0.0571	0.5343	0.0566	0.421
1357	8	Orthworm	1	0.4017	0.2537	-0.0223	0.5343	0.1326	0.2691
1357	9	Orthworm	1	0.6224	0.3801	0.21	0.5343	0	0.6224
1357	10	Orthworm	1	0.5533	0.3547	0.1637	0.5343	0	0.5533
1357	11	Orthworm	1	0.5556	0.3617	0.1234	0.5343	0	0.5556
1357	12	Orthworm	1	0.5874	0.3695	0.2179	0.5343	0	0.5874
1357	13	Orthworm	1	0.6286	0.3689	0.1858	0.5343	0	0.6286
1357	14	Orthworm	1	0.542	0.3214	0.1216	0.5343	0	0.542
1357	15	Orthworm	1	0.6143	0.3737	0.1343	0.5343	0	0.6143
1357	16	Orthworm	1	0.5006	0.2946	0.097	0.5343	0.0336	0.467
1357	17	Orthworm	1	0.5762	0.3864	0.1421	0.5343	0	0.5762
1357	18	Orthworm	1	0.4458	0.3073	0.0302	0.5343	0.0885	0.3573
1357	19	Orthworm	1	0.5265	0.3295	0.1348	0.5343	0.0078	0.5187
1358	7	Glimmora	2	0.5984	0.3815	0.0759	0.6142	0.0158	0.5826
1358	8	Glimmora	2	0.6522	0.3877	0.1189	0.6142	0	0.6522
1358	9	Glimmora	2	0.6142	0.3945	0.0926	0.6142	0	0.6142
1358	10	Glimmora	2	0.6152	0.4295	0.099	0.6142	0	0.6152
1358	11	Glimmora	2	0.6339	0.349	0.0512	0.6142	0	0.6339
1358	12	Glimmora	2	0.6464	0.3898	0.1355	0.6142	0	0.6464
1358	13	Glimmora	2	0.6821	0.4531	0.1204	0.6142	0	0.6821
1358	14	Glimmora	2	0.6162	0.377	0.0707	0.6142	0	0.6162
1358	15	Glimmora	2	0.6111	0.3319	0.073	0.6142	0.0031	0.608
1358	16	Glimmora	2	0.5682	0.3626	0.0302	0.6142	0.046	0.5222
1358	17	Glimmora	2	0.5395	0.3184	0.0402	0.6142	0.0747	0.4648
1358	18	Glimmora	2	0.6117	0.3213	0.1073	0.6142	0.0025	0.6092
1358	19	Glimmora	2	0.6088	0.3471	0.0998	0.6142	0.0054	0.6034
1360	2	Greavard	1	0.4796	0.362	-0.0452	0.5555	0.0759	0.4037
1360	3	Greavard	1	0.5618	0.3523	0.0288	0.5555	0	0.5618
1360	4	Houndstone	2	0.5939	0.5432	0.0758	0.5555	0	0.5939
1360	5	Houndstone	2	0.6997	0.5197	0.1373	0.5555	0	0.6997
1360	6	Houndstone	2	0.612	0.4947	0.1215	0.5555	0	0.612
1360	7	Houndstone	2	0.592	0.461	0.0684	0.5555	0	0.592
1360	8	Houndstone	2	0.5043	0.3983	0.0053	0.5555	0.0513	0.453
1360	9	Houndstone	2	0.6342	0.4496	0.1104	0.5555	0	0.6342
1360	10	Houndstone	2	0.5723	0.3824	0.0572	0.5555	0	0.5723
1360	11	Houndstone	2	0.5456	0.4472	0.0182	0.5555	0.01	0.5356
1360	12	Houndstone	2	0.4927	0.4068	0.0061	0.5555	0.0628	0.4299
1360	13	Houndstone	2	0.5719	0.4722	0.0592	0.5555	0	0.5719
1360	14	Houndstone	2	0.507	0.3893	-0.0172	0.5555	0.0485	0.4585
1360	15	Houndstone	2	0.5976	0.4476	0.0626	0.5555	0	0.5976
1360	16	Houndstone	2	0.503	0.3636	0.0028	0.5555	0.0525	0.4505
1360	17	Houndstone	2	0.5139	0.4068	-0.0002	0.5555	0.0416	0.4723
1360	18	Houndstone	2	0.5493	0.4211	0.069	0.5555	0.0062	0.5431
1360	19	Houndstone	2	0.5025	0.3838	0.0058	0.5555	0.0531	0.4494
1362	2	Flamigo	1	0.5573	0.4454	0.0325	0.5441	0	0.5573
1362	3	Flamigo	1	0.5451	0.4614	0.0121	0.5441	0	0.5451
1362	4	Flamigo	1	0.7531	0.6036	0.1495	0.5441	0	0.7531
1362	5	Flamigo	1	0.5718	0.4077	0.0094	0.5441	0	0.5718
1362	6	Flamigo	1	0.4986	0.3018	0.0081	0.5441	0.0455	0.4531
1362	7	Flamigo	1	0.6406	0.5178	0.117	0.5441	0	0.6406
1362	8	Flamigo	1	0.6241	0.4515	0.1251	0.5441	0	0.6241
1362	9	Flamigo	1	0.5943	0.4763	0.0705	0.5441	0	0.5943
1362	10	Flamigo	1	0.6405	0.468	0.1254	0.5441	0	0.6405
1362	11	Flamigo	1	0.6043	0.4078	0.0769	0.5441	0	0.6043
1362	12	Flamigo	1	0.463	0.3362	-0.0236	0.5441	0.0811	0.3819
1362	13	Flamigo	1	0.5281	0.4215	0.057	0.5441	0.016	0.5121
1362	14	Flamigo	1	0.5396	0.3981	0.0346	0.5441	0.0045	0.5351
1362	15	Flamigo	1	0.4907	0.321	-0.0119	0.5441	0.0534	0.4373
1362	16	Flamigo	1	0.543	0.3727	0.0748	0.5441	0.001	0.542
1362	17	Flamigo	1	0.44	0.2921	-0.0026	0.5441	0.1041	0.3359
1362	18	Flamigo	1	0.4579	0.3227	0.0207	0.5441	0.0862	0.3717
1362	19	Flamigo	1	0.5265	0.3702	0.0775	0.5441	0.0176	0.5089
1363	3	Cetoddle	1	0.5169	0.255	0.0361	0.6013	0.0844	0.4325
1363	4	Cetitan	2	0.6532	0.5995	0.0341	0.6013	0	0.6532
1363	5	Cetitan	2	0.679	0.4791	0.1192	0.6013	0	0.679
1363	6	Cetitan	2	0.6274	0.4757	0.1882	0.6013	0	0.6274
1363	7	Cetitan	2	0.5345	0.3588	0.1244	0.6013	0.0668	0.4677
1363	8	Cetitan	2	0.4608	0.396	-0.0382	0.6013	0.1405	0.3203
1363	9	Cetitan	2	0.6013	0.431	0.0775	0.6013	0	0.6013
1363	10	Cetitan	2	0.5881	0.4093	0.073	0.6013	0.0132	0.5749
1363	11	Cetitan	2	0.6148	0.4726	0.0874	0.6013	0	0.6148
1363	12	Cetitan	2	0.603	0.4378	0.1164	0.6013	0	0.603
1363	13	Cetitan	2	0.6229	0.4441	0.1102	0.6013	0	0.6229
1363	14	Cetitan	2	0.622	0.4065	0.0978	0.6013	0	0.622
1363	15	Cetitan	2	0.6532	0.4427	0.1182	0.6013	0	0.6532
1363	16	Cetitan	2	0.5748	0.3784	0.0746	0.6013	0.0265	0.5483
1363	17	Cetitan	2	0.5237	0.3684	0.0096	0.6013	0.0776	0.4461
1363	18	Cetitan	2	0.5014	0.3242	0.0211	0.6013	0.0999	0.4015
1363	19	Cetitan	2	0.5619	0.3728	0.0652	0.6013	0.0394	0.5225
1365	1	Veluza	1	0.6676	0.5725	0.0951	0.6211	0	0.6676
1365	2	Veluza	1	0.6211	0.4388	0.1175	0.6211	0	0.6211
1365	3	Veluza	1	0.6733	0.4263	0.1403	0.6211	0	0.6733
1365	4	Veluza	1	0.5828	0.3436	0.0691	0.6211	0.0383	0.5445
1365	5	Veluza	1	0.6216	0.3939	0.1098	0.6211	0	0.6216
1365	6	Veluza	1	0.4586	0.2933	0.0248	0.6211	0.1625	0.2961
1365	7	Veluza	1	0.5359	0.4191	0.0679	0.6211	0.0852	0.4507
1365	8	Veluza	1	0.5002	0.3198	0.073	0.6211	0.1209	0.3793
1365	9	Veluza	1	0.6377	0.4587	0.1544	0.6211	0	0.6377
1365	10	Veluza	1	0.612	0.4359	0.1507	0.6211	0.0091	0.6029
1365	11	Veluza	1	0.6085	0.449	0.0811	0.6211	0.0126	0.5959
1365	12	Veluza	1	0.6205	0.4423	0.1339	0.6211	0.0006	0.6199
1365	13	Veluza	1	0.6334	0.4493	0.1207	0.6211	0	0.6334
1365	14	Veluza	1	0.5649	0.4247	0.0407	0.6211	0.0562	0.5087
1365	15	Veluza	1	0.6239	0.451	0.0889	0.6211	0	0.6239
1365	16	Veluza	1	0.5837	0.4283	0.0835	0.6211	0.0374	0.5463
1365	17	Veluza	1	0.6322	0.4583	0.1181	0.6211	0	0.6322
1365	18	Veluza	1	0.624	0.4175	0.1437	0.6211	0	0.624
1365	19	Veluza	1	0.6539	0.4563	0.1572	0.6211	0	0.6539
1366	1	Dondozo	1	0.472	0.4304	-0.1005	0.5982	0.1262	0.3458
1366	2	Dondozo	1	0.4846	0.4043	0.0764	0.5982	0.1136	0.371
1366	3	Dondozo	1	0.4609	0.3886	0.0723	0.5982	0.1373	0.3236
1366	4	Dondozo	1	0.4752	0.3541	0.0118	0.5982	0.123	0.3522
1366	5	Dondozo	1	0.4577	0.3702	-0.0473	0.5982	0.1405	0.3172
1366	6	Dondozo	1	0.4883	0.278	-0.0151	0.5982	0.1099	0.3784
1366	7	Dondozo	1	0.6121	0.3756	0.202	0.5982	0	0.6121
1366	8	Dondozo	1	0.5761	0.3524	0.1778	0.5982	0.0221	0.554
1366	9	Dondozo	1	0.6832	0.4999	0.2596	0.5982	0	0.6832
1366	10	Dondozo	1	0.7205	0.5096	0.3105	0.5982	0	0.7205
1366	11	Dondozo	1	0.6105	0.4882	0.1885	0.5982	0	0.6105
1366	12	Dondozo	1	0.6832	0.3652	0.2848	0.5982	0	0.6832
1366	13	Dondozo	1	0.7591	0.6057	0.3355	0.5982	0	0.7591
1366	14	Dondozo	1	0.6326	0.5043	0.2051	0.5982	0	0.6326
1366	15	Dondozo	1	0.5769	0.4424	0.1296	0.5982	0.0213	0.5556
1366	16	Dondozo	1	0.5982	0.4563	0.1941	0.5982	0	0.5982
1366	17	Dondozo	1	0.7352	0.4024	0.3486	0.5982	0	0.7352
1366	18	Dondozo	1	0.5765	0.4478	0.1287	0.5982	0.0217	0.5548
1366	19	Dondozo	1	0.6613	0.5112	0.2637	0.5982	0	0.6613
1367	1	Tatsugiri-Curly	1	0.5796	0.542	-0.023	0.543	0	0.5796
1367	2	Tatsugiri-Curly	1	0.5125	0.457	-0.0123	0.543	0.0305	0.482
1367	3	Tatsugiri-Curly	1	0.541	0.4581	0.008	0.543	0.002	0.539
1367	4	Tatsugiri-Curly	1	0.5576	0.4152	0.0273	0.543	0	0.5576
1367	5	Tatsugiri-Curly	1	0.5359	0.4069	0.0543	0.543	0.0071	0.5288
1367	6	Tatsugiri-Curly	1	0.6146	0.3402	0.2495	0.543	0	0.6146
1367	7	Tatsugiri-Curly	1	0.6124	0.4526	0.0899	0.543	0	0.6124
1367	8	Tatsugiri-Curly	1	0.6133	0.4345	0.08	0.543	0	0.6133
1367	9	Tatsugiri-Curly	1	0.5783	0.3963	0.0567	0.543	0	0.5783
1367	10	Tatsugiri-Curly	1	0.4907	0.3326	-0.0255	0.543	0.0523	0.4384
1367	11	Tatsugiri-Curly	1	0.5815	0.3803	-0.0012	0.543	0	0.5815
1367	12	Tatsugiri-Curly	1	0.5249	0.3191	0.014	0.543	0.0181	0.5068
1367	13	Tatsugiri-Curly	1	0.5763	0.3558	0.0146	0.543	0	0.5763
1367	14	Tatsugiri-Curly	1	0.543	0.335	-0.0025	0.543	0	0.543
1367	15	Tatsugiri-Curly	1	0.521	0.3209	-0.0171	0.543	0.022	0.499
1367	16	Tatsugiri-Curly	1	0.5674	0.3719	0.0294	0.543	0	0.5674
1367	17	Tatsugiri-Curly	1	0.4134	0.2728	-0.0859	0.543	0.1296	0.2838
1367	18	Tatsugiri-Curly	1	0.5138	0.3186	0.0094	0.543	0.0292	0.4846
1367	19	Tatsugiri-Curly	1	0.5192	0.3405	0.0102	0.543	0.0238	0.4954
137	3	Porygon	1	0.5065	0.3065	0.0122	0.5065	0	0.5065
137	4	Porygon	1	0.5077	0.4704	-0.0017	0.5065	0	0.5077
137	5	Porygon	1	0.4972	0.2948	-0.0493	0.5065	0.0093	0.4879
137	6	Porygon	1	0.5955	0.3507	0.1069	0.5065	0	0.5955
137	7	Porygon	1	0.5243	0.3448	0.0018	0.5065	0	0.5243
137	8	Porygon	1	0.5238	0.245	-0.0095	0.5065	0	0.5238
137	9	Porygon	1	0.4947	0.3114	-0.0269	0.5065	0.0118	0.4829
137	10	Porygon	1	0.4757	0.2629	-0.0405	0.5065	0.0308	0.4449
137	11	Porygon	1	0.5672	0.4103	-0.0155	0.5065	0	0.5672
137	12	Porygon	1	0.4615	0.2963	-0.0494	0.5065	0.045	0.4165
137	13	Porygon	1	0.5491	0.3105	-0.0126	0.5065	0	0.5491
137	14	Porygon	1	0.5174	0.3989	-0.0281	0.5065	0	0.5174
137	15	Porygon	1	0.5387	0.3585	0.0006	0.5065	0	0.5387
137	16	Porygon	1	0.4342	0.3296	-0.1038	0.5065	0.0723	0.3619
137	17	Porygon	1	0.5047	0.2708	0.0054	0.5065	0.0018	0.5029
137	18	Porygon	1	0.4949	0.2789	-0.0095	0.5065	0.0116	0.4833
137	19	Porygon	1	0.5048	0.3131	-0.0042	0.5065	0.0017	0.5031
1376	1	Great Tusk	1	0.5838	0.5487	-0.0188	0.577	0	0.5838
1376	2	Great Tusk	1	0.5328	0.461	0.008	0.577	0.0442	0.4886
1376	3	Great Tusk	1	0.5622	0.5245	0.0292	0.577	0.0148	0.5474
1376	4	Great Tusk	1	0.536	0.4383	0.0977	0.577	0.041	0.495
1376	5	Great Tusk	1	0.536	0.4518	-0.0264	0.577	0.041	0.495
1376	6	Great Tusk	1	0.577	0.3975	0.0936	0.577	0	0.577
1376	7	Great Tusk	1	0.627	0.4483	0.1301	0.577	0	0.627
1376	8	Great Tusk	1	0.5873	0.3904	0.1088	0.577	0	0.5873
1376	9	Great Tusk	1	0.6187	0.4339	0.1389	0.577	0	0.6187
1376	10	Great Tusk	1	0.6209	0.4346	0.1354	0.577	0	0.6209
1376	11	Great Tusk	1	0.6003	0.3864	0.0834	0.577	0	0.6003
1376	12	Great Tusk	1	0.5768	0.408	0.1107	0.577	0.0002	0.5766
1376	13	Great Tusk	1	0.5604	0.4349	0.0893	0.577	0.0166	0.5438
1376	14	Great Tusk	1	0.6225	0.4082	0.1175	0.577	0	0.6225
1376	15	Great Tusk	1	0.5188	0.3413	0.0162	0.577	0.0582	0.4606
1376	16	Great Tusk	1	0.6141	0.426	0.1459	0.577	0	0.6141
1376	17	Great Tusk	1	0.5333	0.376	0.0907	0.577	0.0437	0.4896
1376	18	Great Tusk	1	0.5379	0.3861	0.1007	0.577	0.0391	0.4988
1376	19	Great Tusk	1	0.6006	0.3916	0.1516	0.577	0	0.6006
1377	1	Scream Tail	1	0.4268	0.4287	-0.1457	0.7151	0.2883	0.1385
1377	2	Scream Tail	1	0.458	0.4123	-0.0456	0.7151	0.2571	0.2009
1377	3	Scream Tail	1	0.5902	0.4223	0.0572	0.7151	0.1249	0.4653
1377	4	Scream Tail	1	0.5552	0.4785	-0.0639	0.7151	0.1599	0.3953
1377	5	Scream Tail	1	0.6108	0.4636	0.0643	0.7151	0.1043	0.5065
1377	6	Scream Tail	1	0.7324	0.3747	0.2118	0.7151	0	0.7324
1377	7	Scream Tail	1	0.7151	0.5241	0.2251	0.7151	0	0.7151
1377	8	Scream Tail	1	0.69	0.4882	0.2018	0.7151	0.0251	0.6649
1377	9	Scream Tail	1	0.6994	0.4057	0.2013	0.7151	0.0157	0.6837
1377	10	Scream Tail	1	0.7234	0.4105	0.2616	0.7151	0	0.7234
1377	11	Scream Tail	1	0.7073	0.5493	0.158	0.7151	0.0078	0.6995
1377	12	Scream Tail	1	0.7557	0.432	0.304	0.7151	0	0.7557
1377	13	Scream Tail	1	0.7216	0.4802	0.2386	0.7151	0	0.7216
1377	14	Scream Tail	1	0.7733	0.4675	0.2742	0.7151	0	0.7733
1377	15	Scream Tail	1	0.754	0.5215	0.2325	0.7151	0	0.754
1377	16	Scream Tail	1	0.7678	0.4974	0.2899	0.7151	0	0.7678
1377	17	Scream Tail	1	0.6651	0.398	0.2226	0.7151	0.05	0.6151
1377	18	Scream Tail	1	0.7509	0.4563	0.2733	0.7151	0	0.7509
1377	19	Scream Tail	1	0.7215	0.4522	0.2371	0.7151	0	0.7215
1378	1	Brute Bonnet	1	0.5653	0.583	-0.0072	0.5202	0	0.5653
1378	2	Brute Bonnet	1	0.4747	0.4354	-0.0289	0.5202	0.0455	0.4292
1378	3	Brute Bonnet	1	0.5829	0.5442	0.1846	0.5202	0	0.5829
1378	4	Brute Bonnet	1	0.4336	0.4233	-0.1762	0.5202	0.0866	0.347
1378	5	Brute Bonnet	1	0.598	0.4831	0.1066	0.5202	0	0.598
1378	6	Brute Bonnet	1	0.5847	0.4591	0.0564	0.5202	0	0.5847
1378	7	Brute Bonnet	1	0.5616	0.3859	0.038	0.5202	0	0.5616
1378	8	Brute Bonnet	1	0.4675	0.3278	-0.0315	0.5202	0.0527	0.4148
1378	9	Brute Bonnet	1	0.514	0.4128	-0.0098	0.5202	0.0062	0.5078
1378	10	Brute Bonnet	1	0.5127	0.459	-0.0024	0.5202	0.0075	0.5052
1378	11	Brute Bonnet	1	0.572	0.4192	0.0446	0.5202	0	0.572
1378	12	Brute Bonnet	1	0.4688	0.3441	-0.0178	0.5202	0.0514	0.4174
1378	13	Brute Bonnet	1	0.4562	0.3942	-0.0565	0.5202	0.064	0.3922
1378	14	Brute Bonnet	1	0.5583	0.4822	0.0341	0.5202	0	0.5583
1378	15	Brute Bonnet	1	0.6378	0.4861	0.1028	0.5202	0	0.6378
1378	16	Brute Bonnet	1	0.5307	0.426	0.0305	0.5202	0	0.5307
1378	17	Brute Bonnet	1	0.5202	0.4302	0.0061	0.5202	0	0.5202
1378	18	Brute Bonnet	1	0.453	0.4057	-0.0273	0.5202	0.0672	0.3858
1378	19	Brute Bonnet	1	0.503	0.4215	0.0063	0.5202	0.0172	0.4858
1379	1	Flutter Mane	1	0.56	0.56	-0.0426	0.6433	0.0833	0.4767
1379	2	Flutter Mane	1	0.5366	0.4976	0.0118	0.6433	0.1067	0.4299
1379	3	Flutter Mane	1	0.5284	0.4952	-0.0046	0.6433	0.1149	0.4135
1379	4	Flutter Mane	1	0.6499	0.5243	0.0401	0.6433	0	0.6499
1379	5	Flutter Mane	1	0.7077	0.5348	0.1521	0.6433	0	0.7077
1379	6	Flutter Mane	1	0.7658	0.5198	0.2452	0.6433	0	0.7658
1379	7	Flutter Mane	1	0.6036	0.5043	0.1136	0.6433	0.0397	0.5639
1379	8	Flutter Mane	1	0.7211	0.5164	0.2329	0.6433	0	0.7211
1379	9	Flutter Mane	1	0.6232	0.4799	0.1251	0.6433	0.0201	0.6031
1379	10	Flutter Mane	1	0.6727	0.4618	0.2109	0.6433	0	0.6727
1379	11	Flutter Mane	1	0.7439	0.5176	0.1946	0.6433	0	0.7439
1379	12	Flutter Mane	1	0.6092	0.4297	0.1575	0.6433	0.0341	0.5751
1379	13	Flutter Mane	1	0.6433	0.4902	0.1603	0.6433	0	0.6433
1379	14	Flutter Mane	1	0.682	0.5037	0.1829	0.6433	0	0.682
1379	15	Flutter Mane	1	0.7015	0.4653	0.18	0.6433	0	0.7015
1379	16	Flutter Mane	1	0.6029	0.445	0.125	0.6433	0.0404	0.5625
1379	17	Flutter Mane	1	0.5647	0.4084	0.1222	0.6433	0.0786	0.4861
1379	18	Flutter Mane	1	0.6776	0.456	0.2	0.6433	0	0.6776
1379	19	Flutter Mane	1	0.6251	0.4405	0.1407	0.6433	0.0182	0.6069
138	4	Omanyte	1	0.4273	0.2764	-0.141	0.5894	0.1621	0.2652
138	5	Omanyte	1	0.3484	0.2348	-0.1981	0.5894	0.241	0.1074
138	6	Omastar	2	0.5654	0.3014	0.0448	0.5894	0.024	0.5414
138	7	Omastar	2	0.6385	0.4265	0.1485	0.5894	0	0.6385
138	8	Omastar	2	0.6182	0.3708	0.13	0.5894	0	0.6182
138	9	Omastar	2	0.5729	0.355	0.0748	0.5894	0.0165	0.5564
138	10	Omastar	2	0.6126	0.3927	0.1508	0.5894	0	0.6126
138	11	Omastar	2	0.5686	0.3144	0.0193	0.5894	0.0208	0.5478
138	12	Omastar	2	0.6316	0.3866	0.1799	0.5894	0	0.6316
138	13	Omastar	2	0.6233	0.3808	0.1403	0.5894	0	0.6233
138	14	Omastar	2	0.5728	0.3866	0.0737	0.5894	0.0166	0.5562
138	15	Omastar	2	0.6058	0.3528	0.0843	0.5894	0	0.6058
138	16	Omastar	2	0.5651	0.3724	0.0872	0.5894	0.0242	0.5409
138	17	Omastar	2	0.6063	0.3581	0.1638	0.5894	0	0.6063
138	18	Omastar	2	0.5233	0.336	0.0457	0.5894	0.0661	0.4572
138	19	Omastar	2	0.6223	0.3655	0.1379	0.5894	0	0.6223
1380	1	Slither Wing	1	0.4961	0.4341	-0.0764	0.6009	0.1048	0.3913
1380	2	Slither Wing	1	0.4595	0.3977	-0.006	0.6009	0.1414	0.3181
1380	3	Slither Wing	1	0.5591	0.4559	0.1032	0.6009	0.0418	0.5173
1380	4	Slither Wing	1	0.5622	0.4519	0.0528	0.6009	0.0387	0.5235
1380	5	Slither Wing	1	0.486	0.3722	-0.0258	0.6009	0.1149	0.3711
1380	6	Slither Wing	1	0.607	0.3304	0.1236	0.6009	0	0.607
1380	7	Slither Wing	1	0.6583	0.4032	0.1614	0.6009	0	0.6583
1380	8	Slither Wing	1	0.6009	0.3194	0.1224	0.6009	0	0.6009
1380	9	Slither Wing	1	0.6635	0.5182	0.1522	0.6009	0	0.6635
1380	10	Slither Wing	1	0.6244	0.4155	0.0873	0.6009	0	0.6244
1380	11	Slither Wing	1	0.5932	0.5429	0.0763	0.6009	0.0077	0.5855
1380	12	Slither Wing	1	0.5223	0.4303	0.0562	0.6009	0.0786	0.4437
1380	13	Slither Wing	1	0.6071	0.434	0.136	0.6009	0	0.6071
1380	14	Slither Wing	1	0.6624	0.5012	0.1574	0.6009	0	0.6624
1380	15	Slither Wing	1	0.6272	0.4596	0.1246	0.6009	0	0.6272
1380	16	Slither Wing	1	0.5753	0.4291	0.1071	0.6009	0.0256	0.5497
1380	17	Slither Wing	1	0.6407	0.3411	0.1981	0.6009	0	0.6407
1380	18	Slither Wing	1	0.5566	0.3856	0.1194	0.6009	0.0443	0.5123
1380	19	Slither Wing	1	0.6257	0.4078	0.1767	0.6009	0	0.6257
1381	1	Sandy Shocks	1	0.5081	0.5091	-0.0945	0.6386	0.1305	0.3776
1381	2	Sandy Shocks	1	0.5265	0.5077	0.0017	0.6386	0.1121	0.4144
1381	3	Sandy Shocks	1	0.5858	0.5481	0.0528	0.6386	0.0528	0.533
1381	4	Sandy Shocks	1	0.5537	0.5137	-0.0654	0.6386	0.0849	0.4688
1381	5	Sandy Shocks	1	0.6084	0.5118	0.0966	0.6386	0.0302	0.5782
1381	6	Sandy Shocks	1	0.6974	0.4306	0.2973	0.6386	0	0.6974
1381	7	Sandy Shocks	1	0.6717	0.4082	0.2754	0.6386	0	0.6717
1381	8	Sandy Shocks	1	0.6661	0.3603	0.3071	0.6386	0	0.6661
1381	9	Sandy Shocks	1	0.6923	0.4001	0.3097	0.6386	0	0.6923
1381	10	Sandy Shocks	1	0.6376	0.3787	0.3032	0.6386	0.001	0.6366
1381	11	Sandy Shocks	1	0.6394	0.3601	0.2793	0.6386	0	0.6394
1381	12	Sandy Shocks	1	0.6281	0.3931	0.2929	0.6386	0.0105	0.6176
1381	13	Sandy Shocks	1	0.7321	0.412	0.3416	0.6386	0	0.7321
1381	14	Sandy Shocks	1	0.7121	0.4208	0.2913	0.6386	0	0.7121
1381	15	Sandy Shocks	1	0.6453	0.3961	0.2638	0.6386	0	0.6453
1381	16	Sandy Shocks	1	0.6286	0.4033	0.2253	0.6386	0.01	0.6186
1381	17	Sandy Shocks	1	0.6326	0.3771	0.2993	0.6386	0.006	0.6266
1381	18	Sandy Shocks	1	0.6386	0.4403	0.2941	0.6386	0	0.6386
1381	19	Sandy Shocks	1	0.6674	0.4065	0.3129	0.6386	0	0.6674
1382	1	Iron Treads	1	0.5782	0.5694	-0.0244	0.5847	0.0065	0.5717
1382	2	Iron Treads	1	0.5414	0.4813	0.0166	0.5847	0.0433	0.4981
1382	3	Iron Treads	1	0.5296	0.4916	-0.0034	0.5847	0.0551	0.4745
1382	4	Iron Treads	1	0.5378	0.4868	-0.0813	0.5847	0.0469	0.4909
1382	5	Iron Treads	1	0.6062	0.5272	0.0464	0.5847	0	0.6062
1382	6	Iron Treads	1	0.6966	0.5143	0.3315	0.5847	0	0.6966
1382	7	Iron Treads	1	0.576	0.3993	0.088	0.5847	0.0087	0.5673
1382	8	Iron Treads	1	0.4548	0.3232	0.0241	0.5847	0.1299	0.3249
1382	9	Iron Treads	1	0.6322	0.4267	0.2536	0.5847	0	0.6322
1382	10	Iron Treads	1	0.5909	0.3628	0.2281	0.5847	0	0.5909
1382	11	Iron Treads	1	0.4934	0.3671	0.1084	0.5847	0.0913	0.4021
1382	12	Iron Treads	1	0.6302	0.4042	0.2622	0.5847	0	0.6302
1382	13	Iron Treads	1	0.6576	0.3903	0.2299	0.5847	0	0.6576
1382	14	Iron Treads	1	0.5454	0.3499	0.1186	0.5847	0.0393	0.5061
1382	15	Iron Treads	1	0.6263	0.4373	0.1916	0.5847	0	0.6263
1382	16	Iron Treads	1	0.5231	0.3736	0.1184	0.5847	0.0616	0.4615
1382	17	Iron Treads	1	0.5874	0.3933	0.1941	0.5847	0	0.5874
1382	18	Iron Treads	1	0.5847	0.3964	0.1929	0.5847	0	0.5847
1382	19	Iron Treads	1	0.6024	0.3807	0.203	0.5847	0	0.6024
1383	1	Iron Bundle	1	0.6095	0.5855	0.0069	0.5601	0	0.6095
1383	2	Iron Bundle	1	0.4952	0.4523	-0.0296	0.5601	0.0649	0.4303
1383	3	Iron Bundle	1	0.4907	0.4198	-0.0423	0.5601	0.0694	0.4213
1383	4	Iron Bundle	1	0.5416	0.4794	-0.0775	0.5601	0.0185	0.5231
1383	5	Iron Bundle	1	0.4915	0.4359	-0.0683	0.5601	0.0686	0.4229
1383	6	Iron Bundle	1	0.4569	0.3126	0.0032	0.5601	0.1032	0.3537
1383	7	Iron Bundle	1	0.537	0.3617	0.1264	0.5601	0.0231	0.5139
1383	8	Iron Bundle	1	0.5272	0.3326	-0.0061	0.5601	0.0329	0.4943
1383	9	Iron Bundle	1	0.5647	0.3893	0.0431	0.5601	0	0.5647
1383	10	Iron Bundle	1	0.5601	0.3489	0.0439	0.5601	0	0.5601
1383	11	Iron Bundle	1	0.5691	0.3676	0.0198	0.5601	0	0.5691
1383	12	Iron Bundle	1	0.6086	0.41	0.1569	0.5601	0	0.6086
1383	13	Iron Bundle	1	0.5064	0.3739	0.0234	0.5601	0.0537	0.4527
1383	14	Iron Bundle	1	0.5887	0.4123	0.0896	0.5601	0	0.5887
1383	15	Iron Bundle	1	0.6223	0.3645	0.1008	0.5601	0	0.6223
1383	16	Iron Bundle	1	0.5988	0.4515	0.1209	0.5601	0	0.5988
1383	17	Iron Bundle	1	0.5645	0.4095	0.122	0.5601	0	0.5645
1383	18	Iron Bundle	1	0.4945	0.4238	0.0169	0.5601	0.0656	0.4289
1383	19	Iron Bundle	1	0.6388	0.4472	0.1544	0.5601	0	0.6388
1384	1	Iron Hands	1	0.4643	0.4576	-0.1082	0.6285	0.1642	0.3001
1384	2	Iron Hands	1	0.503	0.3866	-0.0218	0.6285	0.1255	0.3775
1384	3	Iron Hands	1	0.5544	0.4359	0.0214	0.6285	0.0741	0.4803
1384	4	Iron Hands	1	0.5251	0.4556	-0.094	0.6285	0.1034	0.4217
1384	5	Iron Hands	1	0.5262	0.4396	-0.0336	0.6285	0.1023	0.4239
1384	6	Iron Hands	1	0.7439	0.4077	0.2031	0.6285	0	0.7439
1384	7	Iron Hands	1	0.6577	0.4072	0.1341	0.6285	0	0.6577
1384	8	Iron Hands	1	0.6285	0.3615	0.1295	0.6285	0	0.6285
1384	9	Iron Hands	1	0.6593	0.4222	0.1355	0.6285	0	0.6593
1384	10	Iron Hands	1	0.6207	0.3839	0.1056	0.6285	0.0078	0.6129
1384	11	Iron Hands	1	0.6659	0.4691	0.149	0.6285	0	0.6659
1384	12	Iron Hands	1	0.6599	0.4217	0.1938	0.6285	0	0.6599
1384	13	Iron Hands	1	0.7146	0.4711	0.2435	0.6285	0	0.7146
1384	14	Iron Hands	1	0.6805	0.4863	0.1755	0.6285	0	0.6805
1384	15	Iron Hands	1	0.5524	0.3669	0.0498	0.6285	0.0761	0.4763
1384	16	Iron Hands	1	0.5807	0.4213	0.1125	0.6285	0.0478	0.5329
1384	17	Iron Hands	1	0.5402	0.3644	0.0976	0.6285	0.0883	0.4519
1384	18	Iron Hands	1	0.6305	0.4183	0.1933	0.6285	0	0.6305
1384	19	Iron Hands	1	0.6285	0.4385	0.1795	0.6285	0	0.6285
1385	1	Iron Jugulis	1	0.5406	0.5086	-0.062	0.5875	0.0469	0.4937
1385	2	Iron Jugulis	1	0.5685	0.5118	0.0437	0.5875	0.019	0.5495
1385	3	Iron Jugulis	1	0.5394	0.4712	0.0064	0.5875	0.0481	0.4913
1385	4	Iron Jugulis	1	0.5917	0.5286	-0.0274	0.5875	0	0.5917
1385	5	Iron Jugulis	1	0.5549	0.4992	0.0193	0.5875	0.0326	0.5223
1385	6	Iron Jugulis	1	0.5074	0.3374	0.024	0.5875	0.0801	0.4273
1385	7	Iron Jugulis	1	0.6467	0.4305	0.1498	0.5875	0	0.6467
1385	8	Iron Jugulis	1	0.6213	0.4318	0.1331	0.5875	0	0.6213
1385	9	Iron Jugulis	1	0.653	0.428	0.1549	0.5875	0	0.653
1385	10	Iron Jugulis	1	0.621	0.3892	0.1592	0.5875	0	0.621
1385	11	Iron Jugulis	1	0.6873	0.4398	0.138	0.5875	0	0.6873
1385	12	Iron Jugulis	1	0.5237	0.3234	0.072	0.5875	0.0638	0.4599
1385	13	Iron Jugulis	1	0.5875	0.4065	0.1045	0.5875	0	0.5875
1385	14	Iron Jugulis	1	0.595	0.3826	0.0959	0.5875	0	0.595
1385	15	Iron Jugulis	1	0.5727	0.4417	0.0512	0.5875	0.0148	0.5579
1385	16	Iron Jugulis	1	0.6424	0.4334	0.1645	0.5875	0	0.6424
1385	17	Iron Jugulis	1	0.4792	0.3094	0.0367	0.5875	0.1083	0.3709
1385	18	Iron Jugulis	1	0.5444	0.3682	0.0668	0.5875	0.0431	0.5013
1385	19	Iron Jugulis	1	0.6209	0.3931	0.1365	0.5875	0	0.6209
1386	1	Iron Moth	1	0.3859	0.3605	-0.2167	0.5936	0.2077	0.1782
1386	2	Iron Moth	1	0.5055	0.4804	-0.0193	0.5936	0.0881	0.4174
1386	3	Iron Moth	1	0.5218	0.4203	-0.0112	0.5936	0.0718	0.45
1386	4	Iron Moth	1	0.512	0.4518	-0.1071	0.5936	0.0816	0.4304
1386	5	Iron Moth	1	0.5101	0.4373	-0.0364	0.5936	0.0835	0.4266
1386	6	Iron Moth	1	0.7096	0.4245	0.221	0.5936	0	0.7096
1386	7	Iron Moth	1	0.4944	0.3433	-0.0281	0.5936	0.0992	0.3952
1386	8	Iron Moth	1	0.6344	0.3734	0.1011	0.5936	0	0.6344
1386	9	Iron Moth	1	0.591	0.403	0.0694	0.5936	0.0026	0.5884
1386	10	Iron Moth	1	0.5675	0.3453	0.0513	0.5936	0.0261	0.5414
1386	11	Iron Moth	1	0.5936	0.3318	0.0109	0.5936	0	0.5936
1386	12	Iron Moth	1	0.5959	0.3524	0.085	0.5936	0	0.5959
1386	13	Iron Moth	1	0.6137	0.3812	0.052	0.5936	0	0.6137
1386	14	Iron Moth	1	0.607	0.3434	0.0615	0.5936	0	0.607
1386	15	Iron Moth	1	0.6118	0.3865	0.0737	0.5936	0	0.6118
1386	16	Iron Moth	1	0.5187	0.3435	-0.0193	0.5936	0.0749	0.4438
1386	17	Iron Moth	1	0.6046	0.365	0.1053	0.5936	0	0.6046
1386	18	Iron Moth	1	0.6104	0.3961	0.106	0.5936	0	0.6104
1386	19	Iron Moth	1	0.6036	0.3863	0.0946	0.5936	0	0.6036
1387	1	Iron Thorns	1	0.4821	0.4198	0.0623	0.5894	0.1073	0.3748
1387	2	Iron Thorns	1	0.5331	0.4646	0.2127	0.5894	0.0563	0.4768
1387	3	Iron Thorns	1	0.4951	0.4206	0.079	0.5894	0.0943	0.4008
1387	4	Iron Thorns	1	0.5206	0.3884	0.0823	0.5894	0.0688	0.4518
1387	5	Iron Thorns	1	0.5311	0.4215	0.0193	0.5894	0.0583	0.4728
1387	6	Iron Thorns	1	0.6975	0.4391	0.2583	0.5894	0	0.6975
1387	7	Iron Thorns	1	0.5635	0.3459	0.1534	0.5894	0.0259	0.5376
1387	8	Iron Thorns	1	0.5642	0.3322	0.1659	0.5894	0.0252	0.539
1387	9	Iron Thorns	1	0.6333	0.3863	0.2097	0.5894	0	0.6333
1387	10	Iron Thorns	1	0.5439	0.3207	0.1339	0.5894	0.0455	0.4984
1387	11	Iron Thorns	1	0.6228	0.3516	0.1059	0.5894	0	0.6228
1387	12	Iron Thorns	1	0.6686	0.3929	0.2025	0.5894	0	0.6686
1387	13	Iron Thorns	1	0.7195	0.4368	0.2484	0.5894	0	0.7195
1387	14	Iron Thorns	1	0.6863	0.3988	0.1813	0.5894	0	0.6863
1387	15	Iron Thorns	1	0.6166	0.3976	0.114	0.5894	0	0.6166
1387	16	Iron Thorns	1	0.5555	0.3834	0.0873	0.5894	0.0339	0.5216
1387	17	Iron Thorns	1	0.5894	0.3686	0.1468	0.5894	0	0.5894
1387	18	Iron Thorns	1	0.5964	0.3841	0.1592	0.5894	0	0.5964
1387	19	Iron Thorns	1	0.5949	0.4157	0.1459	0.5894	0	0.5949
1388	1	Frigibax	1	0.5284	0.481	0.0423	0.5184	0	0.5284
1388	2	Frigibax	1	0.4252	0.3195	-0.0614	0.5184	0.0932	0.332
1388	3	Frigibax	1	0.3437	0.2622	-0.1371	0.5184	0.1747	0.169
1388	4	Frigibax	1	0.4167	0.3189	-0.1014	0.5184	0.1017	0.315
1388	5	Frigibax	1	0.3682	0.2499	-0.1942	0.5184	0.1502	0.218
1388	6	Frigibax	1	0.4467	0.2761	-0.0438	0.5184	0.0717	0.375
1388	7	Arctibax	2	0.4543	0.3411	-0.0693	0.5184	0.0641	0.3902
1388	8	Arctibax	2	0.4694	0.2755	-0.0296	0.5184	0.049	0.4204
1388	9	Baxcalibur	3	0.5727	0.4176	0.0489	0.5184	0	0.5727
1388	10	Baxcalibur	3	0.5095	0.4007	-0.0056	0.5184	0.0089	0.5006
1388	11	Baxcalibur	3	0.6295	0.4563	0.1021	0.5184	0	0.6295
1388	12	Baxcalibur	3	0.597	0.3937	0.1104	0.5184	0	0.597
1388	13	Baxcalibur	3	0.539	0.3975	0.0263	0.5184	0	0.539
1388	14	Baxcalibur	3	0.6338	0.4223	0.1096	0.5184	0	0.6338
1388	15	Baxcalibur	3	0.6289	0.3685	0.0939	0.5184	0	0.6289
1388	16	Baxcalibur	3	0.6129	0.4195	0.1127	0.5184	0	0.6129
1388	17	Baxcalibur	3	0.4621	0.3035	-0.052	0.5184	0.0563	0.4058
1388	18	Baxcalibur	3	0.5184	0.3373	0.0381	0.5184	0	0.5184
1388	19	Baxcalibur	3	0.5309	0.3676	0.0342	0.5184	0	0.5309
1391	7	Gimmighoul-Chest	1	0.4926	0.1508	0.1323	0.6232	0.1306	0.362
1391	8	Gholdengo	2	0.495	0.3037	-0.0383	0.6232	0.1282	0.3668
1391	9	Gholdengo	2	0.6658	0.5036	0.1442	0.6232	0	0.6658
1391	10	Gholdengo	2	0.6605	0.5228	0.1443	0.6232	0	0.6605
1391	11	Gholdengo	2	0.6232	0.4239	0.0405	0.6232	0	0.6232
1391	12	Gholdengo	2	0.6938	0.5309	0.1829	0.6232	0	0.6938
1391	13	Gholdengo	2	0.6641	0.4737	0.1024	0.6232	0	0.6641
1391	14	Gholdengo	2	0.6177	0.3791	0.0722	0.6232	0.0055	0.6122
1391	15	Gholdengo	2	0.6409	0.5331	0.1028	0.6232	0	0.6409
1391	16	Gholdengo	2	0.5315	0.2977	-0.0065	0.6232	0.0917	0.4398
1391	17	Gholdengo	2	0.5963	0.4338	0.097	0.6232	0.0269	0.5694
1391	18	Gholdengo	2	0.6573	0.3837	0.1529	0.6232	0	0.6573
1391	19	Gholdengo	2	0.6178	0.4114	0.1088	0.6232	0.0054	0.6124
1392	7	Gimmighoul-Roaming	1	0.3932	0.1737	-0.0174	0.4044	0.0112	0.382
1392	8	Gimmighoul-Roaming	1	0.4171	0.1167	0.0003	0.4044	0	0.4171
1392	9	Gimmighoul-Roaming	1	0.4052	0.1439	-0.0072	0.4044	0	0.4052
1392	10	Gimmighoul-Roaming	1	0.2992	0.0945	-0.0904	0.4044	0.1052	0.194
1392	11	Gimmighoul-Roaming	1	0.405	0.1145	-0.1443	0.4044	0	0.405
1392	12	Gimmighoul-Roaming	1	0.4191	0.1201	-0.0326	0.4044	0	0.4191
1392	13	Gimmighoul-Roaming	1	0.3576	0.1282	-0.1254	0.4044	0.0468	0.3108
1392	14	Gimmighoul-Roaming	1	0.4044	0.0889	-0.0947	0.4044	0	0.4044
1392	15	Gimmighoul-Roaming	1	0.4227	0.1241	-0.0988	0.4044	0	0.4227
1392	16	Gimmighoul-Roaming	1	0.4061	0.0954	-0.0718	0.4044	0	0.4061
1392	17	Gimmighoul-Roaming	1	0.3545	0.0987	-0.088	0.4044	0.0499	0.3046
1392	18	Gimmighoul-Roaming	1	0.3923	0.1118	-0.0853	0.4044	0.0121	0.3802
1392	19	Gimmighoul-Roaming	1	0.3654	0.1022	-0.119	0.4044	0.039	0.3264
1394	7	Wo-Chien	1	0.6303	0.3716	0.1948	0.5933	0	0.6303
1394	8	Wo-Chien	1	0.5165	0.3118	0.1083	0.5933	0.0768	0.4397
1394	9	Wo-Chien	1	0.5668	0.3653	0.1669	0.5933	0.0265	0.5403
1394	10	Wo-Chien	1	0.6145	0.3794	0.2161	0.5933	0	0.6145
1394	11	Wo-Chien	1	0.6111	0.3963	0.2061	0.5933	0	0.6111
1394	12	Wo-Chien	1	0.4531	0.3163	0.0542	0.5933	0.1402	0.3129
1394	13	Wo-Chien	1	0.5258	0.3461	0.0981	0.5933	0.0675	0.4583
1394	14	Wo-Chien	1	0.6534	0.4152	0.2266	0.5933	0	0.6534
1394	15	Wo-Chien	1	0.6563	0.4347	0.2216	0.5933	0	0.6563
1394	16	Wo-Chien	1	0.5933	0.397	0.1886	0.5933	0	0.5933
1394	17	Wo-Chien	1	0.6004	0.3602	0.2071	0.5933	0	0.6004
1394	18	Wo-Chien	1	0.5815	0.3309	0.1897	0.5933	0.0118	0.5697
1394	19	Wo-Chien	1	0.5919	0.3708	0.1925	0.5933	0.0014	0.5905
1395	7	Chien-Pao	1	0.4922	0.38	-0.0047	0.5506	0.0584	0.4338
1395	8	Chien-Pao	1	0.4858	0.3777	0.0073	0.5506	0.0648	0.421
1395	9	Chien-Pao	1	0.5428	0.4206	0.063	0.5506	0.0078	0.535
1395	10	Chien-Pao	1	0.5526	0.3695	0.0671	0.5506	0	0.5526
1395	11	Chien-Pao	1	0.7047	0.4625	0.1878	0.5506	0	0.7047
1395	12	Chien-Pao	1	0.5525	0.4968	0.0864	0.5506	0	0.5525
1395	13	Chien-Pao	1	0.5199	0.44	0.0488	0.5506	0.0307	0.4892
1395	14	Chien-Pao	1	0.586	0.5202	0.081	0.5506	0	0.586
1395	15	Chien-Pao	1	0.5926	0.4178	0.09	0.5506	0	0.5926
1395	16	Chien-Pao	1	0.5559	0.4159	0.0877	0.5506	0	0.5559
1395	17	Chien-Pao	1	0.4661	0.3388	0.0235	0.5506	0.0845	0.3816
1395	18	Chien-Pao	1	0.4928	0.3905	0.0556	0.5506	0.0578	0.435
1395	19	Chien-Pao	1	0.5506	0.4453	0.1016	0.5506	0	0.5506
1396	7	Ting-Lu	1	0.6866	0.3927	0.2511	0.6679	0	0.6866
1396	8	Ting-Lu	1	0.597	0.4124	0.1888	0.6679	0.0709	0.5261
1396	9	Ting-Lu	1	0.7133	0.3986	0.3134	0.6679	0	0.7133
1396	10	Ting-Lu	1	0.666	0.3751	0.2676	0.6679	0.0019	0.6641
1396	11	Ting-Lu	1	0.6367	0.3625	0.2317	0.6679	0.0312	0.6055
1396	12	Ting-Lu	1	0.7244	0.4218	0.3255	0.6679	0	0.7244
1396	13	Ting-Lu	1	0.7403	0.3973	0.3402	0.6679	0	0.7403
1396	14	Ting-Lu	1	0.6309	0.3799	0.2622	0.6679	0.037	0.5939
1396	15	Ting-Lu	1	0.7303	0.4357	0.3132	0.6679	0	0.7303
1396	16	Ting-Lu	1	0.6592	0.4147	0.2695	0.6679	0.0087	0.6505
1396	17	Ting-Lu	1	0.6646	0.3676	0.2482	0.6679	0.0033	0.6613
1396	18	Ting-Lu	1	0.6679	0.4262	0.2449	0.6679	0	0.6679
1396	19	Ting-Lu	1	0.7039	0.423	0.2893	0.6679	0	0.7039
1397	7	Chi-Yu	1	0.6016	0.427	0.1336	0.6016	0	0.6016
1397	8	Chi-Yu	1	0.6438	0.4437	0.1105	0.6016	0	0.6438
1397	9	Chi-Yu	1	0.6244	0.4282	0.1028	0.6016	0	0.6244
1397	10	Chi-Yu	1	0.5294	0.3667	0.0132	0.6016	0.0722	0.4572
1397	11	Chi-Yu	1	0.5993	0.3682	0.0166	0.6016	0.0023	0.597
1397	12	Chi-Yu	1	0.5756	0.3806	0.0647	0.6016	0.026	0.5496
1397	13	Chi-Yu	1	0.6382	0.4317	0.0765	0.6016	0	0.6382
1397	14	Chi-Yu	1	0.5614	0.3699	0.0159	0.6016	0.0402	0.5212
1397	15	Chi-Yu	1	0.6562	0.4579	0.1181	0.6016	0	0.6562
1397	16	Chi-Yu	1	0.5464	0.3739	0.0084	0.6016	0.0552	0.4912
1397	17	Chi-Yu	1	0.5345	0.3568	0.0352	0.6016	0.0671	0.4674
1397	18	Chi-Yu	1	0.6176	0.3689	0.1132	0.6016	0	0.6176
1397	19	Chi-Yu	1	0.6184	0.3972	0.1094	0.6016	0	0.6184
1398	1	Roaring Moon	1	0.5604	0.5527	-0.0422	0.5638	0.0034	0.557
1398	2	Roaring Moon	1	0.5358	0.4782	0.011	0.5638	0.028	0.5078
1398	3	Roaring Moon	1	0.537	0.4532	0.004	0.5638	0.0268	0.5102
1398	4	Roaring Moon	1	0.4998	0.4897	-0.1193	0.5638	0.064	0.4358
1398	5	Roaring Moon	1	0.5132	0.4638	-0.0492	0.5638	0.0506	0.4626
1398	6	Roaring Moon	1	0.7262	0.4472	0.2725	0.5638	0	0.7262
1398	7	Roaring Moon	1	0.6609	0.4629	0.2503	0.5638	0	0.6609
1398	8	Roaring Moon	1	0.6893	0.4621	0.2725	0.5638	0	0.6893
1398	9	Roaring Moon	1	0.5682	0.4018	0.1558	0.5638	0	0.5682
1398	10	Roaring Moon	1	0.4984	0.3537	0.1088	0.5638	0.0654	0.433
1398	11	Roaring Moon	1	0.5615	0.3955	0.1293	0.5638	0.0023	0.5592
1398	12	Roaring Moon	1	0.5785	0.3854	0.1124	0.5638	0	0.5785
1398	13	Roaring Moon	1	0.5416	0.3966	0.0705	0.5638	0.0222	0.5194
1398	14	Roaring Moon	1	0.6628	0.452	0.1578	0.5638	0	0.6628
1398	15	Roaring Moon	1	0.5829	0.3758	0.0803	0.5638	0	0.5829
1398	16	Roaring Moon	1	0.6539	0.4281	0.1857	0.5638	0	0.6539
1398	17	Roaring Moon	1	0.4778	0.2346	0.0352	0.5638	0.086	0.3918
1398	18	Roaring Moon	1	0.5638	0.4065	0.1266	0.5638	0	0.5638
1398	19	Roaring Moon	1	0.6343	0.4458	0.1853	0.5638	0	0.6343
1399	1	Iron Valiant	1	0.4761	0.46	-0.0964	0.6248	0.1487	0.3274
1399	2	Iron Valiant	1	0.4881	0.4398	-0.0155	0.6248	0.1367	0.3514
1399	3	Iron Valiant	1	0.6314	0.4428	0.0984	0.6248	0	0.6314
1399	4	Iron Valiant	1	0.6248	0.551	0.0057	0.6248	0	0.6248
1399	5	Iron Valiant	1	0.5555	0.4617	-0.0043	0.6248	0.0693	0.4862
1399	6	Iron Valiant	1	0.6254	0.395	0.1048	0.6248	0	0.6254
1399	7	Iron Valiant	1	0.7549	0.4008	0.2649	0.6248	0	0.7549
1399	8	Iron Valiant	1	0.6909	0.3957	0.2027	0.6248	0	0.6909
1399	9	Iron Valiant	1	0.6554	0.3771	0.1573	0.6248	0	0.6554
1399	10	Iron Valiant	1	0.7027	0.3838	0.2409	0.6248	0	0.7027
1399	11	Iron Valiant	1	0.6397	0.4686	0.1228	0.6248	0	0.6397
1399	12	Iron Valiant	1	0.6243	0.4279	0.1582	0.6248	0.0005	0.6238
1399	13	Iron Valiant	1	0.5871	0.4165	0.116	0.6248	0.0377	0.5494
1399	14	Iron Valiant	1	0.746	0.4765	0.241	0.6248	0	0.746
1399	15	Iron Valiant	1	0.6114	0.3582	0.1088	0.6248	0.0134	0.598
1399	16	Iron Valiant	1	0.6873	0.4548	0.2191	0.6248	0	0.6873
1399	17	Iron Valiant	1	0.5629	0.3339	0.1203	0.6248	0.0619	0.501
1399	18	Iron Valiant	1	0.5955	0.368	0.1583	0.6248	0.0293	0.5662
1399	19	Iron Valiant	1	0.6246	0.3951	0.1756	0.6248	0.0002	0.6244
140	4	Kabuto	1	0.4283	0.2694	-0.102	0.6045	0.1762	0.2521
140	5	Kabuto	1	0.4511	0.2605	-0.1087	0.6045	0.1534	0.2977
140	6	Kabutops	2	0.5929	0.3392	0.1095	0.6045	0.0116	0.5813
140	7	Kabutops	2	0.6568	0.406	0.1599	0.6045	0	0.6568
140	8	Kabutops	2	0.5666	0.3485	0.0881	0.6045	0.0379	0.5287
140	9	Kabutops	2	0.6031	0.3541	0.1233	0.6045	0.0014	0.6017
140	10	Kabutops	2	0.6152	0.3402	0.1297	0.6045	0	0.6152
140	11	Kabutops	2	0.5929	0.3207	0.076	0.6045	0.0116	0.5813
140	12	Kabutops	2	0.6169	0.3555	0.1508	0.6045	0	0.6169
140	13	Kabutops	2	0.6744	0.4068	0.2033	0.6045	0	0.6744
140	14	Kabutops	2	0.606	0.346	0.101	0.6045	0	0.606
140	15	Kabutops	2	0.653	0.3465	0.1504	0.6045	0	0.653
140	16	Kabutops	2	0.6119	0.3524	0.1437	0.6045	0	0.6119
140	17	Kabutops	2	0.6218	0.3493	0.1792	0.6045	0	0.6218
140	18	Kabutops	2	0.5101	0.3033	0.0729	0.6045	0.0944	0.4157
140	19	Kabutops	2	0.5965	0.3549	0.1475	0.6045	0.008	0.5885
1402	3	Tauros-Paldea-Combat	1	0.5529	0.472	0.0199	0.5548	0.0019	0.551
1402	4	Tauros-Paldea-Combat	1	0.5656	0.5084	-0.0535	0.5548	0	0.5656
1402	5	Tauros-Paldea-Combat	1	0.5246	0.4249	-0.0352	0.5548	0.0302	0.4944
1402	6	Tauros-Paldea-Combat	1	0.5489	0.3052	0.0655	0.5548	0.0059	0.543
1402	7	Tauros-Paldea-Combat	1	0.6096	0.46	0.086	0.5548	0	0.6096
1402	8	Tauros-Paldea-Combat	1	0.5548	0.4146	0.0558	0.5548	0	0.5548
1402	9	Tauros-Paldea-Combat	1	0.6121	0.4346	0.0883	0.5548	0	0.6121
1402	10	Tauros-Paldea-Combat	1	0.5878	0.4022	0.0727	0.5548	0	0.5878
1402	11	Tauros-Paldea-Combat	1	0.5403	0.3891	0.0129	0.5548	0.0145	0.5258
1402	12	Tauros-Paldea-Combat	1	0.5899	0.4412	0.1033	0.5548	0	0.5899
1402	13	Tauros-Paldea-Combat	1	0.5683	0.4356	0.0556	0.5548	0	0.5683
1402	14	Tauros-Paldea-Combat	1	0.6155	0.4581	0.0913	0.5548	0	0.6155
1402	15	Tauros-Paldea-Combat	1	0.4343	0.3147	-0.1007	0.5548	0.1205	0.3138
1402	16	Tauros-Paldea-Combat	1	0.5675	0.4386	0.0673	0.5548	0	0.5675
1402	17	Tauros-Paldea-Combat	1	0.4768	0.3723	-0.0373	0.5548	0.078	0.3988
1402	18	Tauros-Paldea-Combat	1	0.5207	0.3472	0.0404	0.5548	0.0341	0.4866
1402	19	Tauros-Paldea-Combat	1	0.5422	0.3791	0.0455	0.5548	0.0126	0.5296
1403	3	Tauros-Paldea-Blaze	1	0.5761	0.4881	0.0431	0.5416	0	0.5761
1403	4	Tauros-Paldea-Blaze	1	0.5153	0.4756	-0.1038	0.5416	0.0263	0.489
1403	5	Tauros-Paldea-Blaze	1	0.5081	0.44	-0.0517	0.5416	0.0335	0.4746
1403	6	Tauros-Paldea-Blaze	1	0.5693	0.328	0.0859	0.5416	0	0.5693
1403	7	Tauros-Paldea-Blaze	1	0.5301	0.3678	0.0332	0.5416	0.0115	0.5186
1403	8	Tauros-Paldea-Blaze	1	0.5416	0.3987	0.1433	0.5416	0	0.5416
1403	9	Tauros-Paldea-Blaze	1	0.604	0.4597	0.1804	0.5416	0	0.604
1403	10	Tauros-Paldea-Blaze	1	0.6075	0.3629	0.122	0.5416	0	0.6075
1403	11	Tauros-Paldea-Blaze	1	0.4512	0.4301	-0.0657	0.5416	0.0904	0.3608
1403	12	Tauros-Paldea-Blaze	1	0.5736	0.4504	0.1075	0.5416	0	0.5736
1403	13	Tauros-Paldea-Blaze	1	0.5439	0.3817	0.0728	0.5416	0	0.5439
1403	14	Tauros-Paldea-Blaze	1	0.5585	0.4004	0.0535	0.5416	0	0.5585
1403	15	Tauros-Paldea-Blaze	1	0.4478	0.3403	-0.0548	0.5416	0.0938	0.354
1403	16	Tauros-Paldea-Blaze	1	0.4935	0.393	0.0253	0.5416	0.0481	0.4454
1403	17	Tauros-Paldea-Blaze	1	0.5251	0.3988	0.0825	0.5416	0.0165	0.5086
1403	18	Tauros-Paldea-Blaze	1	0.5124	0.3726	0.0752	0.5416	0.0292	0.4832
1403	19	Tauros-Paldea-Blaze	1	0.5423	0.3681	0.0933	0.5416	0	0.5423
1404	7	Tauros-Paldea-Aqua	1	0.5828	0.4712	0.0859	0.5613	0	0.5828
1404	8	Tauros-Paldea-Aqua	1	0.5153	0.3846	0.0368	0.5613	0.046	0.4693
1404	9	Tauros-Paldea-Aqua	1	0.5748	0.4533	0.095	0.5613	0	0.5748
1404	10	Tauros-Paldea-Aqua	1	0.6207	0.3958	0.1352	0.5613	0	0.6207
1404	11	Tauros-Paldea-Aqua	1	0.4907	0.3851	-0.0262	0.5613	0.0706	0.4201
1404	12	Tauros-Paldea-Aqua	1	0.5724	0.392	0.1063	0.5613	0	0.5724
1404	13	Tauros-Paldea-Aqua	1	0.5548	0.4715	0.0837	0.5613	0.0065	0.5483
1404	14	Tauros-Paldea-Aqua	1	0.6083	0.4502	0.1033	0.5613	0	0.6083
1404	15	Tauros-Paldea-Aqua	1	0.5303	0.334	0.0277	0.5613	0.031	0.4993
1404	16	Tauros-Paldea-Aqua	1	0.5812	0.448	0.113	0.5613	0	0.5812
1404	17	Tauros-Paldea-Aqua	1	0.5233	0.3746	0.0807	0.5613	0.038	0.4853
1404	18	Tauros-Paldea-Aqua	1	0.4699	0.4091	0.0327	0.5613	0.0914	0.3785
1404	19	Tauros-Paldea-Aqua	1	0.5613	0.3929	0.1123	0.5613	0	0.5613
1405	1	Wooper-Paldea	1	0.4367	0.3982	0.0385	0.569	0.1323	0.3044
1405	2	Clodsire	2	0.4114	0.3815	-0.0922	0.569	0.1576	0.2538
1405	3	Clodsire	2	0.5076	0.4746	0.0133	0.569	0.0614	0.4462
1405	4	Clodsire	2	0.4442	0.3284	-0.0164	0.569	0.1248	0.3194
1405	5	Clodsire	2	0.4189	0.3442	-0.1281	0.569	0.1501	0.2688
1405	6	Clodsire	2	0.7016	0.4392	0.1733	0.569	0	0.7016
1405	7	Clodsire	2	0.6253	0.3448	0.0584	0.569	0	0.6253
1405	8	Clodsire	2	0.6702	0.4473	0.1709	0.569	0	0.6702
1405	9	Clodsire	2	0.6069	0.3654	0.0956	0.569	0	0.6069
1405	10	Clodsire	2	0.5471	0.3401	0.01	0.569	0.0219	0.5252
1405	11	Clodsire	2	0.5555	0.3534	0.0397	0.569	0.0135	0.542
1405	12	Clodsire	2	0.569	0.3376	0.1416	0.569	0	0.569
1405	13	Clodsire	2	0.708	0.4031	0.2424	0.569	0	0.708
1405	14	Clodsire	2	0.5141	0.3845	0.0635	0.569	0.0549	0.4592
1405	15	Clodsire	2	0.63	0.4354	0.1043	0.569	0	0.63
1405	16	Clodsire	2	0.535	0.3147	0.0977	0.569	0.034	0.501
1405	17	Clodsire	2	0.6416	0.4133	0.179	0.569	0	0.6416
1405	18	Clodsire	2	0.7106	0.3752	0.2813	0.569	0	0.7106
1405	19	Clodsire	2	0.6109	0.349	0.1395	0.569	0	0.6109
1406	1	Walking Wake	1	0.6357	0.6026	0.0331	0.5833	0	0.6357
1406	2	Walking Wake	1	0.5392	0.5093	0.0144	0.5833	0.0441	0.4951
1406	3	Walking Wake	1	0.5712	0.514	0.0382	0.5833	0.0121	0.5591
1406	4	Walking Wake	1	0.5751	0.5297	-0.044	0.5833	0.0082	0.5669
1406	5	Walking Wake	1	0.5406	0.4987	-0.0192	0.5833	0.0427	0.4979
1406	6	Walking Wake	1	0.607	0.4085	0.1533	0.5833	0	0.607
1406	7	Walking Wake	1	0.6945	0.4655	0.2265	0.5833	0	0.6945
1406	8	Walking Wake	1	0.5714	0.4608	0.0381	0.5833	0.0119	0.5595
1406	9	Walking Wake	1	0.6681	0.4207	0.1465	0.5833	0	0.6681
1406	10	Walking Wake	1	0.572	0.3941	0.0558	0.5833	0.0113	0.5607
1406	11	Walking Wake	1	0.6686	0.4285	0.0859	0.5833	0	0.6686
1406	12	Walking Wake	1	0.5833	0.3663	0.1316	0.5833	0	0.5833
1406	13	Walking Wake	1	0.6441	0.381	0.1611	0.5833	0	0.6441
1406	14	Walking Wake	1	0.6675	0.387	0.1684	0.5833	0	0.6675
1406	15	Walking Wake	1	0.5423	0.3736	0.0208	0.5833	0.041	0.5013
1406	16	Walking Wake	1	0.6354	0.4409	0.1575	0.5833	0	0.6354
1406	17	Walking Wake	1	0.5427	0.3143	0.1002	0.5833	0.0406	0.5021
1406	18	Walking Wake	1	0.5104	0.3836	0.0328	0.5833	0.0729	0.4375
1406	19	Walking Wake	1	0.6145	0.3921	0.1301	0.5833	0	0.6145
1407	1	Iron Leaves	1	0.5797	0.5541	-0.0229	0.5689	0	0.5797
1407	2	Iron Leaves	1	0.5157	0.4631	-0.0091	0.5689	0.0532	0.4625
1407	3	Iron Leaves	1	0.5806	0.4797	0.0965	0.5689	0	0.5806
1407	4	Iron Leaves	1	0.4712	0.401	-0.026	0.5689	0.0977	0.3735
1407	5	Iron Leaves	1	0.539	0.4302	0.0034	0.5689	0.0299	0.5091
1407	6	Iron Leaves	1	0.5978	0.3669	0.1144	0.5689	0	0.5978
1407	7	Iron Leaves	1	0.6046	0.3799	0.1077	0.5689	0	0.6046
1407	8	Iron Leaves	1	0.481	0.3244	0.0025	0.5689	0.0879	0.3931
1407	9	Iron Leaves	1	0.5723	0.4157	0.0925	0.5689	0	0.5723
1407	10	Iron Leaves	1	0.5689	0.4391	0.0834	0.5689	0	0.5689
1407	11	Iron Leaves	1	0.608	0.4249	0.0911	0.5689	0	0.608
1407	12	Iron Leaves	1	0.5638	0.3625	0.0977	0.5689	0.0051	0.5587
1407	13	Iron Leaves	1	0.5395	0.3793	0.0684	0.5689	0.0294	0.5101
1407	14	Iron Leaves	1	0.5673	0.4123	0.0623	0.5689	0.0016	0.5657
1407	15	Iron Leaves	1	0.6911	0.4406	0.1885	0.5689	0	0.6911
1407	16	Iron Leaves	1	0.5202	0.435	0.052	0.5689	0.0487	0.4715
1407	17	Iron Leaves	1	0.5921	0.4259	0.1495	0.5689	0	0.5921
1407	18	Iron Leaves	1	0.5946	0.3991	0.1574	0.5689	0	0.5946
1407	19	Iron Leaves	1	0.5594	0.3868	0.1104	0.5689	0.0095	0.5499
1409	7	Sinistcha-Unremarkable	2	0.6002	0.3809	0.1744	0.5622	0	0.6002
1409	8	Sinistcha-Unremarkable	2	0.561	0.3719	0.0277	0.5622	0.0012	0.5598
1409	9	Sinistcha-Unremarkable	2	0.6139	0.463	0.0923	0.5622	0	0.6139
1409	10	Sinistcha-Unremarkable	2	0.6617	0.4382	0.1455	0.5622	0	0.6617
1409	11	Sinistcha-Unremarkable	2	0.5498	0.4035	-0.0329	0.5622	0.0124	0.5374
1409	12	Sinistcha-Unremarkable	2	0.5411	0.4027	0.0302	0.5622	0.0211	0.52
1409	13	Sinistcha-Unremarkable	2	0.5072	0.3799	-0.0545	0.5622	0.055	0.4522
1409	14	Sinistcha-Unremarkable	2	0.6198	0.4437	0.0743	0.5622	0	0.6198
1409	15	Sinistcha-Unremarkable	2	0.629	0.3871	0.0909	0.5622	0	0.629
1409	16	Sinistcha-Unremarkable	2	0.5622	0.4094	0.0242	0.5622	0	0.5622
1409	17	Sinistcha-Unremarkable	2	0.6462	0.4501	0.1469	0.5622	0	0.6462
1409	18	Sinistcha-Unremarkable	2	0.5346	0.3683	0.0302	0.5622	0.0276	0.507
1409	19	Sinistcha-Unremarkable	2	0.5321	0.3669	0.0231	0.5622	0.0301	0.502
1413	7	Okidogi	1	0.6547	0.4054	0.1311	0.5639	0	0.6547
1413	8	Okidogi	1	0.577	0.3711	0.078	0.5639	0	0.577
1413	9	Okidogi	1	0.6431	0.4529	0.1193	0.5639	0	0.6431
1413	10	Okidogi	1	0.6354	0.4492	0.1203	0.5639	0	0.6354
1413	11	Okidogi	1	0.5085	0.402	-0.0189	0.5639	0.0554	0.4531
1413	12	Okidogi	1	0.5405	0.426	0.0539	0.5639	0.0234	0.5171
1413	13	Okidogi	1	0.5846	0.411	0.0719	0.5639	0	0.5846
1413	14	Okidogi	1	0.6939	0.4269	0.1697	0.5639	0	0.6939
1413	15	Okidogi	1	0.4712	0.3113	-0.0638	0.5639	0.0927	0.3785
1413	16	Okidogi	1	0.5022	0.3774	0.002	0.5639	0.0617	0.4405
1413	17	Okidogi	1	0.5568	0.3854	0.0427	0.5639	0.0071	0.5497
1413	18	Okidogi	1	0.5162	0.3658	0.0359	0.5639	0.0477	0.4685
1413	19	Okidogi	1	0.5639	0.381	0.0672	0.5639	0	0.5639
1414	7	Munkidori	1	0.6047	0.415	0.0822	0.6386	0.0339	0.5708
1414	8	Munkidori	1	0.6628	0.4024	0.1295	0.6386	0	0.6628
1414	9	Munkidori	1	0.6674	0.445	0.1458	0.6386	0	0.6674
1414	10	Munkidori	1	0.6472	0.4024	0.131	0.6386	0	0.6472
1414	11	Munkidori	1	0.6386	0.4065	0.0559	0.6386	0	0.6386
1414	12	Munkidori	1	0.6657	0.3749	0.1548	0.6386	0	0.6657
1414	13	Munkidori	1	0.6275	0.4145	0.0658	0.6386	0.0111	0.6164
1414	14	Munkidori	1	0.5781	0.3842	0.0326	0.6386	0.0605	0.5176
1414	15	Munkidori	1	0.6818	0.4207	0.1437	0.6386	0	0.6818
1414	16	Munkidori	1	0.5907	0.4086	0.0527	0.6386	0.0479	0.5428
1414	17	Munkidori	1	0.5925	0.3822	0.0932	0.6386	0.0461	0.5464
1414	18	Munkidori	1	0.6591	0.4176	0.1547	0.6386	0	0.6591
1414	19	Munkidori	1	0.6117	0.3751	0.1027	0.6386	0.0269	0.5848
1415	7	Fezandipiti	1	0.6494	0.3672	0.1814	0.6513	0.0019	0.6475
1415	8	Fezandipiti	1	0.6792	0.3755	0.252	0.6513	0	0.6792
1415	9	Fezandipiti	1	0.6639	0.4393	0.1423	0.6513	0	0.6639
1415	10	Fezandipiti	1	0.6565	0.5055	0.1403	0.6513	0	0.6565
1415	11	Fezandipiti	1	0.6897	0.5188	0.107	0.6513	0	0.6897
1415	12	Fezandipiti	1	0.5991	0.417	0.0882	0.6513	0.0522	0.5469
1415	13	Fezandipiti	1	0.6607	0.4403	0.099	0.6513	0	0.6607
1415	14	Fezandipiti	1	0.6915	0.4632	0.146	0.6513	0	0.6915
1415	15	Fezandipiti	1	0.6188	0.3968	0.0807	0.6513	0.0325	0.5863
1415	16	Fezandipiti	1	0.6166	0.406	0.0786	0.6513	0.0347	0.5819
1415	17	Fezandipiti	1	0.6318	0.3431	0.1325	0.6513	0.0195	0.6123
1415	18	Fezandipiti	1	0.6513	0.3611	0.1469	0.6513	0	0.6513
1415	19	Fezandipiti	1	0.6367	0.4229	0.1277	0.6513	0.0146	0.6221
1416	7	Ogerpon-Teal	1	0.5583	0.4522	0.0614	0.5902	0.0319	0.5264
1416	8	Ogerpon-Teal	1	0.5562	0.3591	0.0777	0.5902	0.034	0.5222
1416	9	Ogerpon-Teal	1	0.5844	0.4083	0.1046	0.5902	0.0058	0.5786
1416	10	Ogerpon-Teal	1	0.5915	0.4249	0.106	0.5902	0	0.5915
1416	11	Ogerpon-Teal	1	0.6736	0.5526	0.1567	0.5902	0	0.6736
1416	12	Ogerpon-Teal	1	0.5622	0.3815	0.0961	0.5902	0.028	0.5342
1416	13	Ogerpon-Teal	1	0.5967	0.3902	0.1256	0.5902	0	0.5967
1416	14	Ogerpon-Teal	1	0.5943	0.5003	0.0893	0.5902	0	0.5943
1416	15	Ogerpon-Teal	1	0.7233	0.4716	0.2207	0.5902	0	0.7233
1416	16	Ogerpon-Teal	1	0.5699	0.4535	0.1017	0.5902	0.0203	0.5496
1416	17	Ogerpon-Teal	1	0.5975	0.4741	0.1549	0.5902	0	0.5975
1416	18	Ogerpon-Teal	1	0.5701	0.3936	0.1329	0.5902	0.0201	0.55
1416	19	Ogerpon-Teal	1	0.5902	0.3807	0.1412	0.5902	0	0.5902
142	3	Aerodactyl	1	0.5851	0.4593	0.0521	0.6361	0.051	0.5341
142	4	Aerodactyl	1	0.599	0.4577	-0.0201	0.6361	0.0371	0.5619
142	5	Aerodactyl	1	0.563	0.4431	0.0274	0.6361	0.0731	0.4899
142	6	Aerodactyl	1	0.6264	0.3133	0.143	0.6361	0.0097	0.6167
142	7	Aerodactyl	1	0.6758	0.3869	0.1789	0.6361	0	0.6758
142	8	Aerodactyl	1	0.6882	0.3767	0.2097	0.6361	0	0.6882
142	9	Aerodactyl	1	0.6346	0.3545	0.1548	0.6361	0.0015	0.6331
142	10	Aerodactyl	1	0.636	0.3476	0.1505	0.6361	0.0001	0.6359
142	11	Aerodactyl	1	0.6361	0.3379	0.1192	0.6361	0	0.6361
142	12	Aerodactyl	1	0.6654	0.3333	0.1993	0.6361	0	0.6654
142	13	Aerodactyl	1	0.6542	0.3648	0.2637	0.6361	0	0.6542
142	14	Aerodactyl	1	0.562	0.317	0.1412	0.6361	0.0741	0.4879
142	15	Aerodactyl	1	0.7693	0.3815	0.3878	0.6361	0	0.7693
142	16	Aerodactyl	1	0.6739	0.3515	0.2706	0.6361	0	0.6739
142	17	Aerodactyl	1	0.6018	0.3099	0.2685	0.6361	0.0343	0.5675
142	18	Aerodactyl	1	0.6572	0.3441	0.3127	0.6361	0	0.6572
142	19	Aerodactyl	1	0.6408	0.3545	0.2863	0.6361	0	0.6408
1427	1	Gouging Fire	1	0.4992	0.4992	0.0794	0.6574	0.1582	0.341
1427	2	Gouging Fire	1	0.5623	0.4883	0.0375	0.6574	0.0951	0.4672
1427	3	Gouging Fire	1	0.5631	0.4781	0.0301	0.6574	0.0943	0.4688
1427	4	Gouging Fire	1	0.6005	0.5341	-0.0361	0.6574	0.0569	0.5436
1427	5	Gouging Fire	1	0.6254	0.5444	0.0898	0.6574	0.032	0.5934
1427	6	Gouging Fire	1	0.7763	0.4766	0.2929	0.6574	0	0.7763
1427	7	Gouging Fire	1	0.6714	0.4297	0.1745	0.6574	0	0.6714
1427	8	Gouging Fire	1	0.7365	0.5384	0.258	0.6574	0	0.7365
1427	9	Gouging Fire	1	0.7092	0.544	0.2294	0.6574	0	0.7092
1427	10	Gouging Fire	1	0.6236	0.4521	0.1381	0.6574	0.0338	0.5898
1427	11	Gouging Fire	1	0.6962	0.506	0.1793	0.6574	0	0.6962
1427	12	Gouging Fire	1	0.624	0.4105	0.1579	0.6574	0.0334	0.5906
1427	13	Gouging Fire	1	0.6743	0.5331	0.2032	0.6574	0	0.6743
1427	14	Gouging Fire	1	0.7294	0.4574	0.2244	0.6574	0	0.7294
1427	15	Gouging Fire	1	0.6574	0.5796	0.1548	0.6574	0	0.6574
1427	16	Gouging Fire	1	0.6232	0.4745	0.155	0.6574	0.0342	0.589
1427	17	Gouging Fire	1	0.649	0.4022	0.2064	0.6574	0.0084	0.6406
1427	18	Gouging Fire	1	0.6656	0.4061	0.2284	0.6574	0	0.6656
1427	19	Gouging Fire	1	0.6839	0.4716	0.2349	0.6574	0	0.6839
1428	1	Raging Bolt	1	0.5665	0.4892	-0.006	0.6607	0.0942	0.4723
1428	2	Raging Bolt	1	0.555	0.5032	0.0514	0.6607	0.1057	0.4493
1428	3	Raging Bolt	1	0.5459	0.4719	0.1298	0.6607	0.1148	0.4311
1428	4	Raging Bolt	1	0.62	0.513	0.1817	0.6607	0.0407	0.5793
1428	5	Raging Bolt	1	0.6067	0.5207	0.3012	0.6607	0.054	0.5527
1428	6	Raging Bolt	1	0.7325	0.3983	0.2119	0.6607	0	0.7325
1428	7	Raging Bolt	1	0.7003	0.4342	0.2103	0.6607	0	0.7003
1428	8	Raging Bolt	1	0.6974	0.4298	0.2092	0.6607	0	0.6974
1428	9	Raging Bolt	1	0.7015	0.443	0.2034	0.6607	0	0.7015
1428	10	Raging Bolt	1	0.644	0.3835	0.1822	0.6607	0.0167	0.6273
1428	11	Raging Bolt	1	0.6909	0.4194	0.1416	0.6607	0	0.6909
1428	12	Raging Bolt	1	0.6368	0.3903	0.1851	0.6607	0.0239	0.6129
1428	13	Raging Bolt	1	0.7305	0.4271	0.2475	0.6607	0	0.7305
1428	14	Raging Bolt	1	0.7054	0.4518	0.2063	0.6607	0	0.7054
1428	15	Raging Bolt	1	0.6655	0.3781	0.144	0.6607	0	0.6655
1428	16	Raging Bolt	1	0.6444	0.4191	0.1665	0.6607	0.0163	0.6281
1428	17	Raging Bolt	1	0.6148	0.346	0.1723	0.6607	0.0459	0.5689
1428	18	Raging Bolt	1	0.6685	0.4033	0.1909	0.6607	0	0.6685
1428	19	Raging Bolt	1	0.6607	0.4159	0.1763	0.6607	0	0.6607
1429	1	Iron Boulder	1	0.4787	0.4557	-0.1239	0.661	0.1823	0.2964
1429	2	Iron Boulder	1	0.5779	0.4862	0.0531	0.661	0.0831	0.4948
1429	3	Iron Boulder	1	0.5936	0.4792	0.1095	0.661	0.0674	0.5262
1429	4	Iron Boulder	1	0.5255	0.4522	0.0283	0.661	0.1355	0.39
1429	5	Iron Boulder	1	0.6011	0.4507	0.0655	0.661	0.0599	0.5412
1429	6	Iron Boulder	1	0.7762	0.399	0.2928	0.661	0	0.7762
1429	7	Iron Boulder	1	0.6911	0.403	0.1942	0.661	0	0.6911
1429	8	Iron Boulder	1	0.6825	0.4426	0.204	0.661	0	0.6825
1429	9	Iron Boulder	1	0.6312	0.4301	0.1514	0.661	0.0298	0.6014
1429	10	Iron Boulder	1	0.676	0.4086	0.1905	0.661	0	0.676
1429	11	Iron Boulder	1	0.6947	0.4081	0.1778	0.661	0	0.6947
1429	12	Iron Boulder	1	0.661	0.4534	0.1949	0.661	0	0.661
1429	13	Iron Boulder	1	0.7102	0.4436	0.2391	0.661	0	0.7102
1429	14	Iron Boulder	1	0.6713	0.4249	0.1663	0.661	0	0.6713
1429	15	Iron Boulder	1	0.7784	0.4924	0.2758	0.661	0	0.7784
1429	16	Iron Boulder	1	0.6411	0.4101	0.1729	0.661	0.0199	0.6212
1429	17	Iron Boulder	1	0.623	0.3858	0.1804	0.661	0.038	0.585
1429	18	Iron Boulder	1	0.6981	0.4715	0.2609	0.661	0	0.6981
1429	19	Iron Boulder	1	0.6513	0.4317	0.2023	0.661	0.0097	0.6416
1430	1	Iron Crown	1	0.543	0.5263	-0.0596	0.6892	0.1462	0.3968
1430	2	Iron Crown	1	0.5584	0.4918	0.0336	0.6892	0.1308	0.4276
1430	3	Iron Crown	1	0.5993	0.5139	0.0663	0.6892	0.0899	0.5094
1430	4	Iron Crown	1	0.5491	0.5062	-0.07	0.6892	0.1401	0.409
1430	5	Iron Crown	1	0.5962	0.5089	0.0364	0.6892	0.093	0.5032
1430	6	Iron Crown	1	0.727	0.4107	0.2064	0.6892	0	0.727
1430	7	Iron Crown	1	0.7286	0.3851	0.2386	0.6892	0	0.7286
1430	8	Iron Crown	1	0.6567	0.3223	0.1685	0.6892	0.0325	0.6242
1430	9	Iron Crown	1	0.7279	0.4299	0.2298	0.6892	0	0.7279
1430	10	Iron Crown	1	0.7197	0.4177	0.2579	0.6892	0	0.7197
1430	11	Iron Crown	1	0.7112	0.3798	0.1619	0.6892	0	0.7112
1430	12	Iron Crown	1	0.7364	0.4227	0.2847	0.6892	0	0.7364
1430	13	Iron Crown	1	0.7198	0.4331	0.2368	0.6892	0	0.7198
1430	14	Iron Crown	1	0.6892	0.3857	0.1901	0.6892	0	0.6892
1430	15	Iron Crown	1	0.6959	0.4058	0.1744	0.6892	0	0.6959
1430	16	Iron Crown	1	0.5608	0.362	0.0829	0.6892	0.1284	0.4324
1430	17	Iron Crown	1	0.6184	0.387	0.1759	0.6892	0.0708	0.5476
1430	18	Iron Crown	1	0.7013	0.4042	0.2237	0.6892	0	0.7013
1430	19	Iron Crown	1	0.6612	0.3656	0.1768	0.6892	0.028	0.6332
1434	7	Pecharunt	1	0.6008	0.3063	0.1902	0.5717	0	0.6008
1434	8	Pecharunt	1	0.5541	0.3434	0.1373	0.5717	0.0176	0.5365
1434	9	Pecharunt	1	0.6679	0.4065	0.2555	0.5717	0	0.6679
1434	10	Pecharunt	1	0.6269	0.377	0.2169	0.5717	0	0.6269
1434	11	Pecharunt	1	0.5132	0.3708	0.081	0.5717	0.0585	0.4547
1434	12	Pecharunt	1	0.6458	0.371	0.2474	0.5717	0	0.6458
1434	13	Pecharunt	1	0.4977	0.447	0.0549	0.5717	0.074	0.4237
1434	14	Pecharunt	1	0.6138	0.4386	0.1934	0.5717	0	0.6138
1434	15	Pecharunt	1	0.5717	0.4292	0.0917	0.5717	0	0.5717
1434	16	Pecharunt	1	0.5273	0.4128	0.1237	0.5717	0.0444	0.4829
1434	17	Pecharunt	1	0.5782	0.4379	0.1441	0.5717	0	0.5782
1434	18	Pecharunt	1	0.5465	0.4416	0.1235	0.5717	0.0252	0.5213
1434	19	Pecharunt	1	0.553	0.4445	0.1384	0.5717	0.0187	0.5343
1438	1	Vivillon-Polar	3	0.5547	0.4388	0.1159	0.5029	0	0.5547
1438	2	Vivillon-Polar	3	0.4806	0.4214	0.0151	0.5029	0.0223	0.4583
1438	3	Vivillon-Polar	3	0.5153	0.4206	0.0283	0.5029	0	0.5153
1438	4	Vivillon-Polar	3	0.6555	0.4567	0.1252	0.5029	0	0.6555
1438	5	Vivillon-Polar	3	0.5754	0.4739	0.0938	0.5029	0	0.5754
1438	6	Vivillon-Polar	3	0.4509	0.255	-0.0697	0.5029	0.052	0.3989
1438	7	Vivillon-Polar	3	0.5011	0.3482	0.0111	0.5029	0.0018	0.4993
1438	8	Vivillon-Polar	3	0.4531	0.3169	-0.0351	0.5029	0.0498	0.4033
1438	9	Vivillon-Polar	3	0.5697	0.3922	0.0716	0.5029	0	0.5697
1438	10	Vivillon-Polar	3	0.6585	0.4185	0.1967	0.5029	0	0.6585
1438	11	Vivillon-Polar	3	0.5821	0.3936	0.0328	0.5029	0	0.5821
1438	12	Vivillon-Polar	3	0.4578	0.279	0.0061	0.5029	0.0451	0.4127
1438	13	Vivillon-Polar	3	0.447	0.3483	-0.036	0.5029	0.0559	0.3911
1438	14	Vivillon-Polar	3	0.5974	0.338	0.0983	0.5029	0	0.5974
1438	15	Vivillon-Polar	3	0.5816	0.4206	0.0601	0.5029	0	0.5816
1438	16	Vivillon-Polar	3	0.4795	0.3424	0.0016	0.5029	0.0234	0.4561
1438	17	Vivillon-Polar	3	0.5029	0.2841	0.0604	0.5029	0	0.5029
1438	18	Vivillon-Polar	3	0.466	0.262	-0.0116	0.5029	0.0369	0.4291
1438	19	Vivillon-Polar	3	0.4829	0.2979	-0.0015	0.5029	0.02	0.4629
1439	1	Vivillon-Tundra	3	0.5547	0.4388	0.1159	0.5029	0	0.5547
1439	2	Vivillon-Tundra	3	0.4806	0.4214	0.0151	0.5029	0.0223	0.4583
1439	3	Vivillon-Tundra	3	0.5153	0.4206	0.0283	0.5029	0	0.5153
1439	4	Vivillon-Tundra	3	0.6555	0.4567	0.1252	0.5029	0	0.6555
1439	5	Vivillon-Tundra	3	0.5754	0.4739	0.0938	0.5029	0	0.5754
1439	6	Vivillon-Tundra	3	0.4509	0.255	-0.0697	0.5029	0.052	0.3989
1439	7	Vivillon-Tundra	3	0.5011	0.3482	0.0111	0.5029	0.0018	0.4993
1439	8	Vivillon-Tundra	3	0.4531	0.3169	-0.0351	0.5029	0.0498	0.4033
1439	9	Vivillon-Tundra	3	0.5697	0.3922	0.0716	0.5029	0	0.5697
1439	10	Vivillon-Tundra	3	0.6585	0.4185	0.1967	0.5029	0	0.6585
1439	11	Vivillon-Tundra	3	0.5821	0.3936	0.0328	0.5029	0	0.5821
1439	12	Vivillon-Tundra	3	0.4578	0.279	0.0061	0.5029	0.0451	0.4127
1439	13	Vivillon-Tundra	3	0.447	0.3483	-0.036	0.5029	0.0559	0.3911
1439	14	Vivillon-Tundra	3	0.5974	0.338	0.0983	0.5029	0	0.5974
1439	15	Vivillon-Tundra	3	0.5816	0.4206	0.0601	0.5029	0	0.5816
1439	16	Vivillon-Tundra	3	0.4795	0.3424	0.0016	0.5029	0.0234	0.4561
1439	17	Vivillon-Tundra	3	0.5029	0.2841	0.0604	0.5029	0	0.5029
1439	18	Vivillon-Tundra	3	0.466	0.262	-0.0116	0.5029	0.0369	0.4291
1439	19	Vivillon-Tundra	3	0.4829	0.2979	-0.0015	0.5029	0.02	0.4629
144	9	Articuno	1	0.6476	0.3974	0.1495	0.6476	0	0.6476
144	10	Articuno	1	0.7147	0.4109	0.2529	0.6476	0	0.7147
144	11	Articuno	1	0.7143	0.4637	0.165	0.6476	0	0.7143
144	12	Articuno	1	0.6769	0.4214	0.2252	0.6476	0	0.6769
144	13	Articuno	1	0.6128	0.4383	0.1298	0.6476	0.0348	0.578
144	14	Articuno	1	0.7161	0.4188	0.217	0.6476	0	0.7161
144	15	Articuno	1	0.7152	0.474	0.1937	0.6476	0	0.7152
144	16	Articuno	1	0.5769	0.3893	0.099	0.6476	0.0707	0.5062
144	17	Articuno	1	0.5607	0.3749	0.1182	0.6476	0.0869	0.4738
144	18	Articuno	1	0.5719	0.3699	0.0943	0.6476	0.0757	0.4962
144	19	Articuno	1	0.6094	0.4539	0.125	0.6476	0.0382	0.5712
1440	1	Vivillon-Continental	3	0.5547	0.4388	0.1159	0.5029	0	0.5547
1440	2	Vivillon-Continental	3	0.4806	0.4214	0.0151	0.5029	0.0223	0.4583
1440	3	Vivillon-Continental	3	0.5153	0.4206	0.0283	0.5029	0	0.5153
1440	4	Vivillon-Continental	3	0.6555	0.4567	0.1252	0.5029	0	0.6555
1440	5	Vivillon-Continental	3	0.5754	0.4739	0.0938	0.5029	0	0.5754
1440	6	Vivillon-Continental	3	0.4509	0.255	-0.0697	0.5029	0.052	0.3989
1440	7	Vivillon-Continental	3	0.5011	0.3482	0.0111	0.5029	0.0018	0.4993
1440	8	Vivillon-Continental	3	0.4531	0.3169	-0.0351	0.5029	0.0498	0.4033
1440	9	Vivillon-Continental	3	0.5697	0.3922	0.0716	0.5029	0	0.5697
1440	10	Vivillon-Continental	3	0.6585	0.4185	0.1967	0.5029	0	0.6585
1440	11	Vivillon-Continental	3	0.5821	0.3936	0.0328	0.5029	0	0.5821
1440	12	Vivillon-Continental	3	0.4578	0.279	0.0061	0.5029	0.0451	0.4127
1440	13	Vivillon-Continental	3	0.447	0.3483	-0.036	0.5029	0.0559	0.3911
1440	14	Vivillon-Continental	3	0.5974	0.338	0.0983	0.5029	0	0.5974
1440	15	Vivillon-Continental	3	0.5816	0.4206	0.0601	0.5029	0	0.5816
1440	16	Vivillon-Continental	3	0.4795	0.3424	0.0016	0.5029	0.0234	0.4561
1440	17	Vivillon-Continental	3	0.5029	0.2841	0.0604	0.5029	0	0.5029
1440	18	Vivillon-Continental	3	0.466	0.262	-0.0116	0.5029	0.0369	0.4291
1440	19	Vivillon-Continental	3	0.4829	0.2979	-0.0015	0.5029	0.02	0.4629
1441	1	Vivillon-Garden	3	0.5547	0.4388	0.1159	0.5029	0	0.5547
1441	2	Vivillon-Garden	3	0.4806	0.4214	0.0151	0.5029	0.0223	0.4583
1441	3	Vivillon-Garden	3	0.5153	0.4206	0.0283	0.5029	0	0.5153
1441	4	Vivillon-Garden	3	0.6555	0.4567	0.1252	0.5029	0	0.6555
1441	5	Vivillon-Garden	3	0.5754	0.4739	0.0938	0.5029	0	0.5754
1441	6	Vivillon-Garden	3	0.4509	0.255	-0.0697	0.5029	0.052	0.3989
1441	7	Vivillon-Garden	3	0.5011	0.3482	0.0111	0.5029	0.0018	0.4993
1441	8	Vivillon-Garden	3	0.4531	0.3169	-0.0351	0.5029	0.0498	0.4033
1441	9	Vivillon-Garden	3	0.5697	0.3922	0.0716	0.5029	0	0.5697
1441	10	Vivillon-Garden	3	0.6585	0.4185	0.1967	0.5029	0	0.6585
1441	11	Vivillon-Garden	3	0.5821	0.3936	0.0328	0.5029	0	0.5821
1441	12	Vivillon-Garden	3	0.4578	0.279	0.0061	0.5029	0.0451	0.4127
1441	13	Vivillon-Garden	3	0.447	0.3483	-0.036	0.5029	0.0559	0.3911
1441	14	Vivillon-Garden	3	0.5974	0.338	0.0983	0.5029	0	0.5974
1441	15	Vivillon-Garden	3	0.5816	0.4206	0.0601	0.5029	0	0.5816
1441	16	Vivillon-Garden	3	0.4795	0.3424	0.0016	0.5029	0.0234	0.4561
1441	17	Vivillon-Garden	3	0.5029	0.2841	0.0604	0.5029	0	0.5029
1441	18	Vivillon-Garden	3	0.466	0.262	-0.0116	0.5029	0.0369	0.4291
1441	19	Vivillon-Garden	3	0.4829	0.2979	-0.0015	0.5029	0.02	0.4629
1442	1	Vivillon-Elegant	3	0.5547	0.4388	0.1159	0.5029	0	0.5547
1442	2	Vivillon-Elegant	3	0.4806	0.4214	0.0151	0.5029	0.0223	0.4583
1442	3	Vivillon-Elegant	3	0.5153	0.4206	0.0283	0.5029	0	0.5153
1442	4	Vivillon-Elegant	3	0.6555	0.4567	0.1252	0.5029	0	0.6555
1442	5	Vivillon-Elegant	3	0.5754	0.4739	0.0938	0.5029	0	0.5754
1442	6	Vivillon-Elegant	3	0.4509	0.255	-0.0697	0.5029	0.052	0.3989
1442	7	Vivillon-Elegant	3	0.5011	0.3482	0.0111	0.5029	0.0018	0.4993
1442	8	Vivillon-Elegant	3	0.4531	0.3169	-0.0351	0.5029	0.0498	0.4033
1442	9	Vivillon-Elegant	3	0.5697	0.3922	0.0716	0.5029	0	0.5697
1442	10	Vivillon-Elegant	3	0.6585	0.4185	0.1967	0.5029	0	0.6585
1442	11	Vivillon-Elegant	3	0.5821	0.3936	0.0328	0.5029	0	0.5821
1442	12	Vivillon-Elegant	3	0.4578	0.279	0.0061	0.5029	0.0451	0.4127
1442	13	Vivillon-Elegant	3	0.447	0.3483	-0.036	0.5029	0.0559	0.3911
1442	14	Vivillon-Elegant	3	0.5974	0.338	0.0983	0.5029	0	0.5974
1442	15	Vivillon-Elegant	3	0.5816	0.4206	0.0601	0.5029	0	0.5816
1442	16	Vivillon-Elegant	3	0.4795	0.3424	0.0016	0.5029	0.0234	0.4561
1442	17	Vivillon-Elegant	3	0.5029	0.2841	0.0604	0.5029	0	0.5029
1442	18	Vivillon-Elegant	3	0.466	0.262	-0.0116	0.5029	0.0369	0.4291
1442	19	Vivillon-Elegant	3	0.4829	0.2979	-0.0015	0.5029	0.02	0.4629
1443	1	Vivillon-Meadow	3	0.5547	0.4388	0.1159	0.5029	0	0.5547
1443	2	Vivillon-Meadow	3	0.4806	0.4214	0.0151	0.5029	0.0223	0.4583
1443	3	Vivillon-Meadow	3	0.5153	0.4206	0.0283	0.5029	0	0.5153
1443	4	Vivillon-Meadow	3	0.6555	0.4567	0.1252	0.5029	0	0.6555
1443	5	Vivillon-Meadow	3	0.5754	0.4739	0.0938	0.5029	0	0.5754
1443	6	Vivillon-Meadow	3	0.4509	0.255	-0.0697	0.5029	0.052	0.3989
1443	7	Vivillon-Meadow	3	0.5011	0.3482	0.0111	0.5029	0.0018	0.4993
1443	8	Vivillon-Meadow	3	0.4531	0.3169	-0.0351	0.5029	0.0498	0.4033
1443	9	Vivillon-Meadow	3	0.5697	0.3922	0.0716	0.5029	0	0.5697
1443	10	Vivillon-Meadow	3	0.6585	0.4185	0.1967	0.5029	0	0.6585
1443	11	Vivillon-Meadow	3	0.5821	0.3936	0.0328	0.5029	0	0.5821
1443	12	Vivillon-Meadow	3	0.4578	0.279	0.0061	0.5029	0.0451	0.4127
1443	13	Vivillon-Meadow	3	0.447	0.3483	-0.036	0.5029	0.0559	0.3911
1443	14	Vivillon-Meadow	3	0.5974	0.338	0.0983	0.5029	0	0.5974
1443	15	Vivillon-Meadow	3	0.5816	0.4206	0.0601	0.5029	0	0.5816
1443	16	Vivillon-Meadow	3	0.4795	0.3424	0.0016	0.5029	0.0234	0.4561
1443	17	Vivillon-Meadow	3	0.5029	0.2841	0.0604	0.5029	0	0.5029
1443	18	Vivillon-Meadow	3	0.466	0.262	-0.0116	0.5029	0.0369	0.4291
1443	19	Vivillon-Meadow	3	0.4829	0.2979	-0.0015	0.5029	0.02	0.4629
1444	1	Vivillon-Modern	3	0.5547	0.4388	0.1159	0.5029	0	0.5547
1444	2	Vivillon-Modern	3	0.4806	0.4214	0.0151	0.5029	0.0223	0.4583
1444	3	Vivillon-Modern	3	0.5153	0.4206	0.0283	0.5029	0	0.5153
1444	4	Vivillon-Modern	3	0.6555	0.4567	0.1252	0.5029	0	0.6555
1444	5	Vivillon-Modern	3	0.5754	0.4739	0.0938	0.5029	0	0.5754
1444	6	Vivillon-Modern	3	0.4509	0.255	-0.0697	0.5029	0.052	0.3989
1444	7	Vivillon-Modern	3	0.5011	0.3482	0.0111	0.5029	0.0018	0.4993
1444	8	Vivillon-Modern	3	0.4531	0.3169	-0.0351	0.5029	0.0498	0.4033
1444	9	Vivillon-Modern	3	0.5697	0.3922	0.0716	0.5029	0	0.5697
1444	10	Vivillon-Modern	3	0.6585	0.4185	0.1967	0.5029	0	0.6585
1444	11	Vivillon-Modern	3	0.5821	0.3936	0.0328	0.5029	0	0.5821
1444	12	Vivillon-Modern	3	0.4578	0.279	0.0061	0.5029	0.0451	0.4127
1444	13	Vivillon-Modern	3	0.447	0.3483	-0.036	0.5029	0.0559	0.3911
1444	14	Vivillon-Modern	3	0.5974	0.338	0.0983	0.5029	0	0.5974
1444	15	Vivillon-Modern	3	0.5816	0.4206	0.0601	0.5029	0	0.5816
1444	16	Vivillon-Modern	3	0.4795	0.3424	0.0016	0.5029	0.0234	0.4561
1444	17	Vivillon-Modern	3	0.5029	0.2841	0.0604	0.5029	0	0.5029
1444	18	Vivillon-Modern	3	0.466	0.262	-0.0116	0.5029	0.0369	0.4291
1444	19	Vivillon-Modern	3	0.4829	0.2979	-0.0015	0.5029	0.02	0.4629
1445	1	Vivillon-Marine	3	0.5547	0.4388	0.1159	0.5029	0	0.5547
1445	2	Vivillon-Marine	3	0.4806	0.4214	0.0151	0.5029	0.0223	0.4583
1445	3	Vivillon-Marine	3	0.5153	0.4206	0.0283	0.5029	0	0.5153
1445	4	Vivillon-Marine	3	0.6555	0.4567	0.1252	0.5029	0	0.6555
1445	5	Vivillon-Marine	3	0.5754	0.4739	0.0938	0.5029	0	0.5754
1445	6	Vivillon-Marine	3	0.4509	0.255	-0.0697	0.5029	0.052	0.3989
1445	7	Vivillon-Marine	3	0.5011	0.3482	0.0111	0.5029	0.0018	0.4993
1445	8	Vivillon-Marine	3	0.4531	0.3169	-0.0351	0.5029	0.0498	0.4033
1445	9	Vivillon-Marine	3	0.5697	0.3922	0.0716	0.5029	0	0.5697
1445	10	Vivillon-Marine	3	0.6585	0.4185	0.1967	0.5029	0	0.6585
1445	11	Vivillon-Marine	3	0.5821	0.3936	0.0328	0.5029	0	0.5821
1445	12	Vivillon-Marine	3	0.4578	0.279	0.0061	0.5029	0.0451	0.4127
1445	13	Vivillon-Marine	3	0.447	0.3483	-0.036	0.5029	0.0559	0.3911
1445	14	Vivillon-Marine	3	0.5974	0.338	0.0983	0.5029	0	0.5974
1445	15	Vivillon-Marine	3	0.5816	0.4206	0.0601	0.5029	0	0.5816
1445	16	Vivillon-Marine	3	0.4795	0.3424	0.0016	0.5029	0.0234	0.4561
1445	17	Vivillon-Marine	3	0.5029	0.2841	0.0604	0.5029	0	0.5029
1445	18	Vivillon-Marine	3	0.466	0.262	-0.0116	0.5029	0.0369	0.4291
1445	19	Vivillon-Marine	3	0.4829	0.2979	-0.0015	0.5029	0.02	0.4629
1446	1	Vivillon-Archipelago	3	0.5547	0.4388	0.1159	0.5029	0	0.5547
1446	2	Vivillon-Archipelago	3	0.4806	0.4214	0.0151	0.5029	0.0223	0.4583
1446	3	Vivillon-Archipelago	3	0.5153	0.4206	0.0283	0.5029	0	0.5153
1446	4	Vivillon-Archipelago	3	0.6555	0.4567	0.1252	0.5029	0	0.6555
1446	5	Vivillon-Archipelago	3	0.5754	0.4739	0.0938	0.5029	0	0.5754
1446	6	Vivillon-Archipelago	3	0.4509	0.255	-0.0697	0.5029	0.052	0.3989
1446	7	Vivillon-Archipelago	3	0.5011	0.3482	0.0111	0.5029	0.0018	0.4993
1446	8	Vivillon-Archipelago	3	0.4531	0.3169	-0.0351	0.5029	0.0498	0.4033
1446	9	Vivillon-Archipelago	3	0.5697	0.3922	0.0716	0.5029	0	0.5697
1446	10	Vivillon-Archipelago	3	0.6585	0.4185	0.1967	0.5029	0	0.6585
1446	11	Vivillon-Archipelago	3	0.5821	0.3936	0.0328	0.5029	0	0.5821
1446	12	Vivillon-Archipelago	3	0.4578	0.279	0.0061	0.5029	0.0451	0.4127
1446	13	Vivillon-Archipelago	3	0.447	0.3483	-0.036	0.5029	0.0559	0.3911
1446	14	Vivillon-Archipelago	3	0.5974	0.338	0.0983	0.5029	0	0.5974
1446	15	Vivillon-Archipelago	3	0.5816	0.4206	0.0601	0.5029	0	0.5816
1446	16	Vivillon-Archipelago	3	0.4795	0.3424	0.0016	0.5029	0.0234	0.4561
1446	17	Vivillon-Archipelago	3	0.5029	0.2841	0.0604	0.5029	0	0.5029
1446	18	Vivillon-Archipelago	3	0.466	0.262	-0.0116	0.5029	0.0369	0.4291
1446	19	Vivillon-Archipelago	3	0.4829	0.2979	-0.0015	0.5029	0.02	0.4629
1447	1	Vivillon-High-Plains	3	0.5547	0.4388	0.1159	0.5029	0	0.5547
1447	2	Vivillon-High-Plains	3	0.4806	0.4214	0.0151	0.5029	0.0223	0.4583
1447	3	Vivillon-High-Plains	3	0.5153	0.4206	0.0283	0.5029	0	0.5153
1447	4	Vivillon-High-Plains	3	0.6555	0.4567	0.1252	0.5029	0	0.6555
1447	5	Vivillon-High-Plains	3	0.5754	0.4739	0.0938	0.5029	0	0.5754
1447	6	Vivillon-High-Plains	3	0.4509	0.255	-0.0697	0.5029	0.052	0.3989
1447	7	Vivillon-High-Plains	3	0.5011	0.3482	0.0111	0.5029	0.0018	0.4993
1447	8	Vivillon-High-Plains	3	0.4531	0.3169	-0.0351	0.5029	0.0498	0.4033
1447	9	Vivillon-High-Plains	3	0.5697	0.3922	0.0716	0.5029	0	0.5697
1447	10	Vivillon-High-Plains	3	0.6585	0.4185	0.1967	0.5029	0	0.6585
1447	11	Vivillon-High-Plains	3	0.5821	0.3936	0.0328	0.5029	0	0.5821
1447	12	Vivillon-High-Plains	3	0.4578	0.279	0.0061	0.5029	0.0451	0.4127
1447	13	Vivillon-High-Plains	3	0.447	0.3483	-0.036	0.5029	0.0559	0.3911
1447	14	Vivillon-High-Plains	3	0.5974	0.338	0.0983	0.5029	0	0.5974
1447	15	Vivillon-High-Plains	3	0.5816	0.4206	0.0601	0.5029	0	0.5816
1447	16	Vivillon-High-Plains	3	0.4795	0.3424	0.0016	0.5029	0.0234	0.4561
1447	17	Vivillon-High-Plains	3	0.5029	0.2841	0.0604	0.5029	0	0.5029
1447	18	Vivillon-High-Plains	3	0.466	0.262	-0.0116	0.5029	0.0369	0.4291
1447	19	Vivillon-High-Plains	3	0.4829	0.2979	-0.0015	0.5029	0.02	0.4629
1448	1	Vivillon-Sandstorm	3	0.5547	0.4388	0.1159	0.5029	0	0.5547
1448	2	Vivillon-Sandstorm	3	0.4806	0.4214	0.0151	0.5029	0.0223	0.4583
1448	3	Vivillon-Sandstorm	3	0.5153	0.4206	0.0283	0.5029	0	0.5153
1448	4	Vivillon-Sandstorm	3	0.6555	0.4567	0.1252	0.5029	0	0.6555
1448	5	Vivillon-Sandstorm	3	0.5754	0.4739	0.0938	0.5029	0	0.5754
1448	6	Vivillon-Sandstorm	3	0.4509	0.255	-0.0697	0.5029	0.052	0.3989
1448	7	Vivillon-Sandstorm	3	0.5011	0.3482	0.0111	0.5029	0.0018	0.4993
1448	8	Vivillon-Sandstorm	3	0.4531	0.3169	-0.0351	0.5029	0.0498	0.4033
1448	9	Vivillon-Sandstorm	3	0.5697	0.3922	0.0716	0.5029	0	0.5697
1448	10	Vivillon-Sandstorm	3	0.6585	0.4185	0.1967	0.5029	0	0.6585
1448	11	Vivillon-Sandstorm	3	0.5821	0.3936	0.0328	0.5029	0	0.5821
1448	12	Vivillon-Sandstorm	3	0.4578	0.279	0.0061	0.5029	0.0451	0.4127
1448	13	Vivillon-Sandstorm	3	0.447	0.3483	-0.036	0.5029	0.0559	0.3911
1448	14	Vivillon-Sandstorm	3	0.5974	0.338	0.0983	0.5029	0	0.5974
1448	15	Vivillon-Sandstorm	3	0.5816	0.4206	0.0601	0.5029	0	0.5816
1448	16	Vivillon-Sandstorm	3	0.4795	0.3424	0.0016	0.5029	0.0234	0.4561
1448	17	Vivillon-Sandstorm	3	0.5029	0.2841	0.0604	0.5029	0	0.5029
1448	18	Vivillon-Sandstorm	3	0.466	0.262	-0.0116	0.5029	0.0369	0.4291
1448	19	Vivillon-Sandstorm	3	0.4829	0.2979	-0.0015	0.5029	0.02	0.4629
1449	1	Vivillon-River	3	0.5547	0.4388	0.1159	0.5029	0	0.5547
1449	2	Vivillon-River	3	0.4806	0.4214	0.0151	0.5029	0.0223	0.4583
1449	3	Vivillon-River	3	0.5153	0.4206	0.0283	0.5029	0	0.5153
1449	4	Vivillon-River	3	0.6555	0.4567	0.1252	0.5029	0	0.6555
1449	5	Vivillon-River	3	0.5754	0.4739	0.0938	0.5029	0	0.5754
1449	6	Vivillon-River	3	0.4509	0.255	-0.0697	0.5029	0.052	0.3989
1449	7	Vivillon-River	3	0.5011	0.3482	0.0111	0.5029	0.0018	0.4993
1449	8	Vivillon-River	3	0.4531	0.3169	-0.0351	0.5029	0.0498	0.4033
1449	9	Vivillon-River	3	0.5697	0.3922	0.0716	0.5029	0	0.5697
1449	10	Vivillon-River	3	0.6585	0.4185	0.1967	0.5029	0	0.6585
1449	11	Vivillon-River	3	0.5821	0.3936	0.0328	0.5029	0	0.5821
1449	12	Vivillon-River	3	0.4578	0.279	0.0061	0.5029	0.0451	0.4127
1449	13	Vivillon-River	3	0.447	0.3483	-0.036	0.5029	0.0559	0.3911
1449	14	Vivillon-River	3	0.5974	0.338	0.0983	0.5029	0	0.5974
1449	15	Vivillon-River	3	0.5816	0.4206	0.0601	0.5029	0	0.5816
1449	16	Vivillon-River	3	0.4795	0.3424	0.0016	0.5029	0.0234	0.4561
1449	17	Vivillon-River	3	0.5029	0.2841	0.0604	0.5029	0	0.5029
1449	18	Vivillon-River	3	0.466	0.262	-0.0116	0.5029	0.0369	0.4291
1449	19	Vivillon-River	3	0.4829	0.2979	-0.0015	0.5029	0.02	0.4629
145	9	Zapdos	1	0.7043	0.4492	0.2062	0.6742	0	0.7043
145	10	Zapdos	1	0.6413	0.3977	0.1795	0.6742	0.0329	0.6084
145	11	Zapdos	1	0.6561	0.4928	0.1068	0.6742	0.0181	0.638
145	12	Zapdos	1	0.6236	0.4278	0.1719	0.6742	0.0506	0.573
145	13	Zapdos	1	0.6955	0.4816	0.2125	0.6742	0	0.6955
145	14	Zapdos	1	0.7122	0.4425	0.2131	0.6742	0	0.7122
145	15	Zapdos	1	0.6889	0.4293	0.1674	0.6742	0	0.6889
145	16	Zapdos	1	0.6742	0.4671	0.1963	0.6742	0	0.6742
145	17	Zapdos	1	0.6619	0.4139	0.2194	0.6742	0.0123	0.6496
145	18	Zapdos	1	0.6781	0.4053	0.2005	0.6742	0	0.6781
145	19	Zapdos	1	0.6537	0.5272	0.1693	0.6742	0.0205	0.6332
1450	1	Vivillon-Monsoon	3	0.5547	0.4388	0.1159	0.5029	0	0.5547
1450	2	Vivillon-Monsoon	3	0.4806	0.4214	0.0151	0.5029	0.0223	0.4583
1450	3	Vivillon-Monsoon	3	0.5153	0.4206	0.0283	0.5029	0	0.5153
1450	4	Vivillon-Monsoon	3	0.6555	0.4567	0.1252	0.5029	0	0.6555
1450	5	Vivillon-Monsoon	3	0.5754	0.4739	0.0938	0.5029	0	0.5754
1450	6	Vivillon-Monsoon	3	0.4509	0.255	-0.0697	0.5029	0.052	0.3989
1450	7	Vivillon-Monsoon	3	0.5011	0.3482	0.0111	0.5029	0.0018	0.4993
1450	8	Vivillon-Monsoon	3	0.4531	0.3169	-0.0351	0.5029	0.0498	0.4033
1450	9	Vivillon-Monsoon	3	0.5697	0.3922	0.0716	0.5029	0	0.5697
1450	10	Vivillon-Monsoon	3	0.6585	0.4185	0.1967	0.5029	0	0.6585
1450	11	Vivillon-Monsoon	3	0.5821	0.3936	0.0328	0.5029	0	0.5821
1450	12	Vivillon-Monsoon	3	0.4578	0.279	0.0061	0.5029	0.0451	0.4127
1450	13	Vivillon-Monsoon	3	0.447	0.3483	-0.036	0.5029	0.0559	0.3911
1450	14	Vivillon-Monsoon	3	0.5974	0.338	0.0983	0.5029	0	0.5974
1450	15	Vivillon-Monsoon	3	0.5816	0.4206	0.0601	0.5029	0	0.5816
1450	16	Vivillon-Monsoon	3	0.4795	0.3424	0.0016	0.5029	0.0234	0.4561
1450	17	Vivillon-Monsoon	3	0.5029	0.2841	0.0604	0.5029	0	0.5029
1450	18	Vivillon-Monsoon	3	0.466	0.262	-0.0116	0.5029	0.0369	0.4291
1450	19	Vivillon-Monsoon	3	0.4829	0.2979	-0.0015	0.5029	0.02	0.4629
1451	1	Vivillon-Savanna	3	0.5547	0.4388	0.1159	0.5029	0	0.5547
1451	2	Vivillon-Savanna	3	0.4806	0.4214	0.0151	0.5029	0.0223	0.4583
1451	3	Vivillon-Savanna	3	0.5153	0.4206	0.0283	0.5029	0	0.5153
1451	4	Vivillon-Savanna	3	0.6555	0.4567	0.1252	0.5029	0	0.6555
1451	5	Vivillon-Savanna	3	0.5754	0.4739	0.0938	0.5029	0	0.5754
1451	6	Vivillon-Savanna	3	0.4509	0.255	-0.0697	0.5029	0.052	0.3989
1451	7	Vivillon-Savanna	3	0.5011	0.3482	0.0111	0.5029	0.0018	0.4993
1451	8	Vivillon-Savanna	3	0.4531	0.3169	-0.0351	0.5029	0.0498	0.4033
1451	9	Vivillon-Savanna	3	0.5697	0.3922	0.0716	0.5029	0	0.5697
1451	10	Vivillon-Savanna	3	0.6585	0.4185	0.1967	0.5029	0	0.6585
1451	11	Vivillon-Savanna	3	0.5821	0.3936	0.0328	0.5029	0	0.5821
1451	12	Vivillon-Savanna	3	0.4578	0.279	0.0061	0.5029	0.0451	0.4127
1451	13	Vivillon-Savanna	3	0.447	0.3483	-0.036	0.5029	0.0559	0.3911
1451	14	Vivillon-Savanna	3	0.5974	0.338	0.0983	0.5029	0	0.5974
1451	15	Vivillon-Savanna	3	0.5816	0.4206	0.0601	0.5029	0	0.5816
1451	16	Vivillon-Savanna	3	0.4795	0.3424	0.0016	0.5029	0.0234	0.4561
1451	17	Vivillon-Savanna	3	0.5029	0.2841	0.0604	0.5029	0	0.5029
1451	18	Vivillon-Savanna	3	0.466	0.262	-0.0116	0.5029	0.0369	0.4291
1451	19	Vivillon-Savanna	3	0.4829	0.2979	-0.0015	0.5029	0.02	0.4629
1452	1	Vivillon-Sun	3	0.5547	0.4388	0.1159	0.5029	0	0.5547
1452	2	Vivillon-Sun	3	0.4806	0.4214	0.0151	0.5029	0.0223	0.4583
1452	3	Vivillon-Sun	3	0.5153	0.4206	0.0283	0.5029	0	0.5153
1452	4	Vivillon-Sun	3	0.6555	0.4567	0.1252	0.5029	0	0.6555
1452	5	Vivillon-Sun	3	0.5754	0.4739	0.0938	0.5029	0	0.5754
1452	6	Vivillon-Sun	3	0.4509	0.255	-0.0697	0.5029	0.052	0.3989
1452	7	Vivillon-Sun	3	0.5011	0.3482	0.0111	0.5029	0.0018	0.4993
1452	8	Vivillon-Sun	3	0.4531	0.3169	-0.0351	0.5029	0.0498	0.4033
1452	9	Vivillon-Sun	3	0.5697	0.3922	0.0716	0.5029	0	0.5697
1452	10	Vivillon-Sun	3	0.6585	0.4185	0.1967	0.5029	0	0.6585
1452	11	Vivillon-Sun	3	0.5821	0.3936	0.0328	0.5029	0	0.5821
1452	12	Vivillon-Sun	3	0.4578	0.279	0.0061	0.5029	0.0451	0.4127
1452	13	Vivillon-Sun	3	0.447	0.3483	-0.036	0.5029	0.0559	0.3911
1452	14	Vivillon-Sun	3	0.5974	0.338	0.0983	0.5029	0	0.5974
1452	15	Vivillon-Sun	3	0.5816	0.4206	0.0601	0.5029	0	0.5816
1452	16	Vivillon-Sun	3	0.4795	0.3424	0.0016	0.5029	0.0234	0.4561
1452	17	Vivillon-Sun	3	0.5029	0.2841	0.0604	0.5029	0	0.5029
1452	18	Vivillon-Sun	3	0.466	0.262	-0.0116	0.5029	0.0369	0.4291
1452	19	Vivillon-Sun	3	0.4829	0.2979	-0.0015	0.5029	0.02	0.4629
1453	1	Vivillon-Ocean	3	0.5547	0.4388	0.1159	0.5029	0	0.5547
1453	2	Vivillon-Ocean	3	0.4806	0.4214	0.0151	0.5029	0.0223	0.4583
1453	3	Vivillon-Ocean	3	0.5153	0.4206	0.0283	0.5029	0	0.5153
1453	4	Vivillon-Ocean	3	0.6555	0.4567	0.1252	0.5029	0	0.6555
1453	5	Vivillon-Ocean	3	0.5754	0.4739	0.0938	0.5029	0	0.5754
1453	6	Vivillon-Ocean	3	0.4509	0.255	-0.0697	0.5029	0.052	0.3989
1453	7	Vivillon-Ocean	3	0.5011	0.3482	0.0111	0.5029	0.0018	0.4993
1453	8	Vivillon-Ocean	3	0.4531	0.3169	-0.0351	0.5029	0.0498	0.4033
1453	9	Vivillon-Ocean	3	0.5697	0.3922	0.0716	0.5029	0	0.5697
1453	10	Vivillon-Ocean	3	0.6585	0.4185	0.1967	0.5029	0	0.6585
1453	11	Vivillon-Ocean	3	0.5821	0.3936	0.0328	0.5029	0	0.5821
1453	12	Vivillon-Ocean	3	0.4578	0.279	0.0061	0.5029	0.0451	0.4127
1453	13	Vivillon-Ocean	3	0.447	0.3483	-0.036	0.5029	0.0559	0.3911
1453	14	Vivillon-Ocean	3	0.5974	0.338	0.0983	0.5029	0	0.5974
1453	15	Vivillon-Ocean	3	0.5816	0.4206	0.0601	0.5029	0	0.5816
1453	16	Vivillon-Ocean	3	0.4795	0.3424	0.0016	0.5029	0.0234	0.4561
1453	17	Vivillon-Ocean	3	0.5029	0.2841	0.0604	0.5029	0	0.5029
1453	18	Vivillon-Ocean	3	0.466	0.262	-0.0116	0.5029	0.0369	0.4291
1453	19	Vivillon-Ocean	3	0.4829	0.2979	-0.0015	0.5029	0.02	0.4629
1454	1	Vivillon-Jungle	3	0.5547	0.4388	0.1159	0.5029	0	0.5547
1454	2	Vivillon-Jungle	3	0.4806	0.4214	0.0151	0.5029	0.0223	0.4583
1454	3	Vivillon-Jungle	3	0.5153	0.4206	0.0283	0.5029	0	0.5153
1454	4	Vivillon-Jungle	3	0.6555	0.4567	0.1252	0.5029	0	0.6555
1454	5	Vivillon-Jungle	3	0.5754	0.4739	0.0938	0.5029	0	0.5754
1454	6	Vivillon-Jungle	3	0.4509	0.255	-0.0697	0.5029	0.052	0.3989
1454	7	Vivillon-Jungle	3	0.5011	0.3482	0.0111	0.5029	0.0018	0.4993
1454	8	Vivillon-Jungle	3	0.4531	0.3169	-0.0351	0.5029	0.0498	0.4033
1454	9	Vivillon-Jungle	3	0.5697	0.3922	0.0716	0.5029	0	0.5697
1454	10	Vivillon-Jungle	3	0.6585	0.4185	0.1967	0.5029	0	0.6585
1454	11	Vivillon-Jungle	3	0.5821	0.3936	0.0328	0.5029	0	0.5821
1454	12	Vivillon-Jungle	3	0.4578	0.279	0.0061	0.5029	0.0451	0.4127
1454	13	Vivillon-Jungle	3	0.447	0.3483	-0.036	0.5029	0.0559	0.3911
1454	14	Vivillon-Jungle	3	0.5974	0.338	0.0983	0.5029	0	0.5974
1454	15	Vivillon-Jungle	3	0.5816	0.4206	0.0601	0.5029	0	0.5816
1454	16	Vivillon-Jungle	3	0.4795	0.3424	0.0016	0.5029	0.0234	0.4561
1454	17	Vivillon-Jungle	3	0.5029	0.2841	0.0604	0.5029	0	0.5029
1454	18	Vivillon-Jungle	3	0.466	0.262	-0.0116	0.5029	0.0369	0.4291
1454	19	Vivillon-Jungle	3	0.4829	0.2979	-0.0015	0.5029	0.02	0.4629
1455	1	Vivillon-Fancy	3	0.5547	0.4388	0.1159	0.5029	0	0.5547
1455	2	Vivillon-Fancy	3	0.4806	0.4214	0.0151	0.5029	0.0223	0.4583
1455	3	Vivillon-Fancy	3	0.5153	0.4206	0.0283	0.5029	0	0.5153
1455	4	Vivillon-Fancy	3	0.6555	0.4567	0.1252	0.5029	0	0.6555
1455	5	Vivillon-Fancy	3	0.5754	0.4739	0.0938	0.5029	0	0.5754
1455	6	Vivillon-Fancy	3	0.4509	0.255	-0.0697	0.5029	0.052	0.3989
1455	7	Vivillon-Fancy	3	0.5011	0.3482	0.0111	0.5029	0.0018	0.4993
1455	8	Vivillon-Fancy	3	0.4531	0.3169	-0.0351	0.5029	0.0498	0.4033
1455	9	Vivillon-Fancy	3	0.5697	0.3922	0.0716	0.5029	0	0.5697
1455	10	Vivillon-Fancy	3	0.6585	0.4185	0.1967	0.5029	0	0.6585
1455	11	Vivillon-Fancy	3	0.5821	0.3936	0.0328	0.5029	0	0.5821
1455	12	Vivillon-Fancy	3	0.4578	0.279	0.0061	0.5029	0.0451	0.4127
1455	13	Vivillon-Fancy	3	0.447	0.3483	-0.036	0.5029	0.0559	0.3911
1455	14	Vivillon-Fancy	3	0.5974	0.338	0.0983	0.5029	0	0.5974
1455	15	Vivillon-Fancy	3	0.5816	0.4206	0.0601	0.5029	0	0.5816
1455	16	Vivillon-Fancy	3	0.4795	0.3424	0.0016	0.5029	0.0234	0.4561
1455	17	Vivillon-Fancy	3	0.5029	0.2841	0.0604	0.5029	0	0.5029
1455	18	Vivillon-Fancy	3	0.466	0.262	-0.0116	0.5029	0.0369	0.4291
1455	19	Vivillon-Fancy	3	0.4829	0.2979	-0.0015	0.5029	0.02	0.4629
1456	1	Vivillon-Pokeball	3	0.5547	0.4388	0.1159	0.5029	0	0.5547
1456	2	Vivillon-Pokeball	3	0.4806	0.4214	0.0151	0.5029	0.0223	0.4583
1456	3	Vivillon-Pokeball	3	0.5153	0.4206	0.0283	0.5029	0	0.5153
1456	4	Vivillon-Pokeball	3	0.6555	0.4567	0.1252	0.5029	0	0.6555
1456	5	Vivillon-Pokeball	3	0.5754	0.4739	0.0938	0.5029	0	0.5754
1456	6	Vivillon-Pokeball	3	0.4509	0.255	-0.0697	0.5029	0.052	0.3989
1456	7	Vivillon-Pokeball	3	0.5011	0.3482	0.0111	0.5029	0.0018	0.4993
1456	8	Vivillon-Pokeball	3	0.4531	0.3169	-0.0351	0.5029	0.0498	0.4033
1456	9	Vivillon-Pokeball	3	0.5697	0.3922	0.0716	0.5029	0	0.5697
1456	10	Vivillon-Pokeball	3	0.6585	0.4185	0.1967	0.5029	0	0.6585
1456	11	Vivillon-Pokeball	3	0.5821	0.3936	0.0328	0.5029	0	0.5821
1456	12	Vivillon-Pokeball	3	0.4578	0.279	0.0061	0.5029	0.0451	0.4127
1456	13	Vivillon-Pokeball	3	0.447	0.3483	-0.036	0.5029	0.0559	0.3911
1456	14	Vivillon-Pokeball	3	0.5974	0.338	0.0983	0.5029	0	0.5974
1456	15	Vivillon-Pokeball	3	0.5816	0.4206	0.0601	0.5029	0	0.5816
1456	16	Vivillon-Pokeball	3	0.4795	0.3424	0.0016	0.5029	0.0234	0.4561
1456	17	Vivillon-Pokeball	3	0.5029	0.2841	0.0604	0.5029	0	0.5029
1456	18	Vivillon-Pokeball	3	0.466	0.262	-0.0116	0.5029	0.0369	0.4291
1456	19	Vivillon-Pokeball	3	0.4829	0.2979	-0.0015	0.5029	0.02	0.4629
146	9	Moltres	1	0.5836	0.4274	0.062	0.5519	0	0.5836
146	10	Moltres	1	0.589	0.396	0.0728	0.5519	0	0.589
146	11	Moltres	1	0.5519	0.3471	-0.0308	0.5519	0	0.5519
146	12	Moltres	1	0.5296	0.3382	0.0187	0.5519	0.0223	0.5073
146	13	Moltres	1	0.5852	0.392	0.0235	0.5519	0	0.5852
146	14	Moltres	1	0.5055	0.3345	-0.04	0.5519	0.0464	0.4591
146	15	Moltres	1	0.6733	0.3748	0.1352	0.5519	0	0.6733
146	16	Moltres	1	0.519	0.3639	-0.019	0.5519	0.0329	0.4861
146	17	Moltres	1	0.536	0.3796	0.0367	0.5519	0.0159	0.5201
146	18	Moltres	1	0.4997	0.3418	-0.0047	0.5519	0.0522	0.4475
146	19	Moltres	1	0.5621	0.4286	0.0531	0.5519	0	0.5621
147	1	Dragonair	2	0.4896	0.4664	-0.0829	0.6316	0.142	0.3476
147	2	Dragonair	2	0.3865	0.3558	-0.1171	0.6316	0.2451	0.1414
147	3	Dragonair	2	0.4351	0.37	-0.0592	0.6316	0.1965	0.2386
147	4	Dragonair	2	0.4847	0.3713	-0.0247	0.6316	0.1469	0.3378
147	5	Dragonair	2	0.5145	0.3835	0.0231	0.6316	0.1171	0.3974
147	6	Dragonair	2	0.5189	0.2888	0.2489	0.6316	0.1127	0.4062
147	7	Dragonair	2	0.6221	0.3787	0.0985	0.6316	0.0095	0.6126
147	8	Dragonair	2	0.5702	0.3519	0.0917	0.6316	0.0614	0.5088
147	9	Dragonite	3	0.6919	0.5243	0.1681	0.6316	0	0.6919
147	10	Dragonite	3	0.6868	0.4807	0.1717	0.6316	0	0.6868
147	11	Dragonite	3	0.6316	0.4813	0.1042	0.6316	0	0.6316
147	12	Dragonite	3	0.7025	0.3981	0.2159	0.6316	0	0.7025
147	13	Dragonite	3	0.6584	0.4973	0.1457	0.6316	0	0.6584
147	14	Dragonite	3	0.6924	0.5299	0.1682	0.6316	0	0.6924
147	15	Dragonite	3	0.6042	0.4875	0.0692	0.6316	0.0274	0.5768
147	16	Dragonite	3	0.6911	0.4949	0.1909	0.6316	0	0.6911
147	17	Dragonite	3	0.6971	0.3497	0.183	0.6316	0	0.6971
147	18	Dragonite	3	0.6732	0.4333	0.1929	0.6316	0	0.6732
147	19	Dragonite	3	0.6577	0.441	0.161	0.6316	0	0.6577
1490	12	Torterra-Mega	1	0.7031	0.4879	0.2165	0.6653	0	0.7031
1490	13	Torterra-Mega	1	0.7062	0.5539	0.1935	0.6653	0	0.7062
1490	14	Torterra-Mega	1	0.6642	0.5242	0.14	0.6653	0.0011	0.6631
1490	15	Torterra-Mega	1	0.6566	0.5614	0.1216	0.6653	0.0087	0.6479
1490	16	Torterra-Mega	1	0.6591	0.4971	0.1589	0.6653	0.0062	0.6529
1490	17	Torterra-Mega	1	0.7272	0.5296	0.2131	0.6653	0	0.7272
1490	18	Torterra-Mega	1	0.6664	0.4548	0.1861	0.6653	0	0.6664
1490	19	Torterra-Mega	1	0.6505	0.5156	0.1538	0.6653	0.0148	0.6357
1493	9	Infernape-Mega	1	0.6496	0.4635	0.1515	0.6146	0	0.6496
1493	10	Infernape-Mega	1	0.626	0.4226	0.1642	0.6146	0	0.626
1493	11	Infernape-Mega	1	0.5993	0.4147	0.05	0.6146	0.0153	0.584
1493	12	Infernape-Mega	1	0.614	0.4321	0.1623	0.6146	0.0006	0.6134
1493	13	Infernape-Mega	1	0.6128	0.3926	0.1298	0.6146	0.0018	0.611
1493	14	Infernape-Mega	1	0.6782	0.4396	0.1791	0.6146	0	0.6782
1493	15	Infernape-Mega	1	0.5889	0.3767	0.0674	0.6146	0.0257	0.5632
1493	16	Infernape-Mega	1	0.6146	0.412	0.1367	0.6146	0	0.6146
1493	17	Infernape-Mega	1	0.6337	0.3871	0.1912	0.6146	0	0.6337
1493	18	Infernape-Mega	1	0.6073	0.4042	0.1297	0.6146	0.0073	0.6
1493	19	Infernape-Mega	1	0.66	0.4047	0.1756	0.6146	0	0.66
1497	5	Butterfree-Mega	1	0.5479	0.3807	0.0014	0.5479	0	0.5479
1497	6	Butterfree-Mega	1	0.5699	0.3371	0.0813	0.5479	0	0.5699
1497	7	Butterfree-Mega	1	0.4954	0.3493	-0.0271	0.5479	0.0525	0.4429
1497	8	Butterfree-Mega	1	0.5101	0.3086	-0.0232	0.5479	0.0378	0.4723
1497	9	Butterfree-Mega	1	0.6384	0.3895	0.1168	0.5479	0	0.6384
1497	10	Butterfree-Mega	1	0.6702	0.4047	0.154	0.5479	0	0.6702
1497	11	Butterfree-Mega	1	0.6459	0.4195	0.0632	0.5479	0	0.6459
1497	12	Butterfree-Mega	1	0.483	0.3077	-0.0279	0.5479	0.0649	0.4181
1497	13	Butterfree-Mega	1	0.5219	0.3521	-0.0398	0.5479	0.026	0.4959
1497	14	Butterfree-Mega	1	0.6199	0.3581	0.0744	0.5479	0	0.6199
1497	15	Butterfree-Mega	1	0.6697	0.4143	0.1316	0.5479	0	0.6697
1497	16	Butterfree-Mega	1	0.506	0.3303	-0.032	0.5479	0.0419	0.4641
1497	17	Butterfree-Mega	1	0.493	0.2768	-0.0063	0.5479	0.0549	0.4381
1497	18	Butterfree-Mega	1	0.5183	0.276	0.0139	0.5479	0.0296	0.4887
1497	19	Butterfree-Mega	1	0.5795	0.3244	0.0705	0.5479	0	0.5795
150	13	Mewtwo	1	0.7041	0.452	0.2211	0.7259	0.0218	0.6823
150	14	Mewtwo	1	0.7506	0.5093	0.2515	0.7259	0	0.7506
150	15	Mewtwo	1	0.755	0.3886	0.2335	0.7259	0	0.755
150	16	Mewtwo	1	0.6918	0.4226	0.2139	0.7259	0.0341	0.6577
150	17	Mewtwo	1	0.7259	0.4201	0.2834	0.7259	0	0.7259
150	18	Mewtwo	1	0.7344	0.4507	0.2568	0.7259	0	0.7344
150	19	Mewtwo	1	0.7159	0.4295	0.2315	0.7259	0.01	0.7059
1500	7	Machamp-Mega	1	0.7407	0.4568	0.2171	0.6947	0	0.7407
1500	8	Machamp-Mega	1	0.7132	0.3955	0.2142	0.6947	0	0.7132
1500	9	Machamp-Mega	1	0.7149	0.4394	0.1911	0.6947	0	0.7149
1500	10	Machamp-Mega	1	0.6947	0.4589	0.1796	0.6947	0	0.6947
1500	11	Machamp-Mega	1	0.643	0.429	0.1156	0.6947	0.0517	0.5913
1500	12	Machamp-Mega	1	0.6308	0.4122	0.1442	0.6947	0.0639	0.5669
1500	13	Machamp-Mega	1	0.7041	0.434	0.1914	0.6947	0	0.7041
1500	14	Machamp-Mega	1	0.7302	0.4518	0.206	0.6947	0	0.7302
1500	15	Machamp-Mega	1	0.594	0.3754	0.059	0.6947	0.1007	0.4933
1500	16	Machamp-Mega	1	0.6974	0.4247	0.1972	0.6947	0	0.6974
1500	17	Machamp-Mega	1	0.6265	0.3415	0.1124	0.6947	0.0682	0.5583
1500	18	Machamp-Mega	1	0.6674	0.3497	0.1871	0.6947	0.0273	0.6401
1500	19	Machamp-Mega	1	0.6794	0.3991	0.1827	0.6947	0.0153	0.6641
1502	5	Kingler-Mega	1	0.6086	0.527	0.0488	0.6206	0.012	0.5966
1502	6	Kingler-Mega	1	0.5496	0.3379	0.1228	0.6206	0.071	0.4786
1502	7	Kingler-Mega	1	0.6258	0.421	0.1702	0.6206	0	0.6258
1502	8	Kingler-Mega	1	0.5732	0.3681	0.1435	0.6206	0.0474	0.5258
1502	9	Kingler-Mega	1	0.6556	0.4284	0.1318	0.6206	0	0.6556
1502	10	Kingler-Mega	1	0.607	0.3859	0.0919	0.6206	0.0136	0.5934
1502	11	Kingler-Mega	1	0.6206	0.3887	0.1037	0.6206	0	0.6206
1502	12	Kingler-Mega	1	0.6375	0.4231	0.1714	0.6206	0	0.6375
1502	13	Kingler-Mega	1	0.7379	0.4442	0.2668	0.6206	0	0.7379
1502	14	Kingler-Mega	1	0.6801	0.3846	0.1751	0.6206	0	0.6801
1502	15	Kingler-Mega	1	0.6319	0.4374	0.1293	0.6206	0	0.6319
1502	16	Kingler-Mega	1	0.5903	0.4185	0.1221	0.6206	0.0303	0.56
1502	17	Kingler-Mega	1	0.6624	0.4426	0.2198	0.6206	0	0.6624
1502	18	Kingler-Mega	1	0.5444	0.3913	0.1072	0.6206	0.0762	0.4682
1502	19	Kingler-Mega	1	0.5987	0.4178	0.1497	0.6206	0.0219	0.5768
1503	11	Lapras-Mega	1	0.6365	0.5678	0.0538	0.6652	0.0287	0.6078
1503	12	Lapras-Mega	1	0.6652	0.5109	0.1543	0.6652	0	0.6652
1503	13	Lapras-Mega	1	0.71	0.5962	0.1483	0.6652	0	0.71
1503	14	Lapras-Mega	1	0.6825	0.4908	0.137	0.6652	0	0.6825
1503	15	Lapras-Mega	1	0.6993	0.4623	0.1612	0.6652	0	0.6993
1503	16	Lapras-Mega	1	0.7068	0.538	0.1688	0.6652	0	0.7068
1503	17	Lapras-Mega	1	0.5677	0.4192	0.0684	0.6652	0.0975	0.4702
1503	18	Lapras-Mega	1	0.6201	0.5044	0.1157	0.6652	0.0451	0.575
1503	19	Lapras-Mega	1	0.6276	0.509	0.1186	0.6652	0.0376	0.59
1505	5	Snorlax-Mega	1	0.589	0.5483	0.084	0.659	0.07	0.519
1505	6	Snorlax-Mega	1	0.5797	0.564	0.0763	0.659	0.0793	0.5004
1505	7	Snorlax-Mega	1	0.7226	0.5731	0.2383	0.659	0	0.7226
1505	8	Snorlax-Mega	1	0.6445	0.5593	0.1453	0.659	0.0145	0.63
1505	9	Snorlax-Mega	1	0.6555	0.4928	0.1994	0.659	0.0035	0.652
1505	10	Snorlax-Mega	1	0.6562	0.4962	0.255	0.659	0.0028	0.6534
1505	11	Snorlax-Mega	1	0.6665	0.5632	0.2168	0.659	0	0.6665
1505	12	Snorlax-Mega	1	0.6819	0.4856	0.2409	0.659	0	0.6819
1505	13	Snorlax-Mega	1	0.6765	0.5073	0.1976	0.659	0	0.6765
1505	14	Snorlax-Mega	1	0.6876	0.6245	0.2476	0.659	0	0.6876
1505	15	Snorlax-Mega	1	0.586	0.5273	0.128	0.659	0.073	0.513
1505	16	Snorlax-Mega	1	0.659	0.5386	0.2535	0.659	0	0.659
1505	17	Snorlax-Mega	1	0.6871	0.5421	0.262	0.659	0	0.6871
1505	18	Snorlax-Mega	1	0.6777	0.4833	0.2061	0.659	0	0.6777
1505	19	Snorlax-Mega	1	0.6555	0.5346	0.2276	0.659	0.0035	0.652
1506	5	Garbodor-Mega	1	0.736	0.585	0.2446	0.6277	0	0.736
1506	6	Garbodor-Mega	1	0.6916	0.5063	0.2578	0.6277	0	0.6916
1506	7	Garbodor-Mega	1	0.6237	0.4771	0.1001	0.6277	0.004	0.6197
1506	8	Garbodor-Mega	1	0.6345	0.4085	0.1355	0.6277	0	0.6345
1506	9	Garbodor-Mega	1	0.6714	0.4604	0.1476	0.6277	0	0.6714
1506	10	Garbodor-Mega	1	0.6277	0.5247	0.1126	0.6277	0	0.6277
1506	11	Garbodor-Mega	1	0.5847	0.5026	0.0573	0.6277	0.043	0.5417
1506	12	Garbodor-Mega	1	0.5889	0.4827	0.1023	0.6277	0.0388	0.5501
1506	13	Garbodor-Mega	1	0.6734	0.5119	0.1607	0.6277	0	0.6734
1506	14	Garbodor-Mega	1	0.6549	0.5379	0.1307	0.6277	0	0.6549
1506	15	Garbodor-Mega	1	0.5248	0.4588	-0.0102	0.6277	0.1029	0.4219
1506	16	Garbodor-Mega	1	0.5851	0.5027	0.0849	0.6277	0.0426	0.5425
1506	17	Garbodor-Mega	1	0.6039	0.4259	0.0898	0.6277	0.0238	0.5801
1506	18	Garbodor-Mega	1	0.5339	0.5117	0.0536	0.6277	0.0938	0.4401
1506	19	Garbodor-Mega	1	0.6333	0.4967	0.1366	0.6277	0	0.6333
151	9	Mew	1	0.7414	0.3577	0.2433	0.7363	0	0.7414
151	10	Mew	1	0.699	0.3566	0.2372	0.7363	0.0373	0.6617
151	11	Mew	1	0.6597	0.3431	0.1104	0.7363	0.0766	0.5831
151	12	Mew	1	0.7664	0.3175	0.3147	0.7363	0	0.7664
151	13	Mew	1	0.7133	0.3137	0.2303	0.7363	0.023	0.6903
151	14	Mew	1	0.7905	0.3361	0.2914	0.7363	0	0.7905
151	15	Mew	1	0.7061	0.3396	0.1846	0.7363	0.0302	0.6759
151	16	Mew	1	0.7187	0.3384	0.2408	0.7363	0.0176	0.7011
151	17	Mew	1	0.7471	0.3097	0.3046	0.7363	0	0.7471
151	18	Mew	1	0.7379	0.3557	0.2603	0.7363	0	0.7379
151	19	Mew	1	0.7363	0.3069	0.2519	0.7363	0	0.7363
1512	7	Orbeetle-Mega	1	0.6519	0.3511	0.2916	0.6623	0.0104	0.6415
1512	8	Orbeetle-Mega	1	0.6681	0.3509	0.3172	0.6623	0	0.6681
1512	9	Orbeetle-Mega	1	0.7184	0.4202	0.4739	0.6623	0	0.7184
1512	10	Orbeetle-Mega	1	0.7202	0.4803	0.4745	0.6623	0	0.7202
1512	11	Orbeetle-Mega	1	0.6939	0.485	0.3929	0.6623	0	0.6939
1512	12	Orbeetle-Mega	1	0.5984	0.3922	0.2546	0.6623	0.0639	0.5345
1512	13	Orbeetle-Mega	1	0.6623	0.4301	0.2754	0.6623	0	0.6623
1512	14	Orbeetle-Mega	1	0.7191	0.4484	0.3212	0.6623	0	0.7191
1512	15	Orbeetle-Mega	1	0.7328	0.4245	0.3435	0.6623	0	0.7328
1512	16	Orbeetle-Mega	1	0.5496	0.3522	0.1974	0.6623	0.1127	0.4369
1512	17	Orbeetle-Mega	1	0.6462	0.4101	0.3187	0.6623	0.0161	0.6301
1512	18	Orbeetle-Mega	1	0.5807	0.3433	0.2374	0.6623	0.0816	0.4991
1512	19	Orbeetle-Mega	1	0.6297	0.3792	0.2673	0.6623	0.0326	0.5971
1513	11	Drednaw-Mega	1	0.6548	0.4348	0.1274	0.6548	0	0.6548
1513	12	Drednaw-Mega	1	0.6597	0.4573	0.1731	0.6548	0	0.6597
1513	13	Drednaw-Mega	1	0.6845	0.4878	0.1718	0.6548	0	0.6845
1513	14	Drednaw-Mega	1	0.6662	0.4392	0.142	0.6548	0	0.6662
1513	15	Drednaw-Mega	1	0.5709	0.3713	0.0359	0.6548	0.0839	0.487
1513	16	Drednaw-Mega	1	0.6416	0.4664	0.1414	0.6548	0.0132	0.6284
1513	17	Drednaw-Mega	1	0.5906	0.4261	0.0765	0.6548	0.0642	0.5264
1513	18	Drednaw-Mega	1	0.5577	0.3864	0.0774	0.6548	0.0971	0.4606
1513	19	Drednaw-Mega	1	0.6558	0.4367	0.1591	0.6548	0	0.6558
1514	7	Coalossal-Mega	1	0.6226	0.3329	0.1001	0.6226	0	0.6226
1514	8	Coalossal-Mega	1	0.6146	0.3504	0.0813	0.6226	0.008	0.6066
1514	9	Coalossal-Mega	1	0.6465	0.4267	0.1249	0.6226	0	0.6465
1514	10	Coalossal-Mega	1	0.6005	0.3047	0.0843	0.6226	0.0221	0.5784
1514	11	Coalossal-Mega	1	0.6582	0.3494	0.0755	0.6226	0	0.6582
1514	12	Coalossal-Mega	1	0.6002	0.3707	0.0893	0.6226	0.0224	0.5778
1514	13	Coalossal-Mega	1	0.729	0.4264	0.2501	0.6226	0	0.729
1514	14	Coalossal-Mega	1	0.6568	0.3472	0.2168	0.6226	0	0.6568
1514	15	Coalossal-Mega	1	0.5974	0.4184	0.1394	0.6226	0.0252	0.5722
1514	16	Coalossal-Mega	1	0.5572	0.3229	0.1517	0.6226	0.0654	0.4918
1514	17	Coalossal-Mega	1	0.5908	0.3632	0.1657	0.6226	0.0318	0.559
1514	18	Coalossal-Mega	1	0.6247	0.3702	0.1531	0.6226	0	0.6247
1514	19	Coalossal-Mega	1	0.6596	0.3851	0.2317	0.6226	0	0.6596
1516	7	Appletun-Mega	1	0.7032	0.4828	0.1807	0.6356	0	0.7032
1516	8	Appletun-Mega	1	0.6325	0.4434	0.0992	0.6356	0.0031	0.6294
1516	9	Appletun-Mega	1	0.6157	0.4172	0.0941	0.6356	0.0199	0.5958
1516	10	Appletun-Mega	1	0.6679	0.4475	0.1517	0.6356	0	0.6679
1516	11	Appletun-Mega	1	0.6058	0.4528	0.0231	0.6356	0.0298	0.576
1516	12	Appletun-Mega	1	0.4768	0.361	-0.0341	0.6356	0.1588	0.318
1516	13	Appletun-Mega	1	0.6732	0.4531	0.1115	0.6356	0	0.6732
1516	14	Appletun-Mega	1	0.6697	0.4818	0.1242	0.6356	0	0.6697
1516	15	Appletun-Mega	1	0.6868	0.4571	0.1487	0.6356	0	0.6868
1516	16	Appletun-Mega	1	0.6596	0.4356	0.1216	0.6356	0	0.6596
1516	17	Appletun-Mega	1	0.6356	0.3635	0.1363	0.6356	0	0.6356
1516	18	Appletun-Mega	1	0.6194	0.3929	0.115	0.6356	0.0162	0.6032
1516	19	Appletun-Mega	1	0.5849	0.4052	0.0759	0.6356	0.0507	0.5342
1517	7	Sandaconda-Mega	1	0.6305	0.5056	0.1069	0.6056	0	0.6305
1517	8	Sandaconda-Mega	1	0.6023	0.47	0.1033	0.6056	0.0033	0.599
1517	9	Sandaconda-Mega	1	0.6704	0.5125	0.1466	0.6056	0	0.6704
1517	10	Sandaconda-Mega	1	0.6223	0.4932	0.1072	0.6056	0	0.6223
1517	11	Sandaconda-Mega	1	0.536	0.4976	0.0086	0.6056	0.0696	0.4664
1517	12	Sandaconda-Mega	1	0.6582	0.4855	0.1716	0.6056	0	0.6582
1517	13	Sandaconda-Mega	1	0.6351	0.5322	0.1224	0.6056	0	0.6351
1517	14	Sandaconda-Mega	1	0.5699	0.4266	0.0457	0.6056	0.0357	0.5342
1517	15	Sandaconda-Mega	1	0.5979	0.5148	0.0629	0.6056	0.0077	0.5902
1517	16	Sandaconda-Mega	1	0.5846	0.4631	0.0844	0.6056	0.021	0.5636
1517	17	Sandaconda-Mega	1	0.6196	0.4636	0.1055	0.6056	0	0.6196
1517	18	Sandaconda-Mega	1	0.6056	0.4902	0.1253	0.6056	0	0.6056
1517	19	Sandaconda-Mega	1	0.6015	0.4652	0.1048	0.6056	0.0041	0.5974
1518	5	Toxtricity-Mega	1	0.6193	0.5434	0.0728	0.5652	0	0.6193
1518	6	Toxtricity-Mega	1	0.6404	0.4886	0.1518	0.5652	0	0.6404
1518	7	Toxtricity-Mega	1	0.5072	0.4071	-0.0153	0.5652	0.058	0.4492
1518	8	Toxtricity-Mega	1	0.5839	0.4373	0.0506	0.5652	0	0.5839
1518	9	Toxtricity-Mega	1	0.6099	0.4405	0.0883	0.5652	0	0.6099
1518	10	Toxtricity-Mega	1	0.525	0.4156	0.0088	0.5652	0.0402	0.4848
1518	11	Toxtricity-Mega	1	0.5642	0.4754	-0.0185	0.5652	0.001	0.5632
1518	12	Toxtricity-Mega	1	0.5652	0.4135	0.0543	0.5652	0	0.5652
1518	13	Toxtricity-Mega	1	0.5922	0.4188	0.0305	0.5652	0	0.5922
1518	14	Toxtricity-Mega	1	0.704	0.4705	0.1585	0.5652	0	0.704
1518	15	Toxtricity-Mega	1	0.5721	0.3673	0.034	0.5652	0	0.5721
1518	16	Toxtricity-Mega	1	0.5396	0.4106	0.0016	0.5652	0.0256	0.514
1518	17	Toxtricity-Mega	1	0.5448	0.3731	0.0455	0.5652	0.0204	0.5244
1518	18	Toxtricity-Mega	1	0.5643	0.4042	0.0599	0.5652	0.0009	0.5634
1518	19	Toxtricity-Mega	1	0.5598	0.38	0.0508	0.5652	0.0054	0.5544
1519	7	Centiskorch-Mega	1	0.6238	0.4008	0.1558	0.5891	0	0.6238
1519	8	Centiskorch-Mega	1	0.5957	0.3799	0.1685	0.5891	0	0.5957
1519	9	Centiskorch-Mega	1	0.639	0.4502	0.1152	0.5891	0	0.639
1519	10	Centiskorch-Mega	1	0.5513	0.4258	0.0362	0.5891	0.0378	0.5135
1519	11	Centiskorch-Mega	1	0.5962	0.4088	0.0688	0.5891	0	0.5962
1519	12	Centiskorch-Mega	1	0.5493	0.394	0.0627	0.5891	0.0398	0.5095
1519	13	Centiskorch-Mega	1	0.6331	0.407	0.1204	0.5891	0	0.6331
1519	14	Centiskorch-Mega	1	0.5672	0.3424	0.043	0.5891	0.0219	0.5453
1519	15	Centiskorch-Mega	1	0.6165	0.4543	0.0815	0.5891	0	0.6165
1519	16	Centiskorch-Mega	1	0.5552	0.3362	0.055	0.5891	0.0339	0.5213
1519	17	Centiskorch-Mega	1	0.5891	0.3787	0.075	0.5891	0	0.5891
1519	18	Centiskorch-Mega	1	0.5779	0.3415	0.0976	0.5891	0.0112	0.5667
1519	19	Centiskorch-Mega	1	0.5766	0.3624	0.0799	0.5891	0.0125	0.5641
152	1	Chikorita	1	0.6297	0.5978	0.1159	0.5921	0	0.6297
152	2	Bayleef	2	0.5727	0.4655	0.1072	0.5921	0.0194	0.5533
152	3	Bayleef	2	0.5921	0.5111	0.1362	0.5921	0	0.5921
152	4	Bayleef	2	0.5069	0.3977	0.0463	0.5921	0.0852	0.4217
152	5	Bayleef	2	0.6573	0.4228	0.1455	0.5921	0	0.6573
152	6	Bayleef	2	0.5305	0.3233	0.0967	0.5921	0.0616	0.4689
152	7	Meganium	3	0.6193	0.4556	0.1637	0.5921	0	0.6193
152	8	Meganium	3	0.5118	0.3762	0.0821	0.5921	0.0803	0.4315
152	9	Meganium	3	0.5432	0.4015	0.0724	0.5921	0.0489	0.4943
152	10	Meganium	3	0.6472	0.501	0.1978	0.5921	0	0.6472
152	11	Meganium	3	0.6865	0.5544	0.2093	0.5921	0	0.6865
152	12	Meganium	3	0.5634	0.3944	0.1116	0.5921	0.0287	0.5347
152	13	Meganium	3	0.6112	0.4734	0.1263	0.5921	0	0.6112
152	14	Meganium	3	0.6151	0.5033	0.1626	0.5921	0	0.6151
152	15	Meganium	3	0.6488	0.5631	0.1283	0.5921	0	0.6488
152	16	Meganium	3	0.5876	0.4419	0.1458	0.5921	0.0045	0.5831
152	17	Meganium	3	0.6267	0.4763	0.208	0.5921	0	0.6267
152	18	Meganium	3	0.5075	0.409	0.0498	0.5921	0.0846	0.4229
152	19	Meganium	3	0.5548	0.4035	0.1016	0.5921	0.0373	0.5175
1521	18	Grimmsnarl-Mega	1	0.6458	0.4087	0.1414	0.6589	0.0131	0.6327
1521	19	Grimmsnarl-Mega	1	0.6719	0.4842	0.1629	0.6589	0	0.6719
1523	13	Copperajah-Mega	1	0.6024	0.4596	0.0897	0.6012	0	0.6024
1523	14	Copperajah-Mega	1	0.6012	0.4476	0.077	0.6012	0	0.6012
1523	15	Copperajah-Mega	1	0.6115	0.4339	0.0765	0.6012	0	0.6115
1523	16	Copperajah-Mega	1	0.5049	0.3867	0.0047	0.6012	0.0963	0.4086
1523	17	Copperajah-Mega	1	0.6266	0.426	0.1125	0.6012	0	0.6266
1523	18	Copperajah-Mega	1	0.5646	0.3967	0.0843	0.6012	0.0366	0.528
1523	19	Copperajah-Mega	1	0.5701	0.4204	0.0734	0.6012	0.0311	0.539
1527	18	Slaking-Mega	1	0.5929	0.4184	0.1557	0.6371	0.0442	0.5487
1527	19	Slaking-Mega	1	0.6813	0.5188	0.2323	0.6371	0	0.6813
1531	6	Roserade-Mega	1	0.6897	0.4382	0.2559	0.6387	0	0.6897
1531	7	Roserade-Mega	1	0.5825	0.3972	0.1145	0.6387	0.0562	0.5263
1531	8	Roserade-Mega	1	0.5382	0.3404	0.0049	0.6387	0.1005	0.4377
1531	9	Roserade-Mega	1	0.6481	0.4246	0.1265	0.6387	0	0.6481
1531	10	Roserade-Mega	1	0.6721	0.4092	0.1559	0.6387	0	0.6721
1531	11	Roserade-Mega	1	0.6484	0.4546	0.0657	0.6387	0	0.6484
1531	12	Roserade-Mega	1	0.6686	0.3717	0.1577	0.6387	0	0.6686
1531	13	Roserade-Mega	1	0.6575	0.3711	0.0958	0.6387	0	0.6575
1531	14	Roserade-Mega	1	0.7294	0.4544	0.1839	0.6387	0	0.7294
1531	15	Roserade-Mega	1	0.627	0.3481	0.0889	0.6387	0.0117	0.6153
1531	16	Roserade-Mega	1	0.5926	0.3785	0.0546	0.6387	0.0461	0.5465
1531	17	Roserade-Mega	1	0.6294	0.374	0.1301	0.6387	0.0093	0.6201
1531	18	Roserade-Mega	1	0.5996	0.3406	0.0952	0.6387	0.0391	0.5605
1531	19	Roserade-Mega	1	0.6173	0.3672	0.1083	0.6387	0.0214	0.5959
1532	6	Dusknoir-Mega	1	0.7145	0.4552	0.2877	0.6757	0	0.7145
1532	7	Dusknoir-Mega	1	0.7197	0.4671	0.2641	0.6757	0	0.7197
1532	8	Dusknoir-Mega	1	0.6425	0.4321	0.2128	0.6757	0.0332	0.6093
1532	9	Dusknoir-Mega	1	0.7259	0.4727	0.2551	0.6757	0	0.7259
1532	10	Dusknoir-Mega	1	0.6744	0.4465	0.225	0.6757	0.0013	0.6731
1532	11	Dusknoir-Mega	1	0.655	0.4582	0.1778	0.6757	0.0207	0.6343
1532	12	Dusknoir-Mega	1	0.7008	0.4603	0.249	0.6757	0	0.7008
1532	13	Dusknoir-Mega	1	0.7074	0.4823	0.2225	0.6757	0	0.7074
1532	14	Dusknoir-Mega	1	0.7058	0.4525	0.2533	0.6757	0	0.7058
1532	15	Dusknoir-Mega	1	0.6474	0.5205	0.1269	0.6757	0.0283	0.6191
1532	16	Dusknoir-Mega	1	0.6477	0.4418	0.2059	0.6757	0.028	0.6197
1532	17	Dusknoir-Mega	1	0.615	0.3711	0.1963	0.6757	0.0607	0.5543
1532	18	Dusknoir-Mega	1	0.6521	0.4582	0.1944	0.6757	0.0236	0.6285
1532	19	Dusknoir-Mega	1	0.677	0.4532	0.2238	0.6757	0	0.677
155	1	Cyndaquil	1	0.441	0.3156	-0.1616	0.5389	0.0979	0.3431
155	2	Quilava	2	0.4671	0.4259	-0.0577	0.5389	0.0718	0.3953
155	3	Quilava	2	0.473	0.4215	-0.06	0.5389	0.0659	0.4071
155	4	Quilava	2	0.4318	0.3373	-0.1873	0.5389	0.1071	0.3247
155	5	Quilava	2	0.4863	0.3741	-0.0735	0.5389	0.0526	0.4337
155	6	Quilava	2	0.6113	0.3733	0.0907	0.5389	0	0.6113
155	7	Typhlosion-Hisui	3	0.5569	0.3826	0.0344	0.5389	0	0.5569
155	8	Typhlosion	3	0.5505	0.3771	0.0623	0.5389	0	0.5505
155	9	Typhlosion-Hisui	3	0.5894	0.4444	0.0678	0.5389	0	0.5894
155	10	Typhlosion-Hisui	3	0.5354	0.3741	0.0192	0.5389	0.0035	0.5319
155	11	Typhlosion-Hisui	3	0.4917	0.3585	-0.091	0.5389	0.0472	0.4445
155	12	Typhlosion-Hisui	3	0.5724	0.3916	0.0615	0.5389	0	0.5724
155	13	Typhlosion	3	0.5389	0.3745	0.0559	0.5389	0	0.5389
155	14	Typhlosion	3	0.5685	0.3238	0.0694	0.5389	0	0.5685
155	15	Typhlosion	3	0.6398	0.3892	0.1183	0.5389	0	0.6398
155	16	Typhlosion	3	0.5541	0.3361	0.0762	0.5389	0	0.5541
155	17	Typhlosion	3	0.5226	0.3153	0.0801	0.5389	0.0163	0.5063
155	18	Typhlosion-Hisui	3	0.6333	0.4132	0.1289	0.5389	0	0.6333
155	19	Typhlosion	3	0.536	0.3397	0.0516	0.5389	0.0029	0.5331
158	1	Totodile	1	0.5665	0.5161	-0.0361	0.5717	0.0052	0.5613
158	2	Croconaw	2	0.4919	0.4077	-0.0329	0.5717	0.0798	0.4121
158	3	Croconaw	2	0.4727	0.394	-0.0603	0.5717	0.099	0.3737
158	4	Croconaw	2	0.4866	0.3876	-0.1325	0.5717	0.0851	0.4015
158	5	Croconaw	2	0.5141	0.363	-0.0457	0.5717	0.0576	0.4565
158	6	Croconaw	2	0.3524	0.227	-0.0744	0.5717	0.2193	0.1331
158	7	Feraligatr	3	0.6468	0.4557	0.1232	0.5717	0	0.6468
158	8	Feraligatr	3	0.5656	0.3962	0.0666	0.5717	0.0061	0.5595
158	9	Feraligatr	3	0.6392	0.426	0.1154	0.5717	0	0.6392
158	10	Feraligatr	3	0.6906	0.3991	0.1755	0.5717	0	0.6906
158	11	Feraligatr	3	0.568	0.4126	0.0406	0.5717	0.0037	0.5643
158	12	Feraligatr	3	0.5839	0.3929	0.0973	0.5717	0	0.5839
158	13	Feraligatr	3	0.6629	0.461	0.1502	0.5717	0	0.6629
158	14	Feraligatr	3	0.5717	0.3942	0.0475	0.5717	0	0.5717
158	15	Feraligatr	3	0.6327	0.3998	0.0977	0.5717	0	0.6327
158	16	Feraligatr	3	0.6074	0.4105	0.1072	0.5717	0	0.6074
158	17	Feraligatr	3	0.6331	0.399	0.119	0.5717	0	0.6331
158	18	Feraligatr	3	0.559	0.3699	0.0787	0.5717	0.0127	0.5463
158	19	Feraligatr	3	0.6049	0.4108	0.1082	0.5717	0	0.6049
16	1	Pidgey	1	0.4722	0.3751	-0.1304	0.599	0.1268	0.3454
16	2	Pidgeotto	2	0.469	0.3803	-0.0558	0.599	0.13	0.339
16	3	Pidgeotto	2	0.4423	0.3581	-0.0907	0.599	0.1567	0.2856
16	4	Pidgeotto	2	0.5841	0.3667	-0.035	0.599	0.0149	0.5692
16	5	Pidgeotto	2	0.5185	0.4562	-0.0171	0.599	0.0805	0.438
16	6	Pidgeotto	2	0.39	0.23	-0.1005	0.599	0.209	0.181
16	7	Pidgeot	3	0.6262	0.4292	0.1026	0.599	0	0.6262
16	8	Pidgeot	3	0.6184	0.3882	0.1194	0.599	0	0.6184
16	9	Pidgeot	3	0.6606	0.4699	0.1808	0.599	0	0.6606
16	10	Pidgeot	3	0.6301	0.4544	0.1446	0.599	0	0.6301
16	11	Pidgeot	3	0.6276	0.4524	0.1107	0.599	0	0.6276
16	12	Pidgeot	3	0.5459	0.3469	0.0798	0.599	0.0531	0.4928
16	13	Pidgeot	3	0.599	0.3701	0.1279	0.599	0	0.599
16	14	Pidgeot	3	0.6177	0.4207	0.1127	0.599	0	0.6177
16	15	Pidgeot	3	0.6732	0.4774	0.1706	0.599	0	0.6732
16	16	Pidgeot	3	0.5952	0.4121	0.127	0.599	0.0038	0.5914
16	17	Pidgeot	3	0.601	0.36	0.1584	0.599	0	0.601
16	18	Pidgeot	3	0.5313	0.3713	0.0941	0.599	0.0677	0.4636
16	19	Pidgeot	3	0.6051	0.3907	0.1561	0.599	0	0.6051
161	1	Furret	2	0.5311	0.5108	-0.0715	0.5492	0.0181	0.513
161	2	Furret	2	0.576	0.4852	0.0769	0.5492	0	0.576
161	3	Furret	2	0.5333	0.4106	-0.0104	0.5492	0.0159	0.5174
161	4	Furret	2	0.5672	0.5089	-0.0694	0.5492	0	0.5672
161	5	Furret	2	0.5492	0.4698	0.0136	0.5492	0	0.5492
161	6	Furret	2	0.5498	0.3911	0.0664	0.5492	0	0.5498
161	7	Furret	2	0.5507	0.3754	0.0271	0.5492	0	0.5507
161	8	Furret	2	0.4648	0.3518	-0.0342	0.5492	0.0844	0.3804
161	9	Furret	2	0.5469	0.3921	0.0231	0.5492	0.0023	0.5446
161	10	Furret	2	0.4367	0.3511	-0.0784	0.5492	0.1125	0.3242
161	11	Furret	2	0.5934	0.417	0.066	0.5492	0	0.5934
161	12	Furret	2	0.5601	0.3748	0.0735	0.5492	0	0.5601
161	13	Furret	2	0.4941	0.3663	-0.0186	0.5492	0.0551	0.439
161	14	Furret	2	0.5815	0.3645	0.0573	0.5492	0	0.5815
161	15	Furret	2	0.5585	0.3916	0.0235	0.5492	0	0.5585
161	16	Furret	2	0.5501	0.3672	0.0499	0.5492	0	0.5501
161	17	Furret	2	0.5177	0.3367	0.0036	0.5492	0.0315	0.4862
161	18	Furret	2	0.523	0.3316	0.0427	0.5492	0.0262	0.4968
161	19	Furret	2	0.539	0.351	0.0423	0.5492	0.0102	0.5288
163	1	Hoothoot	1	0.5115	0.3665	-0.001	0.5601	0.0486	0.4629
163	2	Noctowl	2	0.4966	0.4717	-0.007	0.5601	0.0635	0.4331
163	3	Noctowl	2	0.4897	0.4129	0.0278	0.5601	0.0704	0.4193
163	4	Noctowl	2	0.5967	0.463	0.0284	0.5601	0	0.5967
163	5	Noctowl	2	0.6661	0.5482	0.1196	0.5601	0	0.6661
163	6	Noctowl	2	0.5515	0.3753	0.0629	0.5601	0.0086	0.5429
163	7	Noctowl	2	0.6209	0.5225	0.0984	0.5601	0	0.6209
163	8	Noctowl	2	0.6349	0.5333	0.1016	0.5601	0	0.6349
163	9	Noctowl	2	0.6045	0.5111	0.0829	0.5601	0	0.6045
163	10	Noctowl	2	0.5566	0.4394	0.0404	0.5601	0.0035	0.5531
163	11	Noctowl	2	0.6053	0.5211	0.0226	0.5601	0	0.6053
163	12	Noctowl	2	0.476	0.3825	-0.0349	0.5601	0.0841	0.3919
163	13	Noctowl	2	0.62	0.4871	0.0583	0.5601	0	0.62
163	14	Noctowl	2	0.5601	0.4091	0.0146	0.5601	0	0.5601
163	15	Noctowl	2	0.6771	0.5226	0.139	0.5601	0	0.6771
163	16	Noctowl	2	0.526	0.4291	-0.012	0.5601	0.0341	0.4919
163	17	Noctowl	2	0.4945	0.4297	-0.0048	0.5601	0.0656	0.4289
163	18	Noctowl	2	0.56	0.3833	0.0556	0.5601	0.0001	0.5599
163	19	Noctowl	2	0.6102	0.4817	0.1012	0.5601	0	0.6102
165	3	Ledian	2	0.4623	0.3826	-0.0707	0.5482	0.0859	0.3764
165	4	Ledian	2	0.6361	0.4342	0.017	0.5482	0	0.6361
165	5	Ledian	2	0.4905	0.3541	-0.0693	0.5482	0.0577	0.4328
165	6	Ledian	2	0.4998	0.271	0.0164	0.5482	0.0484	0.4514
165	7	Ledian	2	0.5725	0.3546	0.0489	0.5482	0	0.5725
165	8	Ledian	2	0.5448	0.2996	0.0458	0.5482	0.0034	0.5414
165	9	Ledian	2	0.5869	0.4171	0.0631	0.5482	0	0.5869
165	10	Ledian	2	0.6121	0.3922	0.097	0.5482	0	0.6121
165	11	Ledian	2	0.5788	0.3785	0.0514	0.5482	0	0.5788
165	12	Ledian	2	0.5605	0.375	0.0739	0.5482	0	0.5605
165	13	Ledian	2	0.5482	0.37	0.0771	0.5482	0	0.5482
165	14	Ledian	2	0.661	0.3464	0.156	0.5482	0	0.661
165	15	Ledian	2	0.5776	0.385	0.075	0.5482	0	0.5776
165	16	Ledian	2	0.5176	0.3346	0.0494	0.5482	0.0306	0.487
165	17	Ledian	2	0.4908	0.2948	0.0482	0.5482	0.0574	0.4334
165	18	Ledian	2	0.4882	0.283	0.051	0.5482	0.06	0.4282
165	19	Ledian	2	0.4887	0.3138	0.0397	0.5482	0.0595	0.4292
167	2	Ariados	2	0.4769	0.4329	-0.0479	0.5144	0.0375	0.4394
167	3	Ariados	2	0.4963	0.4382	-0.0474	0.5144	0.0181	0.4782
167	4	Ariados	2	0.5727	0.464	-0.0639	0.5144	0	0.5727
167	5	Ariados	2	0.5489	0.4343	0.0133	0.5144	0	0.5489
167	6	Ariados	2	0.5209	0.3622	0.0304	0.5144	0	0.5209
167	7	Ariados	2	0.514	0.3957	-0.0096	0.5144	0.0004	0.5136
167	8	Ariados	2	0.4597	0.3363	-0.0393	0.5144	0.0547	0.405
167	9	Ariados	2	0.5466	0.4144	0.0228	0.5144	0	0.5466
167	10	Ariados	2	0.5986	0.4177	0.0835	0.5144	0	0.5986
167	11	Ariados	2	0.5379	0.4075	0.0105	0.5144	0	0.5379
167	12	Ariados	2	0.4813	0.399	-0.0053	0.5144	0.0331	0.4482
167	13	Ariados	2	0.5227	0.3878	0.01	0.5144	0	0.5227
167	14	Ariados	2	0.5483	0.3665	0.0241	0.5144	0	0.5483
167	15	Ariados	2	0.5148	0.4044	-0.0202	0.5144	0	0.5148
167	16	Ariados	2	0.4679	0.3463	-0.0323	0.5144	0.0465	0.4214
167	17	Ariados	2	0.4934	0.358	-0.0207	0.5144	0.021	0.4724
167	18	Ariados	2	0.4487	0.3488	-0.0316	0.5144	0.0657	0.383
167	19	Ariados	2	0.477	0.3577	-0.0197	0.5144	0.0374	0.4396
170	1	Chinchou	1	0.4504	0.3576	0.0116	0.5753	0.1249	0.3255
170	2	Chinchou	1	0.4033	0.3457	-0.1003	0.5753	0.172	0.2313
170	3	Lanturn	2	0.5925	0.5808	0.1942	0.5753	0	0.5925
170	4	Lanturn	2	0.6047	0.6523	0.0011	0.5753	0	0.6047
170	5	Lanturn	2	0.7468	0.5052	0.2496	0.5753	0	0.7468
170	6	Lanturn	2	0.6738	0.6416	0.2421	0.5753	0	0.6738
170	7	Lanturn	2	0.5859	0.4393	0.0975	0.5753	0	0.5859
170	8	Lanturn	2	0.5931	0.4325	0.1223	0.5753	0	0.5931
170	9	Lanturn	2	0.5397	0.433	-0.0101	0.5753	0.0356	0.5041
170	10	Lanturn	2	0.5056	0.3499	0.0198	0.5753	0.0697	0.4359
170	11	Lanturn	2	0.5721	0.4456	0.1039	0.5753	0.0032	0.5689
170	12	Lanturn	2	0.563	0.3466	0.101	0.5753	0.0123	0.5507
170	13	Lanturn	2	0.5495	0.4781	0.0333	0.5753	0.0258	0.5237
170	14	Lanturn	2	0.6171	0.4034	0.1472	0.5753	0	0.6171
170	15	Lanturn	2	0.6778	0.3574	0.1524	0.5753	0	0.6778
170	16	Lanturn	2	0.5931	0.4568	0.1363	0.5753	0	0.5931
170	17	Lanturn	2	0.5635	0.359	0.0353	0.5753	0.0118	0.5517
170	18	Lanturn	2	0.5022	0.33	0.0249	0.5753	0.0731	0.4291
170	19	Lanturn	2	0.5753	0.4125	0.0487	0.5753	0	0.5753
172	1	Pikachu	2	0.3593	0.3164	-0.2433	0.5983	0.239	0.1203
172	2	Pikachu	2	0.4475	0.3916	-0.0773	0.5983	0.1508	0.2967
172	3	Pikachu	2	0.4076	0.3438	-0.1254	0.5983	0.1907	0.2169
172	4	Pikachu	2	0.438	0.386	-0.1811	0.5983	0.1603	0.2777
172	5	Pikachu	2	0.4872	0.4158	-0.0726	0.5983	0.1111	0.3761
172	6	Raichu	3	0.708	0.396	0.1874	0.5983	0	0.708
172	7	Raichu-Alola	3	0.6582	0.3457	0.1682	0.5983	0	0.6582
172	8	Raichu-Alola	3	0.6234	0.3718	0.1352	0.5983	0	0.6234
172	9	Raichu	3	0.5944	0.3326	0.0963	0.5983	0.0039	0.5905
172	10	Raichu	3	0.5474	0.2871	0.0856	0.5983	0.0509	0.4965
172	11	Raichu	3	0.6171	0.3491	0.0678	0.5983	0	0.6171
172	12	Raichu	3	0.5502	0.3253	0.0985	0.5983	0.0481	0.5021
172	13	Raichu	3	0.6376	0.3306	0.1546	0.5983	0	0.6376
172	14	Raichu-Alola	3	0.6408	0.3577	0.1417	0.5983	0	0.6408
172	15	Raichu-Alola	3	0.6788	0.3192	0.1573	0.5983	0	0.6788
172	16	Raichu	3	0.5983	0.3355	0.1204	0.5983	0	0.5983
172	17	Raichu	3	0.6592	0.3013	0.2167	0.5983	0	0.6592
172	18	Raichu-Alola	3	0.6383	0.3397	0.1607	0.5983	0	0.6383
172	19	Raichu	3	0.5921	0.317	0.1077	0.5983	0.0062	0.5859
173	1	Clefairy	2	0.4005	0.3752	-0.172	0.7114	0.3109	0.0896
173	2	Clefairy	2	0.3679	0.3169	-0.1357	0.7114	0.3435	0.0244
173	3	Clefairy	2	0.5851	0.4624	0.1227	0.7114	0.1263	0.4588
173	4	Clefairy	2	0.5147	0.4402	0.0014	0.7114	0.1967	0.318
173	5	Clefairy	2	0.5544	0.3278	0.0791	0.7114	0.157	0.3974
173	6	Clefable	3	0.7194	0.3478	0.1911	0.7114	0	0.7194
173	7	Clefable	3	0.7166	0.2901	0.1497	0.7114	0	0.7166
173	8	Clefable	3	0.7114	0.2925	0.2121	0.7114	0	0.7114
173	9	Clefable	3	0.6804	0.2945	0.1691	0.7114	0.031	0.6494
173	10	Clefable	3	0.7596	0.3869	0.2225	0.7114	0	0.7596
173	11	Clefable	3	0.7101	0.4103	0.1943	0.7114	0.0013	0.7088
173	12	Clefable	3	0.7333	0.3313	0.3059	0.7114	0	0.7333
173	13	Clefable	3	0.7903	0.3554	0.3247	0.7114	0	0.7903
173	14	Clefable	3	0.7108	0.3541	0.2602	0.7114	0.0006	0.7102
173	15	Clefable	3	0.7355	0.3266	0.2098	0.7114	0	0.7355
173	16	Clefable	3	0.7315	0.3353	0.2942	0.7114	0	0.7315
173	17	Clefable	3	0.7073	0.2986	0.2447	0.7114	0.0041	0.7032
173	18	Clefable	3	0.7211	0.2995	0.2918	0.7114	0	0.7211
173	19	Clefable	3	0.7385	0.326	0.2671	0.7114	0	0.7385
174	1	Jigglypuff	2	0.3431	0.3138	-0.0957	0.588	0.2449	0.0982
174	2	Jigglypuff	2	0.3424	0.2808	-0.1231	0.588	0.2456	0.0968
174	3	Jigglypuff	2	0.3966	0.2981	-0.0017	0.588	0.1914	0.2052
174	4	Jigglypuff	2	0.3456	0.3522	-0.2642	0.588	0.2424	0.1032
174	5	Jigglypuff	2	0.4465	0.2926	-0.1091	0.588	0.1415	0.305
174	6	Wigglytuff	3	0.6159	0.3772	0.1273	0.588	0	0.6159
174	7	Wigglytuff	3	0.6368	0.3774	0.1143	0.588	0	0.6368
174	8	Wigglytuff	3	0.5937	0.3442	0.0604	0.588	0	0.5937
174	9	Wigglytuff	3	0.5756	0.3134	0.054	0.588	0.0124	0.5632
174	10	Wigglytuff	3	0.6249	0.36	0.1087	0.588	0	0.6249
174	11	Wigglytuff	3	0.6672	0.384	0.0845	0.588	0	0.6672
174	12	Wigglytuff	3	0.5808	0.3146	0.0699	0.588	0.0072	0.5736
174	13	Wigglytuff	3	0.6584	0.356	0.0967	0.588	0	0.6584
174	14	Wigglytuff	3	0.5905	0.3599	0.045	0.588	0	0.5905
174	15	Wigglytuff	3	0.6243	0.3471	0.0862	0.588	0	0.6243
174	16	Wigglytuff	3	0.5818	0.3382	0.0438	0.588	0.0062	0.5756
174	17	Wigglytuff	3	0.5529	0.2868	0.0536	0.588	0.0351	0.5178
174	18	Wigglytuff	3	0.588	0.2757	0.0836	0.588	0	0.588
174	19	Wigglytuff	3	0.6229	0.3284	0.1139	0.588	0	0.6229
175	1	Togepi	1	0.6669	0.2454	0.2918	0.6525	0	0.6669
175	2	Togetic	2	0.4108	0.3331	-0.0547	0.6525	0.2417	0.1691
175	3	Togetic	2	0.4388	0.3057	-0.0171	0.6525	0.2137	0.2251
175	4	Togetic	2	0.5548	0.4808	-0.055	0.6525	0.0977	0.4571
175	5	Togetic	2	0.5072	0.454	-0.0484	0.6525	0.1453	0.3619
175	6	Togekiss	3	0.6226	0.3458	0.134	0.6525	0.0299	0.5927
175	7	Togekiss	3	0.704	0.4555	0.1815	0.6525	0	0.704
175	8	Togekiss	3	0.7127	0.408	0.1794	0.6525	0	0.7127
175	9	Togekiss	3	0.655	0.3904	0.1334	0.6525	0	0.655
175	10	Togekiss	3	0.7137	0.4113	0.1975	0.6525	0	0.7137
175	11	Togekiss	3	0.707	0.4053	0.1243	0.6525	0	0.707
175	12	Togekiss	3	0.6029	0.3558	0.092	0.6525	0.0496	0.5533
175	13	Togekiss	3	0.7113	0.4001	0.1496	0.6525	0	0.7113
175	14	Togekiss	3	0.6525	0.3251	0.107	0.6525	0	0.6525
175	15	Togekiss	3	0.7022	0.3942	0.1641	0.6525	0	0.7022
175	16	Togekiss	3	0.6536	0.3753	0.1156	0.6525	0	0.6536
175	17	Togekiss	3	0.6129	0.3135	0.1136	0.6525	0.0396	0.5733
175	18	Togekiss	3	0.6349	0.3362	0.1305	0.6525	0.0176	0.6173
175	19	Togekiss	3	0.6434	0.3611	0.1344	0.6525	0.0091	0.6343
177	1	Natu	1	0.5839	0.3826	-0.0187	0.5788	0	0.5839
177	2	Natu	1	0.4976	0.337	-0.0272	0.5788	0.0812	0.4164
177	3	Xatu	2	0.5389	0.473	0.0059	0.5788	0.0399	0.499
177	4	Xatu	2	0.6944	0.5662	0.0753	0.5788	0	0.6944
177	5	Xatu	2	0.6364	0.4936	0.0766	0.5788	0	0.6364
177	6	Xatu	2	0.5284	0.2839	0.0078	0.5788	0.0504	0.478
177	7	Xatu	2	0.5788	0.4088	0.0888	0.5788	0	0.5788
177	8	Xatu	2	0.5789	0.3648	0.0907	0.5788	0	0.5789
177	9	Xatu	2	0.6546	0.4465	0.1565	0.5788	0	0.6546
177	10	Xatu	2	0.5972	0.3748	0.1354	0.5788	0	0.5972
177	11	Xatu	2	0.5794	0.3802	0.0301	0.5788	0	0.5794
177	12	Xatu	2	0.5616	0.3211	0.1099	0.5788	0.0172	0.5444
177	13	Xatu	2	0.547	0.3527	0.064	0.5788	0.0318	0.5152
177	14	Xatu	2	0.5585	0.3152	0.0594	0.5788	0.0203	0.5382
177	15	Xatu	2	0.6388	0.3858	0.1173	0.5788	0	0.6388
177	16	Xatu	2	0.5761	0.3762	0.0982	0.5788	0.0027	0.5734
177	17	Xatu	2	0.6021	0.329	0.1596	0.5788	0	0.6021
177	18	Xatu	2	0.5393	0.3396	0.0617	0.5788	0.0395	0.4998
177	19	Xatu	2	0.5682	0.3396	0.0838	0.5788	0.0106	0.5576
179	1	Flaaffy	2	0.4322	0.4193	-0.1403	0.6347	0.2025	0.2297
179	2	Flaaffy	2	0.465	0.3742	-0.0386	0.6347	0.1697	0.2953
179	3	Flaaffy	2	0.4041	0.3434	-0.0902	0.6347	0.2306	0.1735
179	4	Ampharos	3	0.545	0.4711	0.0313	0.6347	0.0897	0.4553
179	5	Ampharos	3	0.5961	0.4878	0.0843	0.6347	0.0386	0.5575
179	6	Ampharos	3	0.6372	0.4098	0.1486	0.6347	0	0.6372
179	7	Ampharos	3	0.6138	0.3999	0.0913	0.6347	0.0209	0.5929
179	8	Ampharos	3	0.639	0.3845	0.1057	0.6347	0	0.639
179	9	Ampharos	3	0.642	0.4471	0.1204	0.6347	0	0.642
179	10	Ampharos	3	0.6295	0.3688	0.1133	0.6347	0.0052	0.6243
179	11	Ampharos	3	0.636	0.4315	0.0533	0.6347	0	0.636
179	12	Ampharos	3	0.639	0.4625	0.1281	0.6347	0	0.639
179	13	Ampharos	3	0.6976	0.4385	0.1359	0.6347	0	0.6976
179	14	Ampharos	3	0.6758	0.4829	0.1303	0.6347	0	0.6758
179	15	Ampharos	3	0.6368	0.4576	0.0987	0.6347	0	0.6368
179	16	Ampharos	3	0.6028	0.4202	0.0648	0.6347	0.0319	0.5709
179	17	Ampharos	3	0.6347	0.3889	0.1354	0.6347	0	0.6347
179	18	Ampharos	3	0.6518	0.391	0.1474	0.6347	0	0.6518
179	19	Ampharos	3	0.6335	0.4371	0.1245	0.6347	0.0012	0.6323
187	1	Hoppip	1	0.5458	0.422	0.032	0.5458	0	0.5458
187	2	Skiploom	2	0.4278	0.3586	-0.0377	0.5458	0.118	0.3098
187	3	Skiploom	2	0.4076	0.3857	-0.0483	0.5458	0.1382	0.2694
187	4	Jumpluff	3	0.6121	0.4711	0.1515	0.5458	0	0.6121
187	5	Jumpluff	3	0.6858	0.5497	0.1388	0.5458	0	0.6858
187	6	Jumpluff	3	0.5662	0.359	0.1125	0.5458	0	0.5662
187	7	Jumpluff	3	0.5243	0.3955	0.1137	0.5458	0.0215	0.5028
187	8	Jumpluff	3	0.5943	0.4032	0.1775	0.5458	0	0.5943
187	9	Jumpluff	3	0.5339	0.4005	0.1215	0.5458	0.0119	0.522
187	10	Jumpluff	3	0.571	0.3896	0.1814	0.5458	0	0.571
187	11	Jumpluff	3	0.6312	0.4443	0.1143	0.5458	0	0.6312
187	12	Jumpluff	3	0.5112	0.3426	0.0451	0.5458	0.0346	0.4766
187	13	Jumpluff	3	0.5369	0.3679	0.0658	0.5458	0.0089	0.528
187	14	Jumpluff	3	0.6036	0.3938	0.0986	0.5458	0	0.6036
187	15	Jumpluff	3	0.7099	0.4763	0.2073	0.5458	0	0.7099
187	16	Jumpluff	3	0.5282	0.365	0.06	0.5458	0.0176	0.5106
187	17	Jumpluff	3	0.5499	0.3556	0.1073	0.5458	0	0.5499
187	18	Jumpluff	3	0.5387	0.326	0.1015	0.5458	0.0071	0.5316
187	19	Jumpluff	3	0.5305	0.3447	0.0815	0.5458	0.0153	0.5152
19	1	Rattata	1	0.5841	0.404	0.0716	0.522	0	0.5841
19	2	Raticate	2	0.5088	0.4589	-0.016	0.522	0.0132	0.4956
19	3	Raticate	2	0.503	0.391	-0.03	0.522	0.019	0.484
19	4	Raticate	2	0.5286	0.4764	-0.0905	0.522	0	0.5286
19	5	Raticate	2	0.5338	0.4696	-0.026	0.522	0	0.5338
19	6	Raticate	2	0.6301	0.3591	0.1467	0.522	0	0.6301
19	7	Raticate	2	0.5841	0.3785	0.0605	0.522	0	0.5841
19	8	Raticate	2	0.5215	0.3712	0.0225	0.522	0.0005	0.521
19	9	Raticate	2	0.5265	0.3519	0.0027	0.522	0	0.5265
19	10	Raticate	2	0.45	0.3179	-0.0651	0.522	0.072	0.378
19	11	Raticate	2	0.529	0.3504	0.0016	0.522	0	0.529
19	12	Raticate	2	0.5578	0.3335	0.0712	0.522	0	0.5578
19	13	Raticate	2	0.5037	0.332	-0.009	0.522	0.0183	0.4854
19	14	Raticate	2	0.522	0.3425	-0.0022	0.522	0	0.522
19	15	Raticate	2	0.5494	0.3613	0.0144	0.522	0	0.5494
19	16	Raticate	2	0.4779	0.3389	-0.0223	0.522	0.0441	0.4338
19	17	Raticate	2	0.5049	0.3048	-0.0092	0.522	0.0171	0.4878
19	18	Raticate	2	0.5143	0.3295	0.034	0.522	0.0077	0.5066
19	19	Raticate	2	0.5018	0.3204	0.0051	0.522	0.0202	0.4816
190	2	Ambipom	2	0.5354	0.4634	0.0106	0.5616	0.0262	0.5092
190	3	Ambipom	2	0.529	0.4235	-0.004	0.5616	0.0326	0.4964
190	4	Ambipom	2	0.5547	0.5221	-0.0819	0.5616	0.0069	0.5478
190	5	Ambipom	2	0.5979	0.4762	0.0514	0.5616	0	0.5979
190	6	Ambipom	2	0.6224	0.4343	0.1338	0.5616	0	0.6224
190	7	Ambipom	2	0.5539	0.3966	0.0303	0.5616	0.0077	0.5462
190	8	Ambipom	2	0.529	0.392	0.03	0.5616	0.0326	0.4964
190	9	Ambipom	2	0.564	0.3909	0.0402	0.5616	0	0.564
190	10	Ambipom	2	0.5345	0.3306	0.0194	0.5616	0.0271	0.5074
190	11	Ambipom	2	0.5987	0.4176	0.0713	0.5616	0	0.5987
190	12	Ambipom	2	0.6151	0.3797	0.1285	0.5616	0	0.6151
190	13	Ambipom	2	0.5213	0.3467	0.0086	0.5616	0.0403	0.481
190	14	Ambipom	2	0.6175	0.4248	0.0933	0.5616	0	0.6175
190	15	Ambipom	2	0.594	0.3924	0.059	0.5616	0	0.594
190	16	Ambipom	2	0.5592	0.3772	0.059	0.5616	0.0024	0.5568
190	17	Ambipom	2	0.5646	0.3166	0.0505	0.5616	0	0.5646
190	18	Ambipom	2	0.5147	0.3327	0.0344	0.5616	0.0469	0.4678
190	19	Ambipom	2	0.5742	0.3613	0.0775	0.5616	0	0.5742
191	3	Sunkern	1	0.3687	0.2108	-0.0474	0.5807	0.212	0.1567
191	4	Sunkern	1	0.283	0.2048	-0.1553	0.5807	0.2977	-0.0147
191	5	Sunkern	1	0.372	0.2207	-0.195	0.5807	0.2087	0.1633
191	6	Sunflora	2	0.6416	0.4018	0.153	0.5807	0	0.6416
191	7	Sunflora	2	0.6318	0.4028	0.1093	0.5807	0	0.6318
191	8	Sunflora	2	0.5229	0.3146	-0.0104	0.5807	0.0578	0.4651
191	9	Sunflora	2	0.6206	0.3842	0.099	0.5807	0	0.6206
191	10	Sunflora	2	0.6351	0.408	0.1189	0.5807	0	0.6351
191	11	Sunflora	2	0.6494	0.4038	0.0667	0.5807	0	0.6494
191	12	Sunflora	2	0.5602	0.3448	0.0493	0.5807	0.0205	0.5397
191	13	Sunflora	2	0.5528	0.3367	-0.0089	0.5807	0.0279	0.5249
191	14	Sunflora	2	0.6679	0.4156	0.1224	0.5807	0	0.6679
191	15	Sunflora	2	0.6591	0.3957	0.121	0.5807	0	0.6591
191	16	Sunflora	2	0.5662	0.3889	0.0282	0.5807	0.0145	0.5517
191	17	Sunflora	2	0.6443	0.4106	0.145	0.5807	0	0.6443
191	18	Sunflora	2	0.5807	0.3395	0.0763	0.5807	0	0.5807
191	19	Sunflora	2	0.5677	0.3444	0.0587	0.5807	0.013	0.5547
193	1	Yanmega	2	0.5751	0.5125	0.0626	0.5327	0	0.5751
193	2	Yanmega	2	0.5567	0.4934	0.0884	0.5327	0	0.5567
193	3	Yanmega	2	0.5327	0.4473	0.0708	0.5327	0	0.5327
193	4	Yanmega	2	0.6338	0.5995	0.0655	0.5327	0	0.6338
193	5	Yanmega	2	0.5555	0.4801	0.009	0.5327	0	0.5555
193	6	Yanmega	2	0.4444	0.307	-0.0442	0.5327	0.0883	0.3561
193	7	Yanmega	2	0.4777	0.3809	-0.0448	0.5327	0.055	0.4227
193	8	Yanmega	2	0.4701	0.337	-0.0632	0.5327	0.0626	0.4075
193	9	Yanmega	2	0.5641	0.4081	0.0425	0.5327	0	0.5641
193	10	Yanmega	2	0.6025	0.4209	0.0863	0.5327	0	0.6025
193	11	Yanmega	2	0.6307	0.394	0.048	0.5327	0	0.6307
193	12	Yanmega	2	0.4964	0.2903	-0.0145	0.5327	0.0363	0.4601
193	13	Yanmega	2	0.5031	0.3581	-0.0586	0.5327	0.0296	0.4735
193	14	Yanmega	2	0.6226	0.3864	0.0771	0.5327	0	0.6226
193	15	Yanmega	2	0.6177	0.4419	0.0796	0.5327	0	0.6177
193	16	Yanmega	2	0.4886	0.3437	-0.0494	0.5327	0.0441	0.4445
193	17	Yanmega	2	0.5055	0.2951	0.0062	0.5327	0.0272	0.4783
193	18	Yanmega	2	0.4486	0.2881	-0.0558	0.5327	0.0841	0.3645
193	19	Yanmega	2	0.5066	0.3183	-0.0024	0.5327	0.0261	0.4805
194	1	Wooper	1	0.5809	0.3565	-0.0446	0.5874	0.0065	0.5744
194	2	Quagsire	2	0.4182	0.3709	-0.0854	0.5874	0.1692	0.249
194	3	Quagsire	2	0.4593	0.4042	-0.035	0.5874	0.1281	0.3312
194	4	Quagsire	2	0.4024	0.356	-0.107	0.5874	0.185	0.2174
194	5	Quagsire	2	0.401	0.3256	-0.0904	0.5874	0.1864	0.2146
194	6	Quagsire	2	0.6526	0.3786	0.2134	0.5874	0	0.6526
194	7	Quagsire	2	0.5874	0.3247	0.1773	0.5874	0	0.5874
194	8	Quagsire	2	0.5228	0.3475	0.1245	0.5874	0.0646	0.4582
194	9	Quagsire	2	0.6149	0.3384	0.1913	0.5874	0	0.6149
194	10	Quagsire	2	0.6685	0.3415	0.2585	0.5874	0	0.6685
194	11	Quagsire	2	0.5497	0.2927	0.1277	0.5874	0.0377	0.512
194	12	Quagsire	2	0.5725	0.3071	0.1741	0.5874	0.0149	0.5576
194	13	Quagsire	2	0.6686	0.3416	0.245	0.5874	0	0.6686
194	14	Quagsire	2	0.6555	0.3592	0.228	0.5874	0	0.6555
194	15	Quagsire	2	0.6078	0.3272	0.1605	0.5874	0	0.6078
194	16	Quagsire	2	0.6477	0.3456	0.2436	0.5874	0	0.6477
194	17	Quagsire	2	0.6785	0.3604	0.2919	0.5874	0	0.6785
194	18	Quagsire	2	0.5834	0.3357	0.1356	0.5874	0.004	0.5794
194	19	Quagsire	2	0.6425	0.3401	0.2449	0.5874	0	0.6425
198	1	Murkrow	1	0.5915	0.4531	-0.0111	0.5699	0	0.5915
198	2	Murkrow	1	0.5598	0.4305	0.035	0.5699	0.0101	0.5497
198	3	Murkrow	1	0.584	0.3529	0.097	0.5699	0	0.584
198	4	Murkrow	1	0.6981	0.4407	0.1678	0.5699	0	0.6981
198	5	Murkrow	1	0.6208	0.437	0.1392	0.5699	0	0.6208
198	6	Honchkrow	2	0.4236	0.2596	-0.0669	0.5699	0.1463	0.2773
198	7	Honchkrow	2	0.5689	0.4141	0.0453	0.5699	0.001	0.5679
198	8	Honchkrow	2	0.5561	0.3791	0.0679	0.5699	0.0138	0.5423
198	9	Honchkrow	2	0.624	0.3958	0.1259	0.5699	0	0.624
198	10	Honchkrow	2	0.5878	0.3678	0.126	0.5699	0	0.5878
198	11	Honchkrow	2	0.5706	0.3651	0.0213	0.5699	0	0.5706
198	12	Honchkrow	2	0.4822	0.3131	0.0305	0.5699	0.0877	0.3945
198	13	Honchkrow	2	0.5699	0.3743	0.0869	0.5699	0	0.5699
198	14	Honchkrow	2	0.6172	0.3674	0.1181	0.5699	0	0.6172
198	15	Honchkrow	2	0.6092	0.4452	0.0877	0.5699	0	0.6092
198	16	Honchkrow	2	0.5672	0.3932	0.0893	0.5699	0.0027	0.5645
198	17	Honchkrow	2	0.4842	0.3082	0.0417	0.5699	0.0857	0.3985
198	18	Honchkrow	2	0.4999	0.3666	0.0223	0.5699	0.07	0.4299
198	19	Honchkrow	2	0.5523	0.3728	0.0679	0.5699	0.0176	0.5347
200	1	Misdreavus	1	0.5661	0.4062	-0.0365	0.5661	0	0.5661
200	2	Misdreavus	1	0.515	0.3812	-0.0098	0.5661	0.0511	0.4639
200	3	Misdreavus	1	0.5419	0.4233	0.0089	0.5661	0.0242	0.5177
200	4	Misdreavus	1	0.5033	0.3561	-0.1158	0.5661	0.0628	0.4405
200	5	Misdreavus	1	0.5759	0.4358	0.0161	0.5661	0	0.5759
200	6	Mismagius	2	0.6845	0.4067	0.1639	0.5661	0	0.6845
200	7	Mismagius	2	0.5872	0.41	0.0972	0.5661	0	0.5872
200	8	Mismagius	2	0.6455	0.3669	0.1573	0.5661	0	0.6455
200	9	Mismagius	2	0.5605	0.3641	0.0624	0.5661	0.0056	0.5549
200	10	Mismagius	2	0.6131	0.3413	0.1513	0.5661	0	0.6131
200	11	Mismagius	2	0.5959	0.3503	0.0466	0.5661	0	0.5959
200	12	Mismagius	2	0.555	0.3269	0.1033	0.5661	0.0111	0.5439
200	13	Mismagius	2	0.6106	0.378	0.1276	0.5661	0	0.6106
200	14	Mismagius	2	0.597	0.3611	0.0979	0.5661	0	0.597
200	15	Mismagius	2	0.616	0.3686	0.0945	0.5661	0	0.616
200	16	Mismagius	2	0.5503	0.3811	0.0724	0.5661	0.0158	0.5345
200	17	Mismagius	2	0.5273	0.3199	0.0848	0.5661	0.0388	0.4885
200	18	Mismagius	2	0.5572	0.3449	0.0796	0.5661	0.0089	0.5483
200	19	Mismagius	2	0.5477	0.3387	0.0633	0.5661	0.0184	0.5293
201	4	Unown	1	0.4193	0.3837	-0.1998	0.3284	0	0.4193
201	5	Unown	1	0.395	0.345	-0.1648	0.3284	0	0.395
201	6	Unown	1	0.3502	0.2661	-0.0766	0.3284	0	0.3502
201	7	Unown	1	0.3413	0.3121	-0.1143	0.3284	0	0.3413
201	8	Unown	1	0.3463	0.2825	-0.0834	0.3284	0	0.3463
201	9	Unown	1	0.3272	0.2751	-0.1436	0.3284	0.0012	0.326
201	10	Unown	1	0.2881	0.2464	-0.1613	0.3284	0.0403	0.2478
201	11	Unown	1	0.339	0.2591	-0.1382	0.3284	0	0.339
201	12	Unown	1	0.3296	0.2308	-0.1222	0.3284	0	0.3296
201	13	Unown	1	0.2938	0.2176	-0.1911	0.3284	0.0346	0.2592
201	14	Unown	1	0.3488	0.2312	-0.1037	0.3284	0	0.3488
201	15	Unown	1	0.2758	0.217	-0.2447	0.3284	0.0526	0.2232
201	16	Unown	1	0.3228	0.2537	-0.119	0.3284	0.0056	0.3172
201	17	Unown	1	0.2744	0.2224	-0.1443	0.3284	0.054	0.2204
201	18	Unown	1	0.3153	0.2483	-0.1424	0.3284	0.0131	0.3022
201	19	Unown	1	0.305	0.2207	-0.1482	0.3284	0.0234	0.2816
203	4	Girafarig	1	0.6044	0.3348	0.1072	0.6024	0	0.6044
203	5	Girafarig	1	0.6382	0.403	0.0712	0.6024	0	0.6382
203	6	Girafarig	1	0.614	0.2823	0.0934	0.6024	0	0.614
203	7	Girafarig	1	0.5546	0.2819	0.0646	0.6024	0.0478	0.5068
203	8	Farigiraf	2	0.5938	0.3149	0.0605	0.6024	0.0086	0.5852
203	9	Farigiraf	2	0.6005	0.3451	0.0789	0.6024	0.0019	0.5986
203	10	Farigiraf	2	0.5959	0.3409	0.0797	0.6024	0.0065	0.5894
203	11	Farigiraf	2	0.6351	0.3093	0.0524	0.6024	0	0.6351
203	12	Farigiraf	2	0.5844	0.3174	0.0735	0.6024	0.018	0.5664
203	13	Farigiraf	2	0.6121	0.3051	0.0504	0.6024	0	0.6121
203	14	Farigiraf	2	0.6197	0.3144	0.0742	0.6024	0	0.6197
203	15	Farigiraf	2	0.6027	0.3365	0.0646	0.6024	0	0.6027
203	16	Farigiraf	2	0.5843	0.2957	0.0463	0.6024	0.0181	0.5662
203	17	Farigiraf	2	0.5878	0.3094	0.0885	0.6024	0.0146	0.5732
203	18	Farigiraf	2	0.611	0.3238	0.1066	0.6024	0	0.611
203	19	Farigiraf	2	0.6022	0.3254	0.0932	0.6024	0.0002	0.602
204	2	Pineco	1	0.4014	0.3584	0.0014	0.6736	0.2722	0.1292
204	3	Pineco	1	0.3822	0.3181	0.0342	0.6736	0.2914	0.0908
204	4	Forretress	2	0.5653	0.4776	0.0877	0.6736	0.1083	0.457
204	5	Forretress	2	0.516	0.5883	0.0708	0.6736	0.1576	0.3584
204	6	Forretress	2	0.8037	0.4139	0.3561	0.6736	0	0.8037
204	7	Forretress	2	0.5952	0.4205	0.1747	0.6736	0.0784	0.5168
204	8	Forretress	2	0.4673	0.2853	0.0433	0.6736	0.2063	0.261
204	9	Forretress	2	0.7932	0.4501	0.3605	0.6736	0	0.7932
204	10	Forretress	2	0.8044	0.427	0.3965	0.6736	0	0.8044
204	11	Forretress	2	0.7554	0.4309	0.3168	0.6736	0	0.7554
204	12	Forretress	2	0.78	0.4302	0.3248	0.6736	0	0.78
204	13	Forretress	2	0.684	0.4174	0.1874	0.6736	0	0.684
204	14	Forretress	2	0.7063	0.4706	0.2357	0.6736	0	0.7063
204	15	Forretress	2	0.6879	0.5517	0.1377	0.6736	0	0.6879
204	16	Forretress	2	0.5873	0.3802	0.1457	0.6736	0.0863	0.501
204	17	Forretress	2	0.7457	0.3972	0.3485	0.6736	0	0.7457
204	18	Forretress	2	0.6474	0.3771	0.2447	0.6736	0.0262	0.6212
204	19	Forretress	2	0.6632	0.3741	0.2374	0.6736	0.0104	0.6528
206	1	Dudunsparce-Two-Segment	2	0.4455	0.4295	-0.127	0.5523	0.1068	0.3387
206	2	Dudunsparce-Two-Segment	2	0.5133	0.4149	0.0097	0.5523	0.039	0.4743
206	3	Dudunsparce-Two-Segment	2	0.4618	0.4154	-0.0325	0.5523	0.0905	0.3713
206	4	Dudunsparce-Two-Segment	2	0.5944	0.5094	0.085	0.5523	0	0.5944
206	5	Dudunsparce-Two-Segment	2	0.7175	0.5624	0.1551	0.5523	0	0.7175
206	6	Dudunsparce-Two-Segment	2	0.6531	0.5408	0.1123	0.5523	0	0.6531
206	7	Dudunsparce-Two-Segment	2	0.5523	0.4405	0.0287	0.5523	0	0.5523
206	8	Dudunsparce-Three-Segment	2	0.5666	0.4127	0.1539	0.5523	0	0.5666
206	9	Dudunsparce-Three-Segment	2	0.5911	0.4206	0.0673	0.5523	0	0.5911
206	10	Dudunsparce-Three-Segment	2	0.5512	0.347	0.0361	0.5523	0.0011	0.5501
206	11	Dudunsparce-Three-Segment	2	0.5951	0.4601	0.0677	0.5523	0	0.5951
206	12	Dudunsparce-Three-Segment	2	0.5074	0.3941	0.0208	0.5523	0.0449	0.4625
206	13	Dudunsparce-Three-Segment	2	0.53	0.3961	0.0173	0.5523	0.0223	0.5077
206	14	Dudunsparce-Three-Segment	2	0.5774	0.4324	0.145	0.5523	0	0.5774
206	15	Dudunsparce-Three-Segment	2	0.5819	0.4646	0.0469	0.5523	0	0.5819
206	16	Dudunsparce-Three-Segment	2	0.5286	0.3867	0.0284	0.5523	0.0237	0.5049
206	17	Dudunsparce-Three-Segment	2	0.5621	0.3934	0.048	0.5523	0	0.5621
206	18	Dudunsparce-Three-Segment	2	0.4711	0.3763	-0.0092	0.5523	0.0812	0.3899
206	19	Dudunsparce-Three-Segment	2	0.5349	0.3986	0.0382	0.5523	0.0174	0.5175
207	1	Gligar	1	0.4874	0.4296	0.0013	0.619	0.1316	0.3558
207	2	Gligar	1	0.472	0.3607	-0.0528	0.619	0.147	0.325
207	3	Gligar	1	0.5078	0.4429	-0.0252	0.619	0.1112	0.3966
207	4	Gliscor	2	0.4511	0.4637	-0.168	0.619	0.1679	0.2832
207	5	Gliscor	2	0.5037	0.4504	-0.0561	0.619	0.1153	0.3884
207	6	Gliscor	2	0.6821	0.3682	0.2429	0.619	0	0.6821
207	7	Gliscor	2	0.5745	0.3593	0.1644	0.619	0.0445	0.53
207	8	Gliscor	2	0.6179	0.3728	0.2196	0.619	0.0011	0.6168
207	9	Gliscor	2	0.7072	0.3955	0.2836	0.619	0	0.7072
207	10	Gliscor	2	0.6945	0.3839	0.2845	0.619	0	0.6945
207	11	Gliscor	2	0.6351	0.3576	0.2131	0.619	0	0.6351
207	12	Gliscor	2	0.7099	0.3695	0.3115	0.619	0	0.7099
207	13	Gliscor	2	0.6553	0.4236	0.2317	0.619	0	0.6553
207	14	Gliscor	2	0.521	0.3445	0.0935	0.619	0.098	0.423
207	15	Gliscor	2	0.75	0.4821	0.3027	0.619	0	0.75
207	16	Gliscor	2	0.5977	0.4201	0.1936	0.619	0.0213	0.5764
207	17	Gliscor	2	0.6702	0.3822	0.2836	0.619	0	0.6702
207	18	Gliscor	2	0.619	0.4857	0.1712	0.619	0	0.619
207	19	Gliscor	2	0.6239	0.3827	0.2263	0.619	0	0.6239
209	1	Snubbull	1	0.489	0.362	-0.0248	0.5611	0.0721	0.4169
209	2	Snubbull	1	0.4331	0.3138	0.0421	0.5611	0.128	0.3051
209	3	Granbull	2	0.535	0.4655	0.0407	0.5611	0.0261	0.5089
209	4	Granbull	2	0.4547	0.398	-0.0547	0.5611	0.1064	0.3483
209	5	Granbull	2	0.4429	0.3321	-0.1195	0.5611	0.1182	0.3247
209	6	Granbull	2	0.6103	0.3222	0.1198	0.5611	0	0.6103
209	7	Granbull	2	0.6447	0.4073	0.2346	0.5611	0	0.6447
209	8	Granbull	2	0.6134	0.3519	0.2151	0.5611	0	0.6134
209	9	Granbull	2	0.5971	0.3378	0.0733	0.5611	0	0.5971
209	10	Granbull	2	0.6329	0.3946	0.2229	0.5611	0	0.6329
209	11	Granbull	2	0.6083	0.3849	0.1863	0.5611	0	0.6083
209	12	Granbull	2	0.5611	0.3655	0.1627	0.5611	0	0.5611
209	13	Granbull	2	0.5426	0.3633	0.0637	0.5611	0.0185	0.5241
209	14	Granbull	2	0.6625	0.3589	0.2225	0.5611	0	0.6625
209	15	Granbull	2	0.5875	0.2968	0.1295	0.5611	0	0.5875
209	16	Granbull	2	0.6027	0.3479	0.1972	0.5611	0	0.6027
209	17	Granbull	2	0.482	0.27	0.0569	0.5611	0.0791	0.4029
209	18	Granbull	2	0.5053	0.3148	0.0337	0.5611	0.0558	0.4495
209	19	Granbull	2	0.5597	0.3322	0.1318	0.5611	0.0014	0.5583
21	3	Fearow	2	0.5401	0.4528	0.0071	0.5298	0	0.5401
21	4	Fearow	2	0.5773	0.5173	-0.0418	0.5298	0	0.5773
21	5	Fearow	2	0.5742	0.4961	0.0386	0.5298	0	0.5742
21	6	Fearow	2	0.4519	0.3467	-0.0315	0.5298	0.0779	0.374
21	7	Fearow	2	0.5209	0.4719	0.024	0.5298	0.0089	0.512
21	8	Fearow	2	0.4727	0.4331	-0.0058	0.5298	0.0571	0.4156
21	9	Fearow	2	0.5849	0.4345	0.0611	0.5298	0	0.5849
21	10	Fearow	2	0.4964	0.42	-0.0187	0.5298	0.0334	0.463
21	11	Fearow	2	0.5274	0.4382	0	0.5298	0.0024	0.525
21	12	Fearow	2	0.5198	0.3496	0.0332	0.5298	0.01	0.5098
21	13	Fearow	2	0.5298	0.3837	0.0171	0.5298	0	0.5298
21	14	Fearow	2	0.5762	0.4219	0.052	0.5298	0	0.5762
21	15	Fearow	2	0.5694	0.4302	0.0344	0.5298	0	0.5694
21	16	Fearow	2	0.5143	0.3959	0.0141	0.5298	0.0155	0.4988
21	17	Fearow	2	0.504	0.3332	-0.0101	0.5298	0.0258	0.4782
21	18	Fearow	2	0.5566	0.3411	0.0763	0.5298	0	0.5566
21	19	Fearow	2	0.5565	0.3937	0.0598	0.5298	0	0.5565
211	1	Qwilfish	1	0.5689	0.4509	0.1707	0.5815	0.0126	0.5563
211	2	Qwilfish	1	0.4701	0.4	0.0701	0.5815	0.1114	0.3587
211	3	Qwilfish	1	0.4882	0.3752	-0.0448	0.5815	0.0933	0.3949
211	4	Qwilfish	1	0.5738	0.3886	-0.0453	0.5815	0.0077	0.5661
211	5	Qwilfish	1	0.6084	0.3978	0.1268	0.5815	0	0.6084
211	6	Qwilfish	1	0.5562	0.2795	0.117	0.5815	0.0253	0.5309
211	7	Qwilfish	1	0.5882	0.3492	0.1781	0.5815	0	0.5882
211	8	Qwilfish	1	0.5772	0.3547	0.1789	0.5815	0.0043	0.5729
211	9	Qwilfish	1	0.6075	0.3946	0.1839	0.5815	0	0.6075
211	10	Qwilfish	1	0.5946	0.3723	0.1846	0.5815	0	0.5946
211	11	Qwilfish	1	0.6597	0.3295	0.1428	0.5815	0	0.6597
211	12	Qwilfish	1	0.5892	0.3273	0.1231	0.5815	0	0.5892
211	13	Qwilfish	1	0.6322	0.3751	0.1611	0.5815	0	0.6322
211	14	Qwilfish	1	0.5859	0.3075	0.0809	0.5815	0	0.5859
211	15	Qwilfish	1	0.5303	0.3212	0.0277	0.5815	0.0512	0.4791
211	16	Qwilfish	1	0.5658	0.3203	0.0976	0.5815	0.0157	0.5501
211	17	Qwilfish	1	0.5815	0.3681	0.1389	0.5815	0	0.5815
211	18	Qwilfish	1	0.5013	0.2918	0.0641	0.5815	0.0802	0.4211
211	19	Qwilfish	1	0.6058	0.3467	0.1568	0.5815	0	0.6058
213	2	Shuckle	1	0.7129	0.4888	0.2241	0.6998	0	0.7129
213	3	Shuckle	1	0.6902	0.347	0.1762	0.6998	0.0096	0.6806
213	4	Shuckle	1	0.6057	0.5284	0.0158	0.6998	0.0941	0.5116
213	5	Shuckle	1	0.7003	0.3884	0.1497	0.6998	0	0.7003
213	6	Shuckle	1	0.7007	0.3724	0.4155	0.6998	0	0.7007
213	7	Shuckle	1	0.708	0.3603	0.3477	0.6998	0	0.708
213	8	Shuckle	1	0.6789	0.3529	0.328	0.6998	0.0209	0.658
213	9	Shuckle	1	0.7081	0.3621	0.2754	0.6998	0	0.7081
213	10	Shuckle	1	0.7425	0.3822	0.3346	0.6998	0	0.7425
213	11	Shuckle	1	0.6684	0.3815	0.2298	0.6998	0.0314	0.637
213	12	Shuckle	1	0.7303	0.3121	0.2751	0.6998	0	0.7303
213	13	Shuckle	1	0.7384	0.3818	0.2418	0.6998	0	0.7384
213	14	Shuckle	1	0.6569	0.2703	0.1863	0.6998	0.0429	0.614
213	15	Shuckle	1	0.682	0.4116	0.1318	0.6998	0.0178	0.6642
213	16	Shuckle	1	0.6993	0.3061	0.2577	0.6998	0.0005	0.6988
213	17	Shuckle	1	0.6733	0.2551	0.2761	0.6998	0.0265	0.6468
213	18	Shuckle	1	0.68	0.2897	0.2773	0.6998	0.0198	0.6602
213	19	Shuckle	1	0.7188	0.3129	0.293	0.6998	0	0.7188
214	2	Heracross	1	0.526	0.3976	0.0394	0.5474	0.0214	0.5046
214	3	Heracross	1	0.5779	0.4212	0.0971	0.5474	0	0.5779
214	4	Heracross	1	0.6167	0.429	0.0986	0.5474	0	0.6167
214	5	Heracross	1	0.564	0.3873	0.0016	0.5474	0	0.564
214	6	Heracross	1	0.625	0.3012	0.1345	0.5474	0	0.625
214	7	Heracross	1	0.5651	0.4082	0.0415	0.5474	0	0.5651
214	8	Heracross	1	0.5488	0.3319	0.0498	0.5474	0	0.5488
214	9	Heracross	1	0.6461	0.4256	0.1223	0.5474	0	0.6461
214	10	Heracross	1	0.6041	0.4052	0.089	0.5474	0	0.6041
214	11	Heracross	1	0.5367	0.4262	0.0093	0.5474	0.0107	0.526
214	12	Heracross	1	0.546	0.3452	0.0594	0.5474	0.0014	0.5446
214	13	Heracross	1	0.5431	0.3663	0.0304	0.5474	0.0043	0.5388
214	14	Heracross	1	0.6613	0.3951	0.1371	0.5474	0	0.6613
214	15	Heracross	1	0.5414	0.3782	0.0064	0.5474	0.006	0.5354
214	16	Heracross	1	0.5402	0.3586	0.04	0.5474	0.0072	0.533
214	17	Heracross	1	0.467	0.3028	-0.0471	0.5474	0.0804	0.3866
214	18	Heracross	1	0.4889	0.3075	0.0086	0.5474	0.0585	0.4304
214	19	Heracross	1	0.5396	0.3249	0.0429	0.5474	0.0078	0.5318
215	3	Sneasel	1	0.4158	0.307	-0.1279	0.5513	0.1355	0.2803
215	4	Sneasel	1	0.4792	0.3939	-0.1574	0.5513	0.0721	0.4071
215	5	Sneasel	1	0.4466	0.389	-0.089	0.5513	0.1047	0.3419
215	6	Weavile	2	0.6396	0.4088	0.1562	0.5513	0	0.6396
215	7	Weavile	2	0.5608	0.3562	0.0639	0.5513	0	0.5608
215	8	Weavile	2	0.5684	0.3393	0.0899	0.5513	0	0.5684
215	9	Weavile	2	0.5625	0.3355	0.0827	0.5513	0	0.5625
215	10	Weavile	2	0.5332	0.3174	0.0477	0.5513	0.0181	0.5151
215	11	Weavile	2	0.6299	0.3528	0.113	0.5513	0	0.6299
215	12	Weavile	2	0.5513	0.3317	0.0852	0.5513	0	0.5513
215	13	Weavile	2	0.5509	0.3413	0.0798	0.5513	0.0004	0.5505
215	14	Weavile	2	0.638	0.3641	0.133	0.5513	0	0.638
215	15	Weavile	2	0.5819	0.3425	0.0793	0.5513	0	0.5819
215	16	Weavile	2	0.5778	0.3285	0.1096	0.5513	0	0.5778
215	17	Weavile	2	0.492	0.2554	0.0494	0.5513	0.0593	0.4327
215	18	Weavile	2	0.5397	0.302	0.1025	0.5513	0.0116	0.5281
215	19	Weavile	2	0.5481	0.3202	0.0991	0.5513	0.0032	0.5449
216	1	Teddiursa	1	0.5361	0.3798	0.05	0.5621	0.026	0.5101
216	2	Teddiursa	1	0.463	0.2471	-0.0236	0.5621	0.0991	0.3639
216	3	Teddiursa	1	0.4631	0.2056	-0.0177	0.5621	0.099	0.3641
216	4	Ursaring	2	0.4454	0.4137	-0.064	0.5621	0.1167	0.3287
216	5	Ursaring	2	0.5312	0.3681	-0.0312	0.5621	0.0309	0.5003
216	6	Ursaring	2	0.6671	0.3973	0.1766	0.5621	0	0.6671
216	7	Ursaring	2	0.5507	0.3961	0.0271	0.5621	0.0114	0.5393
216	8	Ursaring	2	0.5231	0.3772	0.0241	0.5621	0.039	0.4841
216	9	Ursaluna	3	0.6473	0.4546	0.1235	0.5621	0	0.6473
216	10	Ursaluna	3	0.6261	0.431	0.111	0.5621	0	0.6261
216	11	Ursaluna	3	0.5914	0.4199	0.064	0.5621	0	0.5914
216	12	Ursaluna	3	0.6239	0.4414	0.1373	0.5621	0	0.6239
216	13	Ursaluna	3	0.6596	0.4443	0.1469	0.5621	0	0.6596
216	14	Ursaluna-Bloodmoon	3	0.5596	0.4215	0.0141	0.5621	0.0025	0.5571
216	15	Ursaluna-Bloodmoon	3	0.5621	0.4446	0.024	0.5621	0	0.5621
216	16	Ursaluna-Bloodmoon	3	0.5497	0.4174	0.0117	0.5621	0.0124	0.5373
216	17	Ursaluna	3	0.5908	0.5168	0.0767	0.5621	0	0.5908
216	18	Ursaluna	3	0.5839	0.4321	0.1036	0.5621	0	0.5839
216	19	Ursaluna	3	0.5989	0.4566	0.1022	0.5621	0	0.5989
218	3	Magcargo	2	0.4041	0.343	-0.0902	0.4916	0.0875	0.3166
218	4	Magcargo	2	0.359	0.2896	-0.1016	0.4916	0.1326	0.2264
218	5	Magcargo	2	0.4004	0.3292	-0.1461	0.4916	0.0912	0.3092
218	6	Magcargo	2	0.6347	0.3929	0.1461	0.4916	0	0.6347
218	7	Magcargo	2	0.47	0.2669	-0.0525	0.4916	0.0216	0.4484
218	8	Magcargo	2	0.525	0.3754	-0.0083	0.4916	0	0.525
218	9	Magcargo	2	0.5326	0.3845	0.011	0.4916	0	0.5326
218	10	Magcargo	2	0.5187	0.2643	0.0025	0.4916	0	0.5187
218	11	Magcargo	2	0.4714	0.2564	-0.1113	0.4916	0.0202	0.4512
218	12	Magcargo	2	0.4999	0.331	-0.011	0.4916	0	0.4999
218	13	Magcargo	2	0.6023	0.3939	0.0406	0.4916	0	0.6023
218	14	Magcargo	2	0.4795	0.2978	-0.066	0.4916	0.0121	0.4674
218	15	Magcargo	2	0.612	0.363	0.0739	0.4916	0	0.612
218	16	Magcargo	2	0.4916	0.2473	-0.0464	0.4916	0	0.4916
218	17	Magcargo	2	0.4293	0.277	-0.07	0.4916	0.0623	0.367
218	18	Magcargo	2	0.4833	0.2873	-0.0211	0.4916	0.0083	0.475
218	19	Magcargo	2	0.5421	0.2962	0.0331	0.4916	0	0.5421
220	1	Swinub	1	0.5025	0.3801	0.0175	0.6337	0.1312	0.3713
220	2	Swinub	1	0.4043	0.2963	-0.0948	0.6337	0.2294	0.1749
220	3	Swinub	1	0.3548	0.265	-0.1889	0.6337	0.2789	0.0759
220	4	Mamoswine	3	0.4593	0.4079	-0.1598	0.6337	0.1744	0.2849
220	5	Mamoswine	3	0.4538	0.3823	-0.106	0.6337	0.1799	0.2739
220	6	Mamoswine	3	0.7806	0.4392	0.3414	0.6337	0	0.7806
220	7	Mamoswine	3	0.6625	0.3241	0.1389	0.6337	0	0.6625
220	8	Mamoswine	3	0.5155	0.3309	0.0165	0.6337	0.1182	0.3973
220	9	Mamoswine	3	0.6531	0.3632	0.1293	0.6337	0	0.6531
220	10	Mamoswine	3	0.6847	0.3612	0.1696	0.6337	0	0.6847
220	11	Mamoswine	3	0.6379	0.3412	0.1105	0.6337	0	0.6379
220	12	Mamoswine	3	0.7273	0.4341	0.2407	0.6337	0	0.7273
220	13	Mamoswine	3	0.7296	0.4101	0.306	0.6337	0	0.7296
220	14	Mamoswine	3	0.6214	0.3079	0.1939	0.6337	0.0123	0.6091
220	15	Mamoswine	3	0.6711	0.3533	0.2238	0.6337	0	0.6711
220	16	Mamoswine	3	0.6337	0.3368	0.2296	0.6337	0	0.6337
220	17	Mamoswine	3	0.5557	0.3469	0.1691	0.6337	0.078	0.4777
220	18	Mamoswine	3	0.5824	0.3626	0.1346	0.6337	0.0513	0.5311
220	19	Mamoswine	3	0.6688	0.3437	0.2712	0.6337	0	0.6688
222	1	Corsola	1	0.682	0.6591	0.3069	0.659	0	0.682
222	2	Corsola	1	0.6776	0.5916	0.1888	0.659	0	0.6776
222	3	Corsola	1	0.6699	0.5712	0.1559	0.659	0	0.6699
222	4	Corsola	1	0.6178	0.6343	0.0279	0.659	0.0412	0.5766
222	5	Corsola	1	0.6254	0.5506	0.0748	0.659	0.0336	0.5918
222	6	Corsola	1	0.6314	0.2742	0.1031	0.659	0.0276	0.6038
222	7	Corsola	1	0.6615	0.3154	0.0946	0.659	0	0.6615
222	8	Corsola	1	0.6498	0.3706	0.1505	0.659	0.0092	0.6406
222	9	Corsola	1	0.62	0.3879	0.1087	0.659	0.039	0.581
222	10	Corsola	1	0.6442	0.4331	0.1071	0.659	0.0148	0.6294
222	11	Corsola	1	0.627	0.3197	0.1112	0.659	0.032	0.595
222	12	Corsola	1	0.6764	0.3618	0.249	0.659	0	0.6764
222	13	Corsola	1	0.7099	0.4529	0.2443	0.659	0	0.7099
222	14	Corsola	1	0.6869	0.4506	0.2363	0.659	0	0.6869
222	15	Corsola	1	0.6516	0.4034	0.1259	0.659	0.0074	0.6442
222	16	Corsola	1	0.6274	0.3523	0.1901	0.659	0.0316	0.5958
222	17	Corsola	1	0.659	0.3557	0.1964	0.659	0	0.659
222	18	Corsola	1	0.669	0.2627	0.2397	0.659	0	0.669
222	19	Corsola	1	0.6725	0.4127	0.2011	0.659	0	0.6725
223	1	Remoraid	1	0.4762	0.3813	-0.1493	0.5052	0.029	0.4472
223	2	Remoraid	1	0.3715	0.2826	-0.2044	0.5052	0.1337	0.2378
223	3	Octillery	2	0.4935	0.4485	-0.0008	0.5052	0.0117	0.4818
223	4	Octillery	2	0.5463	0.4527	-0.022	0.5052	0	0.5463
223	5	Octillery	2	0.5481	0.4313	0.0016	0.5052	0	0.5481
223	6	Octillery	2	0.3649	0.2671	-0.1237	0.5052	0.1403	0.2246
223	7	Octillery	2	0.5082	0.4085	-0.0143	0.5052	0	0.5082
223	8	Octillery	2	0.4285	0.3219	-0.1048	0.5052	0.0767	0.3518
223	9	Octillery	2	0.5856	0.363	0.1023	0.5052	0	0.5856
223	10	Octillery	2	0.5757	0.3311	0.1144	0.5052	0	0.5757
223	11	Octillery	2	0.4932	0.3323	-0.0055	0.5052	0.012	0.4812
223	12	Octillery	2	0.4819	0.34	0.0231	0.5052	0.0233	0.4586
223	13	Octillery	2	0.6259	0.3811	0.1626	0.5052	0	0.6259
223	14	Octillery	2	0.503	0.2941	0.0226	0.5052	0.0022	0.5008
223	15	Octillery	2	0.5426	0.3218	0.0356	0.5052	0	0.5426
223	16	Octillery	2	0.5568	0.3376	0.09	0.5052	0	0.5568
223	17	Octillery	2	0.5052	0.3275	0.0736	0.5052	0	0.5052
223	18	Octillery	2	0.4417	0.3295	-0.0089	0.5052	0.0635	0.3782
223	19	Octillery	2	0.53	0.3262	0.0932	0.5052	0	0.53
225	1	Delibird	1	0.6001	0.2845	-0.0025	0.5032	0	0.6001
225	2	Delibird	1	0.5222	0.2425	-0.0026	0.5032	0	0.5222
225	3	Delibird	1	0.4401	0.3254	-0.0929	0.5032	0.0631	0.377
225	4	Delibird	1	0.6297	0.4529	0.0106	0.5032	0	0.6297
225	5	Delibird	1	0.515	0.3565	-0.0448	0.5032	0	0.515
225	6	Delibird	1	0.4963	0.2181	0.0129	0.5032	0.0069	0.4894
225	7	Delibird	1	0.4752	0.2924	-0.0217	0.5032	0.028	0.4472
225	8	Delibird	1	0.4334	0.262	-0.0451	0.5032	0.0698	0.3636
225	9	Delibird	1	0.5013	0.2735	0.0215	0.5032	0.0019	0.4994
225	10	Delibird	1	0.5173	0.2695	0.0318	0.5032	0	0.5173
225	11	Delibird	1	0.4658	0.2794	-0.0511	0.5032	0.0374	0.4284
225	12	Delibird	1	0.5032	0.2436	0.0371	0.5032	0	0.5032
225	13	Delibird	1	0.5177	0.2564	0.0466	0.5032	0	0.5177
225	14	Delibird	1	0.501	0.2688	-0.004	0.5032	0.0022	0.4988
225	15	Delibird	1	0.5343	0.2831	0.0317	0.5032	0	0.5343
225	16	Delibird	1	0.5262	0.2903	0.058	0.5032	0	0.5262
225	17	Delibird	1	0.5162	0.2387	0.0736	0.5032	0	0.5162
225	18	Delibird	1	0.4437	0.2366	0.0065	0.5032	0.0595	0.3842
225	19	Delibird	1	0.4885	0.2413	0.0395	0.5032	0.0147	0.4738
227	3	Skarmory	1	0.6114	0.3659	0.2634	0.644	0.0326	0.5788
227	4	Skarmory	1	0.644	0.3851	0.1664	0.644	0	0.644
227	5	Skarmory	1	0.5183	0.3833	0.0731	0.644	0.1257	0.3926
227	6	Skarmory	1	0.4554	0.1886	0.0078	0.644	0.1886	0.2668
227	7	Skarmory	1	0.6078	0.2354	0.1873	0.644	0.0362	0.5716
227	8	Skarmory	1	0.4181	0.1607	-0.0059	0.644	0.2259	0.1922
227	9	Skarmory	1	0.694	0.3087	0.2613	0.644	0	0.694
227	10	Skarmory	1	0.7722	0.3052	0.3643	0.644	0	0.7722
227	11	Skarmory	1	0.6506	0.2798	0.212	0.644	0	0.6506
227	12	Skarmory	1	0.679	0.2725	0.2238	0.644	0	0.679
227	13	Skarmory	1	0.6795	0.2847	0.1829	0.644	0	0.6795
227	14	Skarmory	1	0.694	0.253	0.2234	0.644	0	0.694
227	15	Skarmory	1	0.7515	0.314	0.2013	0.644	0	0.7515
227	16	Skarmory	1	0.5385	0.207	0.0969	0.644	0.1055	0.433
227	17	Skarmory	1	0.7072	0.2762	0.31	0.644	0	0.7072
227	18	Skarmory	1	0.5456	0.2361	0.1429	0.644	0.0984	0.4472
227	19	Skarmory	1	0.6206	0.2418	0.1948	0.644	0.0234	0.5972
228	1	Houndour	1	0.4223	0.3087	-0.1803	0.5032	0.0809	0.3414
228	2	Houndour	1	0.4239	0.366	-0.1009	0.5032	0.0793	0.3446
228	3	Houndoom	2	0.5032	0.4614	0.0423	0.5032	0	0.5032
228	4	Houndoom	2	0.5149	0.4899	0.0012	0.5032	0	0.5149
228	5	Houndoom	2	0.5828	0.5465	0.0363	0.5032	0	0.5828
228	6	Houndoom	2	0.6914	0.4682	0.2028	0.5032	0	0.6914
228	7	Houndoom	2	0.5198	0.3904	-0.0027	0.5032	0	0.5198
228	8	Houndoom	2	0.5066	0.3856	-0.0267	0.5032	0	0.5066
228	9	Houndoom	2	0.5104	0.4096	-0.0112	0.5032	0	0.5104
228	10	Houndoom	2	0.445	0.3482	-0.0712	0.5032	0.0582	0.3868
228	11	Houndoom	2	0.459	0.3178	-0.1237	0.5032	0.0442	0.4148
228	12	Houndoom	2	0.4634	0.3522	-0.0475	0.5032	0.0398	0.4236
228	13	Houndoom	2	0.486	0.3969	-0.0757	0.5032	0.0172	0.4688
228	14	Houndoom	2	0.5364	0.3537	-0.0091	0.5032	0	0.5364
228	15	Houndoom	2	0.631	0.4117	0.0929	0.5032	0	0.631
228	16	Houndoom	2	0.5052	0.344	-0.0328	0.5032	0	0.5052
228	17	Houndoom	2	0.4452	0.2912	-0.0541	0.5032	0.058	0.3872
228	18	Houndoom	2	0.4663	0.3414	-0.0381	0.5032	0.0369	0.4294
228	19	Houndoom	2	0.4893	0.3476	-0.0197	0.5032	0.0139	0.4754
23	1	Ekans	1	0.4233	0.2992	-0.1793	0.5603	0.137	0.2863
23	2	Ekans	1	0.4645	0.3637	-0.0603	0.5603	0.0958	0.3687
23	3	Arbok	2	0.5389	0.4736	0.0059	0.5603	0.0214	0.5175
23	4	Arbok	2	0.7215	0.6098	0.1117	0.5603	0	0.7215
23	5	Arbok	2	0.7422	0.5556	0.1866	0.5603	0	0.7422
23	6	Arbok	2	0.6618	0.4663	0.1335	0.5603	0	0.6618
23	7	Arbok	2	0.5615	0.4436	0.0379	0.5603	0	0.5615
23	8	Arbok	2	0.5889	0.4407	0.0899	0.5603	0	0.5889
23	9	Arbok	2	0.5733	0.4583	0.0495	0.5603	0	0.5733
23	10	Arbok	2	0.5066	0.3709	-0.0085	0.5603	0.0537	0.4529
23	11	Arbok	2	0.507	0.4155	-0.0204	0.5603	0.0533	0.4537
23	12	Arbok	2	0.519	0.4076	0.0324	0.5603	0.0413	0.4777
23	13	Arbok	2	0.5873	0.4656	0.1217	0.5603	0	0.5873
23	14	Arbok	2	0.5991	0.4492	0.1485	0.5603	0	0.5991
23	15	Arbok	2	0.6764	0.5239	0.1507	0.5603	0	0.6764
23	16	Arbok	2	0.5591	0.4024	0.0589	0.5603	0.0012	0.5579
23	17	Arbok	2	0.5376	0.3725	0.0235	0.5603	0.0227	0.5149
23	18	Arbok	2	0.5434	0.3904	0.0631	0.5603	0.0169	0.5265
23	19	Arbok	2	0.5603	0.4579	0.0636	0.5603	0	0.5603
231	1	Phanpy	1	0.4329	0.4073	-0.1396	0.5812	0.1483	0.2846
231	2	Phanpy	1	0.3906	0.2992	-0.1342	0.5812	0.1906	0.2
231	3	Donphan	2	0.576	0.486	0.043	0.5812	0.0052	0.5708
231	4	Donphan	2	0.4808	0.4029	-0.1383	0.5812	0.1004	0.3804
231	5	Donphan	2	0.5533	0.4011	-0.0091	0.5812	0.0279	0.5254
231	6	Donphan	2	0.6619	0.433	0.1714	0.5812	0	0.6619
231	7	Donphan	2	0.6008	0.3989	0.0772	0.5812	0	0.6008
231	8	Donphan	2	0.5565	0.3776	0.0575	0.5812	0.0247	0.5318
231	9	Donphan	2	0.6212	0.4407	0.0974	0.5812	0	0.6212
231	10	Donphan	2	0.6477	0.3835	0.1326	0.5812	0	0.6477
231	11	Donphan	2	0.5812	0.3987	0.0538	0.5812	0	0.5812
231	12	Donphan	2	0.596	0.4234	0.1094	0.5812	0	0.596
231	13	Donphan	2	0.6356	0.4237	0.1229	0.5812	0	0.6356
231	14	Donphan	2	0.5188	0.3937	-0.0054	0.5812	0.0624	0.4564
231	15	Donphan	2	0.5899	0.4205	0.0549	0.5812	0	0.5899
231	16	Donphan	2	0.5789	0.3741	0.0787	0.5812	0.0023	0.5766
231	17	Donphan	2	0.6217	0.3846	0.1076	0.5812	0	0.6217
231	18	Donphan	2	0.5655	0.4277	0.0852	0.5812	0.0157	0.5498
231	19	Donphan	2	0.5925	0.4005	0.0958	0.5812	0	0.5925
234	2	Stantler	1	0.5394	0.4448	0.0528	0.6943	0.1549	0.3845
234	3	Stantler	1	0.4915	0.3944	0.0107	0.6943	0.2028	0.2887
234	4	Stantler	1	0.5581	0.4111	0.04	0.6943	0.1362	0.4219
234	5	Stantler	1	0.5584	0.4269	-0.004	0.6943	0.1359	0.4225
234	6	Stantler	1	0.6718	0.3669	0.1884	0.6943	0.0225	0.6493
234	7	Wyrdeer	2	0.6925	0.3482	0.1256	0.6943	0.0018	0.6907
234	8	Wyrdeer	2	0.6699	0.3256	0.1706	0.6943	0.0244	0.6455
234	9	Wyrdeer	2	0.713	0.3493	0.2017	0.6943	0	0.713
234	10	Wyrdeer	2	0.722	0.3537	0.1849	0.6943	0	0.722
234	11	Wyrdeer	2	0.6961	0.3255	0.1803	0.6943	0	0.6961
234	12	Wyrdeer	2	0.7203	0.3166	0.2929	0.6943	0	0.7203
234	13	Wyrdeer	2	0.7365	0.3712	0.2709	0.6943	0	0.7365
234	14	Wyrdeer	2	0.6091	0.3288	0.1585	0.6943	0.0852	0.5239
234	15	Wyrdeer	2	0.7375	0.3686	0.2118	0.6943	0	0.7375
234	16	Wyrdeer	2	0.6326	0.3232	0.1953	0.6943	0.0617	0.5709
234	17	Wyrdeer	2	0.7083	0.3492	0.2457	0.6943	0	0.7083
234	18	Wyrdeer	2	0.7486	0.3313	0.3193	0.6943	0	0.7486
234	19	Wyrdeer	2	0.7058	0.3336	0.2344	0.6943	0	0.7058
235	2	Smeargle	1	0.2265	0.2065	-0.3494	0.1211	0	0.2265
235	3	Smeargle	1	0.178	0.154	-0.4028	0.1211	0	0.178
235	4	Smeargle	1	0.2388	0.1668	-0.4434	0.1211	0	0.2388
235	5	Smeargle	1	0.2288	0.1688	-0.3948	0.1211	0	0.2288
235	6	Smeargle	1	0.1675	0.1037	-0.5058	0.1211	0	0.1675
235	7	Smeargle	1	0.1572	0.1278	-0.4167	0.1211	0	0.1572
235	8	Smeargle	1	0.1248	0.0774	-0.4817	0.1211	0	0.1248
235	9	Smeargle	1	0.132	0.1012	-0.4307	0.1211	0	0.132
235	10	Smeargle	1	0.0738	0.0533	-0.512	0.1211	0.0473	0.0265
235	11	Smeargle	1	0.1124	0.0787	-0.5075	0.1211	0.0087	0.1037
235	12	Smeargle	1	0.1052	0.0778	-0.4265	0.1211	0.0159	0.0893
235	13	Smeargle	1	0.125	0.0838	-0.4807	0.1211	0	0.125
235	14	Smeargle	1	0.1044	0.0685	-0.5201	0.1211	0.0167	0.0877
235	15	Smeargle	1	0.1066	0.0693	-0.5325	0.1211	0.0145	0.0921
235	16	Smeargle	1	0.1072	0.0671	-0.432	0.1211	0.0139	0.0933
235	17	Smeargle	1	0.0911	0.0588	-0.4723	0.1211	0.03	0.0611
235	18	Smeargle	1	0.0849	0.053	-0.4688	0.1211	0.0362	0.0487
235	19	Smeargle	1	0.1175	0.0803	-0.4419	0.1211	0.0037	0.1138
236	3	Hitmonchan	2	0.5958	0.5543	0.0521	0.564	0	0.5958
236	4	Hitmonchan	2	0.6117	0.4806	-0.0249	0.564	0	0.6117
236	5	Hitmonchan	2	0.5514	0.4119	0.0158	0.564	0.0126	0.5388
236	6	Hitmonchan	2	0.6569	0.4128	0.1664	0.564	0	0.6569
236	7	Hitmonlee	2	0.6252	0.4703	0.1283	0.564	0	0.6252
236	8	Hitmonlee	2	0.6287	0.4108	0.1502	0.564	0	0.6287
236	9	Hitmontop	2	0.5873	0.4092	0.0635	0.564	0	0.5873
236	10	Hitmontop	2	0.59	0.4159	0.0749	0.564	0	0.59
236	11	Hitmonchan	2	0.5555	0.4069	0.0281	0.564	0.0085	0.547
236	12	Hitmontop	2	0.5403	0.3786	0.0537	0.564	0.0237	0.5166
236	13	Hitmonlee	2	0.564	0.3984	0.0929	0.564	0	0.564
236	14	Hitmonchan	2	0.6084	0.3844	0.0842	0.564	0	0.6084
236	15	Hitmontop	2	0.5309	0.3165	-0.0041	0.564	0.0331	0.4978
236	16	Hitmonchan	2	0.5411	0.3795	0.0409	0.564	0.0229	0.5182
236	17	Hitmonlee	2	0.4911	0.3401	0.0485	0.564	0.0729	0.4182
236	18	Hitmontop	2	0.5116	0.3336	0.0313	0.564	0.0524	0.4592
236	19	Hitmonchan	2	0.5055	0.3709	0.0088	0.564	0.0585	0.447
238	1	Smoochum	1	0.5736	0.4907	-0.029	0.5439	0	0.5736
238	2	Smoochum	1	0.4687	0.3377	-0.0561	0.5439	0.0752	0.3935
238	3	Smoochum	1	0.4717	0.3174	-0.0124	0.5439	0.0722	0.3995
238	4	Jynx	2	0.5213	0.4801	-0.0978	0.5439	0.0226	0.4987
238	5	Jynx	2	0.516	0.4356	-0.0438	0.5439	0.0279	0.4881
238	6	Jynx	2	0.6072	0.3798	0.0866	0.5439	0	0.6072
238	7	Jynx	2	0.5157	0.39	0.0257	0.5439	0.0282	0.4875
238	8	Jynx	2	0.4908	0.3192	0.0026	0.5439	0.0531	0.4377
238	9	Jynx	2	0.547	0.3817	0.0489	0.5439	0	0.547
238	10	Jynx	2	0.5934	0.403	0.1316	0.5439	0	0.5934
238	11	Jynx	2	0.6298	0.3691	0.0805	0.5439	0	0.6298
238	12	Jynx	2	0.5891	0.3871	0.1374	0.5439	0	0.5891
238	13	Jynx	2	0.5188	0.3705	0.0358	0.5439	0.0251	0.4937
238	14	Jynx	2	0.5774	0.3615	0.0783	0.5439	0	0.5774
238	15	Jynx	2	0.6384	0.4045	0.1169	0.5439	0	0.6384
238	16	Jynx	2	0.5439	0.3939	0.066	0.5439	0	0.5439
238	17	Jynx	2	0.524	0.3589	0.0815	0.5439	0.0199	0.5041
238	18	Jynx	2	0.5849	0.398	0.1073	0.5439	0	0.5849
238	19	Jynx	2	0.5238	0.3541	0.0394	0.5439	0.0201	0.5037
239	3	Electivire	3	0.5976	0.533	0.0646	0.6487	0.0511	0.5465
239	4	Electivire	3	0.6825	0.6165	0.0634	0.6487	0	0.6825
239	5	Electivire	3	0.6003	0.5998	0.0885	0.6487	0.0484	0.5519
239	6	Electivire	3	0.7387	0.4414	0.2553	0.6487	0	0.7387
239	7	Electivire	3	0.656	0.4695	0.1591	0.6487	0	0.656
239	8	Electivire	3	0.6857	0.4785	0.2072	0.6487	0	0.6857
239	9	Electivire	3	0.7087	0.4617	0.2289	0.6487	0	0.7087
239	10	Electivire	3	0.5723	0.4776	0.0868	0.6487	0.0764	0.4959
239	11	Electivire	3	0.6704	0.4255	0.1535	0.6487	0	0.6704
239	12	Electivire	3	0.6487	0.4143	0.1826	0.6487	0	0.6487
239	13	Electivire	3	0.6956	0.4453	0.2245	0.6487	0	0.6956
239	14	Electivire	3	0.7453	0.4504	0.2403	0.6487	0	0.7453
239	15	Electivire	3	0.6394	0.3693	0.1368	0.6487	0.0093	0.6301
239	16	Electivire	3	0.6465	0.4632	0.1783	0.6487	0.0022	0.6443
239	17	Electivire	3	0.545	0.3962	0.1024	0.6487	0.1037	0.4413
239	18	Electivire	3	0.6443	0.3964	0.2071	0.6487	0.0044	0.6399
239	19	Electivire	3	0.64	0.4247	0.191	0.6487	0.0087	0.6313
240	1	Magby	1	0.4809	0.2939	-0.0041	0.5479	0.067	0.4139
240	2	Magby	1	0.5047	0.3595	0.0056	0.5479	0.0432	0.4615
240	3	Magby	1	0.4881	0.344	-0.0556	0.5479	0.0598	0.4283
240	4	Magmortar	3	0.5226	0.4835	-0.0965	0.5479	0.0253	0.4973
240	5	Magmortar	3	0.5736	0.4939	0.0138	0.5479	0	0.5736
240	6	Magmortar	3	0.6811	0.4233	0.1925	0.5479	0	0.6811
240	7	Magmortar	3	0.5907	0.3622	0.0682	0.5479	0	0.5907
240	8	Magmortar	3	0.5381	0.3643	0.0048	0.5479	0.0098	0.5283
240	9	Magmortar	3	0.5797	0.4177	0.0581	0.5479	0	0.5797
240	10	Magmortar	3	0.5197	0.3485	0.0035	0.5479	0.0282	0.4915
240	11	Magmortar	3	0.5318	0.3222	-0.0509	0.5479	0.0161	0.5157
240	12	Magmortar	3	0.5291	0.3588	0.0182	0.5479	0.0188	0.5103
240	13	Magmortar	3	0.6151	0.3814	0.0534	0.5479	0	0.6151
240	14	Magmortar	3	0.5479	0.3172	0.0024	0.5479	0	0.5479
240	15	Magmortar	3	0.6289	0.3825	0.0908	0.5479	0	0.6289
240	16	Magmortar	3	0.5291	0.3628	-0.0089	0.5479	0.0188	0.5103
240	17	Magmortar	3	0.5697	0.3461	0.0704	0.5479	0	0.5697
240	18	Magmortar	3	0.5836	0.3465	0.0792	0.5479	0	0.5836
240	19	Magmortar	3	0.5733	0.3418	0.0643	0.5479	0	0.5733
241	2	Miltank	1	0.7287	0.4991	0.2296	0.6163	0	0.7287
241	3	Miltank	1	0.7037	0.448	0.16	0.6163	0	0.7037
241	4	Miltank	1	0.6281	0.6663	-0.0085	0.6163	0	0.6281
241	5	Miltank	1	0.7198	0.4923	0.1842	0.6163	0	0.7198
241	6	Miltank	1	0.7314	0.5221	0.2922	0.6163	0	0.7314
241	7	Miltank	1	0.4949	0.3746	0.0848	0.6163	0.1214	0.3735
241	8	Miltank	1	0.5391	0.34	0.1408	0.6163	0.0772	0.4619
241	9	Miltank	1	0.653	0.4093	0.1551	0.6163	0	0.653
241	10	Miltank	1	0.4904	0.4028	-0.0256	0.6163	0.1259	0.3645
241	11	Miltank	1	0.5909	0.4787	-0.0088	0.6163	0.0254	0.5655
241	12	Miltank	1	0.5095	0.3415	0.0518	0.6163	0.1068	0.4027
241	13	Miltank	1	0.6866	0.4116	0.263	0.6163	0	0.6866
241	14	Miltank	1	0.6475	0.4275	0.22	0.6163	0	0.6475
241	15	Miltank	1	0.6338	0.3999	0.1865	0.6163	0	0.6338
241	16	Miltank	1	0.5339	0.4041	0.1298	0.6163	0.0824	0.4515
241	17	Miltank	1	0.598	0.3866	0.2114	0.6163	0.0183	0.5797
241	18	Miltank	1	0.5329	0.3009	0.0851	0.6163	0.0834	0.4495
241	19	Miltank	1	0.6045	0.3976	0.2069	0.6163	0.0118	0.5927
243	9	Raikou	1	0.7175	0.4423	0.2194	0.6881	0	0.7175
243	10	Raikou	1	0.6292	0.3476	0.1674	0.6881	0.0589	0.5703
243	11	Raikou	1	0.6803	0.4183	0.131	0.6881	0.0078	0.6725
243	12	Raikou	1	0.6881	0.4011	0.2364	0.6881	0	0.6881
243	13	Raikou	1	0.7472	0.4828	0.2642	0.6881	0	0.7472
243	14	Raikou	1	0.7642	0.4991	0.2651	0.6881	0	0.7642
243	15	Raikou	1	0.6273	0.4686	0.1058	0.6881	0.0608	0.5665
243	16	Raikou	1	0.6363	0.4705	0.1584	0.6881	0.0518	0.5845
243	17	Raikou	1	0.6599	0.4711	0.2174	0.6881	0.0282	0.6317
243	18	Raikou	1	0.7037	0.4782	0.2261	0.6881	0	0.7037
243	19	Raikou	1	0.7304	0.4844	0.246	0.6881	0	0.7304
244	9	Entei	1	0.6952	0.4476	0.1714	0.6232	0	0.6952
244	10	Entei	1	0.6549	0.3843	0.1398	0.6232	0	0.6549
244	11	Entei	1	0.6232	0.349	0.0958	0.6232	0	0.6232
244	12	Entei	1	0.6069	0.3739	0.1203	0.6232	0.0163	0.5906
244	13	Entei	1	0.6786	0.3835	0.1659	0.6232	0	0.6786
244	14	Entei	1	0.6182	0.3432	0.094	0.6232	0.005	0.6132
244	15	Entei	1	0.6576	0.4273	0.1226	0.6232	0	0.6576
244	16	Entei	1	0.5633	0.3397	0.0631	0.6232	0.0599	0.5034
244	17	Entei	1	0.5612	0.3535	0.0471	0.6232	0.062	0.4992
244	18	Entei	1	0.5995	0.3673	0.1192	0.6232	0.0237	0.5758
244	19	Entei	1	0.6618	0.3614	0.1651	0.6232	0	0.6618
245	9	Suicune	1	0.6639	0.373	0.2853	0.6561	0	0.6639
245	10	Suicune	1	0.6561	0.3795	0.2933	0.6561	0	0.6561
245	11	Suicune	1	0.6274	0.3431	0.2424	0.6561	0.0287	0.5987
245	12	Suicune	1	0.6853	0.3673	0.3173	0.6561	0	0.6853
245	13	Suicune	1	0.677	0.41	0.2493	0.6561	0	0.677
245	14	Suicune	1	0.671	0.3513	0.2442	0.6561	0	0.671
245	15	Suicune	1	0.61	0.3368	0.1753	0.6561	0.0461	0.5639
245	16	Suicune	1	0.6513	0.3935	0.2466	0.6561	0.0048	0.6465
245	17	Suicune	1	0.6471	0.3958	0.2538	0.6561	0.009	0.6381
245	18	Suicune	1	0.6043	0.3588	0.2125	0.6561	0.0518	0.5525
245	19	Suicune	1	0.6723	0.3962	0.2729	0.6561	0	0.6723
246	1	Larvitar	1	0.4616	0.3246	-0.0245	0.5037	0.0421	0.4195
246	2	Larvitar	1	0.4377	0.2786	-0.0489	0.5037	0.066	0.3717
246	3	Larvitar	1	0.4084	0.2444	-0.0724	0.5037	0.0953	0.3131
246	4	Pupitar	2	0.3341	0.2513	-0.1042	0.5037	0.1696	0.1645
246	5	Pupitar	2	0.3764	0.2459	-0.186	0.5037	0.1273	0.2491
246	6	Pupitar	2	0.5462	0.3262	0.0557	0.5037	0	0.5462
246	7	Pupitar	2	0.4156	0.2496	-0.108	0.5037	0.0881	0.3275
246	8	Pupitar	2	0.4033	0.2698	-0.0957	0.5037	0.1004	0.3029
246	9	Tyranitar	3	0.5057	0.3585	-0.0181	0.5037	0	0.5057
246	10	Tyranitar	3	0.5169	0.2943	0.0018	0.5037	0	0.5169
246	11	Tyranitar	3	0.531	0.3443	0.0036	0.5037	0	0.531
246	12	Tyranitar	3	0.568	0.3789	0.0814	0.5037	0	0.568
246	13	Tyranitar	3	0.5947	0.4037	0.082	0.5037	0	0.5947
246	14	Tyranitar	3	0.5505	0.3717	0.0263	0.5037	0	0.5505
246	15	Tyranitar	3	0.5577	0.3666	0.0227	0.5037	0	0.5577
246	16	Tyranitar	3	0.5037	0.3562	0.0035	0.5037	0	0.5037
246	17	Tyranitar	3	0.4525	0.2967	-0.0616	0.5037	0.0512	0.4013
246	18	Tyranitar	3	0.4808	0.3524	0.0005	0.5037	0.0229	0.4579
246	19	Tyranitar	3	0.5312	0.3749	0.0345	0.5037	0	0.5312
249	13	Lugia	1	0.7181	0.3682	0.2525	0.7324	0.0143	0.7038
249	14	Lugia	1	0.7813	0.3365	0.3307	0.7324	0	0.7813
249	15	Lugia	1	0.588	0.3841	0.0623	0.7324	0.1444	0.4436
249	16	Lugia	1	0.7595	0.4726	0.3222	0.7324	0	0.7595
249	17	Lugia	1	0.793	0.4626	0.3304	0.7324	0	0.793
249	18	Lugia	1	0.7316	0.4293	0.3023	0.7324	0.0008	0.7308
249	19	Lugia	1	0.7324	0.525	0.261	0.7324	0	0.7324
250	13	Ho-Oh	1	0.7221	0.6003	0.2789	0.7221	0	0.7221
250	14	Ho-Oh	1	0.7085	0.4576	0.3094	0.7221	0.0136	0.6949
250	15	Ho-Oh	1	0.7417	0.694	0.2932	0.7221	0	0.7417
250	16	Ho-Oh	1	0.7113	0.4155	0.2952	0.7221	0.0108	0.7005
250	17	Ho-Oh	1	0.7528	0.5339	0.3551	0.7221	0	0.7528
250	18	Ho-Oh	1	0.6639	0.5206	0.2212	0.7221	0.0582	0.6057
250	19	Ho-Oh	1	0.7588	0.5779	0.3147	0.7221	0	0.7588
251	7	Celebi	1	0.6671	0.3353	0.2578	0.6718	0.0047	0.6624
251	8	Celebi	1	0.5633	0.3257	0.15	0.6718	0.1085	0.4548
251	9	Celebi	1	0.6694	0.4035	0.1715	0.6718	0.0024	0.667
251	10	Celebi	1	0.7442	0.3942	0.2282	0.6718	0	0.7442
251	11	Celebi	1	0.7503	0.3748	0.1506	0.6718	0	0.7503
251	12	Celebi	1	0.6718	0.4052	0.2141	0.6718	0	0.6718
251	13	Celebi	1	0.5631	0.3012	0.063	0.6718	0.1087	0.4544
251	14	Celebi	1	0.7378	0.3624	0.2236	0.6718	0	0.7378
251	15	Celebi	1	0.7718	0.4323	0.1381	0.6718	0	0.7718
251	16	Celebi	1	0.7172	0.3571	0.2339	0.6718	0	0.7172
251	17	Celebi	1	0.7608	0.4732	0.2842	0.6718	0	0.7608
251	18	Celebi	1	0.6675	0.4412	0.1748	0.6718	0.0043	0.6632
251	19	Celebi	1	0.6681	0.4	0.1815	0.6718	0.0037	0.6644
252	1	Treecko	1	0.6183	0.4853	0.0157	0.5437	0	0.6183
252	2	Grovyle	2	0.4525	0.3719	-0.0723	0.5437	0.0912	0.3613
252	3	Grovyle	2	0.4937	0.4458	-0.0393	0.5437	0.05	0.4437
252	4	Grovyle	2	0.4804	0.441	-0.1562	0.5437	0.0633	0.4171
252	5	Grovyle	2	0.536	0.4806	-0.031	0.5437	0.0077	0.5283
252	6	Grovyle	2	0.4967	0.3509	-0.0239	0.5437	0.047	0.4497
252	7	Sceptile	3	0.672	0.4599	0.1751	0.5437	0	0.672
252	8	Sceptile	3	0.5152	0.3987	0.0367	0.5437	0.0285	0.4867
252	9	Sceptile	3	0.5453	0.393	0.0655	0.5437	0	0.5453
252	10	Sceptile	3	0.5553	0.3753	0.0698	0.5437	0	0.5553
252	11	Sceptile	3	0.5207	0.3945	0.0038	0.5437	0.023	0.4977
252	12	Sceptile	3	0.5324	0.3112	0.0663	0.5437	0.0113	0.5211
252	13	Sceptile	3	0.5437	0.3757	0.0726	0.5437	0	0.5437
252	14	Sceptile	3	0.5675	0.4404	0.0625	0.5437	0	0.5675
252	15	Sceptile	3	0.5929	0.397	0.0903	0.5437	0	0.5929
252	16	Sceptile	3	0.562	0.4176	0.0938	0.5437	0	0.562
252	17	Sceptile	3	0.5011	0.3339	0.0585	0.5437	0.0426	0.4585
252	18	Sceptile	3	0.5671	0.3411	0.1299	0.5437	0	0.5671
252	19	Sceptile	3	0.5723	0.3573	0.1233	0.5437	0	0.5723
255	1	Torchic	1	0.4097	0.3321	-0.1929	0.5359	0.1262	0.2835
255	2	Combusken	2	0.4432	0.355	-0.0816	0.5359	0.0927	0.3505
255	3	Combusken	2	0.4731	0.4002	-0.0599	0.5359	0.0628	0.4103
255	4	Combusken	2	0.3934	0.3176	-0.2257	0.5359	0.1425	0.2509
255	5	Combusken	2	0.4762	0.314	-0.0836	0.5359	0.0597	0.4165
255	6	Combusken	2	0.4503	0.303	0.0235	0.5359	0.0856	0.3647
255	7	Blaziken	3	0.5624	0.4208	0.0944	0.5359	0	0.5624
255	8	Blaziken	3	0.5672	0.3793	0.14	0.5359	0	0.5672
255	9	Blaziken	3	0.6119	0.4323	0.1286	0.5359	0	0.6119
255	10	Blaziken	3	0.5807	0.3881	0.1194	0.5359	0	0.5807
255	11	Blaziken	3	0.5682	0.3776	0.0695	0.5359	0	0.5682
255	12	Blaziken	3	0.5557	0.3984	0.0969	0.5359	0	0.5557
255	13	Blaziken	3	0.5391	0.3771	0.0758	0.5359	0	0.5391
255	14	Blaziken	3	0.5528	0.3543	0.0724	0.5359	0	0.5528
255	15	Blaziken	3	0.4718	0.3504	-0.0352	0.5359	0.0641	0.4077
255	16	Blaziken	3	0.5529	0.3565	0.0861	0.5359	0	0.5529
255	17	Blaziken	3	0.5278	0.3406	0.0962	0.5359	0.0081	0.5197
255	18	Blaziken	3	0.5247	0.3373	0.0741	0.5359	0.0112	0.5135
255	19	Blaziken	3	0.5359	0.3564	0.0991	0.5359	0	0.5359
258	1	Mudkip	1	0.5052	0.4522	0.0664	0.5839	0.0787	0.4265
258	2	Marshtomp	2	0.418	0.3832	-0.0856	0.5839	0.1659	0.2521
258	3	Marshtomp	2	0.4495	0.4142	-0.0448	0.5839	0.1344	0.3151
258	4	Marshtomp	2	0.4195	0.3725	-0.1108	0.5839	0.1644	0.2551
258	5	Marshtomp	2	0.3757	0.2977	-0.1059	0.5839	0.2082	0.1675
258	6	Marshtomp	2	0.6701	0.3769	0.1293	0.5839	0	0.6701
258	7	Swampert	3	0.6045	0.4114	0.0809	0.5839	0	0.6045
258	8	Swampert	3	0.5839	0.3592	0.0849	0.5839	0	0.5839
258	9	Swampert	3	0.5678	0.3781	0.044	0.5839	0.0161	0.5517
258	10	Swampert	3	0.5852	0.3665	0.0701	0.5839	0	0.5852
258	11	Swampert	3	0.5596	0.3145	0.0322	0.5839	0.0243	0.5353
258	12	Swampert	3	0.5706	0.3675	0.084	0.5839	0.0133	0.5573
258	13	Swampert	3	0.671	0.3815	0.2282	0.5839	0	0.671
258	14	Swampert	3	0.5868	0.3708	0.1169	0.5839	0	0.5868
258	15	Swampert	3	0.5797	0.3628	0.0997	0.5839	0.0042	0.5755
258	16	Swampert	3	0.594	0.3857	0.1904	0.5839	0	0.594
258	17	Swampert	3	0.6114	0.3691	0.1773	0.5839	0	0.6114
258	18	Swampert	3	0.6238	0.3882	0.1465	0.5839	0	0.6238
258	19	Swampert	3	0.6017	0.3846	0.21	0.5839	0	0.6017
261	1	Poochyena	1	0.4841	0.3613	-0.1185	0.4844	0.0003	0.4838
261	2	Mightyena	2	0.5332	0.4688	0.0341	0.4844	0	0.5332
261	3	Mightyena	2	0.5234	0.4334	-0.0203	0.4844	0	0.5234
261	4	Mightyena	2	0.4998	0.3845	-0.1368	0.4844	0	0.4998
261	5	Mightyena	2	0.5178	0.4268	-0.0178	0.4844	0	0.5178
261	6	Mightyena	2	0.4844	0.343	0.001	0.4844	0	0.4844
261	7	Mightyena	2	0.507	0.3723	0.0101	0.4844	0	0.507
261	8	Mightyena	2	0.4144	0.3363	-0.0641	0.4844	0.07	0.3444
261	9	Mightyena	2	0.5009	0.3736	0.0211	0.4844	0	0.5009
261	10	Mightyena	2	0.441	0.3305	-0.0445	0.4844	0.0434	0.3976
261	11	Mightyena	2	0.5521	0.3736	0.0352	0.4844	0	0.5521
261	12	Mightyena	2	0.4338	0.3276	-0.0323	0.4844	0.0506	0.3832
261	13	Mightyena	2	0.449	0.3804	-0.0221	0.4844	0.0354	0.4136
261	14	Mightyena	2	0.5232	0.3538	0.0182	0.4844	0	0.5232
261	15	Mightyena	2	0.5398	0.3726	0.0372	0.4844	0	0.5398
261	16	Mightyena	2	0.4613	0.3392	-0.0069	0.4844	0.0231	0.4382
261	17	Mightyena	2	0.4534	0.2928	0.0108	0.4844	0.031	0.4224
261	18	Mightyena	2	0.4449	0.3428	0.0077	0.4844	0.0395	0.4054
261	19	Mightyena	2	0.4759	0.3548	0.0269	0.4844	0.0085	0.4674
263	1	Zigzagoon	1	0.4631	0.3228	-0.1395	0.4846	0.0215	0.4416
263	2	Linoone	2	0.5029	0.4536	-0.0219	0.4846	0	0.5029
263	3	Linoone	2	0.5138	0.4191	-0.0192	0.4846	0	0.5138
263	4	Linoone	2	0.5121	0.4621	-0.107	0.4846	0	0.5121
263	5	Linoone	2	0.5251	0.412	-0.0347	0.4846	0	0.5251
263	6	Linoone	2	0.6157	0.3176	0.1323	0.4846	0	0.6157
263	7	Linoone	2	0.5014	0.3649	0.0045	0.4846	0	0.5014
263	8	Linoone	2	0.4556	0.3814	-0.0229	0.4846	0.029	0.4266
263	9	Linoone	2	0.483	0.3517	0.0032	0.4846	0.0016	0.4814
263	10	Linoone	2	0.3755	0.3494	-0.11	0.4846	0.1091	0.2664
263	11	Linoone	2	0.5007	0.4037	-0.0162	0.4846	0	0.5007
263	12	Linoone	2	0.4764	0.3536	0.0103	0.4846	0.0082	0.4682
263	13	Linoone	2	0.456	0.3351	-0.0151	0.4846	0.0286	0.4274
263	14	Linoone	2	0.4978	0.3799	-0.0072	0.4846	0	0.4978
263	15	Linoone	2	0.5188	0.3934	0.0162	0.4846	0	0.5188
263	16	Linoone	2	0.4466	0.3469	-0.0216	0.4846	0.038	0.4086
263	17	Linoone	2	0.4807	0.2937	0.0381	0.4846	0.0039	0.4768
263	18	Linoone	2	0.4765	0.3066	0.0393	0.4846	0.0081	0.4684
263	19	Linoone	2	0.4846	0.3263	0.0356	0.4846	0	0.4846
265	1	Beautifly	3	0.5249	0.4179	0.0124	0.5746	0.0497	0.4752
265	2	Beautifly	3	0.5272	0.4683	0.0589	0.5746	0.0474	0.4798
265	3	Beautifly	3	0.525	0.4372	0.0631	0.5746	0.0496	0.4754
265	4	Dustox	3	0.7248	0.6501	0.115	0.5746	0	0.7248
265	5	Dustox	3	0.6749	0.4155	0.1279	0.5746	0	0.6749
265	6	Dustox	3	0.6571	0.4303	0.2034	0.5746	0	0.6571
265	7	Dustox	3	0.5036	0.3661	0.0156	0.5746	0.071	0.4326
265	8	Dustox	3	0.5746	0.3409	0.1439	0.5746	0	0.5746
265	9	Dustox	3	0.6645	0.4674	0.2048	0.5746	0	0.6645
265	10	Dustox	3	0.6685	0.4758	0.2028	0.5746	0	0.6685
265	11	Dustox	3	0.6626	0.5314	0.1755	0.5746	0	0.6626
265	12	Dustox	3	0.6076	0.3469	0.1661	0.5746	0	0.6076
265	13	Dustox	3	0.5477	0.3614	0.1045	0.5746	0.0269	0.5208
265	14	Dustox	3	0.6515	0.3728	0.2524	0.5746	0	0.6515
265	15	Dustox	3	0.6413	0.3716	0.1928	0.5746	0	0.6413
265	16	Dustox	3	0.4726	0.3245	0.0565	0.5746	0.102	0.3706
265	17	Dustox	3	0.488	0.3265	0.0903	0.5746	0.0866	0.4014
265	18	Dustox	3	0.5716	0.3314	0.1289	0.5746	0.003	0.5686
265	19	Dustox	3	0.5473	0.3562	0.1032	0.5746	0.0273	0.52
27	1	Sandshrew	1	0.4989	0.4301	0.0213	0.5611	0.0622	0.4367
27	2	Sandshrew	1	0.4094	0.3426	-0.0363	0.5611	0.1517	0.2577
27	3	Sandslash	2	0.5498	0.487	0.0628	0.5611	0.0113	0.5385
27	4	Sandslash	2	0.505	0.3789	-0.0253	0.5611	0.0561	0.4489
27	5	Sandslash	2	0.6134	0.3605	0.1318	0.5611	0	0.6134
27	6	Sandslash	2	0.6451	0.4252	0.1617	0.5611	0	0.6451
27	7	Sandslash	2	0.5271	0.4112	0.0302	0.5611	0.034	0.4931
27	8	Sandslash	2	0.5284	0.3516	0.0499	0.5611	0.0327	0.4957
27	9	Sandslash	2	0.5921	0.4098	0.1123	0.5611	0	0.5921
27	10	Sandslash	2	0.6411	0.392	0.1556	0.5611	0	0.6411
27	11	Sandslash	2	0.5486	0.3628	0.0317	0.5611	0.0125	0.5361
27	12	Sandslash	2	0.5671	0.3976	0.101	0.5611	0	0.5671
27	13	Sandslash	2	0.5663	0.4209	0.0952	0.5611	0	0.5663
27	14	Sandslash	2	0.5824	0.3667	0.0774	0.5611	0	0.5824
27	15	Sandslash	2	0.5848	0.4082	0.0822	0.5611	0	0.5848
27	16	Sandslash	2	0.5449	0.377	0.0767	0.5611	0.0162	0.5287
27	17	Sandslash	2	0.5872	0.3829	0.1446	0.5611	0	0.5872
27	18	Sandslash	2	0.5611	0.415	0.1239	0.5611	0	0.5611
27	19	Sandslash	2	0.5399	0.4021	0.0909	0.5611	0.0212	0.5187
270	1	Lombre	2	0.5302	0.4971	-0.0423	0.558	0.0278	0.5024
270	2	Lombre	2	0.4274	0.3513	-0.0974	0.558	0.1306	0.2968
270	3	Ludicolo	3	0.5099	0.4304	0.0156	0.558	0.0481	0.4618
270	4	Ludicolo	3	0.4516	0.3203	-0.0578	0.558	0.1064	0.3452
270	5	Ludicolo	3	0.5647	0.3952	0.0049	0.558	0	0.5647
270	6	Ludicolo	3	0.5879	0.2679	0.1611	0.558	0	0.5879
270	7	Ludicolo	3	0.6159	0.3829	0.119	0.558	0	0.6159
270	8	Ludicolo	3	0.6011	0.3302	0.1226	0.558	0	0.6011
270	9	Ludicolo	3	0.5573	0.2811	0.0775	0.558	0.0007	0.5566
270	10	Ludicolo	3	0.5359	0.2678	0.0504	0.558	0.0221	0.5138
270	11	Ludicolo	3	0.6086	0.3353	0.0917	0.558	0	0.6086
270	12	Ludicolo	3	0.5088	0.2566	0.0427	0.558	0.0492	0.4596
270	13	Ludicolo	3	0.5608	0.2695	0.0897	0.558	0	0.5608
270	14	Ludicolo	3	0.558	0.3093	0.053	0.558	0	0.558
270	15	Ludicolo	3	0.6307	0.2798	0.1281	0.558	0	0.6307
270	16	Ludicolo	3	0.5601	0.3257	0.0919	0.558	0	0.5601
270	17	Ludicolo	3	0.5743	0.3296	0.1317	0.558	0	0.5743
270	18	Ludicolo	3	0.532	0.2526	0.0948	0.558	0.026	0.506
270	19	Ludicolo	3	0.533	0.2814	0.084	0.558	0.025	0.508
273	1	Nuzleaf	2	0.4973	0.4257	-0.1053	0.5074	0.0101	0.4872
273	2	Nuzleaf	2	0.4141	0.337	-0.1107	0.5074	0.0933	0.3208
273	3	Nuzleaf	2	0.3838	0.2997	-0.1492	0.5074	0.1236	0.2602
273	4	Nuzleaf	2	0.3929	0.2923	-0.2437	0.5074	0.1145	0.2784
273	5	Nuzleaf	2	0.4546	0.2882	-0.081	0.5074	0.0528	0.4018
273	6	Shiftry	3	0.5953	0.3347	0.1119	0.5074	0	0.5953
273	7	Shiftry	3	0.5854	0.4182	0.0885	0.5074	0	0.5854
273	8	Shiftry	3	0.5058	0.3526	0.0273	0.5074	0.0016	0.5042
273	9	Shiftry	3	0.5718	0.3923	0.092	0.5074	0	0.5718
273	10	Shiftry	3	0.594	0.4121	0.1085	0.5074	0	0.594
273	11	Shiftry	3	0.5981	0.4029	0.0812	0.5074	0	0.5981
273	12	Shiftry	3	0.5074	0.3075	0.0413	0.5074	0	0.5074
273	13	Shiftry	3	0.4817	0.3456	0.0106	0.5074	0.0257	0.456
273	14	Shiftry	3	0.585	0.4095	0.08	0.5074	0	0.585
273	15	Shiftry	3	0.5837	0.3877	0.0811	0.5074	0	0.5837
273	16	Shiftry	3	0.5579	0.3714	0.0897	0.5074	0	0.5579
273	17	Shiftry	3	0.4876	0.3325	0.045	0.5074	0.0198	0.4678
273	18	Shiftry	3	0.492	0.3114	0.0548	0.5074	0.0154	0.4766
273	19	Shiftry	3	0.5319	0.3481	0.0829	0.5074	0	0.5319
276	2	Taillow	1	0.5361	0.3826	0.0678	0.5292	0	0.5361
276	3	Swellow	2	0.5082	0.4327	0.0473	0.5292	0.021	0.4872
276	4	Swellow	2	0.5711	0.5137	0.0574	0.5292	0	0.5711
276	5	Swellow	2	0.5266	0.4748	0.0148	0.5292	0.0026	0.524
276	6	Swellow	2	0.4154	0.3121	-0.0184	0.5292	0.1138	0.3016
276	7	Swellow	2	0.4767	0.3622	0.0087	0.5292	0.0524	0.4243
276	8	Swellow	2	0.4674	0.3633	0.0402	0.5292	0.0618	0.4056
276	9	Swellow	2	0.5291	0.3976	0.0053	0.5292	0	0.5291
276	10	Swellow	2	0.4441	0.3583	-0.071	0.5292	0.0851	0.359
276	11	Swellow	2	0.5351	0.3782	0.0077	0.5292	0	0.5351
276	12	Swellow	2	0.5052	0.3526	0.0186	0.5292	0.024	0.4812
276	13	Swellow	2	0.5533	0.3625	0.0406	0.5292	0	0.5533
276	14	Swellow	2	0.5381	0.3873	0.0139	0.5292	0	0.5381
276	15	Swellow	2	0.5723	0.3705	0.0373	0.5292	0	0.5723
276	16	Swellow	2	0.5528	0.3652	0.0526	0.5292	0	0.5528
276	17	Swellow	2	0.5292	0.3088	0.0151	0.5292	0	0.5292
276	18	Swellow	2	0.5034	0.3546	0.0231	0.5292	0.0258	0.4776
276	19	Swellow	2	0.5423	0.3461	0.0456	0.5292	0	0.5423
278	1	Pelipper	2	0.4886	0.4417	0.1127	0.5144	0.0258	0.4628
278	2	Pelipper	2	0.4191	0.3817	0.0145	0.5144	0.0953	0.3238
278	3	Pelipper	2	0.377	0.3226	-0.11	0.5144	0.1374	0.2396
278	4	Pelipper	2	0.4591	0.3793	-0.0712	0.5144	0.0553	0.4038
278	5	Pelipper	2	0.4247	0.3444	-0.0569	0.5144	0.0897	0.335
278	6	Pelipper	2	0.2617	0.1812	-0.192	0.5144	0.2527	0.009
278	7	Pelipper	2	0.5526	0.4238	0.0646	0.5144	0	0.5526
278	8	Pelipper	2	0.5144	0.3063	0.0837	0.5144	0	0.5144
278	9	Pelipper	2	0.6584	0.4597	0.1987	0.5144	0	0.6584
278	10	Pelipper	2	0.5962	0.3812	0.1305	0.5144	0	0.5962
278	11	Pelipper	2	0.5455	0.349	0.0584	0.5144	0	0.5455
278	12	Pelipper	2	0.4893	0.3056	0.0478	0.5144	0.0251	0.4642
278	13	Pelipper	2	0.6477	0.4205	0.2045	0.5144	0	0.6477
278	14	Pelipper	2	0.616	0.4041	0.2169	0.5144	0	0.616
278	15	Pelipper	2	0.5271	0.3904	0.0786	0.5144	0	0.5271
278	16	Pelipper	2	0.6147	0.3724	0.1986	0.5144	0	0.6147
278	17	Pelipper	2	0.4969	0.3754	0.0992	0.5144	0.0175	0.4794
278	18	Pelipper	2	0.4471	0.2885	0.0044	0.5144	0.0673	0.3798
278	19	Pelipper	2	0.5772	0.4092	0.1331	0.5144	0	0.5772
280	1	Ralts	1	0.4321	0.3837	-0.1705	0.6593	0.2272	0.2049
280	2	Gallade	3	0.5564	0.4693	0.1518	0.6593	0.1029	0.4535
280	3	Gallade	3	0.5725	0.4611	0.0855	0.6593	0.0868	0.4857
280	4	Gardevoir	3	0.6054	0.5239	-0.0044	0.6593	0.0539	0.5515
280	5	Gardevoir	3	0.6339	0.4981	0.0741	0.6593	0.0254	0.6085
280	6	Gallade	3	0.7221	0.3525	0.2387	0.6593	0	0.7221
280	7	Gallade	3	0.6602	0.4039	0.1633	0.6593	0	0.6602
280	8	Gallade	3	0.7111	0.3488	0.2326	0.6593	0	0.7111
280	9	Gallade	3	0.7059	0.4139	0.2261	0.6593	0	0.7059
280	10	Gardevoir	3	0.6947	0.4892	0.1785	0.6593	0	0.6947
280	11	Gallade	3	0.7204	0.3983	0.2035	0.6593	0	0.7204
280	12	Gallade	3	0.632	0.358	0.1659	0.6593	0.0273	0.6047
280	13	Gardevoir	3	0.7037	0.4532	0.142	0.6593	0	0.7037
280	14	Gallade	3	0.7331	0.3831	0.2281	0.6593	0	0.7331
280	15	Gallade	3	0.6852	0.3514	0.1826	0.6593	0	0.6852
280	16	Gallade	3	0.6528	0.3797	0.1846	0.6593	0.0065	0.6463
280	17	Gardevoir	3	0.581	0.408	0.0817	0.6593	0.0783	0.5027
280	18	Gardevoir	3	0.653	0.4048	0.1486	0.6593	0.0063	0.6467
280	19	Gardevoir	3	0.6593	0.431	0.1503	0.6593	0	0.6593
283	1	Masquerain	2	0.5917	0.5068	-0.0109	0.5497	0	0.5917
283	2	Masquerain	2	0.4938	0.4449	-0.031	0.5497	0.0559	0.4379
283	3	Masquerain	2	0.482	0.412	-0.051	0.5497	0.0677	0.4143
283	4	Masquerain	2	0.5929	0.4837	-0.0262	0.5497	0	0.5929
283	5	Masquerain	2	0.5497	0.4078	0.0032	0.5497	0	0.5497
283	6	Masquerain	2	0.5107	0.3078	-0.0176	0.5497	0.039	0.4717
283	7	Masquerain	2	0.634	0.4752	0.0671	0.5497	0	0.634
283	8	Masquerain	2	0.5867	0.4292	0.0874	0.5497	0	0.5867
283	9	Masquerain	2	0.5866	0.426	0.065	0.5497	0	0.5866
283	10	Masquerain	2	0.5606	0.3894	0.0235	0.5497	0	0.5606
283	11	Masquerain	2	0.5579	0.3872	-0.0248	0.5497	0	0.5579
283	12	Masquerain	2	0.4792	0.3275	-0.0317	0.5497	0.0705	0.4087
283	13	Masquerain	2	0.5466	0.3898	-0.0151	0.5497	0.0031	0.5435
283	14	Masquerain	2	0.5701	0.3676	0.0246	0.5497	0	0.5701
283	15	Masquerain	2	0.6041	0.3925	0.066	0.5497	0	0.6041
283	16	Masquerain	2	0.5429	0.3826	0.0049	0.5497	0.0068	0.5361
283	17	Masquerain	2	0.5334	0.3535	0.0341	0.5497	0.0163	0.5171
283	18	Masquerain	2	0.4626	0.3415	-0.0418	0.5497	0.0871	0.3755
283	19	Masquerain	2	0.4957	0.3614	-0.0133	0.5497	0.054	0.4417
285	1	Breloom	2	0.5512	0.4863	-0.0514	0.5291	0	0.5512
285	2	Breloom	2	0.4878	0.3588	-0.037	0.5291	0.0413	0.4465
285	3	Breloom	2	0.5408	0.4205	0.0078	0.5291	0	0.5408
285	4	Breloom	2	0.5733	0.3958	-0.0458	0.5291	0	0.5733
285	5	Breloom	2	0.5509	0.3558	-0.0115	0.5291	0	0.5509
285	6	Breloom	2	0.5398	0.3149	0.0493	0.5291	0	0.5398
285	7	Breloom	2	0.5435	0.3882	0.0199	0.5291	0	0.5435
285	8	Breloom	2	0.4555	0.2703	-0.0435	0.5291	0.0736	0.3819
285	9	Breloom	2	0.5336	0.3406	0.0098	0.5291	0	0.5336
285	10	Breloom	2	0.5291	0.3655	0.014	0.5291	0	0.5291
285	11	Breloom	2	0.5359	0.3329	0.0085	0.5291	0	0.5359
285	12	Breloom	2	0.4881	0.3122	0.0015	0.5291	0.041	0.4471
285	13	Breloom	2	0.5073	0.3337	-0.0054	0.5291	0.0218	0.4855
285	14	Breloom	2	0.5499	0.3522	0.0257	0.5291	0	0.5499
285	15	Breloom	2	0.4555	0.263	-0.0795	0.5291	0.0736	0.3819
285	16	Breloom	2	0.4975	0.3369	-0.0027	0.5291	0.0316	0.4659
285	17	Breloom	2	0.4816	0.2958	-0.0325	0.5291	0.0475	0.4341
285	18	Breloom	2	0.476	0.2752	-0.0043	0.5291	0.0531	0.4229
285	19	Breloom	2	0.4674	0.2936	-0.0293	0.5291	0.0617	0.4057
287	1	Slakoth	1	0.6501	0.5138	0.0776	0.6397	0	0.6501
287	2	Vigoroth	2	0.5302	0.4453	0.0054	0.6397	0.1095	0.4207
287	3	Vigoroth	2	0.4814	0.3945	-0.0516	0.6397	0.1583	0.3231
287	4	Vigoroth	2	0.5143	0.446	-0.1048	0.6397	0.1254	0.3889
287	5	Vigoroth	2	0.5412	0.3991	-0.0186	0.6397	0.0985	0.4427
287	6	Vigoroth	2	0.6	0.3354	0.1166	0.6397	0.0397	0.5603
287	7	Slaking	3	0.6743	0.536	0.1507	0.6397	0	0.6743
287	8	Slaking	3	0.6276	0.4896	0.1286	0.6397	0.0121	0.6155
287	9	Slaking	3	0.6867	0.5028	0.1629	0.6397	0	0.6867
287	10	Slaking	3	0.6397	0.514	0.1246	0.6397	0	0.6397
287	11	Slaking	3	0.6851	0.5274	0.1577	0.6397	0	0.6851
287	12	Slaking	3	0.682	0.4524	0.1954	0.6397	0	0.682
287	13	Slaking	3	0.6916	0.5093	0.1789	0.6397	0	0.6916
287	14	Slaking	3	0.6972	0.4698	0.173	0.6397	0	0.6972
287	15	Slaking	3	0.5799	0.535	0.0449	0.6397	0.0598	0.5201
287	16	Slaking	3	0.6441	0.5002	0.1439	0.6397	0	0.6441
287	17	Slaking	3	0.6533	0.4661	0.1392	0.6397	0	0.6533
287	18	Slaking	3	0.5529	0.4429	0.0726	0.6397	0.0868	0.4661
287	19	Slaking	3	0.6343	0.5073	0.1376	0.6397	0.0054	0.6289
29	1	Nidoran♀-Nidoran-F	1	0.3795	0.2412	-0.1066	0.6203	0.2408	0.1387
29	2	Nidorina	2	0.3648	0.2887	-0.1388	0.6203	0.2555	0.1093
29	3	Nidorina	2	0.3532	0.2611	-0.2276	0.6203	0.2671	0.0861
29	4	Nidorina	2	0.3221	0.2924	-0.3601	0.6203	0.2982	0.0239
29	5	Nidorina	2	0.362	0.2338	-0.1498	0.6203	0.2583	0.1037
29	6	Nidoqueen	3	0.7323	0.4364	0.2418	0.6203	0	0.7323
29	7	Nidoqueen	3	0.5957	0.3735	0.0721	0.6203	0.0246	0.5711
29	8	Nidoqueen	3	0.5818	0.3323	0.0828	0.6203	0.0385	0.5433
29	9	Nidoqueen	3	0.6687	0.3613	0.1449	0.6203	0	0.6687
29	10	Nidoqueen	3	0.6473	0.331	0.1322	0.6203	0	0.6473
29	11	Nidoqueen	3	0.6248	0.295	0.0974	0.6203	0	0.6248
29	12	Nidoqueen	3	0.688	0.3384	0.2014	0.6203	0	0.688
29	13	Nidoqueen	3	0.7078	0.3685	0.1951	0.6203	0	0.7078
29	14	Nidoqueen	3	0.5742	0.2976	0.05	0.6203	0.0461	0.5281
29	15	Nidoqueen	3	0.6203	0.2686	0.0853	0.6203	0	0.6203
29	16	Nidoqueen	3	0.5807	0.2885	0.0805	0.6203	0.0396	0.5411
29	17	Nidoqueen	3	0.6305	0.2992	0.1164	0.6203	0	0.6305
29	18	Nidoqueen	3	0.6473	0.3051	0.167	0.6203	0	0.6473
29	19	Nidoqueen	3	0.6415	0.3	0.1448	0.6203	0	0.6415
290	1	Ninjask	2	0.4238	0.3954	-0.1788	0.5234	0.0996	0.3242
290	2	Ninjask	2	0.4794	0.4438	-0.0454	0.5234	0.044	0.4354
290	3	Ninjask	2	0.4351	0.3723	-0.0979	0.5234	0.0883	0.3468
290	4	Ninjask	2	0.5063	0.4872	-0.1128	0.5234	0.0171	0.4892
290	5	Ninjask	2	0.5068	0.3977	-0.0288	0.5234	0.0166	0.4902
290	6	Ninjask	2	0.414	0.2949	-0.0694	0.5234	0.1094	0.3046
290	7	Ninjask	2	0.5235	0.3798	0.0266	0.5234	0	0.5235
290	8	Ninjask	2	0.4924	0.3802	0.0139	0.5234	0.031	0.4614
290	9	Ninjask	2	0.5333	0.4227	0.0535	0.5234	0	0.5333
290	10	Ninjask	2	0.5234	0.4005	0.0379	0.5234	0	0.5234
290	11	Ninjask	2	0.6228	0.4	0.1059	0.5234	0	0.6228
290	12	Ninjask	2	0.5498	0.3711	0.0837	0.5234	0	0.5498
290	13	Ninjask	2	0.5862	0.3724	0.1151	0.5234	0	0.5862
290	14	Ninjask	2	0.5948	0.4112	0.0898	0.5234	0	0.5948
290	15	Ninjask	2	0.603	0.4736	0.1004	0.5234	0	0.603
290	16	Ninjask	2	0.5373	0.3875	0.0691	0.5234	0	0.5373
290	17	Ninjask	2	0.5162	0.3261	0.0736	0.5234	0.0072	0.509
290	18	Ninjask	2	0.5172	0.3342	0.08	0.5234	0.0062	0.511
290	19	Ninjask	2	0.5397	0.3645	0.0907	0.5234	0	0.5397
292	9	Shedinja	1	0.4499	0.332	-0.0739	0.4218	0	0.4499
292	10	Shedinja	1	0.4189	0.3096	-0.0962	0.4218	0.0029	0.416
292	11	Shedinja	1	0.3997	0.2787	-0.1277	0.4218	0.0221	0.3776
292	12	Shedinja	1	0.4807	0.3039	-0.0059	0.4218	0	0.4807
292	13	Shedinja	1	0.4436	0.2997	-0.0691	0.4218	0	0.4436
292	14	Shedinja	1	0.4218	0.3013	-0.1024	0.4218	0	0.4218
292	15	Shedinja	1	0.4608	0.3426	-0.0742	0.4218	0	0.4608
292	16	Shedinja	1	0.4041	0.2734	-0.0961	0.4218	0.0177	0.3864
292	17	Shedinja	1	0.4214	0.307	-0.0927	0.4218	0.0004	0.421
292	18	Shedinja	1	0.4457	0.3066	-0.0346	0.4218	0	0.4457
292	19	Shedinja	1	0.4072	0.2683	-0.0895	0.4218	0.0146	0.3926
293	1	Whismur	1	0.4761	0.3044	-0.01	0.4977	0.0216	0.4545
293	2	Loudred	2	0.4397	0.2966	-0.0594	0.4977	0.058	0.3817
293	3	Loudred	2	0.392	0.2482	-0.1517	0.4977	0.1057	0.2863
293	4	Loudred	2	0.4078	0.3487	-0.2288	0.4977	0.0899	0.3179
293	5	Loudred	2	0.4358	0.3171	-0.0998	0.4977	0.0619	0.3739
293	6	Loudred	2	0.4872	0.3134	0.0534	0.4977	0.0105	0.4767
293	7	Exploud	3	0.5914	0.3737	0.0689	0.4977	0	0.5914
293	8	Exploud	3	0.538	0.3446	0.0047	0.4977	0	0.538
293	9	Exploud	3	0.5485	0.4092	0.0269	0.4977	0	0.5485
293	10	Exploud	3	0.4977	0.3383	-0.0185	0.4977	0	0.4977
293	11	Exploud	3	0.5513	0.3618	-0.0314	0.4977	0	0.5513
293	12	Exploud	3	0.5315	0.3461	0.0206	0.4977	0	0.5315
293	13	Exploud	3	0.5651	0.3622	0.0034	0.4977	0	0.5651
293	14	Exploud	3	0.5554	0.3572	0.0099	0.4977	0	0.5554
293	15	Exploud	3	0.5716	0.3329	0.0335	0.4977	0	0.5716
293	16	Exploud	3	0.4833	0.3283	-0.0547	0.4977	0.0144	0.4689
293	17	Exploud	3	0.4869	0.3472	-0.0124	0.4977	0.0108	0.4761
293	18	Exploud	3	0.4904	0.3021	-0.014	0.4977	0.0073	0.4831
293	19	Exploud	3	0.5237	0.3622	0.0147	0.4977	0	0.5237
296	1	Makuhita	1	0.5278	0.3486	0.0417	0.5542	0.0264	0.5014
296	2	Makuhita	1	0.4246	0.2871	-0.062	0.5542	0.1296	0.295
296	3	Hariyama	2	0.5306	0.4456	-0.0024	0.5542	0.0236	0.507
296	4	Hariyama	2	0.4882	0.4049	-0.1309	0.5542	0.066	0.4222
296	5	Hariyama	2	0.4923	0.3631	-0.0675	0.5542	0.0619	0.4304
296	6	Hariyama	2	0.5444	0.3469	0.0161	0.5542	0.0098	0.5346
296	7	Hariyama	2	0.6087	0.3833	0.0851	0.5542	0	0.6087
296	8	Hariyama	2	0.6333	0.3806	0.1343	0.5542	0	0.6333
296	9	Hariyama	2	0.6368	0.3943	0.113	0.5542	0	0.6368
296	10	Hariyama	2	0.5857	0.3886	0.0706	0.5542	0	0.5857
296	11	Hariyama	2	0.589	0.3784	0.0616	0.5542	0	0.589
296	12	Hariyama	2	0.5773	0.3676	0.0907	0.5542	0	0.5773
296	13	Hariyama	2	0.5542	0.3813	0.0415	0.5542	0	0.5542
296	14	Hariyama	2	0.6268	0.4008	0.1026	0.5542	0	0.6268
296	15	Hariyama	2	0.5208	0.3382	-0.0142	0.5542	0.0334	0.4874
296	16	Hariyama	2	0.5825	0.3853	0.0823	0.5542	0	0.5825
296	17	Hariyama	2	0.4713	0.3144	-0.0428	0.5542	0.0829	0.3884
296	18	Hariyama	2	0.5448	0.3158	0.0645	0.5542	0.0094	0.5354
296	19	Hariyama	2	0.5941	0.3529	0.0974	0.5542	0	0.5941
298	1	Azumarill	3	0.5502	0.521	-0.0223	0.5858	0.0356	0.5146
298	2	Azumarill	3	0.4908	0.4074	-0.034	0.5858	0.095	0.3958
298	3	Azumarill	3	0.5326	0.4282	0.0518	0.5858	0.0532	0.4794
298	4	Azumarill	3	0.4785	0.4021	-0.0396	0.5858	0.1073	0.3712
298	5	Azumarill	3	0.5174	0.3646	-0.045	0.5858	0.0684	0.449
298	6	Azumarill	3	0.5858	0.2914	0.152	0.5858	0	0.5858
298	7	Azumarill	3	0.6488	0.3984	0.1263	0.5858	0	0.6488
298	8	Azumarill	3	0.5997	0.3277	0.0664	0.5858	0	0.5997
298	9	Azumarill	3	0.5766	0.3369	0.055	0.5858	0.0092	0.5674
298	10	Azumarill	3	0.6844	0.3797	0.1682	0.5858	0	0.6844
298	11	Azumarill	3	0.6289	0.3587	0.0462	0.5858	0	0.6289
298	12	Azumarill	3	0.5791	0.3211	0.0682	0.5858	0.0067	0.5724
298	13	Azumarill	3	0.6935	0.3813	0.1318	0.5858	0	0.6935
298	14	Azumarill	3	0.6253	0.3644	0.0798	0.5858	0	0.6253
298	15	Azumarill	3	0.6022	0.3349	0.0641	0.5858	0	0.6022
298	16	Azumarill	3	0.62	0.3751	0.082	0.5858	0	0.62
298	17	Azumarill	3	0.5817	0.3436	0.0824	0.5858	0.0041	0.5776
298	18	Azumarill	3	0.4986	0.311	-0.0058	0.5858	0.0872	0.4114
298	19	Azumarill	3	0.6261	0.3593	0.1171	0.5858	0	0.6261
299	1	Nosepass	1	0.4302	0.362	0.032	0.5425	0.1123	0.3179
299	2	Nosepass	1	0.5425	0.4387	0.1425	0.5425	0	0.5425
299	3	Nosepass	1	0.4991	0.339	0.1511	0.5425	0.0434	0.4557
299	4	Nosepass	1	0.4993	0.4994	0.0217	0.5425	0.0432	0.4561
299	5	Nosepass	1	0.62	0.4452	0.1748	0.5425	0	0.62
299	6	Probopass	2	0.7521	0.6938	0.2113	0.5425	0	0.7521
299	7	Probopass	2	0.5016	0.3303	0.0661	0.5425	0.0409	0.4607
299	8	Probopass	2	0.543	0.4324	0.1348	0.5425	0	0.543
299	9	Probopass	2	0.5178	0.4476	0.1179	0.5425	0.0247	0.4931
299	10	Probopass	2	0.3945	0.3308	-0.0039	0.5425	0.148	0.2465
299	11	Probopass	2	0.4844	0.3429	0.0794	0.5425	0.0581	0.4263
299	12	Probopass	2	0.4967	0.4445	0.0978	0.5425	0.0458	0.4509
299	13	Probopass	2	0.5837	0.523	0.0871	0.5425	0	0.5837
299	14	Probopass	2	0.5689	0.4245	0.0983	0.5425	0	0.5689
299	15	Probopass	2	0.5687	0.4697	0.0185	0.5425	0	0.5687
299	16	Probopass	2	0.5081	0.348	0.0665	0.5425	0.0344	0.4737
299	17	Probopass	2	0.5644	0.3919	0.1672	0.5425	0	0.5644
299	18	Probopass	2	0.5791	0.3375	0.1764	0.5425	0	0.5791
299	19	Probopass	2	0.5945	0.4101	0.1687	0.5425	0	0.5945
300	1	Skitty	1	0.655	0.3786	0.1412	0.4495	0	0.655
300	2	Skitty	1	0.456	0.2969	0.065	0.4495	0	0.456
300	3	Skitty	1	0.3793	0.2349	-0.1537	0.4495	0.0702	0.3091
300	4	Skitty	1	0.5069	0.2836	-0.1122	0.4495	0	0.5069
300	5	Skitty	1	0.4315	0.2145	-0.1283	0.4495	0.018	0.4135
300	6	Delcatty	2	0.5199	0.3071	0.0365	0.4495	0	0.5199
300	7	Delcatty	2	0.4495	0.2938	-0.0474	0.4495	0	0.4495
300	8	Delcatty	2	0.4546	0.2657	-0.0336	0.4495	0	0.4546
300	9	Delcatty	2	0.4702	0.2894	-0.0279	0.4495	0	0.4702
300	10	Delcatty	2	0.3639	0.2521	-0.0979	0.4495	0.0856	0.2783
300	11	Delcatty	2	0.5563	0.2981	0.007	0.4495	0	0.5563
300	12	Delcatty	2	0.4316	0.2574	-0.0201	0.4495	0.0179	0.4137
300	13	Delcatty	2	0.4724	0.2454	-0.0106	0.4495	0	0.4724
300	14	Delcatty	2	0.4662	0.266	-0.0329	0.4495	0	0.4662
300	15	Delcatty	2	0.4341	0.2571	-0.0874	0.4495	0.0154	0.4187
300	16	Delcatty	2	0.4401	0.2535	-0.0378	0.4495	0.0094	0.4307
300	17	Delcatty	2	0.4303	0.2236	-0.0122	0.4495	0.0192	0.4111
300	18	Delcatty	2	0.4184	0.2153	-0.0592	0.4495	0.0311	0.3873
300	19	Delcatty	2	0.4404	0.2351	-0.044	0.4495	0.0091	0.4313
302	1	Sableye	1	0.7109	0.4339	0.1083	0.5508	0	0.7109
302	2	Sableye	1	0.6467	0.4249	0.1219	0.5508	0	0.6467
302	3	Sableye	1	0.6714	0.3967	0.1384	0.5508	0	0.6714
302	4	Sableye	1	0.6387	0.4092	0.0196	0.5508	0	0.6387
302	5	Sableye	1	0.5886	0.3655	0.0288	0.5508	0	0.5886
302	6	Sableye	1	0.5134	0.3294	0.0866	0.5508	0.0374	0.476
302	7	Sableye	1	0.5658	0.3596	0.1102	0.5508	0	0.5658
302	8	Sableye	1	0.4508	0.3266	0.0211	0.5508	0.1	0.3508
302	9	Sableye	1	0.5546	0.4077	0.0838	0.5508	0	0.5546
302	10	Sableye	1	0.5207	0.3523	0.0713	0.5508	0.0301	0.4906
302	11	Sableye	1	0.5893	0.3907	0.1121	0.5508	0	0.5893
302	12	Sableye	1	0.477	0.3108	0.0252	0.5508	0.0738	0.4032
302	13	Sableye	1	0.5424	0.3734	0.0575	0.5508	0.0084	0.534
302	14	Sableye	1	0.5787	0.3597	0.1262	0.5508	0	0.5787
302	15	Sableye	1	0.5508	0.4652	0.0303	0.5508	0	0.5508
302	16	Sableye	1	0.5153	0.3662	0.0735	0.5508	0.0355	0.4798
302	17	Sableye	1	0.4277	0.272	0.009	0.5508	0.1231	0.3046
302	18	Sableye	1	0.4834	0.3382	0.0257	0.5508	0.0674	0.416
302	19	Sableye	1	0.4938	0.347	0.0406	0.5508	0.057	0.4368
303	1	Mawile	1	0.5164	0.3706	-0.0862	0.523	0.0066	0.5098
303	2	Mawile	1	0.5395	0.3696	0.0147	0.523	0	0.5395
303	3	Mawile	1	0.5329	0.3363	-0.0001	0.523	0	0.5329
303	4	Mawile	1	0.4855	0.351	-0.1336	0.523	0.0375	0.448
303	5	Mawile	1	0.4946	0.2987	-0.0652	0.523	0.0284	0.4662
303	6	Mawile	1	0.5207	0.2656	0.0815	0.523	0.0023	0.5184
303	7	Mawile	1	0.4762	0.3028	-0.0474	0.523	0.0468	0.4294
303	8	Mawile	1	0.4035	0.231	-0.0955	0.523	0.1195	0.284
303	9	Mawile	1	0.5723	0.3774	0.0485	0.523	0	0.5723
303	10	Mawile	1	0.6088	0.3574	0.0937	0.523	0	0.6088
303	11	Mawile	1	0.5333	0.3859	0.0059	0.523	0	0.5333
303	12	Mawile	1	0.5712	0.3366	0.0846	0.523	0	0.5712
303	13	Mawile	1	0.6656	0.4361	0.1529	0.523	0	0.6656
303	14	Mawile	1	0.5457	0.3837	0.0215	0.523	0	0.5457
303	15	Mawile	1	0.6164	0.462	0.0814	0.523	0	0.6164
303	16	Mawile	1	0.5	0.3019	-0.0002	0.523	0.023	0.477
303	17	Mawile	1	0.4631	0.309	-0.051	0.523	0.0599	0.4032
303	18	Mawile	1	0.4633	0.275	-0.017	0.523	0.0597	0.4036
303	19	Mawile	1	0.523	0.338	0.0263	0.523	0	0.523
304	1	Aron	1	0.3529	0.221	-0.0453	0.4532	0.1003	0.2526
304	2	Aron	1	0.4529	0.293	0.0529	0.4532	0.0003	0.4526
304	3	Aron	1	0.318	0.2183	-0.03	0.4532	0.1352	0.1828
304	4	Aron	1	0.3932	0.2791	-0.0844	0.4532	0.06	0.3332
304	5	Lairon	2	0.4532	0.324	-0.1092	0.4532	0	0.4532
304	6	Lairon	2	0.5149	0.3378	0.0244	0.4532	0	0.5149
304	7	Aggron	3	0.4315	0.2779	-0.0921	0.4532	0.0217	0.4098
304	8	Aggron	3	0.4626	0.303	-0.0364	0.4532	0	0.4626
304	9	Aggron	3	0.4932	0.3103	-0.0306	0.4532	0	0.4932
304	10	Aggron	3	0.3725	0.274	-0.1426	0.4532	0.0807	0.2918
304	11	Aggron	3	0.4454	0.2759	-0.082	0.4532	0.0078	0.4376
304	12	Aggron	3	0.5093	0.328	0.0227	0.4532	0	0.5093
304	13	Aggron	3	0.6385	0.3408	0.1419	0.4532	0	0.6385
304	14	Aggron	3	0.4327	0.2943	-0.0379	0.4532	0.0205	0.4122
304	15	Aggron	3	0.5517	0.3447	0.0015	0.4532	0	0.5517
304	16	Aggron	3	0.437	0.2582	-0.0046	0.4532	0.0162	0.4208
304	17	Aggron	3	0.5416	0.3117	0.1444	0.4532	0	0.5416
304	18	Aggron	3	0.4575	0.3071	0.0548	0.4532	0	0.4575
304	19	Aggron	3	0.5494	0.2955	0.1236	0.4532	0	0.5494
307	1	Meditite	1	0.6186	0.485	0.1336	0.5932	0	0.6186
307	2	Meditite	1	0.5334	0.3873	0.0343	0.5932	0.0598	0.4736
307	3	Meditite	1	0.5369	0.4214	0.076	0.5932	0.0563	0.4806
307	4	Meditite	1	0.5374	0.3897	0.0193	0.5932	0.0558	0.4816
307	5	Meditite	1	0.4814	0.3199	-0.081	0.5932	0.1118	0.3696
307	6	Meditite	1	0.5548	0.3287	0.0643	0.5932	0.0384	0.5164
307	7	Medicham	2	0.6761	0.4682	0.1536	0.5932	0	0.6761
307	8	Medicham	2	0.6186	0.4508	0.0853	0.5932	0	0.6186
307	9	Medicham	2	0.696	0.4892	0.1744	0.5932	0	0.696
307	10	Medicham	2	0.6377	0.3915	0.1215	0.5932	0	0.6377
307	11	Medicham	2	0.6384	0.4827	0.0557	0.5932	0	0.6384
307	12	Medicham	2	0.5326	0.466	0.0217	0.5932	0.0606	0.472
307	13	Medicham	2	0.6144	0.467	0.0527	0.5932	0	0.6144
307	14	Medicham	2	0.6362	0.4244	0.0907	0.5932	0	0.6362
307	15	Medicham	2	0.6079	0.3566	0.0698	0.5932	0	0.6079
307	16	Medicham	2	0.5728	0.4131	0.0348	0.5932	0.0204	0.5524
307	17	Medicham	2	0.5154	0.3205	0.0161	0.5932	0.0778	0.4376
307	18	Medicham	2	0.555	0.3796	0.0506	0.5932	0.0382	0.5168
307	19	Medicham	2	0.5932	0.384	0.0842	0.5932	0	0.5932
309	2	Electrike	1	0.4947	0.3778	-0.0301	0.582	0.0873	0.4074
309	3	Electrike	1	0.4909	0.3471	-0.0421	0.582	0.0911	0.3998
309	4	Manectric	2	0.5924	0.5546	-0.0267	0.582	0	0.5924
309	5	Manectric	2	0.6196	0.5433	0.0598	0.582	0	0.6196
309	6	Manectric	2	0.6479	0.4172	0.2211	0.582	0	0.6479
309	7	Manectric	2	0.5279	0.3838	0.0723	0.582	0.0541	0.4738
309	8	Manectric	2	0.5706	0.3519	0.0373	0.582	0.0114	0.5592
309	9	Manectric	2	0.6629	0.4121	0.1413	0.582	0	0.6629
309	10	Manectric	2	0.5888	0.3543	0.0726	0.582	0	0.5888
309	11	Manectric	2	0.6294	0.4223	0.0467	0.582	0	0.6294
309	12	Manectric	2	0.5739	0.3498	0.063	0.582	0.0081	0.5658
309	13	Manectric	2	0.656	0.3896	0.0943	0.582	0	0.656
309	14	Manectric	2	0.6867	0.4266	0.1412	0.582	0	0.6867
309	15	Manectric	2	0.6441	0.3814	0.106	0.582	0	0.6441
309	16	Manectric	2	0.5636	0.3782	0.0256	0.582	0.0184	0.5452
309	17	Manectric	2	0.5752	0.3429	0.0759	0.582	0.0068	0.5684
309	18	Manectric	2	0.5273	0.3415	0.0229	0.582	0.0547	0.4726
309	19	Manectric	2	0.5645	0.3629	0.0555	0.582	0.0175	0.547
311	2	Plusle	1	0.5803	0.4756	0.0555	0.5706	0	0.5803
311	3	Plusle	1	0.5784	0.4253	0.0454	0.5706	0	0.5784
311	4	Plusle	1	0.6153	0.4558	-0.0038	0.5706	0	0.6153
311	5	Plusle	1	0.6509	0.5038	0.0911	0.5706	0	0.6509
311	6	Plusle	1	0.661	0.3968	0.2342	0.5706	0	0.661
311	7	Plusle	1	0.5876	0.3781	0.0976	0.5706	0	0.5876
311	8	Plusle	1	0.6071	0.3737	0.1189	0.5706	0	0.6071
311	9	Plusle	1	0.5301	0.3673	0.032	0.5706	0.0405	0.4896
311	10	Plusle	1	0.4666	0.33	0.0048	0.5706	0.104	0.3626
311	11	Plusle	1	0.5455	0.3912	-0.0038	0.5706	0.0251	0.5204
311	12	Plusle	1	0.5601	0.3613	0.1084	0.5706	0.0105	0.5496
311	13	Plusle	1	0.5014	0.338	0.0184	0.5706	0.0692	0.4322
311	14	Plusle	1	0.5733	0.3941	0.0742	0.5706	0	0.5733
311	15	Plusle	1	0.6457	0.3605	0.1242	0.5706	0	0.6457
311	16	Plusle	1	0.5553	0.3551	0.0774	0.5706	0.0153	0.54
311	17	Plusle	1	0.5296	0.3311	0.0871	0.5706	0.041	0.4886
311	18	Plusle	1	0.5679	0.33	0.0903	0.5706	0.0027	0.5652
311	19	Plusle	1	0.5397	0.3449	0.0553	0.5706	0.0309	0.5088
312	2	Minun	1	0.619	0.4947	0.0942	0.5794	0	0.619
312	3	Minun	1	0.6719	0.4656	0.1389	0.5794	0	0.6719
312	4	Minun	1	0.6891	0.4871	0.07	0.5794	0	0.6891
312	5	Minun	1	0.634	0.5056	0.0742	0.5794	0	0.634
312	6	Minun	1	0.5828	0.3349	0.156	0.5794	0	0.5828
312	7	Minun	1	0.4954	0.3647	0.0398	0.5794	0.084	0.4114
312	8	Minun	1	0.5147	0.3598	0.085	0.5794	0.0647	0.45
312	9	Minun	1	0.576	0.3476	0.0962	0.5794	0.0034	0.5726
312	10	Minun	1	0.5489	0.3066	0.0634	0.5794	0.0305	0.5184
312	11	Minun	1	0.6294	0.3752	0.1125	0.5794	0	0.6294
312	12	Minun	1	0.532	0.3325	0.0659	0.5794	0.0474	0.4846
312	13	Minun	1	0.6147	0.3357	0.1436	0.5794	0	0.6147
312	14	Minun	1	0.6312	0.3707	0.1262	0.5794	0	0.6312
312	15	Minun	1	0.6091	0.3321	0.1065	0.5794	0	0.6091
312	16	Minun	1	0.5536	0.3444	0.0854	0.5794	0.0258	0.5278
312	17	Minun	1	0.5392	0.2961	0.0966	0.5794	0.0402	0.499
312	18	Minun	1	0.5234	0.3007	0.0862	0.5794	0.056	0.4674
312	19	Minun	1	0.5697	0.3151	0.1207	0.5794	0.0097	0.56
313	2	Volbeat	1	0.6671	0.5734	0.2016	0.6643	0	0.6671
313	3	Volbeat	1	0.6142	0.5311	0.1583	0.6643	0.0502	0.564
313	4	Volbeat	1	0.7378	0.6681	0.2772	0.6643	0	0.7378
313	5	Volbeat	1	0.7762	0.5749	0.2292	0.6643	0	0.7762
313	6	Volbeat	1	0.7314	0.514	0.2777	0.6643	0	0.7314
313	7	Volbeat	1	0.5883	0.4399	0.192	0.6643	0.076	0.5123
313	8	Volbeat	1	0.576	0.359	0.217	0.6643	0.0884	0.4876
313	9	Volbeat	1	0.6823	0.5004	0.2997	0.6643	0	0.6823
313	10	Volbeat	1	0.6773	0.4205	0.3429	0.6643	0	0.6773
313	11	Volbeat	1	0.7277	0.4592	0.3676	0.6643	0	0.7277
313	12	Volbeat	1	0.6132	0.3731	0.278	0.6643	0.0512	0.562
313	13	Volbeat	1	0.6616	0.4581	0.2711	0.6643	0.0028	0.6588
313	14	Volbeat	1	0.749	0.4946	0.3282	0.6643	0	0.749
313	15	Volbeat	1	0.7127	0.5026	0.3312	0.6643	0	0.7127
313	16	Volbeat	1	0.5532	0.4185	0.1499	0.6643	0.1111	0.4421
313	17	Volbeat	1	0.553	0.3888	0.2197	0.6643	0.1113	0.4417
313	18	Volbeat	1	0.6287	0.38	0.2842	0.6643	0.0356	0.5931
313	19	Volbeat	1	0.6149	0.3911	0.2604	0.6643	0.0494	0.5655
314	2	Illumise	1	0.6128	0.5243	0.088	0.6097	0	0.6128
314	3	Illumise	1	0.6077	0.521	0.0747	0.6097	0.002	0.6057
314	4	Illumise	1	0.6041	0.5426	-0.015	0.6097	0.0056	0.5985
314	5	Illumise	1	0.6102	0.5348	0.0504	0.6097	0	0.6102
314	6	Illumise	1	0.6987	0.4582	0.245	0.6097	0	0.6987
314	7	Illumise	1	0.6536	0.4518	0.13	0.6097	0	0.6536
314	8	Illumise	1	0.5497	0.3464	0.0507	0.6097	0.06	0.4897
314	9	Illumise	1	0.5868	0.3873	0.063	0.6097	0.0229	0.5639
314	10	Illumise	1	0.6839	0.4586	0.1688	0.6097	0	0.6839
314	11	Illumise	1	0.7246	0.4442	0.1972	0.6097	0	0.7246
314	12	Illumise	1	0.589	0.3889	0.1024	0.6097	0.0207	0.5683
314	13	Illumise	1	0.6318	0.424	0.1191	0.6097	0	0.6318
314	14	Illumise	1	0.6448	0.3904	0.1206	0.6097	0	0.6448
314	15	Illumise	1	0.7171	0.4341	0.1821	0.6097	0	0.7171
314	16	Illumise	1	0.585	0.3925	0.0848	0.6097	0.0247	0.5603
314	17	Illumise	1	0.6091	0.3241	0.095	0.6097	0.0006	0.6085
314	18	Illumise	1	0.6004	0.3758	0.1201	0.6097	0.0092	0.5912
314	19	Illumise	1	0.5908	0.3484	0.0941	0.6097	0.0189	0.5719
316	2	Gulpin	1	0.4148	0.3072	-0.0507	0.6282	0.2134	0.2014
316	3	Gulpin	1	0.3825	0.3679	-0.0734	0.6282	0.2457	0.1368
316	4	Swalot	2	0.6639	0.6344	0.0541	0.6282	0	0.6639
316	5	Swalot	2	0.7088	0.6032	0.1532	0.6282	0	0.7088
316	6	Swalot	2	0.6998	0.5619	0.1715	0.6282	0	0.6998
316	7	Swalot	2	0.5774	0.4972	0.0105	0.6282	0.0508	0.5266
316	8	Swalot	2	0.6549	0.4646	0.1556	0.6282	0	0.6549
316	9	Swalot	2	0.6834	0.4696	0.1721	0.6282	0	0.6834
316	10	Swalot	2	0.7188	0.4665	0.1817	0.6282	0	0.7188
316	11	Swalot	2	0.6869	0.473	0.1711	0.6282	0	0.6869
316	12	Swalot	2	0.6138	0.4183	0.1864	0.6282	0.0144	0.5994
316	13	Swalot	2	0.6419	0.4439	0.1763	0.6282	0	0.6419
316	14	Swalot	2	0.6961	0.3915	0.2455	0.6282	0	0.6961
316	15	Swalot	2	0.5728	0.408	0.0471	0.6282	0.0554	0.5174
316	16	Swalot	2	0.5974	0.38	0.1601	0.6282	0.0308	0.5666
316	17	Swalot	2	0.5753	0.4222	0.1127	0.6282	0.0529	0.5224
316	18	Swalot	2	0.5691	0.4175	0.1398	0.6282	0.0591	0.51
316	19	Swalot	2	0.6146	0.4137	0.1432	0.6282	0.0136	0.601
318	1	Carvanha	1	0.5589	0.4279	0.0728	0.5063	0	0.5589
318	2	Carvanha	1	0.4211	0.3257	-0.0655	0.5063	0.0852	0.3359
318	3	Sharpedo	2	0.491	0.4207	-0.042	0.5063	0.0153	0.4757
318	4	Sharpedo	2	0.494	0.4388	-0.1251	0.5063	0.0123	0.4817
318	5	Sharpedo	2	0.4874	0.429	-0.0724	0.5063	0.0189	0.4685
318	6	Sharpedo	2	0.4312	0.2764	0.0044	0.5063	0.0751	0.3561
318	7	Sharpedo	2	0.5404	0.4235	0.0724	0.5063	0	0.5404
318	8	Sharpedo	2	0.5001	0.3789	0.0216	0.5063	0.0062	0.4939
318	9	Sharpedo	2	0.5144	0.3574	0.0346	0.5063	0	0.5144
318	10	Sharpedo	2	0.4946	0.3355	0.0091	0.5063	0.0117	0.4829
318	11	Sharpedo	2	0.5063	0.3298	-0.0106	0.5063	0	0.5063
318	12	Sharpedo	2	0.5109	0.3036	0.0448	0.5063	0	0.5109
318	13	Sharpedo	2	0.5192	0.367	0.0481	0.5063	0	0.5192
318	14	Sharpedo	2	0.5758	0.3578	0.0708	0.5063	0	0.5758
318	15	Sharpedo	2	0.5818	0.3832	0.0792	0.5063	0	0.5818
318	16	Sharpedo	2	0.5408	0.3772	0.0726	0.5063	0	0.5408
318	17	Sharpedo	2	0.4379	0.3362	-0.0047	0.5063	0.0684	0.3695
318	18	Sharpedo	2	0.4667	0.3348	0.0295	0.5063	0.0396	0.4271
318	19	Sharpedo	2	0.5267	0.3496	0.0777	0.5063	0	0.5267
32	1	Nidoran♂-Nidoran-M	1	0.3541	0.1912	-0.132	0.6067	0.2526	0.1015
32	2	Nidorino	2	0.3635	0.3054	-0.1401	0.6067	0.2432	0.1203
32	3	Nidorino	2	0.3579	0.2842	-0.2229	0.6067	0.2488	0.1091
32	4	Nidorino	2	0.3234	0.2632	-0.3588	0.6067	0.2833	0.0401
32	5	Nidorino	2	0.3337	0.2337	-0.2899	0.6067	0.273	0.0607
32	6	Nidoking	3	0.7346	0.381	0.2441	0.6067	0	0.7346
32	7	Nidoking	3	0.5857	0.3859	0.0621	0.6067	0.021	0.5647
32	8	Nidoking	3	0.6112	0.3686	0.1122	0.6067	0	0.6112
32	9	Nidoking	3	0.6628	0.3804	0.139	0.6067	0	0.6628
32	10	Nidoking	3	0.6207	0.3652	0.1056	0.6067	0	0.6207
32	11	Nidoking	3	0.6074	0.3407	0.08	0.6067	0	0.6074
32	12	Nidoking	3	0.6266	0.352	0.14	0.6067	0	0.6266
32	13	Nidoking	3	0.6493	0.3684	0.1366	0.6067	0	0.6493
32	14	Nidoking	3	0.6027	0.2958	0.0785	0.6067	0.004	0.5987
32	15	Nidoking	3	0.6118	0.318	0.0768	0.6067	0	0.6118
32	16	Nidoking	3	0.5578	0.3208	0.0576	0.6067	0.0489	0.5089
32	17	Nidoking	3	0.5739	0.3062	0.0598	0.6067	0.0328	0.5411
32	18	Nidoking	3	0.647	0.3188	0.1667	0.6067	0	0.647
32	19	Nidoking	3	0.6067	0.3168	0.11	0.6067	0	0.6067
320	1	Wailmer	1	0.5349	0.4348	0.0488	0.6723	0.1374	0.3975
320	2	Wailmer	1	0.4867	0.3376	0.0001	0.6723	0.1856	0.3011
320	3	Wailord	2	0.4537	0.3954	-0.0406	0.6723	0.2186	0.2351
320	4	Wailord	2	0.5366	0.5613	-0.0533	0.6723	0.1357	0.4009
320	5	Wailord	2	0.5614	0.6384	0.0108	0.6723	0.1109	0.4505
320	6	Wailord	2	0.6723	0.462	0.144	0.6723	0	0.6723
320	7	Wailord	2	0.7394	0.5669	0.1725	0.6723	0	0.7394
320	8	Wailord	2	0.7284	0.4993	0.2291	0.6723	0	0.7284
320	9	Wailord	2	0.6828	0.5247	0.1715	0.6723	0	0.6828
320	10	Wailord	2	0.6315	0.582	0.0944	0.6723	0.0408	0.5907
320	11	Wailord	2	0.6407	0.5084	0.1249	0.6723	0.0316	0.6091
320	12	Wailord	2	0.7036	0.388	0.2762	0.6723	0	0.7036
320	13	Wailord	2	0.6525	0.6172	0.1869	0.6723	0.0198	0.6327
320	14	Wailord	2	0.7789	0.4455	0.3283	0.6723	0	0.7789
320	15	Wailord	2	0.6038	0.5341	0.0781	0.6723	0.0685	0.5353
320	16	Wailord	2	0.7175	0.4373	0.2802	0.6723	0	0.7175
320	17	Wailord	2	0.7585	0.5105	0.2959	0.6723	0	0.7585
320	18	Wailord	2	0.7228	0.4282	0.2935	0.6723	0	0.7228
320	19	Wailord	2	0.6912	0.4714	0.2198	0.6723	0	0.6912
322	3	Numel	1	0.4701	0.2828	-0.014	0.5309	0.0608	0.4093
322	4	Numel	1	0.3534	0.1777	-0.2149	0.5309	0.1775	0.1759
322	5	Numel	1	0.3846	0.269	-0.1619	0.5309	0.1463	0.2383
322	6	Camerupt	2	0.6671	0.4928	0.1637	0.5309	0	0.6671
322	7	Camerupt	2	0.5594	0.3866	0.0751	0.5309	0	0.5594
322	8	Camerupt	2	0.5547	0.3851	0.0555	0.5309	0	0.5547
322	9	Camerupt	2	0.5986	0.4347	0.1425	0.5309	0	0.5986
322	10	Camerupt	2	0.4888	0.3613	0.0876	0.5309	0.0421	0.4467
322	11	Camerupt	2	0.4957	0.4202	0.046	0.5309	0.0352	0.4605
322	12	Camerupt	2	0.5309	0.441	0.0899	0.5309	0	0.5309
322	13	Camerupt	2	0.6067	0.4046	0.1278	0.5309	0	0.6067
322	14	Camerupt	2	0.4195	0.354	-0.0205	0.5309	0.1114	0.3081
322	15	Camerupt	2	0.5961	0.4456	0.1381	0.5309	0	0.5961
322	16	Camerupt	2	0.4884	0.3827	0.0829	0.5309	0.0425	0.4459
322	17	Camerupt	2	0.5226	0.3755	0.0975	0.5309	0.0083	0.5143
322	18	Camerupt	2	0.6291	0.4204	0.1575	0.5309	0	0.6291
322	19	Camerupt	2	0.5355	0.4023	0.1076	0.5309	0	0.5355
324	3	Torkoal	1	0.5071	0.3833	0.0128	0.5314	0.0243	0.4828
324	4	Torkoal	1	0.4615	0.3643	-0.0566	0.5314	0.0699	0.3916
324	5	Torkoal	1	0.4935	0.359	-0.053	0.5314	0.0379	0.4556
324	6	Torkoal	1	0.7413	0.3899	0.2005	0.5314	0	0.7413
324	7	Torkoal	1	0.5312	0.247	0.0087	0.5314	0.0002	0.531
324	8	Torkoal	1	0.5624	0.2865	0.1497	0.5314	0	0.5624
324	9	Torkoal	1	0.6382	0.3837	0.2255	0.5314	0	0.6382
324	10	Torkoal	1	0.6774	0.3375	0.2466	0.5314	0	0.6774
324	11	Torkoal	1	0.4698	0.2987	-0.0038	0.5314	0.0616	0.4082
324	12	Torkoal	1	0.5314	0.3355	0.1213	0.5314	0	0.5314
324	13	Torkoal	1	0.5384	0.3069	0.1379	0.5314	0	0.5384
324	14	Torkoal	1	0.6092	0.2897	0.0637	0.5314	0	0.6092
324	15	Torkoal	1	0.7131	0.3631	0.2862	0.5314	0	0.7131
324	16	Torkoal	1	0.523	0.2683	-0.015	0.5314	0.0084	0.5146
324	17	Torkoal	1	0.4798	0.2736	0.0781	0.5314	0.0516	0.4282
324	18	Torkoal	1	0.5186	0.304	0.0142	0.5314	0.0128	0.5058
324	19	Torkoal	1	0.5966	0.3034	0.2324	0.5314	0	0.5966
325	1	Spoink	1	0.4979	0.4318	0.0591	0.631	0.1331	0.3648
325	2	Spoink	1	0.4501	0.3571	-0.0154	0.631	0.1809	0.2692
325	3	Spoink	1	0.4447	0.3558	-0.0172	0.631	0.1863	0.2584
325	4	Spoink	1	0.3959	0.413	-0.2139	0.631	0.2351	0.1608
325	5	Grumpig	2	0.4685	0.3895	-0.078	0.631	0.1625	0.306
325	6	Grumpig	2	0.6644	0.3547	0.1361	0.631	0	0.6644
325	7	Grumpig	2	0.6348	0.4414	0.0679	0.631	0	0.6348
325	8	Grumpig	2	0.7392	0.4718	0.2399	0.631	0	0.7392
325	9	Grumpig	2	0.6388	0.4365	0.1275	0.631	0	0.6388
325	10	Grumpig	2	0.6903	0.3617	0.1532	0.631	0	0.6903
325	11	Grumpig	2	0.7158	0.5106	0.2	0.631	0	0.7158
325	12	Grumpig	2	0.6115	0.4052	0.1841	0.631	0.0195	0.592
325	13	Grumpig	2	0.6271	0.4243	0.1615	0.631	0.0039	0.6232
325	14	Grumpig	2	0.6085	0.3452	0.1579	0.631	0.0225	0.586
325	15	Grumpig	2	0.6817	0.5257	0.156	0.631	0	0.6817
325	16	Grumpig	2	0.5816	0.3473	0.1443	0.631	0.0494	0.5322
325	17	Grumpig	2	0.631	0.3361	0.1684	0.631	0	0.631
325	18	Grumpig	2	0.7072	0.3939	0.2779	0.631	0	0.7072
325	19	Grumpig	2	0.674	0.412	0.2026	0.631	0	0.674
327	3	Spinda	1	0.6345	0.4233	0.1015	0.5458	0	0.6345
327	4	Spinda	1	0.7183	0.4013	0.0992	0.5458	0	0.7183
327	5	Spinda	1	0.6405	0.4132	0.0807	0.5458	0	0.6405
327	6	Spinda	1	0.6285	0.4051	0.2017	0.5458	0	0.6285
327	7	Spinda	1	0.5543	0.3809	0.0643	0.5458	0	0.5543
327	8	Spinda	1	0.5237	0.3373	0.0355	0.5458	0.0221	0.5016
327	9	Spinda	1	0.5723	0.3652	0.0742	0.5458	0	0.5723
327	10	Spinda	1	0.4967	0.3283	0.0349	0.5458	0.0491	0.4476
327	11	Spinda	1	0.5649	0.3593	0.0156	0.5458	0	0.5649
327	12	Spinda	1	0.5455	0.3446	0.0938	0.5458	0.0003	0.5452
327	13	Spinda	1	0.5119	0.3674	0.0289	0.5458	0.0339	0.478
327	14	Spinda	1	0.5458	0.339	0.0467	0.5458	0	0.5458
327	15	Spinda	1	0.5781	0.3158	0.0566	0.5458	0	0.5781
327	16	Spinda	1	0.5362	0.3241	0.0583	0.5458	0.0096	0.5266
327	17	Spinda	1	0.4945	0.3207	0.052	0.5458	0.0513	0.4432
327	18	Spinda	1	0.4688	0.2993	-0.0088	0.5458	0.077	0.3918
327	19	Spinda	1	0.5185	0.3304	0.0341	0.5458	0.0273	0.4912
328	2	Trapinch	1	0.4228	0.3765	-0.0455	0.6089	0.1861	0.2367
328	3	Trapinch	1	0.4724	0.3973	0.0115	0.6089	0.1365	0.3359
328	4	Trapinch	1	0.3791	0.299	-0.1346	0.6089	0.2298	0.1493
328	5	Trapinch	1	0.3826	0.3148	-0.1292	0.6089	0.2263	0.1563
328	6	Vibrava	2	0.4615	0.337	-0.029	0.6089	0.1474	0.3141
328	7	Flygon	3	0.6858	0.4919	0.2178	0.6089	0	0.6858
328	8	Flygon	3	0.6611	0.445	0.2339	0.6089	0	0.6611
328	9	Flygon	3	0.676	0.4378	0.1927	0.6089	0	0.676
328	10	Flygon	3	0.6347	0.3743	0.1734	0.6089	0	0.6347
328	11	Flygon	3	0.5946	0.3626	0.0959	0.6089	0.0143	0.5803
328	12	Flygon	3	0.6569	0.4081	0.1981	0.6089	0	0.6569
328	13	Flygon	3	0.7152	0.4291	0.2519	0.6089	0	0.7152
328	14	Flygon	3	0.6281	0.3856	0.1477	0.6089	0	0.6281
328	15	Flygon	3	0.6964	0.404	0.1894	0.6089	0	0.6964
328	16	Flygon	3	0.6097	0.4339	0.1429	0.6089	0	0.6097
328	17	Flygon	3	0.5462	0.3538	0.1146	0.6089	0.0627	0.4835
328	18	Flygon	3	0.5632	0.4073	0.1126	0.6089	0.0457	0.5175
328	19	Flygon	3	0.6081	0.3853	0.1713	0.6089	0.0008	0.6073
331	2	Cacnea	1	0.4229	0.2399	-0.0762	0.4707	0.0478	0.3751
331	3	Cacnea	1	0.4594	0.2801	-0.0843	0.4707	0.0113	0.4481
331	4	Cacturne	2	0.324	0.2921	-0.1854	0.4707	0.1467	0.1773
331	5	Cacturne	2	0.4911	0.317	-0.0759	0.4707	0	0.4911
331	6	Cacturne	2	0.5207	0.3188	0.0869	0.4707	0	0.5207
331	7	Cacturne	2	0.5061	0.3653	0.0381	0.4707	0	0.5061
331	8	Cacturne	2	0.4129	0.2889	-0.0143	0.4707	0.0578	0.3551
331	9	Cacturne	2	0.4797	0.3365	-0.0036	0.4707	0	0.4797
331	10	Cacturne	2	0.5652	0.3536	0.1039	0.4707	0	0.5652
331	11	Cacturne	2	0.5176	0.392	0.0189	0.4707	0	0.5176
331	12	Cacturne	2	0.4029	0.2801	-0.0559	0.4707	0.0678	0.3351
331	13	Cacturne	2	0.4414	0.3397	-0.0219	0.4707	0.0293	0.4121
331	14	Cacturne	2	0.4926	0.3715	0.0122	0.4707	0	0.4926
331	15	Cacturne	2	0.5495	0.3792	0.0425	0.4707	0	0.5495
331	16	Cacturne	2	0.4617	0.3573	-0.0051	0.4707	0.009	0.4527
331	17	Cacturne	2	0.4816	0.3197	0.05	0.4707	0	0.4816
331	18	Cacturne	2	0.457	0.3039	0.0064	0.4707	0.0137	0.4433
331	19	Cacturne	2	0.4559	0.3233	0.0191	0.4707	0.0148	0.4411
333	3	Swablu	1	0.3632	0.2847	-0.0351	0.5408	0.1776	0.1856
333	4	Swablu	1	0.481	0.3375	-0.1288	0.5408	0.0598	0.4212
333	5	Swablu	1	0.5091	0.2919	-0.0465	0.5408	0.0317	0.4774
333	6	Swablu	1	0.2869	0.1957	-0.2414	0.5408	0.2539	0.033
333	7	Altaria	2	0.6034	0.4062	0.1154	0.5408	0	0.6034
333	8	Altaria	2	0.5968	0.4307	0.1661	0.5408	0	0.5968
333	9	Altaria	2	0.6478	0.3772	0.1881	0.5408	0	0.6478
333	10	Altaria	2	0.516	0.3534	0.0503	0.5408	0.0248	0.4912
333	11	Altaria	2	0.5826	0.3864	0.0955	0.5408	0	0.5826
333	12	Altaria	2	0.4605	0.3012	0.019	0.5408	0.0803	0.3802
333	13	Altaria	2	0.6411	0.3593	0.1979	0.5408	0	0.6411
333	14	Altaria	2	0.5772	0.3603	0.1781	0.5408	0	0.5772
333	15	Altaria	2	0.697	0.3856	0.2485	0.5408	0	0.697
333	16	Altaria	2	0.5408	0.3552	0.1247	0.5408	0	0.5408
333	17	Altaria	2	0.4412	0.2872	0.0435	0.5408	0.0996	0.3416
333	18	Altaria	2	0.5806	0.365	0.1379	0.5408	0	0.5806
333	19	Altaria	2	0.5165	0.3342	0.0724	0.5408	0.0243	0.4922
335	3	Zangoose	1	0.5971	0.4793	0.0534	0.5971	0	0.5971
335	4	Zangoose	1	0.6697	0.5469	0.0331	0.5971	0	0.6697
335	5	Zangoose	1	0.6542	0.5012	0.1186	0.5971	0	0.6542
335	6	Zangoose	1	0.7363	0.4234	0.2529	0.5971	0	0.7363
335	7	Zangoose	1	0.5588	0.407	0.0619	0.5971	0.0383	0.5205
335	8	Zangoose	1	0.5515	0.3829	0.073	0.5971	0.0456	0.5059
335	9	Zangoose	1	0.601	0.3927	0.1212	0.5971	0	0.601
335	10	Zangoose	1	0.56	0.384	0.0745	0.5971	0.0371	0.5229
335	11	Zangoose	1	0.6149	0.3902	0.098	0.5971	0	0.6149
335	12	Zangoose	1	0.58	0.3706	0.1139	0.5971	0.0171	0.5629
335	13	Zangoose	1	0.5983	0.3717	0.1272	0.5971	0	0.5983
335	14	Zangoose	1	0.6231	0.3756	0.1181	0.5971	0	0.6231
335	15	Zangoose	1	0.6085	0.3818	0.1059	0.5971	0	0.6085
335	16	Zangoose	1	0.5395	0.3732	0.0713	0.5971	0.0576	0.4819
335	17	Zangoose	1	0.5244	0.3298	0.0818	0.5971	0.0727	0.4517
335	18	Zangoose	1	0.4704	0.328	0.0332	0.5971	0.1267	0.3437
335	19	Zangoose	1	0.53	0.347	0.081	0.5971	0.0671	0.4629
336	1	Seviper	1	0.7196	0.3841	0.1471	0.646	0	0.7196
336	2	Seviper	1	0.768	0.4674	0.2644	0.646	0	0.768
336	3	Seviper	1	0.6959	0.4533	0.2016	0.646	0	0.6959
336	4	Seviper	1	0.7557	0.4432	0.2463	0.646	0	0.7557
336	5	Seviper	1	0.7519	0.4568	0.2605	0.646	0	0.7519
336	6	Seviper	1	0.6874	0.3991	0.1466	0.646	0	0.6874
336	7	Seviper	1	0.6253	0.4	0.1573	0.646	0.0207	0.6046
336	8	Seviper	1	0.6657	0.4005	0.2385	0.646	0	0.6657
336	9	Seviper	1	0.655	0.4083	0.1717	0.646	0	0.655
336	10	Seviper	1	0.6444	0.3994	0.1831	0.646	0.0016	0.6428
336	11	Seviper	1	0.646	0.3893	0.1473	0.646	0	0.646
336	12	Seviper	1	0.6421	0.3722	0.1833	0.646	0.0039	0.6382
336	13	Seviper	1	0.6647	0.4057	0.2014	0.646	0	0.6647
336	14	Seviper	1	0.602	0.3726	0.1216	0.646	0.044	0.558
336	15	Seviper	1	0.5376	0.3452	0.0306	0.646	0.1084	0.4292
336	16	Seviper	1	0.589	0.3639	0.1222	0.646	0.057	0.532
336	17	Seviper	1	0.5895	0.3565	0.1579	0.646	0.0565	0.533
336	18	Seviper	1	0.5099	0.3555	0.0593	0.646	0.1361	0.3738
336	19	Seviper	1	0.6384	0.3614	0.2016	0.646	0.0076	0.6308
337	3	Lunatone	1	0.5702	0.4992	0.0861	0.6121	0.0419	0.5283
337	4	Lunatone	1	0.5092	0.4691	0.012	0.6121	0.1029	0.4063
337	5	Lunatone	1	0.5308	0.4212	-0.0362	0.6121	0.0813	0.4495
337	6	Lunatone	1	0.6344	0.4207	0.1138	0.6121	0	0.6344
337	7	Lunatone	1	0.6447	0.4523	0.1547	0.6121	0	0.6447
337	8	Lunatone	1	0.6358	0.3996	0.1476	0.6121	0	0.6358
337	9	Lunatone	1	0.5733	0.3915	0.0752	0.6121	0.0388	0.5345
337	10	Lunatone	1	0.6721	0.4305	0.2103	0.6121	0	0.6721
337	11	Lunatone	1	0.5736	0.3917	0.0243	0.6121	0.0385	0.5351
337	12	Lunatone	1	0.6728	0.408	0.2211	0.6121	0	0.6728
337	13	Lunatone	1	0.6025	0.399	0.3487	0.6121	0.0096	0.5929
337	14	Lunatone	1	0.6274	0.3388	0.3313	0.6121	0	0.6274
337	15	Lunatone	1	0.597	0.3915	0.3422	0.6121	0.0151	0.5819
337	16	Lunatone	1	0.6121	0.3869	0.3503	0.6121	0	0.6121
337	17	Lunatone	1	0.6158	0.375	0.3686	0.6121	0	0.6158
337	18	Lunatone	1	0.6667	0.4077	0.4317	0.6121	0	0.6667
337	19	Lunatone	1	0.5561	0.3639	0.3086	0.6121	0.056	0.5001
338	3	Solrock	1	0.5451	0.4674	0.0014	0.6006	0.0555	0.4896
338	4	Solrock	1	0.4806	0.3993	-0.156	0.6006	0.12	0.3606
338	5	Solrock	1	0.5393	0.4129	0.0037	0.6006	0.0613	0.478
338	6	Solrock	1	0.6374	0.3551	0.154	0.6006	0	0.6374
338	7	Solrock	1	0.6317	0.4289	0.1348	0.6006	0	0.6317
338	8	Solrock	1	0.5802	0.3953	0.1017	0.6006	0.0204	0.5598
338	9	Solrock	1	0.6079	0.3784	0.1281	0.6006	0	0.6079
338	10	Solrock	1	0.6259	0.4256	0.1404	0.6006	0	0.6259
338	11	Solrock	1	0.5813	0.3733	0.0644	0.6006	0.0193	0.562
338	12	Solrock	1	0.6393	0.3732	0.1732	0.6006	0	0.6393
338	13	Solrock	1	0.6006	0.3369	0.3468	0.6006	0	0.6006
338	14	Solrock	1	0.6379	0.3241	0.3418	0.6006	0	0.6379
338	15	Solrock	1	0.6393	0.4094	0.3845	0.6006	0	0.6393
338	16	Solrock	1	0.6135	0.3681	0.3517	0.6006	0	0.6135
338	17	Solrock	1	0.595	0.3603	0.3478	0.6006	0.0056	0.5894
338	18	Solrock	1	0.5697	0.3923	0.3347	0.6006	0.0309	0.5388
338	19	Solrock	1	0.5778	0.3397	0.3303	0.6006	0.0228	0.555
339	1	Barboach	1	0.5688	0.4353	0.01	0.5738	0.005	0.5638
339	2	Barboach	1	0.4487	0.3082	0.084	0.5738	0.1251	0.3236
339	3	Barboach	1	0.6026	0.4067	0.1185	0.5738	0	0.6026
339	4	Whiscash	2	0.608	0.5046	0.0986	0.5738	0	0.608
339	5	Whiscash	2	0.6495	0.4914	0.1581	0.5738	0	0.6495
339	6	Whiscash	2	0.5868	0.5283	0.0585	0.5738	0	0.5868
339	7	Whiscash	2	0.5335	0.3977	0.113	0.5738	0.0403	0.4932
339	8	Whiscash	2	0.5225	0.4062	0.0985	0.5738	0.0513	0.4712
339	9	Whiscash	2	0.569	0.4105	0.1904	0.5738	0.0048	0.5642
339	10	Whiscash	2	0.5867	0.3961	0.2239	0.5738	0	0.5867
339	11	Whiscash	2	0.5006	0.3853	0.1156	0.5738	0.0732	0.4274
339	12	Whiscash	2	0.533	0.3163	0.165	0.5738	0.0408	0.4922
339	13	Whiscash	2	0.6007	0.3666	0.173	0.5738	0	0.6007
339	14	Whiscash	2	0.5753	0.3796	0.1485	0.5738	0	0.5753
339	15	Whiscash	2	0.6008	0.4298	0.1661	0.5738	0	0.6008
339	16	Whiscash	2	0.5738	0.3979	0.1691	0.5738	0	0.5738
339	17	Whiscash	2	0.6264	0.3666	0.2331	0.5738	0	0.6264
339	18	Whiscash	2	0.559	0.3766	0.1672	0.5738	0.0148	0.5442
339	19	Whiscash	2	0.5671	0.3825	0.1677	0.5738	0.0067	0.5604
341	1	Corphish	1	0.5918	0.4534	0.1057	0.5067	0	0.5918
341	2	Corphish	1	0.4764	0.3121	-0.0102	0.5067	0.0303	0.4461
341	3	Crawdaunt	2	0.5049	0.4083	-0.0281	0.5067	0.0018	0.5031
341	4	Crawdaunt	2	0.4519	0.357	-0.1672	0.5067	0.0548	0.3971
341	5	Crawdaunt	2	0.5067	0.344	-0.0051	0.5067	0	0.5067
341	6	Crawdaunt	2	0.4309	0.2937	-0.0029	0.5067	0.0758	0.3551
341	7	Crawdaunt	2	0.5272	0.4039	0.0592	0.5067	0	0.5272
341	8	Crawdaunt	2	0.4985	0.3437	0.0713	0.5067	0.0082	0.4903
341	9	Crawdaunt	2	0.5069	0.3522	-0.0169	0.5067	0	0.5069
341	10	Crawdaunt	2	0.5579	0.3363	0.0428	0.5067	0	0.5579
341	11	Crawdaunt	2	0.5285	0.3186	0.0011	0.5067	0	0.5285
341	12	Crawdaunt	2	0.4506	0.3263	-0.036	0.5067	0.0561	0.3945
341	13	Crawdaunt	2	0.534	0.3639	0.0213	0.5067	0	0.534
341	14	Crawdaunt	2	0.5458	0.3439	0.0216	0.5067	0	0.5458
341	15	Crawdaunt	2	0.5127	0.3821	-0.0223	0.5067	0	0.5127
341	16	Crawdaunt	2	0.4836	0.3712	-0.0166	0.5067	0.0231	0.4605
341	17	Crawdaunt	2	0.4661	0.3176	-0.048	0.5067	0.0406	0.4255
341	18	Crawdaunt	2	0.4125	0.316	-0.0678	0.5067	0.0942	0.3183
341	19	Crawdaunt	2	0.5354	0.3629	0.0387	0.5067	0	0.5354
343	2	Baltoy	1	0.3714	0.3393	-0.0332	0.6676	0.2962	0.0752
343	3	Baltoy	1	0.4142	0.3583	-0.0728	0.6676	0.2534	0.1608
343	4	Baltoy	1	0.2889	0.2147	-0.2414	0.6676	0.3787	-0.0898
343	5	Baltoy	1	0.3301	0.2346	-0.1515	0.6676	0.3375	-0.0074
343	6	Baltoy	1	0.5939	0.3207	0.2288	0.6676	0.0737	0.5202
343	7	Claydol	2	0.6389	0.4507	0.1509	0.6676	0.0287	0.6102
343	8	Claydol	2	0.6727	0.4301	0.242	0.6676	0	0.6727
343	9	Claydol	2	0.6429	0.443	0.1832	0.6676	0.0247	0.6182
343	10	Claydol	2	0.6625	0.3562	0.1968	0.6676	0.0051	0.6574
343	11	Claydol	2	0.6863	0.4329	0.1992	0.6676	0	0.6863
343	12	Claydol	2	0.7387	0.4783	0.2972	0.6676	0	0.7387
343	13	Claydol	2	0.6839	0.3725	0.2411	0.6676	0	0.6839
343	14	Claydol	2	0.6995	0.3503	0.2791	0.6676	0	0.6995
343	15	Claydol	2	0.6855	0.4999	0.2055	0.6676	0	0.6855
343	16	Claydol	2	0.5995	0.4064	0.1959	0.6676	0.0681	0.5314
343	17	Claydol	2	0.6811	0.4341	0.247	0.6676	0	0.6811
343	18	Claydol	2	0.7392	0.4925	0.3236	0.6676	0	0.7392
343	19	Claydol	2	0.6877	0.385	0.296	0.6676	0	0.6877
345	2	Lileep	1	0.4854	0.3002	-0.0182	0.59	0.1046	0.3808
345	3	Lileep	1	0.4787	0.2664	-0.0156	0.59	0.1113	0.3674
345	4	Cradily	2	0.3833	0.3607	-0.1261	0.59	0.2068	0.1765
345	5	Cradily	2	0.4637	0.3798	-0.0961	0.59	0.1263	0.3374
345	6	Cradily	2	0.6156	0.3256	0.0748	0.59	0	0.6156
345	7	Cradily	2	0.6801	0.329	0.2543	0.59	0	0.6801
345	8	Cradily	2	0.5804	0.3276	0.1677	0.59	0.0096	0.5708
345	9	Cradily	2	0.5503	0.3511	0.1376	0.59	0.0397	0.5106
345	10	Cradily	2	0.6435	0.3379	0.2127	0.59	0	0.6435
345	11	Cradily	2	0.6024	0.4054	0.1288	0.59	0	0.6024
345	12	Cradily	2	0.5997	0.3172	0.1896	0.59	0	0.5997
345	13	Cradily	2	0.5398	0.3918	0.1393	0.59	0.0503	0.4895
345	14	Cradily	2	0.692	0.3658	0.2596	0.59	0	0.692
345	15	Cradily	2	0.6549	0.4258	0.228	0.59	0	0.6549
345	16	Cradily	2	0.6115	0.3684	0.2431	0.59	0	0.6115
345	17	Cradily	2	0.6464	0.3941	0.2447	0.59	0	0.6464
345	18	Cradily	2	0.5645	0.2914	0.2042	0.59	0.0255	0.539
345	19	Cradily	2	0.5589	0.3628	0.1947	0.59	0.0312	0.5277
347	2	Anorith	1	0.5137	0.4481	-0.0111	0.5639	0.0502	0.4635
347	3	Anorith	1	0.4462	0.3563	-0.0868	0.5639	0.1177	0.3285
347	4	Armaldo	2	0.4797	0.4046	-0.1394	0.5639	0.0842	0.3955
347	5	Armaldo	2	0.5027	0.3866	-0.0571	0.5639	0.0612	0.4415
347	6	Armaldo	2	0.7019	0.3942	0.2185	0.5639	0	0.7019
347	7	Armaldo	2	0.5656	0.4059	0.0687	0.5639	0	0.5656
347	8	Armaldo	2	0.6265	0.363	0.148	0.5639	0	0.6265
347	9	Armaldo	2	0.6311	0.3626	0.1513	0.5639	0	0.6311
347	10	Armaldo	2	0.6664	0.3979	0.1809	0.5639	0	0.6664
347	11	Armaldo	2	0.5864	0.3698	0.0695	0.5639	0	0.5864
347	12	Armaldo	2	0.5221	0.3624	0.056	0.5639	0.0418	0.4803
347	13	Armaldo	2	0.6318	0.3982	0.1607	0.5639	0	0.6318
347	14	Armaldo	2	0.5797	0.344	0.0747	0.5639	0	0.5797
347	15	Armaldo	2	0.6378	0.442	0.1352	0.5639	0	0.6378
347	16	Armaldo	2	0.5623	0.3384	0.0941	0.5639	0.0016	0.5607
347	17	Armaldo	2	0.4697	0.3303	0.0271	0.5639	0.0942	0.3755
347	18	Armaldo	2	0.5445	0.3461	0.1073	0.5639	0.0194	0.5251
347	19	Armaldo	2	0.5527	0.3288	0.1037	0.5639	0.0112	0.5415
349	1	Milotic	2	0.5686	0.5237	-0.0039	0.6523	0.0837	0.4849
349	2	Milotic	2	0.4955	0.4345	-0.0293	0.6523	0.1568	0.3387
349	3	Milotic	2	0.4994	0.4384	-0.0336	0.6523	0.1529	0.3465
349	4	Milotic	2	0.6323	0.5486	0.0424	0.6523	0.02	0.6123
349	5	Milotic	2	0.6856	0.6077	0.1884	0.6523	0	0.6856
349	6	Milotic	2	0.6079	0.3735	0.1542	0.6523	0.0444	0.5635
349	7	Milotic	2	0.7044	0.5102	0.2075	0.6523	0	0.7044
349	8	Milotic	2	0.6933	0.5069	0.2148	0.6523	0	0.6933
349	9	Milotic	2	0.6545	0.4345	0.1747	0.6523	0	0.6545
349	10	Milotic	2	0.6412	0.4565	0.1557	0.6523	0.0111	0.6301
349	11	Milotic	2	0.617	0.4097	0.1001	0.6523	0.0353	0.5817
349	12	Milotic	2	0.6618	0.4209	0.2101	0.6523	0	0.6618
349	13	Milotic	2	0.6896	0.4783	0.2066	0.6523	0	0.6896
349	14	Milotic	2	0.6332	0.3961	0.1341	0.6523	0.0191	0.6141
349	15	Milotic	2	0.6523	0.4207	0.1308	0.6523	0	0.6523
349	16	Milotic	2	0.6751	0.427	0.1972	0.6523	0	0.6751
349	17	Milotic	2	0.6528	0.4169	0.2103	0.6523	0	0.6528
349	18	Milotic	2	0.6264	0.3456	0.1488	0.6523	0.0259	0.6005
349	19	Milotic	2	0.6674	0.4458	0.183	0.6523	0	0.6674
351	4	Castform-Normal	1	0.4974	0.3849	0.0591	0.5057	0.0083	0.4891
351	5	Castform-Normal	1	0.5222	0.4165	-0.0243	0.5057	0	0.5222
351	6	Castform-Normal	1	0.5972	0.3738	0.1086	0.5057	0	0.5972
351	7	Castform-Normal	1	0.5232	0.3971	0.188	0.5057	0	0.5232
351	8	Castform-Normal	1	0.4938	0.3633	0.1439	0.5057	0.0119	0.4819
351	9	Castform-Normal	1	0.5966	0.3692	0.218	0.5057	0	0.5966
351	10	Castform-Normal	1	0.4738	0.3212	0.111	0.5057	0.0319	0.4419
351	11	Castform-Normal	1	0.5763	0.3389	0.1913	0.5057	0	0.5763
351	12	Castform-Normal	1	0.4889	0.3739	0.1209	0.5057	0.0168	0.4721
351	13	Castform-Normal	1	0.5138	0.3677	0.0861	0.5057	0	0.5138
351	14	Castform-Normal	1	0.5135	0.2799	0.0867	0.5057	0	0.5135
351	15	Castform-Normal	1	0.4979	0.2834	0.0632	0.5057	0.0078	0.4901
351	16	Castform-Normal	1	0.4713	0.3055	0.0666	0.5057	0.0344	0.4369
351	17	Castform-Normal	1	0.5146	0.3226	0.1213	0.5057	0	0.5146
351	18	Castform-Normal	1	0.4527	0.3034	0.0609	0.5057	0.053	0.3997
351	19	Castform-Normal	1	0.4837	0.3118	0.0843	0.5057	0.022	0.4617
352	9	Kecleon	1	0.5663	0.3466	0.0425	0.5889	0.0226	0.5437
352	10	Kecleon	1	0.5458	0.3302	0.0307	0.5889	0.0431	0.5027
352	11	Kecleon	1	0.6002	0.3613	0.0728	0.5889	0	0.6002
352	12	Kecleon	1	0.5902	0.3121	0.1036	0.5889	0	0.5902
352	13	Kecleon	1	0.6744	0.3717	0.1617	0.5889	0	0.6744
352	14	Kecleon	1	0.6245	0.3485	0.1003	0.5889	0	0.6245
352	15	Kecleon	1	0.5683	0.3805	0.0333	0.5889	0.0206	0.5477
352	16	Kecleon	1	0.552	0.3246	0.0518	0.5889	0.0369	0.5151
352	17	Kecleon	1	0.5889	0.3384	0.0748	0.5889	0	0.5889
352	18	Kecleon	1	0.571	0.3017	0.0907	0.5889	0.0179	0.5531
352	19	Kecleon	1	0.6017	0.3341	0.105	0.5889	0	0.6017
353	1	Shuppet	1	0.5386	0.4839	0.0525	0.4884	0	0.5386
353	2	Shuppet	1	0.5185	0.3862	0.0319	0.4884	0	0.5185
353	3	Shuppet	1	0.4639	0.363	-0.0169	0.4884	0.0245	0.4394
353	4	Shuppet	1	0.4279	0.3314	-0.0858	0.4884	0.0605	0.3674
353	5	Shuppet	1	0.452	0.3227	-0.0598	0.4884	0.0364	0.4156
353	6	Shuppet	1	0.4115	0.2757	-0.079	0.4884	0.0769	0.3346
353	7	Banette	2	0.5546	0.4008	0.031	0.4884	0	0.5546
353	8	Banette	2	0.4322	0.3387	-0.0668	0.4884	0.0562	0.376
353	9	Banette	2	0.5159	0.4018	-0.0079	0.4884	0	0.5159
353	10	Banette	2	0.4569	0.3208	-0.0582	0.4884	0.0315	0.4254
353	11	Banette	2	0.5153	0.345	-0.0121	0.4884	0	0.5153
353	12	Banette	2	0.4991	0.3574	0.0125	0.4884	0	0.4991
353	13	Banette	2	0.4994	0.4054	-0.0133	0.4884	0	0.4994
353	14	Banette	2	0.4582	0.3375	-0.066	0.4884	0.0302	0.428
353	15	Banette	2	0.5038	0.408	-0.0312	0.4884	0	0.5038
353	16	Banette	2	0.4429	0.3433	-0.0573	0.4884	0.0455	0.3974
353	17	Banette	2	0.4907	0.3544	-0.0234	0.4884	0	0.4907
353	18	Banette	2	0.4884	0.3813	0.0081	0.4884	0	0.4884
353	19	Banette	2	0.4506	0.3549	-0.0461	0.4884	0.0378	0.4128
355	1	Dusknoir	3	0.5234	0.5053	-0.1021	0.5532	0.0298	0.4936
355	2	Dusknoir	3	0.5596	0.4646	0.0348	0.5532	0	0.5596
355	3	Dusknoir	3	0.544	0.4619	0.0821	0.5532	0.0092	0.5348
355	4	Dusknoir	3	0.4809	0.4232	-0.0874	0.5532	0.0723	0.4086
355	5	Dusknoir	3	0.505	0.39	-0.0415	0.5532	0.0482	0.4568
355	6	Dusknoir	3	0.6736	0.3859	0.2398	0.5532	0	0.6736
355	7	Dusknoir	3	0.5963	0.3747	0.0727	0.5532	0	0.5963
355	8	Dusknoir	3	0.5067	0.352	0.0077	0.5532	0.0465	0.4602
355	9	Dusknoir	3	0.6591	0.4216	0.1353	0.5532	0	0.6591
355	10	Dusknoir	3	0.6353	0.3865	0.1202	0.5532	0	0.6353
355	11	Dusknoir	3	0.5808	0.3749	0.0534	0.5532	0	0.5808
355	12	Dusknoir	3	0.5195	0.4034	0.0329	0.5532	0.0337	0.4858
355	13	Dusknoir	3	0.5855	0.4259	0.0728	0.5532	0	0.5855
355	14	Dusknoir	3	0.5342	0.3692	0.01	0.5532	0.019	0.5152
355	15	Dusknoir	3	0.6554	0.4272	0.1204	0.5532	0	0.6554
355	16	Dusknoir	3	0.5546	0.3548	0.0544	0.5532	0	0.5546
355	17	Dusknoir	3	0.5508	0.3877	0.0367	0.5532	0.0024	0.5484
355	18	Dusknoir	3	0.5532	0.4019	0.0729	0.5532	0	0.5532
355	19	Dusknoir	3	0.5366	0.3815	0.0399	0.5532	0.0166	0.52
357	1	Tropius	1	0.6373	0.5919	0.0785	0.558	0	0.6373
357	2	Tropius	1	0.6256	0.4683	0.2609	0.558	0	0.6256
357	3	Tropius	1	0.6505	0.5219	0.1664	0.558	0	0.6505
357	4	Tropius	1	0.6146	0.4074	0.1174	0.558	0	0.6146
357	5	Tropius	1	0.6337	0.4298	0.0667	0.558	0	0.6337
357	6	Tropius	1	0.5171	0.364	-0.0035	0.558	0.0409	0.4762
357	7	Tropius	1	0.598	0.4286	0.108	0.558	0	0.598
357	8	Tropius	1	0.5804	0.4123	0.0922	0.558	0	0.5804
357	9	Tropius	1	0.5243	0.3879	0.0262	0.558	0.0337	0.4906
357	10	Tropius	1	0.5217	0.3681	0.0599	0.558	0.0363	0.4854
357	11	Tropius	1	0.5449	0.4203	-0.0044	0.558	0.0131	0.5318
357	12	Tropius	1	0.4148	0.2943	-0.0369	0.558	0.1432	0.2716
357	13	Tropius	1	0.5905	0.3886	0.1075	0.558	0	0.5905
357	14	Tropius	1	0.558	0.3983	0.0589	0.558	0	0.558
357	15	Tropius	1	0.5811	0.43	0.0596	0.558	0	0.5811
357	16	Tropius	1	0.5223	0.3771	0.0444	0.558	0.0357	0.4866
357	17	Tropius	1	0.4492	0.3134	0.0067	0.558	0.1088	0.3404
357	18	Tropius	1	0.4709	0.2767	-0.0067	0.558	0.0871	0.3838
357	19	Tropius	1	0.4887	0.3469	0.0043	0.558	0.0693	0.4194
359	4	Absol	1	0.5888	0.3588	-0.0303	0.5284	0	0.5888
359	5	Absol	1	0.6626	0.3811	0.1028	0.5284	0	0.6626
359	6	Absol	1	0.5411	0.3206	0.0506	0.5284	0	0.5411
359	7	Absol	1	0.5507	0.3338	0.0271	0.5284	0	0.5507
359	8	Absol	1	0.503	0.304	0.004	0.5284	0.0254	0.4776
359	9	Absol	1	0.5434	0.3257	0.0196	0.5284	0	0.5434
359	10	Absol	1	0.4986	0.2751	-0.0165	0.5284	0.0298	0.4688
359	11	Absol	1	0.5886	0.3165	0.0612	0.5284	0	0.5886
359	12	Absol	1	0.4642	0.2593	-0.0224	0.5284	0.0642	0.4
359	13	Absol	1	0.4835	0.3242	-0.0292	0.5284	0.0449	0.4386
359	14	Absol	1	0.5485	0.3093	0.0243	0.5284	0	0.5485
359	15	Absol	1	0.5177	0.3526	-0.0173	0.5284	0.0107	0.507
359	16	Absol	1	0.539	0.2955	0.0388	0.5284	0	0.539
359	17	Absol	1	0.4318	0.2298	-0.0823	0.5284	0.0966	0.3352
359	18	Absol	1	0.4594	0.2775	-0.0209	0.5284	0.069	0.3904
359	19	Absol	1	0.5043	0.3012	0.0076	0.5284	0.0241	0.4802
360	1	Wobbuffet	2	0.2932	0.2932	-0.1354	0.1981	0	0.2932
360	2	Wobbuffet	2	0.2632	0.2486	-0.1311	0.1981	0	0.2632
360	3	Wobbuffet	2	0.2696	0.2536	-0.0976	0.1981	0	0.2696
360	4	Wobbuffet	2	0.1948	0.1693	-0.205	0.1981	0.0033	0.1915
360	5	Wobbuffet	2	0.2112	0.1973	-0.1341	0.1981	0	0.2112
360	6	Wobbuffet	2	0.2058	0.1928	-0.1803	0.1981	0	0.2058
360	7	Wobbuffet	2	0.1874	0.1625	-0.2481	0.1981	0.0107	0.1767
360	8	Wobbuffet	2	0.1979	0.1858	-0.2103	0.1981	0.0002	0.1977
360	9	Wobbuffet	2	0.2021	0.178	-0.1978	0.1981	0	0.2021
360	10	Wobbuffet	2	0.1981	0.1772	-0.2003	0.1981	0	0.1981
360	11	Wobbuffet	2	0.2042	0.1746	-0.2008	0.1981	0	0.2042
360	12	Wobbuffet	2	0.1982	0.1575	-0.2007	0.1981	0	0.1982
360	13	Wobbuffet	2	0.181	0.1719	-0.2191	0.1981	0.0171	0.1639
360	14	Wobbuffet	2	0.1923	0.1711	-0.1764	0.1981	0.0058	0.1865
360	15	Wobbuffet	2	0.2116	0.1812	-0.2055	0.1981	0	0.2116
360	16	Wobbuffet	2	0.1686	0.1517	-0.2211	0.1981	0.0295	0.1391
360	17	Wobbuffet	2	0.1966	0.1664	-0.2198	0.1981	0.0015	0.1951
360	18	Wobbuffet	2	0.1947	0.1847	-0.2283	0.1981	0.0034	0.1913
360	19	Wobbuffet	2	0.1949	0.1641	-0.2197	0.1981	0.0032	0.1917
361	1	Froslass	2	0.6394	0.623	0.0368	0.5986	0	0.6394
361	2	Froslass	2	0.5312	0.4988	0.0064	0.5986	0.0674	0.4638
361	3	Froslass	2	0.5162	0.4694	-0.0168	0.5986	0.0824	0.4338
361	4	Froslass	2	0.5603	0.5192	-0.0588	0.5986	0.0383	0.522
361	5	Froslass	2	0.5596	0.4946	-0.0002	0.5986	0.039	0.5206
361	6	Froslass	2	0.6396	0.4001	0.2395	0.5986	0	0.6396
361	7	Froslass	2	0.5109	0.3962	0.1313	0.5986	0.0877	0.4232
361	8	Glalie	2	0.5888	0.2459	0.1648	0.5986	0.0098	0.579
361	9	Glalie	2	0.6607	0.3229	0.228	0.5986	0	0.6607
361	10	Froslass	2	0.674	0.4398	0.3455	0.5986	0	0.674
361	11	Glalie	2	0.7035	0.3528	0.2649	0.5986	0	0.7035
361	12	Froslass	2	0.6834	0.4515	0.3349	0.5986	0	0.6834
361	13	Froslass	2	0.5986	0.3946	0.2096	0.5986	0	0.5986
361	14	Glalie	2	0.6812	0.29	0.2106	0.5986	0	0.6812
361	15	Froslass	2	0.6779	0.4175	0.287	0.5986	0	0.6779
361	16	Glalie	2	0.581	0.28	0.1394	0.5986	0.0176	0.5634
361	17	Glalie	2	0.561	0.2458	0.1638	0.5986	0.0376	0.5234
361	18	Froslass	2	0.6103	0.3724	0.2653	0.5986	0	0.6103
361	19	Glalie	2	0.563	0.2924	0.1372	0.5986	0.0356	0.5274
363	1	Spheal	1	0.6877	0.4177	0.2994	0.5329	0	0.6877
363	2	Sealeo	2	0.4035	0.3477	-0.1001	0.5329	0.1294	0.2741
363	3	Sealeo	2	0.3435	0.3077	-0.1508	0.5329	0.1894	0.1541
363	4	Sealeo	2	0.3916	0.3328	-0.1387	0.5329	0.1413	0.2503
363	5	Sealeo	2	0.4779	0.4273	-0.0727	0.5329	0.055	0.4229
363	6	Sealeo	2	0.4355	0.2894	-0.0928	0.5329	0.0974	0.3381
363	7	Walrein	3	0.5329	0.4194	-0.034	0.5329	0	0.5329
363	8	Walrein	3	0.5536	0.3847	0.0543	0.5329	0	0.5536
363	9	Walrein	3	0.5619	0.3973	0.0506	0.5329	0	0.5619
363	10	Walrein	3	0.5924	0.4268	0.0553	0.5329	0	0.5924
363	11	Walrein	3	0.5327	0.4065	0.0169	0.5329	0.0002	0.5325
363	12	Walrein	3	0.5789	0.4274	0.1515	0.5329	0	0.5789
363	13	Walrein	3	0.4736	0.4405	0.008	0.5329	0.0593	0.4143
363	14	Walrein	3	0.6254	0.39	0.1748	0.5329	0	0.6254
363	15	Walrein	3	0.5994	0.4091	0.0737	0.5329	0	0.5994
363	16	Walrein	3	0.6074	0.3679	0.1701	0.5329	0	0.6074
363	17	Walrein	3	0.4935	0.3825	0.0309	0.5329	0.0394	0.4541
363	18	Walrein	3	0.388	0.2902	-0.0413	0.5329	0.1449	0.2431
363	19	Walrein	3	0.5548	0.4123	0.0834	0.5329	0	0.5548
366	1	Huntail	2	0.55	0.5358	-0.0225	0.5912	0.0412	0.5088
366	2	Huntail	2	0.4831	0.3726	0.0785	0.5912	0.1081	0.375
366	3	Gorebyss	2	0.541	0.4987	0.054	0.5912	0.0502	0.4908
366	4	Gorebyss	2	0.5558	0.3945	-0.0478	0.5912	0.0354	0.5204
366	5	Gorebyss	2	0.6036	0.387	0.1064	0.5912	0	0.6036
366	6	Huntail	2	0.3725	0.2674	-0.0667	0.5912	0.2187	0.1538
366	7	Gorebyss	2	0.6229	0.3865	0.1345	0.5912	0	0.6229
366	8	Gorebyss	2	0.6424	0.3701	0.1716	0.5912	0	0.6424
366	9	Gorebyss	2	0.5912	0.3785	0.0414	0.5912	0	0.5912
366	10	Gorebyss	2	0.6951	0.4707	0.2093	0.5912	0	0.6951
366	11	Gorebyss	2	0.6491	0.4266	0.1809	0.5912	0	0.6491
366	12	Gorebyss	2	0.6616	0.3573	0.1996	0.5912	0	0.6616
366	13	Gorebyss	2	0.7353	0.3841	0.2191	0.5912	0	0.7353
366	14	Gorebyss	2	0.6171	0.3763	0.1472	0.5912	0	0.6171
366	15	Gorebyss	2	0.5356	0.3971	0.0102	0.5912	0.0556	0.48
366	16	Gorebyss	2	0.5775	0.3984	0.1207	0.5912	0.0137	0.5638
366	17	Gorebyss	2	0.5475	0.3519	0.0193	0.5912	0.0437	0.5038
366	18	Gorebyss	2	0.4483	0.3448	-0.029	0.5912	0.1429	0.3054
366	19	Gorebyss	2	0.6812	0.3729	0.1546	0.5912	0	0.6812
369	1	Relicanth	1	0.5276	0.4044	0.0415	0.5488	0.0212	0.5064
369	2	Relicanth	1	0.4518	0.3672	-0.0348	0.5488	0.097	0.3548
369	3	Relicanth	1	0.4322	0.3638	-0.0486	0.5488	0.1166	0.3156
369	4	Relicanth	1	0.4705	0.3978	-0.0476	0.5488	0.0783	0.3922
369	5	Relicanth	1	0.4496	0.347	-0.1128	0.5488	0.0992	0.3504
369	6	Relicanth	1	0.5421	0.3083	0.0587	0.5488	0.0067	0.5354
369	7	Relicanth	1	0.5488	0.3494	0.0519	0.5488	0	0.5488
369	8	Relicanth	1	0.438	0.3948	-0.0405	0.5488	0.1108	0.3272
369	9	Relicanth	1	0.5519	0.4048	0.0721	0.5488	0	0.5519
369	10	Relicanth	1	0.6347	0.445	0.1492	0.5488	0	0.6347
369	11	Relicanth	1	0.5471	0.3456	0.0302	0.5488	0.0017	0.5454
369	12	Relicanth	1	0.5873	0.3761	0.1212	0.5488	0	0.5873
369	13	Relicanth	1	0.7038	0.4717	0.2072	0.5488	0	0.7038
369	14	Relicanth	1	0.6412	0.4654	0.1706	0.5488	0	0.6412
369	15	Relicanth	1	0.6405	0.4412	0.0903	0.5488	0	0.6405
369	16	Relicanth	1	0.5828	0.4416	0.1412	0.5488	0	0.5828
369	17	Relicanth	1	0.5791	0.4475	0.1819	0.5488	0	0.5791
369	18	Relicanth	1	0.4943	0.338	0.0916	0.5488	0.0545	0.4398
369	19	Relicanth	1	0.5887	0.4258	0.1629	0.5488	0	0.5887
37	1	Vulpix	1	0.4592	0.3559	-0.0533	0.4905	0.0313	0.4279
37	2	Vulpix	1	0.4675	0.3634	-0.0008	0.4905	0.023	0.4445
37	3	Vulpix	1	0.4668	0.337	0.0059	0.4905	0.0237	0.4431
37	4	Vulpix	1	0.4526	0.2876	-0.0611	0.4905	0.0379	0.4147
37	5	Vulpix	1	0.4464	0.2613	-0.0654	0.4905	0.0441	0.4023
37	6	Ninetales	2	0.704	0.4242	0.2154	0.4905	0	0.704
37	7	Ninetales	2	0.4905	0.3339	-0.032	0.4905	0	0.4905
37	8	Ninetales	2	0.5108	0.3311	-0.0225	0.4905	0	0.5108
37	9	Ninetales	2	0.5722	0.3958	0.0506	0.4905	0	0.5722
37	10	Ninetales	2	0.45	0.3215	-0.0662	0.4905	0.0405	0.4095
37	11	Ninetales	2	0.534	0.3151	-0.0487	0.4905	0	0.534
37	12	Ninetales	2	0.4843	0.318	-0.0266	0.4905	0.0062	0.4781
37	13	Ninetales	2	0.5071	0.326	-0.0546	0.4905	0	0.5071
37	14	Ninetales	2	0.5283	0.2761	-0.0172	0.4905	0	0.5283
37	15	Ninetales	2	0.5727	0.3628	0.0346	0.4905	0	0.5727
37	16	Ninetales	2	0.4852	0.2891	-0.0528	0.4905	0.0053	0.4799
37	17	Ninetales	2	0.474	0.289	-0.0253	0.4905	0.0165	0.4575
37	18	Ninetales	2	0.5263	0.3024	0.0219	0.4905	0	0.5263
37	19	Ninetales	2	0.4999	0.3008	-0.0091	0.4905	0	0.4999
370	1	Luvdisc	1	0.5917	0.5072	-0.0109	0.5281	0	0.5917
370	2	Luvdisc	1	0.5034	0.4403	-0.0214	0.5281	0.0247	0.4787
370	3	Luvdisc	1	0.5511	0.4691	0.0181	0.5281	0	0.5511
370	4	Luvdisc	1	0.5447	0.4763	-0.0744	0.5281	0	0.5447
370	5	Luvdisc	1	0.5523	0.4597	-0.0075	0.5281	0	0.5523
370	6	Luvdisc	1	0.4568	0.2532	-0.0638	0.5281	0.0713	0.3855
370	7	Luvdisc	1	0.6039	0.4076	0.1139	0.5281	0	0.6039
370	8	Luvdisc	1	0.6219	0.4261	0.1337	0.5281	0	0.6219
370	9	Luvdisc	1	0.4969	0.3709	-0.0012	0.5281	0.0312	0.4657
370	10	Luvdisc	1	0.5462	0.4081	0.0844	0.5281	0	0.5462
370	11	Luvdisc	1	0.4955	0.3593	-0.0538	0.5281	0.0326	0.4629
370	12	Luvdisc	1	0.508	0.3429	0.0563	0.5281	0.0201	0.4879
370	13	Luvdisc	1	0.5585	0.3743	0.0755	0.5281	0	0.5585
370	14	Luvdisc	1	0.5101	0.3678	0.011	0.5281	0.018	0.4921
370	15	Luvdisc	1	0.5124	0.3475	-0.0091	0.5281	0.0157	0.4967
370	16	Luvdisc	1	0.5457	0.4232	0.0678	0.5281	0	0.5457
370	17	Luvdisc	1	0.4819	0.3496	0.0394	0.5281	0.0462	0.4357
370	18	Luvdisc	1	0.4748	0.335	-0.0028	0.5281	0.0533	0.4215
370	19	Luvdisc	1	0.5281	0.3704	0.0437	0.5281	0	0.5281
371	1	Bagon	1	0.6865	0.4114	0.2004	0.553	0	0.6865
371	2	Bagon	1	0.5253	0.2833	0.0387	0.553	0.0277	0.4976
371	3	Bagon	1	0.5064	0.2668	0.0256	0.553	0.0466	0.4598
371	4	Shelgon	2	0.4545	0.3798	-0.0549	0.553	0.0985	0.356
371	5	Shelgon	2	0.4353	0.3283	-0.0561	0.553	0.1177	0.3176
371	6	Shelgon	2	0.4121	0.2951	-0.1287	0.553	0.1409	0.2712
371	7	Shelgon	2	0.4267	0.2605	0.0166	0.553	0.1263	0.3004
371	8	Shelgon	2	0.4682	0.2871	0.0699	0.553	0.0848	0.3834
371	9	Salamence	3	0.6031	0.4067	0.1198	0.553	0	0.6031
371	10	Salamence	3	0.5815	0.3583	0.1202	0.553	0	0.5815
371	11	Salamence	3	0.5662	0.3497	0.0675	0.553	0	0.5662
371	12	Salamence	3	0.553	0.3088	0.0869	0.553	0	0.553
371	13	Salamence	3	0.6332	0.3665	0.1621	0.553	0	0.6332
371	14	Salamence	3	0.6706	0.3464	0.1656	0.553	0	0.6706
371	15	Salamence	3	0.6671	0.3902	0.1645	0.553	0	0.6671
371	16	Salamence	3	0.5769	0.377	0.1087	0.553	0	0.5769
371	17	Salamence	3	0.4741	0.3101	0.0315	0.553	0.0789	0.3952
371	18	Salamence	3	0.5628	0.3971	0.1256	0.553	0	0.5628
371	19	Salamence	3	0.5407	0.353	0.0917	0.553	0.0123	0.5284
374	1	Beldum	1	0.3075	0.282	-0.1211	0.6231	0.3156	-0.0081
374	2	Metang	2	0.4295	0.3774	-0.0741	0.6231	0.1936	0.2359
374	3	Metang	2	0.4179	0.3402	-0.0764	0.6231	0.2052	0.2127
374	4	Metang	2	0.4134	0.3187	-0.2057	0.6231	0.2097	0.2037
374	5	Metang	2	0.4226	0.3137	-0.1372	0.6231	0.2005	0.2221
374	6	Metang	2	0.7236	0.3067	0.2331	0.6231	0	0.7236
374	7	Metang	2	0.5058	0.2764	-0.0178	0.6231	0.1173	0.3885
374	8	Metagross	3	0.5837	0.3095	0.0847	0.6231	0.0394	0.5443
374	9	Metagross	3	0.7021	0.4481	0.1783	0.6231	0	0.7021
374	10	Metagross	3	0.6391	0.3915	0.124	0.6231	0	0.6391
374	11	Metagross	3	0.6093	0.3559	0.0819	0.6231	0.0138	0.5955
374	12	Metagross	3	0.7133	0.4202	0.2267	0.6231	0	0.7133
374	13	Metagross	3	0.7016	0.4102	0.1889	0.6231	0	0.7016
374	14	Metagross	3	0.7003	0.367	0.1761	0.6231	0	0.7003
374	15	Metagross	3	0.604	0.4524	0.069	0.6231	0.0191	0.5849
374	16	Metagross	3	0.6231	0.338	0.1229	0.6231	0	0.6231
374	17	Metagross	3	0.6629	0.3801	0.1488	0.6231	0	0.6629
374	18	Metagross	3	0.6584	0.386	0.1781	0.6231	0	0.6584
374	19	Metagross	3	0.639	0.3761	0.1423	0.6231	0	0.639
377	13	Regirock	1	0.7478	0.3886	0.3242	0.6685	0	0.7478
377	14	Regirock	1	0.683	0.367	0.2555	0.6685	0	0.683
377	15	Regirock	1	0.6864	0.3787	0.2391	0.6685	0	0.6864
377	16	Regirock	1	0.6283	0.3442	0.2242	0.6685	0.0402	0.5881
377	17	Regirock	1	0.6482	0.3638	0.2616	0.6685	0.0203	0.6279
377	18	Regirock	1	0.539	0.3728	0.0912	0.6685	0.1295	0.4095
377	19	Regirock	1	0.6685	0.3696	0.2709	0.6685	0	0.6685
378	13	Regice	1	0.6073	0.3569	0.1417	0.5913	0	0.6073
378	14	Regice	1	0.6102	0.3755	0.1596	0.5913	0	0.6102
378	15	Regice	1	0.6517	0.3764	0.126	0.5913	0	0.6517
378	16	Regice	1	0.5659	0.3426	0.1286	0.5913	0.0254	0.5405
378	17	Regice	1	0.5893	0.2985	0.1267	0.5913	0.002	0.5873
378	18	Regice	1	0.5869	0.366	0.1576	0.5913	0.0044	0.5825
378	19	Regice	1	0.5913	0.3438	0.1199	0.5913	0	0.5913
379	13	Registeel	1	0.7388	0.4005	0.3383	0.6148	0	0.7388
379	14	Registeel	1	0.6714	0.4068	0.239	0.6148	0	0.6714
379	15	Registeel	1	0.6148	0.4269	0.1879	0.6148	0	0.6148
379	16	Registeel	1	0.5929	0.3385	0.1893	0.6148	0.0219	0.571
379	17	Registeel	1	0.6896	0.3834	0.2879	0.6148	0	0.6896
379	18	Registeel	1	0.5702	0.3603	0.2099	0.6148	0.0446	0.5256
379	19	Registeel	1	0.5785	0.3642	0.2143	0.6148	0.0363	0.5422
380	13	Latias	1	0.6458	0.3332	0.1628	0.6458	0	0.6458
380	14	Latias	1	0.6495	0.3472	0.1504	0.6458	0	0.6495
380	15	Latias	1	0.6204	0.3932	0.0989	0.6458	0.0254	0.595
380	16	Latias	1	0.6502	0.4522	0.1723	0.6458	0	0.6502
380	17	Latias	1	0.5558	0.2953	0.1133	0.6458	0.09	0.4658
380	18	Latias	1	0.7032	0.4128	0.2105	0.6458	0	0.7032
380	19	Latias	1	0.6412	0.3731	0.1568	0.6458	0.0046	0.6366
381	13	Latios	1	0.6135	0.348	0.1305	0.6321	0.0186	0.5949
381	14	Latios	1	0.6324	0.3532	0.1333	0.6321	0	0.6324
381	15	Latios	1	0.6321	0.3538	0.1106	0.6321	0	0.6321
381	16	Latios	1	0.6352	0.4455	0.1573	0.6321	0	0.6352
381	17	Latios	1	0.5276	0.2912	0.0851	0.6321	0.1045	0.4231
381	18	Latios	1	0.6779	0.419	0.2003	0.6321	0	0.6779
381	19	Latios	1	0.6124	0.3683	0.128	0.6321	0.0197	0.5927
382	13	Kyogre	1	0.6672	0.5012	0.1055	0.643	0	0.6672
382	14	Kyogre	1	0.6168	0.3558	0.0713	0.643	0.0262	0.5906
382	15	Kyogre	1	0.575	0.524	0.0369	0.643	0.068	0.507
382	16	Kyogre	1	0.6547	0.4391	0.1167	0.643	0	0.6547
382	17	Kyogre	1	0.6783	0.5437	0.179	0.643	0	0.6783
382	18	Kyogre	1	0.6237	0.4303	0.1193	0.643	0.0193	0.6044
382	19	Kyogre	1	0.643	0.4861	0.134	0.643	0	0.643
383	13	Groudon	1	0.6785	0.4507	0.1658	0.6373	0	0.6785
383	14	Groudon	1	0.5921	0.3936	0.0679	0.6373	0.0452	0.5469
383	15	Groudon	1	0.5587	0.508	0.0237	0.6373	0.0786	0.4801
383	16	Groudon	1	0.6373	0.4203	0.1371	0.6373	0	0.6373
383	17	Groudon	1	0.6412	0.5141	0.1271	0.6373	0	0.6412
383	18	Groudon	1	0.6306	0.4803	0.1503	0.6373	0.0067	0.6239
383	19	Groudon	1	0.6468	0.4522	0.1501	0.6373	0	0.6468
384	13	Rayquaza	1	0.6949	0.4733	0.2316	0.6496	0	0.6949
384	14	Rayquaza	1	0.6778	0.4968	0.1974	0.6496	0	0.6778
384	15	Rayquaza	1	0.6615	0.4768	0.1545	0.6496	0	0.6615
384	16	Rayquaza	1	0.6496	0.4824	0.1828	0.6496	0	0.6496
384	17	Rayquaza	1	0.5437	0.3216	0.1121	0.6496	0.1059	0.4378
384	18	Rayquaza	1	0.628	0.4637	0.1774	0.6496	0.0216	0.6064
384	19	Rayquaza	1	0.6296	0.4472	0.1928	0.6496	0.02	0.6096
385	4	Jirachi	1	0.6551	0.5133	0.1418	0.7217	0.0666	0.5885
385	5	Jirachi	1	0.5919	0.6039	0.1166	0.7217	0.1298	0.4621
385	6	Jirachi	1	0.7209	0.4738	0.2656	0.7217	0.0008	0.7201
385	7	Jirachi	1	0.6301	0.3324	0.2208	0.7217	0.0916	0.5385
385	8	Jirachi	1	0.5463	0.3002	0.0581	0.7217	0.1754	0.3709
385	9	Jirachi	1	0.7572	0.4979	0.2593	0.7217	0	0.7572
385	10	Jirachi	1	0.7158	0.5152	0.1998	0.7217	0.0059	0.7099
385	11	Jirachi	1	0.737	0.4204	0.1373	0.7217	0	0.737
385	12	Jirachi	1	0.8064	0.4724	0.3487	0.7217	0	0.8064
385	13	Jirachi	1	0.7577	0.4694	0.3149	0.7217	0	0.7577
385	14	Jirachi	1	0.7225	0.4293	0.3021	0.7217	0	0.7225
385	15	Jirachi	1	0.7235	0.5647	0.2435	0.7217	0	0.7235
385	16	Jirachi	1	0.6233	0.3626	0.2197	0.7217	0.0984	0.5249
385	17	Jirachi	1	0.7376	0.5216	0.3035	0.7217	0	0.7376
385	18	Jirachi	1	0.7516	0.3901	0.336	0.7217	0	0.7516
385	19	Jirachi	1	0.6959	0.4413	0.3042	0.7217	0.0258	0.6701
386	9	Deoxys-Normal	1	0.6484	0.4044	0.1686	0.6484	0	0.6484
386	10	Deoxys-Normal	1	0.6488	0.3694	0.1633	0.6484	0	0.6488
386	11	Deoxys-Normal	1	0.6615	0.4162	0.1446	0.6484	0	0.6615
386	12	Deoxys-Normal	1	0.6591	0.4152	0.193	0.6484	0	0.6591
386	13	Deoxys-Normal	1	0.6658	0.4029	0.1828	0.6484	0	0.6658
386	14	Deoxys-Normal	1	0.6307	0.428	0.1316	0.6484	0.0177	0.613
386	15	Deoxys-Normal	1	0.6682	0.4066	0.1467	0.6484	0	0.6682
386	16	Deoxys-Normal	1	0.6131	0.4152	0.1352	0.6484	0.0353	0.5778
386	17	Deoxys-Normal	1	0.6055	0.3619	0.163	0.6484	0.0429	0.5626
386	18	Deoxys-Normal	1	0.6065	0.4098	0.1289	0.6484	0.0419	0.5646
386	19	Deoxys-Normal	1	0.6334	0.4133	0.149	0.6484	0.015	0.6184
387	1	Turtwig	1	0.5934	0.4058	0.1736	0.6236	0.0302	0.5632
387	2	Grotle	2	0.4284	0.3556	-0.0752	0.6236	0.1952	0.2332
387	3	Grotle	2	0.4602	0.3883	-0.0341	0.6236	0.1634	0.2968
387	4	Grotle	2	0.3722	0.3148	-0.2644	0.6236	0.2514	0.1208
387	5	Grotle	2	0.3992	0.3632	-0.1364	0.6236	0.2244	0.1748
387	6	Grotle	2	0.4783	0.3209	-0.0625	0.6236	0.1453	0.333
387	7	Torterra	3	0.5977	0.4495	0.0741	0.6236	0.0259	0.5718
387	8	Torterra	3	0.5374	0.3721	0.0384	0.6236	0.0862	0.4512
387	9	Torterra	3	0.652	0.4525	0.1282	0.6236	0	0.652
387	10	Torterra	3	0.6651	0.4551	0.15	0.6236	0	0.6651
387	11	Torterra	3	0.6215	0.4904	0.0941	0.6236	0.0021	0.6194
387	12	Torterra	3	0.6632	0.4288	0.1766	0.6236	0	0.6632
387	13	Torterra	3	0.6526	0.4614	0.1399	0.6236	0	0.6526
387	14	Torterra	3	0.642	0.4982	0.1178	0.6236	0	0.642
387	15	Torterra	3	0.6372	0.4519	0.1022	0.6236	0	0.6372
387	16	Torterra	3	0.6471	0.4248	0.1469	0.6236	0	0.6471
387	17	Torterra	3	0.6909	0.4178	0.1768	0.6236	0	0.6909
387	18	Torterra	3	0.6414	0.4609	0.1611	0.6236	0	0.6414
387	19	Torterra	3	0.6236	0.4338	0.1269	0.6236	0	0.6236
390	1	Chimchar	1	0.4831	0.2561	-0.0019	0.5658	0.0827	0.4004
390	2	Monferno	2	0.4778	0.3985	-0.047	0.5658	0.088	0.3898
390	3	Monferno	2	0.5088	0.4289	-0.0242	0.5658	0.057	0.4518
390	4	Monferno	2	0.4528	0.3441	-0.1663	0.5658	0.113	0.3398
390	5	Monferno	2	0.5078	0.3544	-0.052	0.5658	0.058	0.4498
390	6	Monferno	2	0.4571	0.3226	0.0233	0.5658	0.1087	0.3484
390	7	Infernape	3	0.5827	0.4221	0.0927	0.5658	0	0.5827
390	8	Infernape	3	0.5903	0.3985	0.1021	0.5658	0	0.5903
390	9	Infernape	3	0.6071	0.4166	0.109	0.5658	0	0.6071
390	10	Infernape	3	0.601	0.4082	0.1392	0.5658	0	0.601
390	11	Infernape	3	0.5234	0.3645	-0.0259	0.5658	0.0424	0.481
390	12	Infernape	3	0.5863	0.4063	0.1346	0.5658	0	0.5863
390	13	Infernape	3	0.5658	0.3769	0.0828	0.5658	0	0.5658
390	14	Infernape	3	0.6225	0.3832	0.1234	0.5658	0	0.6225
390	15	Infernape	3	0.6083	0.3384	0.0868	0.5658	0	0.6083
390	16	Infernape	3	0.5805	0.3798	0.1026	0.5658	0	0.5805
390	17	Infernape	3	0.5411	0.3494	0.0986	0.5658	0.0247	0.5164
390	18	Infernape	3	0.5614	0.3569	0.0838	0.5658	0.0044	0.557
390	19	Infernape	3	0.5805	0.3637	0.0961	0.5658	0	0.5805
393	1	Piplup	1	0.6354	0.5283	0.0766	0.5853	0	0.6354
393	2	Prinplup	2	0.4869	0.4073	-0.0379	0.5853	0.0984	0.3885
393	3	Prinplup	2	0.4504	0.3827	-0.0826	0.5853	0.1349	0.3155
393	4	Prinplup	2	0.4807	0.4196	-0.1384	0.5853	0.1046	0.3761
393	5	Prinplup	2	0.4783	0.3835	-0.0815	0.5853	0.107	0.3713
393	6	Prinplup	2	0.4022	0.2391	-0.0246	0.5853	0.1831	0.2191
393	7	Empoleon	3	0.6423	0.4671	0.1523	0.5853	0	0.6423
393	8	Empoleon	3	0.6224	0.4081	0.1342	0.5853	0	0.6224
393	9	Empoleon	3	0.5853	0.4262	0.0872	0.5853	0	0.5853
393	10	Empoleon	3	0.5441	0.3884	0.0823	0.5853	0.0412	0.5029
393	11	Empoleon	3	0.6112	0.4205	0.0619	0.5853	0	0.6112
393	12	Empoleon	3	0.5864	0.4258	0.1347	0.5853	0	0.5864
393	13	Empoleon	3	0.6671	0.4481	0.1841	0.5853	0	0.6671
393	14	Empoleon	3	0.5667	0.3798	0.0676	0.5853	0.0186	0.5481
393	15	Empoleon	3	0.5981	0.3896	0.0766	0.5853	0	0.5981
393	16	Empoleon	3	0.5509	0.3989	0.073	0.5853	0.0344	0.5165
393	17	Empoleon	3	0.6787	0.4279	0.2362	0.5853	0	0.6787
393	18	Empoleon	3	0.5567	0.3613	0.0791	0.5853	0.0286	0.5281
393	19	Empoleon	3	0.6113	0.4062	0.1269	0.5853	0	0.6113
396	1	Staravia	2	0.4971	0.4045	-0.1055	0.5879	0.0908	0.4063
396	2	Staravia	2	0.4681	0.4193	-0.0567	0.5879	0.1198	0.3483
396	3	Staravia	2	0.4278	0.33	-0.1052	0.5879	0.1601	0.2677
396	4	Staravia	2	0.4853	0.3884	-0.1338	0.5879	0.1026	0.3827
396	5	Staravia	2	0.4706	0.344	-0.0892	0.5879	0.1173	0.3533
396	6	Staraptor	3	0.4487	0.3204	-0.0418	0.5879	0.1392	0.3095
396	7	Staraptor	3	0.5961	0.4478	0.0725	0.5879	0	0.5961
396	8	Staraptor	3	0.521	0.3748	0.022	0.5879	0.0669	0.4541
396	9	Staraptor	3	0.5854	0.4323	0.0616	0.5879	0.0025	0.5829
396	10	Staraptor	3	0.6584	0.4562	0.1433	0.5879	0	0.6584
396	11	Staraptor	3	0.6432	0.4427	0.1158	0.5879	0	0.6432
396	12	Staraptor	3	0.5879	0.4019	0.1013	0.5879	0	0.5879
396	13	Staraptor	3	0.6415	0.421	0.1704	0.5879	0	0.6415
396	14	Staraptor	3	0.6381	0.3911	0.1331	0.5879	0	0.6381
396	15	Staraptor	3	0.7129	0.4466	0.2103	0.5879	0	0.7129
396	16	Staraptor	3	0.6261	0.4196	0.1579	0.5879	0	0.6261
396	17	Staraptor	3	0.6471	0.4263	0.2045	0.5879	0	0.6471
396	18	Staraptor	3	0.5553	0.4084	0.1181	0.5879	0.0326	0.5227
396	19	Staraptor	3	0.6262	0.419	0.1772	0.5879	0	0.6262
399	1	Bibarel	2	0.4414	0.4557	-0.1311	0.4951	0.0537	0.3877
399	2	Bibarel	2	0.4529	0.3809	-0.0719	0.4951	0.0422	0.4107
399	3	Bibarel	2	0.4005	0.3394	-0.1325	0.4951	0.0946	0.3059
399	4	Bibarel	2	0.4246	0.3785	-0.0848	0.4951	0.0705	0.3541
399	5	Bibarel	2	0.4338	0.3242	-0.0576	0.4951	0.0613	0.3725
399	6	Bibarel	2	0.4488	0.3072	-0.0795	0.4951	0.0463	0.4025
399	7	Bibarel	2	0.4951	0.335	-0.0285	0.4951	0	0.4951
399	8	Bibarel	2	0.5107	0.3257	0.0117	0.4951	0	0.5107
399	9	Bibarel	2	0.522	0.3474	-0.0018	0.4951	0	0.522
399	10	Bibarel	2	0.5271	0.344	0.012	0.4951	0	0.5271
399	11	Bibarel	2	0.4832	0.3472	-0.0442	0.4951	0.0119	0.4713
399	12	Bibarel	2	0.5147	0.3429	0.0281	0.4951	0	0.5147
399	13	Bibarel	2	0.6413	0.3581	0.2544	0.4951	0	0.6413
399	14	Bibarel	2	0.5808	0.3355	0.1829	0.4951	0	0.5808
399	15	Bibarel	2	0.6095	0.3555	0.2202	0.4951	0	0.6095
399	16	Bibarel	2	0.4948	0.3307	0.1426	0.4951	0.0003	0.4945
399	17	Bibarel	2	0.5618	0.3275	0.2343	0.4951	0	0.5618
399	18	Bibarel	2	0.4739	0.305	0.1306	0.4951	0.0212	0.4527
399	19	Bibarel	2	0.5537	0.3624	0.1913	0.4951	0	0.5537
4	1	Charizard	3	0.5341	0.5164	0.0216	0.6058	0.0717	0.4624
4	2	Charizard	3	0.5668	0.5326	0.0985	0.6058	0.039	0.5278
4	3	Charizard	3	0.5164	0.4707	0.0555	0.6058	0.0894	0.427
4	4	Charizard	3	0.5739	0.551	0.0602	0.6058	0.0319	0.542
4	5	Charizard	3	0.6058	0.542	0.0593	0.6058	0	0.6058
4	6	Charizard	3	0.6059	0.3785	0.1173	0.6058	0	0.6059
4	7	Charizard	3	0.6044	0.3901	0.0819	0.6058	0.0014	0.603
4	8	Charizard	3	0.6165	0.3923	0.0832	0.6058	0	0.6165
4	9	Charizard	3	0.657	0.4386	0.1354	0.6058	0	0.657
4	10	Charizard	3	0.6771	0.416	0.1609	0.6058	0	0.6771
4	11	Charizard	3	0.5973	0.3511	0.0146	0.6058	0.0085	0.5888
4	12	Charizard	3	0.6075	0.3658	0.0966	0.6058	0	0.6075
4	13	Charizard	3	0.6428	0.3796	0.0811	0.6058	0	0.6428
4	14	Charizard	3	0.6108	0.3373	0.0653	0.6058	0	0.6108
4	15	Charizard	3	0.6856	0.4058	0.1475	0.6058	0	0.6856
4	16	Charizard	3	0.5829	0.3492	0.0449	0.6058	0.0229	0.56
4	17	Charizard	3	0.5763	0.3324	0.077	0.6058	0.0295	0.5468
4	18	Charizard	3	0.5965	0.3502	0.0921	0.6058	0.0093	0.5872
4	19	Charizard	3	0.636	0.3634	0.127	0.6058	0	0.636
401	1	Kricketune	2	0.5105	0.4797	-0.0921	0.5228	0.0123	0.4982
401	2	Kricketune	2	0.526	0.4838	0.0224	0.5228	0	0.526
401	3	Kricketune	2	0.5228	0.4499	0.0285	0.5228	0	0.5228
401	4	Kricketune	2	0.568	0.4699	0.0586	0.5228	0	0.568
401	5	Kricketune	2	0.5259	0.4113	0.0141	0.5228	0	0.5259
401	6	Kricketune	2	0.5771	0.3794	0.1433	0.5228	0	0.5771
401	7	Kricketune	2	0.5206	0.3849	0.0526	0.5228	0.0022	0.5184
401	8	Kricketune	2	0.4667	0.3421	0.0395	0.5228	0.0561	0.4106
401	9	Kricketune	2	0.5519	0.4015	0.0686	0.5228	0	0.5519
401	10	Kricketune	2	0.5552	0.3592	0.0939	0.5228	0	0.5552
401	11	Kricketune	2	0.595	0.3953	0.0963	0.5228	0	0.595
401	12	Kricketune	2	0.5173	0.3745	0.0585	0.5228	0.0055	0.5118
401	13	Kricketune	2	0.479	0.378	0.0157	0.5228	0.0438	0.4352
401	14	Kricketune	2	0.5618	0.3506	0.0814	0.5228	0	0.5618
401	15	Kricketune	2	0.6006	0.4127	0.0936	0.5228	0	0.6006
401	16	Kricketune	2	0.4958	0.3308	0.029	0.5228	0.027	0.4688
401	17	Kricketune	2	0.4757	0.3076	0.0441	0.5228	0.0471	0.4286
401	18	Kricketune	2	0.4337	0.3149	-0.0169	0.5228	0.0891	0.3446
401	19	Kricketune	2	0.4487	0.3305	0.0119	0.5228	0.0741	0.3746
403	1	Luxio	2	0.3673	0.3329	-0.2582	0.5769	0.2096	0.1577
403	2	Luxio	2	0.4183	0.353	-0.1576	0.5769	0.1586	0.2597
403	3	Luxio	2	0.378	0.3317	-0.2028	0.5769	0.1989	0.1791
403	4	Luxray	3	0.458	0.362	0.0197	0.5769	0.1189	0.3391
403	5	Luxray	3	0.5257	0.4509	0.0343	0.5769	0.0512	0.4745
403	6	Luxray	3	0.6107	0.3598	0.0824	0.5769	0	0.6107
403	7	Luxray	3	0.5711	0.3328	0.1031	0.5769	0.0058	0.5653
403	8	Luxray	3	0.5769	0.3272	0.1497	0.5769	0	0.5769
403	9	Luxray	3	0.6161	0.3594	0.0923	0.5769	0	0.6161
403	10	Luxray	3	0.5677	0.3013	0.0526	0.5769	0.0092	0.5585
403	11	Luxray	3	0.6494	0.4046	0.122	0.5769	0	0.6494
403	12	Luxray	3	0.6011	0.3283	0.1145	0.5769	0	0.6011
403	13	Luxray	3	0.6683	0.3985	0.1556	0.5769	0	0.6683
403	14	Luxray	3	0.6826	0.4356	0.1584	0.5769	0	0.6826
403	15	Luxray	3	0.6786	0.3997	0.1436	0.5769	0	0.6786
403	16	Luxray	3	0.5877	0.3746	0.0875	0.5769	0	0.5877
403	17	Luxray	3	0.5495	0.3146	0.0354	0.5769	0.0274	0.5221
403	18	Luxray	3	0.5473	0.3454	0.067	0.5769	0.0296	0.5177
403	19	Luxray	3	0.5808	0.3907	0.0841	0.5769	0	0.5808
406	1	Budew	1	0.5892	0.3729	0.2009	0.5567	0	0.5892
406	2	Roselia	2	0.5567	0.3611	0.2877	0.5567	0	0.5567
406	3	Roselia	2	0.5835	0.3983	0.1852	0.5567	0	0.5835
406	4	Roselia	2	0.529	0.3986	-0.0808	0.5567	0.0277	0.5013
406	5	Roselia	2	0.5189	0.3155	0.0071	0.5567	0.0378	0.4811
406	6	Roserade	3	0.5867	0.3579	0.1529	0.5567	0	0.5867
406	7	Roserade	3	0.5991	0.3738	0.1311	0.5567	0	0.5991
406	8	Roserade	3	0.502	0.2838	-0.0313	0.5567	0.0547	0.4473
406	9	Roserade	3	0.5462	0.3407	0.0246	0.5567	0.0105	0.5357
406	10	Roserade	3	0.6065	0.3382	0.0903	0.5567	0	0.6065
406	11	Roserade	3	0.6075	0.331	0.0248	0.5567	0	0.6075
406	12	Roserade	3	0.5841	0.2965	0.0732	0.5567	0	0.5841
406	13	Roserade	3	0.5609	0.3117	-0.0008	0.5567	0	0.5609
406	14	Roserade	3	0.6118	0.3332	0.0663	0.5567	0	0.6118
406	15	Roserade	3	0.5464	0.2683	0.0083	0.5567	0.0103	0.5361
406	16	Roserade	3	0.5397	0.3056	0.0017	0.5567	0.017	0.5227
406	17	Roserade	3	0.5528	0.3121	0.0535	0.5567	0.0039	0.5489
406	18	Roserade	3	0.4913	0.2368	-0.0131	0.5567	0.0654	0.4259
406	19	Roserade	3	0.5344	0.2796	0.0254	0.5567	0.0223	0.5121
408	4	Rampardos	2	0.4625	0.3527	-0.0678	0.5293	0.0668	0.3957
408	5	Rampardos	2	0.502	0.2884	-0.0604	0.5293	0.0273	0.4747
408	6	Rampardos	2	0.5996	0.2821	0.1091	0.5293	0	0.5996
408	7	Rampardos	2	0.521	0.2975	-0.0026	0.5293	0.0083	0.5127
408	8	Rampardos	2	0.5406	0.3445	0.0416	0.5293	0	0.5406
408	9	Rampardos	2	0.5294	0.3616	0.0056	0.5293	0	0.5294
408	10	Rampardos	2	0.5293	0.3588	0.0142	0.5293	0	0.5293
408	11	Rampardos	2	0.539	0.3811	0.0116	0.5293	0	0.539
408	12	Rampardos	2	0.5523	0.381	0.0657	0.5293	0	0.5523
408	13	Rampardos	2	0.5885	0.3952	0.0758	0.5293	0	0.5885
408	14	Rampardos	2	0.5504	0.3733	0.0262	0.5293	0	0.5504
408	15	Rampardos	2	0.5899	0.4117	0.0549	0.5293	0	0.5899
408	16	Rampardos	2	0.4902	0.3668	-0.01	0.5293	0.0391	0.4511
408	17	Rampardos	2	0.5244	0.3369	0.0103	0.5293	0.005	0.5194
408	18	Rampardos	2	0.512	0.3885	0.0317	0.5293	0.0173	0.4947
408	19	Rampardos	2	0.5047	0.3693	0.008	0.5293	0.0246	0.4801
41	1	Zubat	1	0.4685	0.343	-0.1341	0.5393	0.0708	0.3977
41	2	Zubat	1	0.4512	0.2808	-0.0736	0.5393	0.0881	0.3631
41	3	Golbat	2	0.4114	0.3514	0.0442	0.5393	0.1279	0.2835
41	4	Crobat	3	0.5484	0.5268	-0.0707	0.5393	0	0.5484
41	5	Crobat	3	0.5325	0.4894	-0.0273	0.5393	0.0068	0.5257
41	6	Crobat	3	0.4707	0.3616	0.017	0.5393	0.0686	0.4021
41	7	Crobat	3	0.5345	0.3962	0.0465	0.5393	0.0048	0.5297
41	8	Crobat	3	0.5848	0.3833	0.1541	0.5393	0	0.5848
41	9	Crobat	3	0.6149	0.406	0.1552	0.5393	0	0.6149
41	10	Crobat	3	0.5937	0.3682	0.128	0.5393	0	0.5937
41	11	Crobat	3	0.5393	0.3918	0.0522	0.5393	0	0.5393
41	12	Crobat	3	0.514	0.3399	0.0725	0.5393	0.0253	0.4887
41	13	Crobat	3	0.5358	0.3764	0.0528	0.5393	0.0035	0.5323
41	14	Crobat	3	0.5988	0.3659	0.0997	0.5393	0	0.5988
41	15	Crobat	3	0.6299	0.3129	0.1084	0.5393	0	0.6299
41	16	Crobat	3	0.6048	0.357	0.1269	0.5393	0	0.6048
41	17	Crobat	3	0.5919	0.315	0.1494	0.5393	0	0.5919
41	18	Crobat	3	0.5025	0.3188	0.0249	0.5393	0.0368	0.4657
41	19	Crobat	3	0.6147	0.3488	0.1303	0.5393	0	0.6147
410	4	Bastiodon	2	0.3896	0.3368	-0.0102	0.5343	0.1446	0.245
410	5	Bastiodon	2	0.4151	0.3175	0.0698	0.5343	0.1191	0.296
410	6	Bastiodon	2	0.7568	0.3943	0.3707	0.5343	0	0.7568
410	7	Bastiodon	2	0.5416	0.3221	0.1061	0.5343	0	0.5416
410	8	Bastiodon	2	0.5376	0.3207	0.1294	0.5343	0	0.5376
410	9	Bastiodon	2	0.5927	0.3332	0.1928	0.5343	0	0.5927
410	10	Bastiodon	2	0.4659	0.3171	0.0675	0.5343	0.0684	0.3975
410	11	Bastiodon	2	0.4773	0.2866	0.0723	0.5343	0.057	0.4203
410	12	Bastiodon	2	0.6705	0.3647	0.2716	0.5343	0	0.6705
410	13	Bastiodon	2	0.756	0.4072	0.3559	0.5343	0	0.756
410	14	Bastiodon	2	0.598	0.3321	0.2293	0.5343	0	0.598
410	15	Bastiodon	2	0.5006	0.3091	0.0835	0.5343	0.0336	0.467
410	16	Bastiodon	2	0.4943	0.2923	0.1046	0.5343	0.0399	0.4544
410	17	Bastiodon	2	0.4846	0.3311	0.0682	0.5343	0.0497	0.4349
410	18	Bastiodon	2	0.5309	0.2829	0.1079	0.5343	0.0033	0.5276
410	19	Bastiodon	2	0.6065	0.3279	0.1919	0.5343	0	0.6065
412	1	Mothim-Plant	2	0.4619	0.3987	-0.1407	0.4918	0.0299	0.432
412	2	Mothim-Plant	2	0.5065	0.4242	0.0382	0.4918	0	0.5065
412	3	Mothim-Plant	2	0.4744	0.3633	0.0135	0.4918	0.0174	0.457
412	4	Mothim-Plant	2	0.6112	0.4462	0.0975	0.4918	0	0.6112
412	5	Mothim-Plant	2	0.5353	0.36	-0.0112	0.4918	0	0.5353
412	6	Wormadam-Plant	2	0.4955	0.2914	0.0069	0.4918	0	0.4955
412	7	Mothim-Plant	2	0.4918	0.342	0.0238	0.4918	0	0.4918
412	8	Mothim-Plant	2	0.451	0.3258	0.0238	0.4918	0.0408	0.4102
412	9	Mothim-Plant	2	0.501	0.3807	0.0177	0.4918	0	0.501
412	10	Wormadam-Plant	2	0.5239	0.3808	0.0077	0.4918	0	0.5239
412	11	Mothim-Plant	2	0.5127	0.3438	0.014	0.4918	0	0.5127
412	12	Mothim-Plant	2	0.4139	0.2779	-0.0449	0.4918	0.0779	0.336
412	13	Mothim-Plant	2	0.4378	0.3453	-0.0255	0.4918	0.054	0.3838
412	14	Mothim-Plant	2	0.5087	0.3344	0.0283	0.4918	0	0.5087
412	15	Wormadam-Plant	2	0.6093	0.3568	0.0712	0.4918	0	0.6093
412	16	Mothim-Plant	2	0.4529	0.3021	-0.0139	0.4918	0.0389	0.414
412	17	Mothim-Plant	2	0.4788	0.2636	0.0472	0.4918	0.013	0.4658
412	18	Mothim-Plant	2	0.4128	0.2701	-0.0378	0.4918	0.079	0.3338
412	19	Mothim-Plant	2	0.4652	0.2946	0.0284	0.4918	0.0266	0.4386
415	3	Vespiquen	2	0.3652	0.2722	0.093	0.5437	0.1785	0.1867
415	4	Vespiquen	2	0.6857	0.6564	0.0958	0.5437	0	0.6857
415	5	Vespiquen	2	0.593	0.3277	0.0958	0.5437	0	0.593
415	6	Vespiquen	2	0.4437	0.3548	-0.01	0.5437	0.1	0.3437
415	7	Vespiquen	2	0.3897	0.3667	-0.0209	0.5437	0.154	0.2357
415	8	Vespiquen	2	0.3871	0.3755	-0.0297	0.5437	0.1566	0.2305
415	9	Vespiquen	2	0.594	0.4114	0.0442	0.5437	0	0.594
415	10	Vespiquen	2	0.7059	0.466	0.2201	0.5437	0	0.7059
415	11	Vespiquen	2	0.6535	0.4322	0.2213	0.5437	0	0.6535
415	12	Vespiquen	2	0.485	0.2526	0.1155	0.5437	0.0587	0.4263
415	13	Vespiquen	2	0.5196	0.4099	0.0768	0.5437	0.0241	0.4955
415	14	Vespiquen	2	0.642	0.4204	0.2216	0.5437	0	0.642
415	15	Vespiquen	2	0.7038	0.4922	0.1784	0.5437	0	0.7038
415	16	Vespiquen	2	0.4651	0.3352	0.0615	0.5437	0.0786	0.3865
415	17	Vespiquen	2	0.6035	0.3352	0.1694	0.5437	0	0.6035
415	18	Vespiquen	2	0.4797	0.3407	0.0641	0.5437	0.064	0.4157
415	19	Vespiquen	2	0.5437	0.3569	0.152	0.5437	0	0.5437
417	4	Pachirisu	1	0.5999	0.4912	0.0696	0.6031	0.0032	0.5967
417	5	Pachirisu	1	0.6649	0.4946	0.1833	0.6031	0	0.6649
417	6	Pachirisu	1	0.6879	0.3873	0.2342	0.6031	0	0.6879
417	7	Pachirisu	1	0.6078	0.3668	0.2115	0.6031	0	0.6078
417	8	Pachirisu	1	0.6037	0.3819	0.2447	0.6031	0	0.6037
417	9	Pachirisu	1	0.6024	0.3826	0.2198	0.6031	0.0007	0.6017
417	10	Pachirisu	1	0.4946	0.3211	0.1602	0.6031	0.1085	0.3861
417	11	Pachirisu	1	0.6094	0.4513	0.2493	0.6031	0	0.6094
417	12	Pachirisu	1	0.5419	0.3352	0.2067	0.6031	0.0612	0.4807
417	13	Pachirisu	1	0.6201	0.3707	0.2296	0.6031	0	0.6201
417	14	Pachirisu	1	0.6504	0.4309	0.2296	0.6031	0	0.6504
417	15	Pachirisu	1	0.6204	0.3718	0.2389	0.6031	0	0.6204
417	16	Pachirisu	1	0.5429	0.3659	0.1396	0.6031	0.0602	0.4827
417	17	Pachirisu	1	0.5846	0.3333	0.2513	0.6031	0.0185	0.5661
417	18	Pachirisu	1	0.5652	0.3445	0.2207	0.6031	0.0379	0.5273
417	19	Pachirisu	1	0.5805	0.3498	0.226	0.6031	0.0226	0.5579
418	1	Buizel	1	0.5597	0.4705	-0.0429	0.5597	0	0.5597
418	2	Buizel	1	0.4962	0.3841	-0.0286	0.5597	0.0635	0.4327
418	3	Floatzel	2	0.5179	0.4357	-0.0151	0.5597	0.0418	0.4761
418	4	Floatzel	2	0.5724	0.4988	-0.0467	0.5597	0	0.5724
418	5	Floatzel	2	0.5377	0.4823	-0.0221	0.5597	0.022	0.5157
418	6	Floatzel	2	0.4445	0.3037	0.0177	0.5597	0.1152	0.3293
418	7	Floatzel	2	0.579	0.404	0.0565	0.5597	0	0.579
418	8	Floatzel	2	0.5265	0.3898	0.0993	0.5597	0.0332	0.4933
418	9	Floatzel	2	0.5928	0.3928	0.1095	0.5597	0	0.5928
418	10	Floatzel	2	0.5747	0.377	0.1134	0.5597	0	0.5747
418	11	Floatzel	2	0.5424	0.3315	0.0437	0.5597	0.0173	0.5251
418	12	Floatzel	2	0.5954	0.3741	0.1366	0.5597	0	0.5954
418	13	Floatzel	2	0.5903	0.3792	0.127	0.5597	0	0.5903
418	14	Floatzel	2	0.5815	0.366	0.1011	0.5597	0	0.5815
418	15	Floatzel	2	0.6003	0.3695	0.0933	0.5597	0	0.6003
418	16	Floatzel	2	0.5792	0.3912	0.1124	0.5597	0	0.5792
418	17	Floatzel	2	0.5071	0.3767	0.0755	0.5597	0.0526	0.4545
418	18	Floatzel	2	0.4968	0.3518	0.0462	0.5597	0.0629	0.4339
418	19	Floatzel	2	0.5587	0.3768	0.1219	0.5597	0.001	0.5577
420	4	Cherrim-Overcast	2	0.5044	0.4435	0.0661	0.4896	0	0.5044
420	5	Cherrim-Overcast	2	0.5511	0.4413	0.0393	0.4896	0	0.5511
420	6	Cherrim-Overcast	2	0.5194	0.3328	0.0856	0.4896	0	0.5194
420	7	Cherrim-Overcast	2	0.4839	0.3691	-0.0397	0.4896	0.0057	0.4782
420	8	Cherrim-Overcast	2	0.3827	0.2858	-0.1163	0.4896	0.1069	0.2758
420	9	Cherrim-Overcast	2	0.4265	0.3579	-0.0973	0.4896	0.0631	0.3634
420	10	Cherrim-Overcast	2	0.4775	0.4129	-0.0376	0.4896	0.0121	0.4654
420	11	Cherrim-Overcast	2	0.5718	0.3977	0.0444	0.4896	0	0.5718
420	12	Cherrim-Overcast	2	0.4564	0.2941	-0.0302	0.4896	0.0332	0.4232
420	13	Cherrim-Overcast	2	0.4772	0.3295	-0.0355	0.4896	0.0124	0.4648
420	14	Cherrim-Overcast	2	0.5578	0.3777	0.0336	0.4896	0	0.5578
420	15	Cherrim-Overcast	2	0.589	0.4603	0.054	0.4896	0	0.589
420	16	Cherrim-Overcast	2	0.4953	0.3475	-0.0049	0.4896	0	0.4953
420	17	Cherrim-Overcast	2	0.529	0.3919	0.0149	0.4896	0	0.529
420	18	Cherrim-Overcast	2	0.4078	0.2785	-0.0725	0.4896	0.0818	0.326
420	19	Cherrim-Overcast	2	0.4554	0.3336	-0.0413	0.4896	0.0342	0.4212
422	1	Shellos-West	1	0.7047	0.5027	0.1322	0.5676	0	0.7047
422	2	Gastrodon-West	2	0.4264	0.3745	-0.0772	0.5676	0.1412	0.2852
422	3	Gastrodon-West	2	0.4894	0.428	-0.0049	0.5676	0.0782	0.4112
422	4	Gastrodon-West	2	0.4231	0.3595	-0.0863	0.5676	0.1445	0.2786
422	5	Gastrodon-West	2	0.4302	0.3707	-0.0612	0.5676	0.1374	0.2928
422	6	Gastrodon-West	2	0.6408	0.4188	0.1125	0.5676	0	0.6408
422	7	Gastrodon-West	2	0.5613	0.3568	-0.0056	0.5676	0.0063	0.555
422	8	Gastrodon-West	2	0.6307	0.3436	0.1314	0.5676	0	0.6307
422	9	Gastrodon-West	2	0.565	0.4133	0.0537	0.5676	0.0026	0.5624
422	10	Gastrodon-West	2	0.5568	0.3489	0.0197	0.5676	0.0108	0.546
422	11	Gastrodon-West	2	0.5775	0.3652	0.0617	0.5676	0	0.5775
422	12	Gastrodon-West	2	0.4515	0.2982	0.0241	0.5676	0.1161	0.3354
422	13	Gastrodon-West	2	0.6778	0.41	0.2122	0.5676	0	0.6778
422	14	Gastrodon-West	2	0.5436	0.3819	0.093	0.5676	0.024	0.5196
422	15	Gastrodon-West	2	0.6425	0.3145	0.1168	0.5676	0	0.6425
422	16	Gastrodon-West	2	0.5676	0.3419	0.1303	0.5676	0	0.5676
422	17	Gastrodon-West	2	0.6583	0.354	0.1957	0.5676	0	0.6583
422	18	Gastrodon-West	2	0.685	0.3509	0.2557	0.5676	0	0.685
422	19	Gastrodon-West	2	0.5856	0.4019	0.1142	0.5676	0	0.5856
425	3	Drifloon	1	0.4208	0.2658	0.0103	0.5397	0.1189	0.3019
425	4	Drifblim	2	0.5978	0.475	0.0295	0.5397	0	0.5978
425	5	Drifblim	2	0.5685	0.4513	0.022	0.5397	0	0.5685
425	6	Drifblim	2	0.5529	0.277	0.0323	0.5397	0	0.5529
425	7	Drifblim	2	0.5662	0.378	0.0762	0.5397	0	0.5662
425	8	Drifblim	2	0.5521	0.3302	0.0639	0.5397	0	0.5521
425	9	Drifblim	2	0.5801	0.3772	0.082	0.5397	0	0.5801
425	10	Drifblim	2	0.5367	0.3556	0.0749	0.5397	0.003	0.5337
425	11	Drifblim	2	0.5549	0.4623	0.0056	0.5397	0	0.5549
425	12	Drifblim	2	0.4653	0.3506	0.0136	0.5397	0.0744	0.3909
425	13	Drifblim	2	0.5397	0.3583	0.0567	0.5397	0	0.5397
425	14	Drifblim	2	0.4945	0.307	-0.0046	0.5397	0.0452	0.4493
425	15	Drifblim	2	0.6101	0.3974	0.0886	0.5397	0	0.6101
425	16	Drifblim	2	0.4918	0.3559	0.0139	0.5397	0.0479	0.4439
425	17	Drifblim	2	0.496	0.3651	0.0535	0.5397	0.0437	0.4523
425	18	Drifblim	2	0.5263	0.3301	0.0487	0.5397	0.0134	0.5129
425	19	Drifblim	2	0.5073	0.364	0.0229	0.5397	0.0324	0.4749
427	7	Buneary	1	0.4392	0.3112	-0.0844	0.5301	0.0909	0.3483
427	8	Lopunny	2	0.5942	0.3548	0.0952	0.5301	0	0.5942
427	9	Lopunny	2	0.5554	0.3763	0.0316	0.5301	0	0.5554
427	10	Lopunny	2	0.4875	0.3417	-0.0276	0.5301	0.0426	0.4449
427	11	Lopunny	2	0.5123	0.3477	-0.0151	0.5301	0.0178	0.4945
427	12	Lopunny	2	0.5301	0.3336	0.0435	0.5301	0	0.5301
427	13	Lopunny	2	0.5317	0.346	0.019	0.5301	0	0.5317
427	14	Lopunny	2	0.5815	0.3771	0.0573	0.5301	0	0.5815
427	15	Lopunny	2	0.5084	0.308	-0.0266	0.5301	0.0217	0.4867
427	16	Lopunny	2	0.5426	0.3798	0.0424	0.5301	0	0.5426
427	17	Lopunny	2	0.4461	0.2992	-0.068	0.5301	0.084	0.3621
427	18	Lopunny	2	0.4908	0.3233	0.0105	0.5301	0.0393	0.4515
427	19	Lopunny	2	0.5375	0.3336	0.0408	0.5301	0	0.5375
43	1	Oddish	1	0.6134	0.4029	0.2251	0.5964	0	0.6134
43	2	Gloom	2	0.4216	0.3363	-0.082	0.5964	0.1748	0.2468
43	3	Gloom	2	0.4494	0.3665	-0.0449	0.5964	0.147	0.3024
43	4	Gloom	2	0.5636	0.4493	-0.0263	0.5964	0.0328	0.5308
43	5	Gloom	2	0.4947	0.3454	-0.0723	0.5964	0.1017	0.393
43	6	Vileplume	3	0.6695	0.3947	0.1809	0.5964	0	0.6695
43	7	Vileplume	3	0.6008	0.3663	0.0783	0.5964	0	0.6008
43	8	Vileplume	3	0.5306	0.2868	-0.0027	0.5964	0.0658	0.4648
43	9	Vileplume	3	0.5964	0.3421	0.0748	0.5964	0	0.5964
43	10	Vileplume	3	0.6456	0.4284	0.1294	0.5964	0	0.6456
43	11	Bellossom	3	0.6551	0.4365	0.1815	0.5964	0	0.6551
43	12	Vileplume	3	0.6114	0.3606	0.1005	0.5964	0	0.6114
43	13	Bellossom	3	0.5983	0.422	0.0366	0.5964	0	0.5983
43	14	Vileplume	3	0.6463	0.4281	0.1008	0.5964	0	0.6463
43	15	Bellossom	3	0.6118	0.4673	0.1849	0.5964	0	0.6118
43	16	Bellossom	3	0.5335	0.408	-0.0045	0.5964	0.0629	0.4706
43	17	Bellossom	3	0.5511	0.3854	0.0518	0.5964	0.0453	0.5058
43	18	Vileplume	3	0.5801	0.3061	0.0757	0.5964	0.0163	0.5638
43	19	Bellossom	3	0.5286	0.3637	0.0196	0.5964	0.0678	0.4608
431	7	Purugly	2	0.522	0.4512	0.0251	0.5703	0.0483	0.4737
431	8	Purugly	2	0.5715	0.4193	0.1732	0.5703	0	0.5715
431	9	Purugly	2	0.572	0.4179	0.0922	0.5703	0	0.572
431	10	Purugly	2	0.5205	0.3992	0.035	0.5703	0.0498	0.4707
431	11	Purugly	2	0.5703	0.484	0.0534	0.5703	0	0.5703
431	12	Purugly	2	0.5134	0.4129	0.0473	0.5703	0.0569	0.4565
431	13	Purugly	2	0.5693	0.4144	0.0982	0.5703	0.001	0.5683
431	14	Purugly	2	0.6237	0.4344	0.1187	0.5703	0	0.6237
431	15	Purugly	2	0.6217	0.375	0.1191	0.5703	0	0.6217
431	16	Purugly	2	0.5666	0.435	0.0984	0.5703	0.0037	0.5629
431	17	Purugly	2	0.6027	0.3953	0.1601	0.5703	0	0.6027
431	18	Purugly	2	0.5268	0.3373	0.0896	0.5703	0.0435	0.4833
431	19	Purugly	2	0.5779	0.4061	0.1289	0.5703	0	0.5779
433	4	Chingling	1	0.403	0.2537	-0.1653	0.6163	0.2133	0.1897
433	5	Chimecho	2	0.5492	0.3233	0.0027	0.6163	0.0671	0.4821
433	6	Chimecho	2	0.6559	0.3305	0.1673	0.6163	0	0.6559
433	7	Chimecho	2	0.5986	0.2863	0.1086	0.6163	0.0177	0.5809
433	8	Chimecho	2	0.6518	0.2954	0.1636	0.6163	0	0.6518
433	9	Chimecho	2	0.6295	0.2869	0.1316	0.6163	0	0.6295
433	10	Chimecho	2	0.6083	0.2727	0.0923	0.6163	0.0081	0.6002
433	11	Chimecho	2	0.6718	0.3029	0.0721	0.6163	0	0.6718
433	12	Chimecho	2	0.5401	0.275	0.0824	0.6163	0.0762	0.4639
433	13	Chimecho	2	0.6083	0.2648	0.1082	0.6163	0.0081	0.6002
433	14	Chimecho	2	0.6127	0.2746	0.0985	0.6163	0.0036	0.6091
433	15	Chimecho	2	0.6694	0.3153	0.0357	0.6163	0	0.6694
433	16	Chimecho	2	0.6084	0.2737	0.1251	0.6163	0.0079	0.6005
433	17	Chimecho	2	0.62	0.2744	0.1434	0.6163	0	0.62
433	18	Chimecho	2	0.704	0.2889	0.2113	0.6163	0	0.704
433	19	Chimecho	2	0.6451	0.2737	0.1585	0.6163	0	0.6451
434	3	Stunky	1	0.4612	0.3215	-0.0196	0.5703	0.1091	0.3521
434	4	Skuntank	2	0.5161	0.431	0.0067	0.5703	0.0542	0.4619
434	5	Skuntank	2	0.5428	0.4825	0.0514	0.5703	0.0275	0.5153
434	6	Skuntank	2	0.6605	0.4002	0.1197	0.5703	0	0.6605
434	7	Skuntank	2	0.5566	0.3826	0.0886	0.5703	0.0137	0.5429
434	8	Skuntank	2	0.5733	0.4272	0.1461	0.5703	0	0.5733
434	9	Skuntank	2	0.5928	0.4414	0.1095	0.5703	0	0.5928
434	10	Skuntank	2	0.54	0.4033	0.0787	0.5703	0.0303	0.5097
434	11	Skuntank	2	0.6061	0.4155	0.1074	0.5703	0	0.6061
434	12	Skuntank	2	0.5385	0.39	0.0797	0.5703	0.0318	0.5067
434	13	Skuntank	2	0.6053	0.4329	0.142	0.5703	0	0.6053
434	14	Skuntank	2	0.6676	0.421	0.1872	0.5703	0	0.6676
434	15	Skuntank	2	0.6684	0.4555	0.1614	0.5703	0	0.6684
434	16	Skuntank	2	0.5806	0.3759	0.1138	0.5703	0	0.5806
434	17	Skuntank	2	0.5306	0.3696	0.099	0.5703	0.0397	0.4909
434	18	Skuntank	2	0.4873	0.3919	0.0367	0.5703	0.083	0.4043
434	19	Skuntank	2	0.5703	0.3992	0.1335	0.5703	0	0.5703
436	1	Bronzor	1	0.3543	0.3409	-0.0845	0.7147	0.3604	-0.0061
436	2	Bronzor	1	0.3582	0.3097	-0.1073	0.7147	0.3565	0.0017
436	3	Bronzor	1	0.3741	0.3176	-0.0818	0.7147	0.3406	0.0335
436	4	Bronzor	1	0.3416	0.296	-0.119	0.7147	0.3731	-0.0315
436	5	Bronzor	1	0.3476	0.295	-0.1994	0.7147	0.3671	-0.0195
436	6	Bronzong	2	0.7728	0.3956	0.232	0.7147	0	0.7728
436	7	Bronzong	2	0.6946	0.3263	0.2591	0.7147	0.0201	0.6745
436	8	Bronzong	2	0.5819	0.3033	0.1737	0.7147	0.1328	0.4491
436	9	Bronzong	2	0.7361	0.4127	0.3234	0.7147	0	0.7361
436	10	Bronzong	2	0.7427	0.4237	0.3119	0.7147	0	0.7427
436	11	Bronzong	2	0.6913	0.3595	0.2177	0.7147	0.0234	0.6679
436	12	Bronzong	2	0.7873	0.4101	0.3772	0.7147	0	0.7873
436	13	Bronzong	2	0.732	0.373	0.3319	0.7147	0	0.732
436	14	Bronzong	2	0.7394	0.3453	0.3707	0.7147	0	0.7394
436	15	Bronzong	2	0.7211	0.408	0.304	0.7147	0	0.7211
436	16	Bronzong	2	0.677	0.3147	0.2873	0.7147	0.0377	0.6393
436	17	Bronzong	2	0.7458	0.4164	0.3294	0.7147	0	0.7458
436	18	Bronzong	2	0.7366	0.3813	0.3136	0.7147	0	0.7366
436	19	Bronzong	2	0.7147	0.3541	0.3001	0.7147	0	0.7147
438	2	Sudowoodo	2	0.5083	0.3869	0.1083	0.5824	0.0741	0.4342
438	3	Sudowoodo	2	0.4502	0.3266	0.1022	0.5824	0.1322	0.318
438	4	Sudowoodo	2	0.5381	0.3844	0.0605	0.5824	0.0443	0.4938
438	5	Sudowoodo	2	0.4508	0.3804	0.0056	0.5824	0.1316	0.3192
438	6	Sudowoodo	2	0.6764	0.3444	0.2288	0.5824	0	0.6764
438	7	Sudowoodo	2	0.5712	0.3177	0.1507	0.5824	0.0111	0.5601
438	8	Sudowoodo	2	0.5965	0.3479	0.1725	0.5824	0	0.5965
438	9	Sudowoodo	2	0.6092	0.3594	0.1765	0.5824	0	0.6092
438	10	Sudowoodo	2	0.6555	0.3427	0.2476	0.5824	0	0.6555
438	11	Sudowoodo	2	0.5874	0.3453	0.1488	0.5824	0	0.5874
438	12	Sudowoodo	2	0.7281	0.3948	0.2729	0.5824	0	0.7281
438	13	Sudowoodo	2	0.7121	0.4	0.2155	0.5824	0	0.7121
438	14	Sudowoodo	2	0.5997	0.3697	0.1291	0.5824	0	0.5997
438	15	Sudowoodo	2	0.6008	0.3798	0.0506	0.5824	0	0.6008
438	16	Sudowoodo	2	0.5773	0.3484	0.1357	0.5824	0.005	0.5723
438	17	Sudowoodo	2	0.5292	0.3366	0.132	0.5824	0.0532	0.476
438	18	Sudowoodo	2	0.5362	0.3338	0.1335	0.5824	0.0462	0.49
438	19	Sudowoodo	2	0.5671	0.3407	0.1413	0.5824	0.0152	0.5519
439	4	Mr. Rime-Mr-Rime	3	0.6624	0.6113	0.0433	0.6307	0	0.6624
439	5	Mr. Rime-Mr-Rime	3	0.7153	0.5529	0.1688	0.6307	0	0.7153
439	6	Mr. Rime-Mr-Rime	3	0.6623	0.5424	0.1417	0.6307	0	0.6623
439	7	Mr. Rime-Mr-Rime	3	0.5617	0.4011	0.0717	0.6307	0.069	0.4927
439	8	Mr. Rime-Mr-Rime	3	0.551	0.4381	0.0628	0.6307	0.0797	0.4713
439	9	Mr. Rime-Mr-Rime	3	0.6306	0.4697	0.1325	0.6307	0.0001	0.6305
439	10	Mr. Rime-Mr-Rime	3	0.6987	0.4808	0.2369	0.6307	0	0.6987
439	11	Mr. Rime-Mr-Rime	3	0.6914	0.5614	0.1421	0.6307	0	0.6914
439	12	Mr. Rime-Mr-Rime	3	0.5982	0.4517	0.1465	0.6307	0.0325	0.5657
439	13	Mr. Rime-Mr-Rime	3	0.6308	0.4463	0.1478	0.6307	0	0.6308
439	14	Mr. Rime-Mr-Rime	3	0.6096	0.4376	0.1105	0.6307	0.0211	0.5885
439	15	Mr. Rime-Mr-Rime	3	0.6677	0.5562	0.1462	0.6307	0	0.6677
439	16	Mr. Rime-Mr-Rime	3	0.5422	0.4354	0.0643	0.6307	0.0885	0.4537
439	17	Mr. Rime-Mr-Rime	3	0.5494	0.3765	0.1069	0.6307	0.0813	0.4681
439	18	Mr. Rime-Mr-Rime	3	0.6427	0.5089	0.1651	0.6307	0	0.6427
439	19	Mr. Rime-Mr-Rime	3	0.5743	0.4316	0.0899	0.6307	0.0564	0.5179
440	7	Chansey	2	0.6209	0.3314	0.2116	0.6428	0.0219	0.599
440	8	Blissey	3	0.5936	0.533	0.0943	0.6428	0.0492	0.5444
440	9	Blissey	3	0.5854	0.389	0.0356	0.6428	0.0574	0.528
440	10	Blissey	3	0.6217	0.4029	0.1057	0.6428	0.0211	0.6006
440	11	Blissey	3	0.559	0.5054	-0.0407	0.6428	0.0838	0.4752
440	12	Blissey	3	0.7032	0.4111	0.2455	0.6428	0	0.7032
440	13	Blissey	3	0.7285	0.4978	0.2284	0.6428	0	0.7285
440	14	Blissey	3	0.6452	0.4151	0.131	0.6428	0	0.6452
440	15	Blissey	3	0.6458	0.5738	0.0121	0.6428	0	0.6458
440	16	Blissey	3	0.6428	0.4594	0.1595	0.6428	0	0.6428
440	17	Blissey	3	0.6389	0.478	0.1623	0.6428	0.0039	0.635
440	18	Blissey	3	0.6551	0.5537	0.1624	0.6428	0	0.6551
440	19	Blissey	3	0.6492	0.4922	0.1626	0.6428	0	0.6492
441	1	Chatot	1	0.64	0.4071	0.0812	0.5044	0	0.64
441	2	Chatot	1	0.5864	0.3647	0.2217	0.5044	0	0.5864
441	3	Chatot	1	0.5281	0.3799	0.044	0.5044	0	0.5281
441	4	Chatot	1	0.6571	0.5381	0.1599	0.5044	0	0.6571
441	5	Chatot	1	0.5761	0.4716	0.0091	0.5044	0	0.5761
441	6	Chatot	1	0.5008	0.2354	-0.0198	0.5044	0.0036	0.4972
441	7	Chatot	1	0.5044	0.35	-0.0181	0.5044	0	0.5044
441	8	Chatot	1	0.4681	0.3198	-0.0652	0.5044	0.0363	0.4318
441	9	Chatot	1	0.5174	0.3524	-0.0042	0.5044	0	0.5174
441	10	Chatot	1	0.5393	0.3903	0.0231	0.5044	0	0.5393
441	11	Chatot	1	0.5033	0.3435	-0.0794	0.5044	0.0011	0.5022
441	12	Chatot	1	0.4479	0.3008	-0.063	0.5044	0.0565	0.3914
441	13	Chatot	1	0.4493	0.3224	-0.0337	0.5044	0.0551	0.3942
441	14	Chatot	1	0.5451	0.3396	0.046	0.5044	0	0.5451
441	15	Chatot	1	0.5358	0.3554	0.0143	0.5044	0	0.5358
441	16	Chatot	1	0.4976	0.3515	0.0197	0.5044	0.0068	0.4908
441	17	Chatot	1	0.4411	0.2934	-0.0014	0.5044	0.0633	0.3778
441	18	Chatot	1	0.4579	0.3174	-0.0197	0.5044	0.0465	0.4114
441	19	Chatot	1	0.4862	0.3123	0.0018	0.5044	0.0182	0.468
442	1	Spiritomb	1	0.505	0.4485	-0.0976	0.5173	0.0123	0.4927
442	2	Spiritomb	1	0.5007	0.3511	-0.0241	0.5173	0.0166	0.4841
442	3	Spiritomb	1	0.5157	0.3951	0.0538	0.5173	0.0016	0.5141
442	4	Spiritomb	1	0.4565	0.3717	-0.1118	0.5173	0.0608	0.3957
442	5	Spiritomb	1	0.4587	0.3978	-0.0878	0.5173	0.0586	0.4001
442	6	Spiritomb	1	0.5925	0.3583	0.1587	0.5173	0	0.5925
442	7	Spiritomb	1	0.5792	0.3704	0.1112	0.5173	0	0.5792
442	8	Spiritomb	1	0.5168	0.3622	0.0896	0.5173	0.0005	0.5163
442	9	Spiritomb	1	0.5923	0.4075	0.109	0.5173	0	0.5923
442	10	Spiritomb	1	0.5001	0.3725	0.0388	0.5173	0.0172	0.4829
442	11	Spiritomb	1	0.6082	0.3759	0.1095	0.5173	0	0.6082
442	12	Spiritomb	1	0.4796	0.3438	0.1358	0.5173	0.0377	0.4419
442	13	Spiritomb	1	0.5745	0.3869	0.1876	0.5173	0	0.5745
442	14	Spiritomb	1	0.626	0.3702	0.2281	0.5173	0	0.626
442	15	Spiritomb	1	0.6182	0.4298	0.2289	0.5173	0	0.6182
442	16	Spiritomb	1	0.5173	0.3456	0.1651	0.5173	0	0.5173
442	17	Spiritomb	1	0.4285	0.2791	-0.0031	0.5173	0.0888	0.3397
442	18	Spiritomb	1	0.5368	0.3554	0.1935	0.5173	0	0.5368
442	19	Spiritomb	1	0.5513	0.3591	0.1889	0.5173	0	0.5513
443	1	Gible	1	0.5539	0.4718	0.0678	0.5787	0.0248	0.5291
443	2	Gible	1	0.4404	0.3277	-0.0462	0.5787	0.1383	0.3021
443	3	Gabite	2	0.5023	0.467	-0.0307	0.5787	0.0764	0.4259
443	4	Gabite	2	0.4891	0.3921	-0.0412	0.5787	0.0896	0.3995
443	5	Gabite	2	0.4948	0.38	-0.0676	0.5787	0.0839	0.4109
443	6	Gabite	2	0.5193	0.3611	0.0288	0.5787	0.0594	0.4599
443	7	Gabite	2	0.4896	0.3644	-0.034	0.5787	0.0891	0.4005
443	8	Gabite	2	0.5245	0.3566	0.0255	0.5787	0.0542	0.4703
443	9	Garchomp	3	0.6521	0.4327	0.2194	0.5787	0	0.6521
443	10	Garchomp	3	0.6006	0.394	0.1927	0.5787	0	0.6006
443	11	Garchomp	3	0.5787	0.3643	0.0618	0.5787	0	0.5787
443	12	Garchomp	3	0.5906	0.4119	0.1245	0.5787	0	0.5906
443	13	Garchomp	3	0.6376	0.4537	0.1665	0.5787	0	0.6376
443	14	Garchomp	3	0.6286	0.3974	0.1236	0.5787	0	0.6286
443	15	Garchomp	3	0.6828	0.4171	0.1802	0.5787	0	0.6828
443	16	Garchomp	3	0.6234	0.4141	0.1552	0.5787	0	0.6234
443	17	Garchomp	3	0.5228	0.3488	0.0802	0.5787	0.0559	0.4669
443	18	Garchomp	3	0.6111	0.4182	0.1739	0.5787	0	0.6111
443	19	Garchomp	3	0.5845	0.3766	0.1355	0.5787	0	0.5845
446	3	Munchlax	1	0.3881	0.3471	-0.0927	0.7177	0.3296	0.0585
446	4	Snorlax	2	0.5721	0.5034	-0.0377	0.7177	0.1456	0.4265
446	5	Snorlax	2	0.7239	0.6236	0.1683	0.7177	0	0.7239
446	6	Snorlax	2	0.699	0.5985	0.1707	0.7177	0.0187	0.6803
446	7	Snorlax	2	0.7017	0.6231	0.1348	0.7177	0.016	0.6857
446	8	Snorlax	2	0.7183	0.5576	0.219	0.7177	0	0.7183
446	9	Snorlax	2	0.7255	0.5107	0.2142	0.7177	0	0.7255
446	10	Snorlax	2	0.6958	0.4744	0.1587	0.7177	0.0219	0.6739
446	11	Snorlax	2	0.6867	0.6426	0.1709	0.7177	0.031	0.6557
446	12	Snorlax	2	0.7711	0.4364	0.3437	0.7177	0	0.7711
446	13	Snorlax	2	0.7852	0.5835	0.3196	0.7177	0	0.7852
446	14	Snorlax	2	0.7505	0.6624	0.2999	0.7177	0	0.7505
446	15	Snorlax	2	0.6057	0.5817	0.08	0.7177	0.112	0.4937
446	16	Snorlax	2	0.7307	0.5258	0.2934	0.7177	0	0.7307
446	17	Snorlax	2	0.7177	0.551	0.2551	0.7177	0	0.7177
446	18	Snorlax	2	0.7277	0.464	0.2984	0.7177	0	0.7277
446	19	Snorlax	2	0.7152	0.5273	0.2438	0.7177	0.0025	0.7127
447	1	Riolu	1	0.5642	0.4118	-0.0384	0.5471	0	0.5642
447	2	Riolu	1	0.4779	0.3234	-0.0469	0.5471	0.0692	0.4087
447	3	Riolu	1	0.5471	0.4019	0.0141	0.5471	0	0.5471
447	4	Lucario	2	0.5934	0.5164	-0.0257	0.5471	0	0.5934
447	5	Lucario	2	0.5772	0.4828	0.0174	0.5471	0	0.5772
447	6	Lucario	2	0.7004	0.414	0.2666	0.5471	0	0.7004
447	7	Lucario	2	0.5673	0.4085	0.0993	0.5471	0	0.5673
447	8	Lucario	2	0.4599	0.2835	0.0327	0.5471	0.0872	0.3727
447	9	Lucario	2	0.6277	0.3954	0.1444	0.5471	0	0.6277
447	10	Lucario	2	0.5359	0.384	0.0746	0.5471	0.0112	0.5247
447	11	Lucario	2	0.5608	0.374	0.0621	0.5471	0	0.5608
447	12	Lucario	2	0.5339	0.387	0.0751	0.5471	0.0132	0.5207
447	13	Lucario	2	0.5822	0.3965	0.1189	0.5471	0	0.5822
447	14	Lucario	2	0.5392	0.3678	0.0588	0.5471	0.0079	0.5313
447	15	Lucario	2	0.5709	0.3278	0.0639	0.5471	0	0.5709
447	16	Lucario	2	0.4738	0.3448	0.007	0.5471	0.0733	0.4005
447	17	Lucario	2	0.4961	0.3377	0.0645	0.5471	0.051	0.4451
447	18	Lucario	2	0.4638	0.298	0.0132	0.5471	0.0833	0.3805
447	19	Lucario	2	0.5296	0.3289	0.0928	0.5471	0.0175	0.5121
449	1	Hippopotas	1	0.6817	0.4407	0.1092	0.6167	0	0.6817
449	2	Hippopotas	1	0.5091	0.3489	0.0055	0.6167	0.1076	0.4015
449	3	Hippopotas	1	0.6042	0.4076	0.1099	0.6167	0.0125	0.5917
449	4	Hippopotas	1	0.4632	0.2905	-0.0462	0.6167	0.1535	0.3097
449	5	Hippopotas	1	0.4863	0.3403	-0.0051	0.6167	0.1304	0.3559
449	6	Hippowdon	2	0.6728	0.454	0.132	0.6167	0	0.6728
449	7	Hippowdon	2	0.6229	0.4454	0.1971	0.6167	0	0.6229
449	8	Hippowdon	2	0.5138	0.442	0.1011	0.6167	0.1029	0.4109
449	9	Hippowdon	2	0.6175	0.4677	0.2048	0.6167	0	0.6175
449	10	Hippowdon	2	0.6838	0.4308	0.253	0.6167	0	0.6838
449	11	Hippowdon	2	0.5383	0.4175	0.0109	0.6167	0.0784	0.4599
449	12	Hippowdon	2	0.642	0.4493	0.2319	0.6167	0	0.642
449	13	Hippowdon	2	0.7055	0.4622	0.2089	0.6167	0	0.7055
449	14	Hippowdon	2	0.5827	0.4117	0.1121	0.6167	0.034	0.5487
449	15	Hippowdon	2	0.621	0.4473	0.1737	0.6167	0	0.621
449	16	Hippowdon	2	0.5649	0.3805	0.1233	0.6167	0.0518	0.5131
449	17	Hippowdon	2	0.6383	0.3586	0.2411	0.6167	0	0.6383
449	18	Hippowdon	2	0.6167	0.479	0.1689	0.6167	0	0.6167
449	19	Hippowdon	2	0.5987	0.4174	0.1729	0.6167	0.018	0.5807
451	1	Skorupi	1	0.3659	0.2912	-0.2596	0.5422	0.1763	0.1896
451	2	Skorupi	1	0.3555	0.254	-0.0491	0.5422	0.1867	0.1688
451	3	Skorupi	1	0.3813	0.2517	-0.1624	0.5422	0.1609	0.2204
451	4	Skorupi	1	0.4246	0.3419	-0.212	0.5422	0.1176	0.307
451	5	Skorupi	1	0.3505	0.2723	-0.1851	0.5422	0.1917	0.1588
451	6	Skorupi	1	0.4072	0.2517	-0.0404	0.5422	0.135	0.2722
451	7	Drapion	2	0.5676	0.4201	0.0707	0.5422	0	0.5676
451	8	Drapion	2	0.5309	0.3761	0.0524	0.5422	0.0113	0.5196
451	9	Drapion	2	0.6081	0.4097	0.1283	0.5422	0	0.6081
451	10	Drapion	2	0.5764	0.3589	0.0909	0.5422	0	0.5764
451	11	Drapion	2	0.5845	0.4639	0.0676	0.5422	0	0.5845
451	12	Drapion	2	0.5316	0.3555	0.0655	0.5422	0.0106	0.521
451	13	Drapion	2	0.5786	0.4006	0.1075	0.5422	0	0.5786
451	14	Drapion	2	0.6076	0.4227	0.1026	0.5422	0	0.6076
451	15	Drapion	2	0.6647	0.4634	0.1621	0.5422	0	0.6647
451	16	Drapion	2	0.5422	0.3635	0.074	0.5422	0	0.5422
451	17	Drapion	2	0.5181	0.3783	0.0755	0.5422	0.0241	0.494
451	18	Drapion	2	0.5572	0.3487	0.12	0.5422	0	0.5572
451	19	Drapion	2	0.5741	0.3685	0.1251	0.5422	0	0.5741
453	1	Croagunk	1	0.4481	0.2955	-0.1545	0.5024	0.0543	0.3938
453	2	Croagunk	1	0.4672	0.2737	-0.0576	0.5024	0.0352	0.432
453	3	Croagunk	1	0.4989	0.2931	-0.0341	0.5024	0.0035	0.4954
453	4	Croagunk	1	0.4821	0.3378	-0.137	0.5024	0.0203	0.4618
453	5	Croagunk	1	0.4383	0.2561	-0.1215	0.5024	0.0641	0.3742
453	6	Croagunk	1	0.3851	0.264	-0.0417	0.5024	0.1173	0.2678
453	7	Toxicroak	2	0.5024	0.357	-0.0212	0.5024	0	0.5024
453	8	Toxicroak	2	0.4871	0.312	-0.0119	0.5024	0.0153	0.4718
453	9	Toxicroak	2	0.6026	0.3812	0.0788	0.5024	0	0.6026
453	10	Toxicroak	2	0.6501	0.3909	0.135	0.5024	0	0.6501
453	11	Toxicroak	2	0.6233	0.3849	0.0959	0.5024	0	0.6233
453	12	Toxicroak	2	0.5583	0.3776	0.0717	0.5024	0	0.5583
453	13	Toxicroak	2	0.509	0.3698	-0.0037	0.5024	0	0.509
453	14	Toxicroak	2	0.6165	0.3784	0.0923	0.5024	0	0.6165
453	15	Toxicroak	2	0.4213	0.2773	-0.1137	0.5024	0.0811	0.3402
453	16	Toxicroak	2	0.5235	0.3463	0.0233	0.5024	0	0.5235
453	17	Toxicroak	2	0.4845	0.3465	-0.0296	0.5024	0.0179	0.4666
453	18	Toxicroak	2	0.504	0.3052	0.0237	0.5024	0	0.504
453	19	Toxicroak	2	0.5397	0.3287	0.043	0.5024	0	0.5397
455	7	Carnivine	1	0.4462	0.2733	0.0204	0.4952	0.049	0.3972
455	8	Carnivine	1	0.4074	0.2597	-0.0053	0.4952	0.0878	0.3196
455	9	Carnivine	1	0.4543	0.3489	0.0416	0.4952	0.0409	0.4134
455	10	Carnivine	1	0.5683	0.3859	0.1375	0.4952	0	0.5683
455	11	Carnivine	1	0.5726	0.465	0.0452	0.4952	0	0.5726
455	12	Carnivine	1	0.4168	0.2695	-0.0698	0.4952	0.0784	0.3384
455	13	Carnivine	1	0.4973	0.3329	-0.0154	0.4952	0	0.4973
455	14	Carnivine	1	0.5189	0.4074	-0.0053	0.4952	0	0.5189
455	15	Carnivine	1	0.6309	0.408	0.0959	0.4952	0	0.6309
455	16	Carnivine	1	0.4952	0.3182	-0.005	0.4952	0	0.4952
455	17	Carnivine	1	0.5312	0.352	0.0171	0.4952	0	0.5312
455	18	Carnivine	1	0.3976	0.2669	-0.0827	0.4952	0.0976	0.3
455	19	Carnivine	1	0.4537	0.3277	-0.043	0.4952	0.0415	0.4122
456	1	Lumineon	2	0.6328	0.5779	0.0302	0.549	0	0.6328
456	2	Lumineon	2	0.5421	0.4823	0.0173	0.549	0.0069	0.5352
456	3	Lumineon	2	0.5634	0.4707	0.0764	0.549	0	0.5634
456	4	Lumineon	2	0.5459	0.4926	0.0156	0.549	0.0031	0.5428
456	5	Lumineon	2	0.5549	0.4816	0.0733	0.549	0	0.5549
456	6	Lumineon	2	0.4562	0.2656	0.0025	0.549	0.0928	0.3634
456	7	Lumineon	2	0.5962	0.4269	0.1082	0.549	0	0.5962
456	8	Lumineon	2	0.549	0.3722	0.1183	0.549	0	0.549
456	9	Lumineon	2	0.5632	0.3828	0.1035	0.549	0	0.5632
456	10	Lumineon	2	0.5461	0.3917	0.0843	0.549	0.0029	0.5432
456	11	Lumineon	2	0.5634	0.3766	0.0141	0.549	0	0.5634
456	12	Lumineon	2	0.5024	0.3742	0.0507	0.549	0.0466	0.4558
456	13	Lumineon	2	0.6039	0.3976	0.1209	0.549	0	0.6039
456	14	Lumineon	2	0.5679	0.3568	0.0688	0.549	0	0.5679
456	15	Lumineon	2	0.5043	0.3477	-0.0172	0.549	0.0447	0.4596
456	16	Lumineon	2	0.5846	0.394	0.1067	0.549	0	0.5846
456	17	Lumineon	2	0.5108	0.3508	0.0683	0.549	0.0382	0.4726
456	18	Lumineon	2	0.5234	0.3644	0.0458	0.549	0.0256	0.4978
456	19	Lumineon	2	0.5296	0.366	0.0452	0.549	0.0194	0.5102
458	1	Mantine	2	0.5299	0.5649	0.1548	0.6153	0.0854	0.4445
458	2	Mantine	2	0.5999	0.5212	0.1111	0.6153	0.0154	0.5845
458	3	Mantine	2	0.5857	0.514	0.0717	0.6153	0.0296	0.5561
458	4	Mantine	2	0.6907	0.6649	0.0871	0.6153	0	0.6907
458	5	Mantine	2	0.691	0.5965	0.124	0.6153	0	0.691
458	6	Mantine	2	0.4112	0.1909	-0.1094	0.6153	0.2041	0.2071
458	7	Mantine	2	0.7528	0.4966	0.2648	0.6153	0	0.7528
458	8	Mantine	2	0.5891	0.5041	0.1584	0.6153	0.0262	0.5629
458	9	Mantine	2	0.6491	0.5028	0.1894	0.6153	0	0.6491
458	10	Mantine	2	0.6282	0.4657	0.1625	0.6153	0	0.6282
458	11	Mantine	2	0.6378	0.4871	0.1507	0.6153	0	0.6378
458	12	Mantine	2	0.4905	0.337	0.049	0.6153	0.1248	0.3657
458	13	Mantine	2	0.7175	0.5111	0.2743	0.6153	0	0.7175
458	14	Mantine	2	0.6153	0.3829	0.2162	0.6153	0	0.6153
458	15	Mantine	2	0.5783	0.4937	0.1298	0.6153	0.037	0.5413
458	16	Mantine	2	0.6469	0.3819	0.2308	0.6153	0	0.6469
458	17	Mantine	2	0.5695	0.4116	0.1718	0.6153	0.0458	0.5237
458	18	Mantine	2	0.5817	0.3886	0.139	0.6153	0.0336	0.5481
458	19	Mantine	2	0.65	0.4441	0.2059	0.6153	0	0.65
459	3	Snover	1	0.3781	0.2408	-0.1027	0.5101	0.132	0.2461
459	4	Snover	1	0.3842	0.3446	-0.1295	0.5101	0.1259	0.2583
459	5	Snover	1	0.3939	0.3044	-0.1179	0.5101	0.1162	0.2777
459	6	Snover	1	0.4919	0.3078	0.0581	0.5101	0.0182	0.4737
459	7	Abomasnow	2	0.5011	0.3507	0.0331	0.5101	0.009	0.4921
459	8	Abomasnow	2	0.3571	0.2384	-0.0701	0.5101	0.153	0.2041
459	9	Abomasnow	2	0.5231	0.3438	0.0398	0.5101	0	0.5231
459	10	Abomasnow	2	0.5467	0.3725	0.0854	0.5101	0	0.5467
459	11	Abomasnow	2	0.6054	0.4096	0.0885	0.5101	0	0.6054
459	12	Abomasnow	2	0.5281	0.3887	0.062	0.5101	0	0.5281
459	13	Abomasnow	2	0.554	0.3362	0.0829	0.5101	0	0.554
459	14	Abomasnow	2	0.6169	0.3697	0.1119	0.5101	0	0.6169
459	15	Abomasnow	2	0.5937	0.3657	0.0911	0.5101	0	0.5937
459	16	Abomasnow	2	0.5101	0.3472	0.0419	0.5101	0	0.5101
459	17	Abomasnow	2	0.5218	0.337	0.0792	0.5101	0	0.5218
459	18	Abomasnow	2	0.5076	0.3186	0.0704	0.5101	0.0025	0.5051
459	19	Abomasnow	2	0.4979	0.3241	0.0489	0.5101	0.0122	0.4857
46	1	Paras	1	0.4028	0.3468	-0.017	0.4876	0.0848	0.318
46	2	Paras	1	0.3206	0.2149	0.0002	0.4876	0.167	0.1536
46	3	Parasect	2	0.3944	0.3047	-0.0999	0.4876	0.0932	0.3012
46	4	Parasect	2	0.4192	0.3624	-0.0902	0.4876	0.0684	0.3508
46	5	Parasect	2	0.4201	0.3114	-0.0917	0.4876	0.0675	0.3526
46	6	Parasect	2	0.4385	0.3139	-0.1023	0.4876	0.0491	0.3894
46	7	Parasect	2	0.4819	0.3122	0.0139	0.4876	0.0057	0.4762
46	8	Parasect	2	0.3805	0.2599	-0.1185	0.4876	0.1071	0.2734
46	9	Parasect	2	0.5464	0.3447	0.0226	0.4876	0	0.5464
46	10	Parasect	2	0.6279	0.4019	0.1128	0.4876	0	0.6279
46	11	Parasect	2	0.5547	0.3951	0.0273	0.4876	0	0.5547
46	12	Parasect	2	0.4468	0.2736	-0.0398	0.4876	0.0408	0.406
46	13	Parasect	2	0.4898	0.3234	-0.0229	0.4876	0	0.4898
46	14	Parasect	2	0.6219	0.3755	0.0977	0.4876	0	0.6219
46	15	Parasect	2	0.6537	0.4381	0.1187	0.4876	0	0.6537
46	16	Parasect	2	0.508	0.3366	0.0078	0.4876	0	0.508
46	17	Parasect	2	0.6103	0.3711	0.0962	0.4876	0	0.6103
46	18	Parasect	2	0.4958	0.2951	0.0155	0.4876	0	0.4958
46	19	Parasect	2	0.4876	0.2918	-0.0091	0.4876	0	0.4876
479	3	Rotom	1	0.5112	0.4544	-0.0218	0.5877	0.0765	0.4347
479	4	Rotom	1	0.5385	0.4645	-0.0806	0.5877	0.0492	0.4893
479	5	Rotom	1	0.5899	0.5178	0.0434	0.5877	0	0.5899
479	6	Rotom	1	0.6535	0.3942	0.1649	0.5877	0	0.6535
479	7	Rotom	1	0.6009	0.3814	0.2046	0.5877	0	0.6009
479	8	Rotom	1	0.5549	0.33	0.1959	0.5877	0.0328	0.5221
479	9	Rotom	1	0.635	0.3734	0.1753	0.5877	0	0.635
479	10	Rotom	1	0.5593	0.3159	0.0936	0.5877	0.0284	0.5309
479	11	Rotom	1	0.6107	0.3614	0.0614	0.5877	0	0.6107
479	12	Rotom	1	0.5877	0.331	0.136	0.5877	0	0.5877
479	13	Rotom	1	0.5341	0.3488	0.0511	0.5877	0.0536	0.4805
479	14	Rotom	1	0.6264	0.3139	0.1273	0.5877	0	0.6264
479	15	Rotom	1	0.6061	0.3351	0.0846	0.5877	0	0.6061
479	16	Rotom	1	0.5396	0.3179	0.0617	0.5877	0.0481	0.4915
479	17	Rotom	1	0.5997	0.3032	0.1572	0.5877	0	0.5997
479	18	Rotom	1	0.5291	0.3048	0.0515	0.5877	0.0586	0.4705
479	19	Rotom	1	0.5346	0.302	0.0502	0.5877	0.0531	0.4815
48	1	Venonat	1	0.614	0.3688	0.1752	0.5182	0	0.614
48	2	Venonat	1	0.4612	0.2824	-0.0043	0.5182	0.057	0.4042
48	3	Venonat	1	0.4228	0.2747	-0.0331	0.5182	0.0954	0.3274
48	4	Venomoth	2	0.5458	0.4523	-0.0225	0.5182	0	0.5458
48	5	Venomoth	2	0.5182	0.371	-0.0283	0.5182	0	0.5182
48	6	Venomoth	2	0.5942	0.3009	0.1056	0.5182	0	0.5942
48	7	Venomoth	2	0.5436	0.3775	0.0211	0.5182	0	0.5436
48	8	Venomoth	2	0.512	0.3213	-0.0213	0.5182	0.0062	0.5058
48	9	Venomoth	2	0.5572	0.3762	0.0356	0.5182	0	0.5572
48	10	Venomoth	2	0.5901	0.3639	0.0739	0.5182	0	0.5901
48	11	Venomoth	2	0.6083	0.3879	0.0256	0.5182	0	0.6083
48	12	Venomoth	2	0.4667	0.3038	-0.0442	0.5182	0.0515	0.4152
48	13	Venomoth	2	0.4975	0.344	-0.0642	0.5182	0.0207	0.4768
48	14	Venomoth	2	0.5248	0.3335	-0.0207	0.5182	0	0.5248
48	15	Venomoth	2	0.6745	0.3942	0.1364	0.5182	0	0.6745
48	16	Venomoth	2	0.4932	0.3291	-0.0448	0.5182	0.025	0.4682
48	17	Venomoth	2	0.5051	0.3109	0.0058	0.5182	0.0131	0.492
48	18	Venomoth	2	0.5137	0.3162	0.0093	0.5182	0.0045	0.5092
48	19	Venomoth	2	0.5021	0.3022	-0.0069	0.5182	0.0161	0.486
480	13	Uxie	1	0.7185	0.3316	0.2757	0.7185	0	0.7185
480	14	Uxie	1	0.7158	0.4082	0.2954	0.7185	0.0027	0.7131
480	15	Uxie	1	0.7261	0.4724	0.2461	0.7185	0	0.7261
480	16	Uxie	1	0.6976	0.4036	0.294	0.7185	0.0209	0.6767
480	17	Uxie	1	0.7194	0.406	0.2853	0.7185	0	0.7194
480	18	Uxie	1	0.7337	0.4387	0.3181	0.7185	0	0.7337
480	19	Uxie	1	0.7165	0.3917	0.3248	0.7185	0.002	0.7145
481	13	Mesprit	1	0.7325	0.3491	0.2897	0.7301	0	0.7325
481	14	Mesprit	1	0.6956	0.3977	0.2752	0.7301	0.0345	0.6611
481	15	Mesprit	1	0.732	0.3837	0.252	0.7301	0	0.732
481	16	Mesprit	1	0.6335	0.3952	0.2299	0.7301	0.0966	0.5369
481	17	Mesprit	1	0.7428	0.4249	0.3087	0.7301	0	0.7428
481	18	Mesprit	1	0.7301	0.4156	0.3145	0.7301	0	0.7301
481	19	Mesprit	1	0.7075	0.3785	0.3158	0.7301	0.0226	0.6849
482	13	Azelf	1	0.6276	0.3362	0.1643	0.6623	0.0347	0.5929
482	14	Azelf	1	0.6767	0.3987	0.1963	0.6623	0	0.6767
482	15	Azelf	1	0.6706	0.4846	0.1636	0.6623	0	0.6706
482	16	Azelf	1	0.6674	0.4378	0.2006	0.6623	0	0.6674
482	17	Azelf	1	0.6623	0.3605	0.2307	0.6623	0	0.6623
482	18	Azelf	1	0.5977	0.4436	0.1471	0.6623	0.0646	0.5331
482	19	Azelf	1	0.6586	0.415	0.2218	0.6623	0.0037	0.6549
485	13	Heatran	1	0.6741	0.3978	0.1124	0.5831	0	0.6741
485	14	Heatran	1	0.5274	0.3304	-0.0181	0.5831	0.0557	0.4717
485	15	Heatran	1	0.5869	0.4015	0.0488	0.5831	0	0.5869
485	16	Heatran	1	0.496	0.2871	-0.042	0.5831	0.0871	0.4089
485	17	Heatran	1	0.5855	0.3249	0.0862	0.5831	0	0.5855
485	18	Heatran	1	0.5464	0.318	0.042	0.5831	0.0367	0.5097
485	19	Heatran	1	0.5831	0.3499	0.0741	0.5831	0	0.5831
486	13	Regigigas	1	0.693	0.404	0.1803	0.6429	0	0.693
486	14	Regigigas	1	0.6968	0.3945	0.1726	0.6429	0	0.6968
486	15	Regigigas	1	0.5932	0.4164	0.0582	0.6429	0.0497	0.5435
486	16	Regigigas	1	0.6244	0.4109	0.1242	0.6429	0.0185	0.6059
486	17	Regigigas	1	0.6712	0.391	0.1571	0.6429	0	0.6712
486	18	Regigigas	1	0.575	0.3883	0.0947	0.6429	0.0679	0.5071
486	19	Regigigas	1	0.6429	0.3989	0.1462	0.6429	0	0.6429
488	9	Cresselia	1	0.7016	0.5008	0.1903	0.7071	0.0055	0.6961
488	10	Cresselia	1	0.7137	0.5371	0.1766	0.7071	0	0.7137
488	11	Cresselia	1	0.6739	0.5158	0.1581	0.7071	0.0332	0.6407
488	12	Cresselia	1	0.7188	0.3882	0.2914	0.7071	0	0.7188
488	13	Cresselia	1	0.695	0.4214	0.2673	0.7071	0.0121	0.6829
488	14	Cresselia	1	0.7597	0.4937	0.3329	0.7071	0	0.7597
488	15	Cresselia	1	0.7071	0.4879	0.1814	0.7071	0	0.7071
488	16	Cresselia	1	0.7024	0.5014	0.2977	0.7071	0.0047	0.6977
488	17	Cresselia	1	0.7356	0.4986	0.3423	0.7071	0	0.7356
488	18	Cresselia	1	0.7184	0.4594	0.2891	0.7071	0	0.7184
488	19	Cresselia	1	0.6943	0.443	0.2949	0.7071	0.0128	0.6815
489	7	Phione	1	0.4316	0.2893	0.021	0.5511	0.1195	0.3121
489	8	Phione	1	0.479	0.2754	0.0622	0.5511	0.0721	0.4069
489	9	Phione	1	0.5687	0.2829	0.1563	0.5511	0	0.5687
489	10	Phione	1	0.6214	0.3093	0.2318	0.5511	0	0.6214
489	11	Phione	1	0.6067	0.3018	0.1745	0.5511	0	0.6067
489	12	Phione	1	0.4009	0.2619	0.0314	0.5511	0.1502	0.2507
489	13	Phione	1	0.6345	0.3424	0.1917	0.5511	0	0.6345
489	14	Phione	1	0.6164	0.295	0.196	0.5511	0	0.6164
489	15	Phione	1	0.5266	0.285	0.0466	0.5511	0.0245	0.5021
489	16	Phione	1	0.5511	0.3077	0.1475	0.5511	0	0.5511
489	17	Phione	1	0.5315	0.3062	0.0974	0.5511	0.0196	0.5119
489	18	Phione	1	0.4373	0.287	0.0217	0.5511	0.1138	0.3235
489	19	Phione	1	0.5692	0.3053	0.1775	0.5511	0	0.5692
490	7	Manaphy	1	0.7255	0.3882	0.2355	0.6549	0	0.7255
490	8	Manaphy	1	0.6493	0.3752	0.1611	0.6549	0.0056	0.6437
490	9	Manaphy	1	0.662	0.3615	0.1639	0.6549	0	0.662
490	10	Manaphy	1	0.6549	0.3952	0.1931	0.6549	0	0.6549
490	11	Manaphy	1	0.636	0.3607	0.0867	0.6549	0.0189	0.6171
490	12	Manaphy	1	0.6296	0.3468	0.1779	0.6549	0.0253	0.6043
490	13	Manaphy	1	0.6981	0.4216	0.2151	0.6549	0	0.6981
490	14	Manaphy	1	0.6752	0.3648	0.1761	0.6549	0	0.6752
490	15	Manaphy	1	0.652	0.3521	0.1305	0.6549	0.0029	0.6491
490	16	Manaphy	1	0.6669	0.4132	0.189	0.6549	0	0.6669
490	17	Manaphy	1	0.6769	0.3844	0.2344	0.6549	0	0.6769
490	18	Manaphy	1	0.6009	0.3271	0.1233	0.6549	0.054	0.5469
490	19	Manaphy	1	0.6436	0.3589	0.1592	0.6549	0.0113	0.6323
491	9	Darkrai	1	0.6449	0.3284	0.1468	0.6114	0	0.6449
491	10	Darkrai	1	0.5226	0.2545	0.0608	0.6114	0.0888	0.4338
491	11	Darkrai	1	0.6513	0.3328	0.102	0.6114	0	0.6513
491	12	Darkrai	1	0.6145	0.306	0.1628	0.6114	0	0.6145
491	13	Darkrai	1	0.5853	0.3191	0.1023	0.6114	0.0261	0.5592
491	14	Darkrai	1	0.6808	0.3531	0.1817	0.6114	0	0.6808
491	15	Darkrai	1	0.5892	0.351	0.0677	0.6114	0.0222	0.567
491	16	Darkrai	1	0.6114	0.3103	0.1335	0.6114	0	0.6114
491	17	Darkrai	1	0.4963	0.2885	0.0538	0.6114	0.1151	0.3812
491	18	Darkrai	1	0.5737	0.3673	0.0961	0.6114	0.0377	0.536
491	19	Darkrai	1	0.618	0.3915	0.1336	0.6114	0	0.618
492	7	Shaymin-Land	1	0.5634	0.3031	0.0409	0.613	0.0496	0.5138
492	8	Shaymin-Land	1	0.4395	0.2514	-0.0938	0.613	0.1735	0.266
492	9	Shaymin-Land	1	0.613	0.3427	0.0914	0.613	0	0.613
492	10	Shaymin-Land	1	0.6998	0.4279	0.1836	0.613	0	0.6998
492	11	Shaymin-Land	1	0.6191	0.5145	0.0194	0.613	0	0.6191
492	12	Shaymin-Land	1	0.5331	0.2931	0.0754	0.613	0.0799	0.4532
492	13	Shaymin-Land	1	0.6332	0.3031	0.1331	0.613	0	0.6332
492	14	Shaymin-Land	1	0.7438	0.5142	0.2296	0.613	0	0.7438
492	15	Shaymin-Land	1	0.6715	0.4788	0.0378	0.613	0	0.6715
492	16	Shaymin-Land	1	0.6069	0.465	0.1236	0.613	0.0061	0.6008
492	17	Shaymin-Land	1	0.6818	0.4667	0.2052	0.613	0	0.6818
492	18	Shaymin-Land	1	0.5245	0.3227	0.0318	0.613	0.0885	0.436
492	19	Shaymin-Land	1	0.5885	0.3805	0.1019	0.613	0.0245	0.564
494	7	Victini	1	0.5826	0.3784	0.0601	0.6397	0.0571	0.5255
494	8	Victini	1	0.6406	0.3961	0.1073	0.6397	0	0.6406
494	9	Victini	1	0.6812	0.4508	0.1596	0.6397	0	0.6812
494	10	Victini	1	0.633	0.3811	0.1168	0.6397	0.0067	0.6263
494	11	Victini	1	0.6397	0.3447	0.057	0.6397	0	0.6397
494	12	Victini	1	0.6548	0.3986	0.1439	0.6397	0	0.6548
494	13	Victini	1	0.6297	0.3994	0.068	0.6397	0.01	0.6197
494	14	Victini	1	0.616	0.3811	0.0705	0.6397	0.0237	0.5923
494	15	Victini	1	0.6668	0.4776	0.1287	0.6397	0	0.6668
494	16	Victini	1	0.5665	0.3602	0.0285	0.6397	0.0732	0.4933
494	17	Victini	1	0.5811	0.4367	0.0818	0.6397	0.0586	0.5225
494	18	Victini	1	0.6609	0.4456	0.1565	0.6397	0	0.6609
494	19	Victini	1	0.6581	0.4407	0.1491	0.6397	0	0.6581
495	1	Snivy	1	0.5338	0.4286	0.1052	0.5387	0.0049	0.5289
495	2	Servine	2	0.4664	0.4192	-0.0584	0.5387	0.0723	0.3941
495	3	Servine	2	0.4803	0.3944	-0.0527	0.5387	0.0584	0.4219
495	4	Servine	2	0.431	0.3528	-0.0296	0.5387	0.1077	0.3233
495	5	Servine	2	0.5206	0.4068	0.0088	0.5387	0.0181	0.5025
495	6	Servine	2	0.485	0.3146	-0.0356	0.5387	0.0537	0.4313
495	7	Serperior	3	0.6098	0.3586	0.1198	0.5387	0	0.6098
495	8	Serperior	3	0.4733	0.3359	-0.06	0.5387	0.0654	0.4079
495	9	Serperior	3	0.5839	0.3532	0.0623	0.5387	0	0.5839
495	10	Serperior	3	0.6324	0.3522	0.1162	0.5387	0	0.6324
495	11	Serperior	3	0.6142	0.4287	0.0315	0.5387	0	0.6142
495	12	Serperior	3	0.5387	0.326	0.0278	0.5387	0	0.5387
495	13	Serperior	3	0.527	0.3102	-0.0347	0.5387	0.0117	0.5153
495	14	Serperior	3	0.6695	0.4284	0.124	0.5387	0	0.6695
495	15	Serperior	3	0.7053	0.3822	0.1672	0.5387	0	0.7053
495	16	Serperior	3	0.5711	0.3705	0.0331	0.5387	0	0.5711
495	17	Serperior	3	0.6151	0.3647	0.1158	0.5387	0	0.6151
495	18	Serperior	3	0.5261	0.3034	0.0217	0.5387	0.0126	0.5135
495	19	Serperior	3	0.5542	0.322	0.0452	0.5387	0	0.5542
498	1	Tepig	1	0.4909	0.3138	0.0048	0.5037	0.0128	0.4781
498	2	Pignite	2	0.467	0.3678	-0.0578	0.5037	0.0367	0.4303
498	3	Pignite	2	0.4825	0.4008	-0.0505	0.5037	0.0212	0.4613
498	4	Pignite	2	0.4318	0.3412	-0.1873	0.5037	0.0719	0.3599
498	5	Pignite	2	0.4837	0.286	-0.0761	0.5037	0.02	0.4637
498	6	Pignite	2	0.4921	0.2784	0.0016	0.5037	0.0116	0.4805
498	7	Emboar	3	0.5929	0.4147	0.1249	0.5037	0	0.5929
498	8	Emboar	3	0.5454	0.3516	0.1182	0.5037	0	0.5454
498	9	Emboar	3	0.5923	0.4185	0.109	0.5037	0	0.5923
498	10	Emboar	3	0.5981	0.38	0.1368	0.5037	0	0.5981
498	11	Emboar	3	0.5023	0.3515	0.0036	0.5037	0.0014	0.5009
498	12	Emboar	3	0.5603	0.4014	0.1015	0.5037	0	0.5603
498	13	Emboar	3	0.5869	0.4051	0.1236	0.5037	0	0.5869
498	14	Emboar	3	0.5282	0.336	0.0478	0.5037	0	0.5282
498	15	Emboar	3	0.5037	0.3351	-0.0033	0.5037	0	0.5037
498	16	Emboar	3	0.5192	0.3372	0.0524	0.5037	0	0.5192
498	17	Emboar	3	0.4958	0.3425	0.0642	0.5037	0.0079	0.4879
498	18	Emboar	3	0.4828	0.353	0.0322	0.5037	0.0209	0.4619
498	19	Emboar	3	0.5598	0.3741	0.123	0.5037	0	0.5598
50	1	Diglett	1	0.5502	0.4474	-0.0524	0.5109	0	0.5502
50	2	Diglett	1	0.4667	0.339	-0.0581	0.5109	0.0442	0.4225
50	3	Dugtrio	2	0.5336	0.4923	0.0006	0.5109	0	0.5336
50	4	Dugtrio	2	0.442	0.3994	-0.1771	0.5109	0.0689	0.3731
50	5	Dugtrio	2	0.4922	0.4425	-0.0676	0.5109	0.0187	0.4735
50	6	Dugtrio	2	0.5954	0.4453	0.112	0.5109	0	0.5954
50	7	Dugtrio	2	0.5201	0.3617	0.0232	0.5109	0	0.5201
50	8	Dugtrio	2	0.4847	0.35	0.0062	0.5109	0.0262	0.4585
50	9	Dugtrio	2	0.4884	0.3519	0.0086	0.5109	0.0225	0.4659
50	10	Dugtrio	2	0.4524	0.3036	-0.0331	0.5109	0.0585	0.3939
50	11	Dugtrio	2	0.4483	0.3083	-0.0686	0.5109	0.0626	0.3857
50	12	Dugtrio	2	0.5356	0.3087	0.0695	0.5109	0	0.5356
50	13	Dugtrio	2	0.4666	0.3143	-0.0045	0.5109	0.0443	0.4223
50	14	Dugtrio	2	0.5109	0.3413	0.0059	0.5109	0	0.5109
50	15	Dugtrio	2	0.5558	0.3227	0.0532	0.5109	0	0.5558
50	16	Dugtrio	2	0.5258	0.3394	0.0576	0.5109	0	0.5258
50	17	Dugtrio	2	0.4649	0.3208	0.0223	0.5109	0.046	0.4189
50	18	Dugtrio	2	0.5245	0.3661	0.0873	0.5109	0	0.5245
50	19	Dugtrio	2	0.543	0.3283	0.094	0.5109	0	0.543
501	1	Oshawott	1	0.4889	0.4522	-0.1366	0.5771	0.0882	0.4007
501	2	Dewott	2	0.4719	0.4221	-0.0529	0.5771	0.1052	0.3667
501	3	Dewott	2	0.4588	0.4075	-0.0742	0.5771	0.1183	0.3405
501	4	Dewott	2	0.5314	0.419	-0.0877	0.5771	0.0457	0.4857
501	5	Dewott	2	0.5639	0.355	0.0041	0.5771	0.0132	0.5507
501	6	Dewott	2	0.3675	0.234	-0.0593	0.5771	0.2096	0.1579
501	7	Samurott	3	0.6584	0.4715	0.1615	0.5771	0	0.6584
501	8	Samurott	3	0.5902	0.3844	0.1117	0.5771	0	0.5902
501	9	Samurott	3	0.6434	0.4412	0.1636	0.5771	0	0.6434
501	10	Samurott	3	0.5746	0.394	0.0891	0.5771	0.0025	0.5721
501	11	Samurott	3	0.6301	0.3962	0.1132	0.5771	0	0.6301
501	12	Samurott	3	0.5771	0.3903	0.111	0.5771	0	0.5771
501	13	Samurott	3	0.6853	0.4527	0.2142	0.5771	0	0.6853
501	14	Samurott	3	0.6008	0.3658	0.0958	0.5771	0	0.6008
501	15	Samurott	3	0.6324	0.4307	0.1298	0.5771	0	0.6324
501	16	Samurott-Hisui	3	0.5753	0.4231	0.1071	0.5771	0.0018	0.5735
501	17	Samurott	3	0.6552	0.4408	0.2126	0.5771	0	0.6552
501	18	Samurott	3	0.5038	0.3492	0.0666	0.5771	0.0733	0.4305
501	19	Samurott	3	0.5854	0.39	0.1364	0.5771	0	0.5854
504	1	Patrat	1	0.4145	0.3546	-0.211	0.5978	0.1833	0.2312
504	2	Watchog	2	0.5212	0.4557	0.0176	0.5978	0.0766	0.4446
504	3	Watchog	2	0.483	0.4323	-0.0113	0.5978	0.1148	0.3682
504	4	Watchog	2	0.5287	0.4535	0.0193	0.5978	0.0691	0.4596
504	5	Watchog	2	0.535	0.4271	0.0436	0.5978	0.0628	0.4722
504	6	Watchog	2	0.657	0.4057	0.1736	0.5978	0	0.657
504	7	Watchog	2	0.5687	0.3718	0.0451	0.5978	0.0291	0.5396
504	8	Watchog	2	0.6047	0.3619	0.1057	0.5978	0	0.6047
504	9	Watchog	2	0.6458	0.4127	0.122	0.5978	0	0.6458
504	10	Watchog	2	0.6084	0.3741	0.0933	0.5978	0	0.6084
504	11	Watchog	2	0.6316	0.417	0.1042	0.5978	0	0.6316
504	12	Watchog	2	0.5978	0.4128	0.1112	0.5978	0	0.5978
504	13	Watchog	2	0.6651	0.4175	0.1524	0.5978	0	0.6651
504	14	Watchog	2	0.6063	0.4075	0.0821	0.5978	0	0.6063
504	15	Watchog	2	0.6015	0.3939	0.0665	0.5978	0	0.6015
504	16	Watchog	2	0.5715	0.3819	0.0713	0.5978	0.0263	0.5452
504	17	Watchog	2	0.6273	0.3629	0.1132	0.5978	0	0.6273
504	18	Watchog	2	0.5473	0.3492	0.067	0.5978	0.0505	0.4968
504	19	Watchog	2	0.5807	0.3775	0.084	0.5978	0.0171	0.5636
506	1	Lillipup	1	0.4849	0.3961	-0.0001	0.5502	0.0653	0.4196
506	2	Herdier	2	0.5215	0.4375	0.0224	0.5502	0.0287	0.4928
506	3	Herdier	2	0.4631	0.3975	-0.0806	0.5502	0.0871	0.376
506	4	Herdier	2	0.5249	0.3918	-0.1117	0.5502	0.0253	0.4996
506	5	Stoutland	3	0.5791	0.4862	0.0435	0.5502	0	0.5791
506	6	Stoutland	3	0.6443	0.4347	0.1609	0.5502	0	0.6443
506	7	Stoutland	3	0.5502	0.3814	0.0533	0.5502	0	0.5502
506	8	Stoutland	3	0.5097	0.3586	0.0312	0.5502	0.0405	0.4692
506	9	Stoutland	3	0.6196	0.4107	0.1398	0.5502	0	0.6196
506	10	Stoutland	3	0.5727	0.3523	0.0872	0.5502	0	0.5727
506	11	Stoutland	3	0.6315	0.4181	0.1146	0.5502	0	0.6315
506	12	Stoutland	3	0.5724	0.408	0.1063	0.5502	0	0.5724
506	13	Stoutland	3	0.5622	0.4108	0.0911	0.5502	0	0.5622
506	14	Stoutland	3	0.5453	0.3925	0.0403	0.5502	0.0049	0.5404
506	15	Stoutland	3	0.5515	0.4026	0.0489	0.5502	0	0.5515
506	16	Stoutland	3	0.5343	0.3755	0.0661	0.5502	0.0159	0.5184
506	17	Stoutland	3	0.5404	0.3664	0.0978	0.5502	0.0098	0.5306
506	18	Stoutland	3	0.4683	0.3517	0.0311	0.5502	0.0819	0.3864
506	19	Stoutland	3	0.5732	0.3955	0.1242	0.5502	0	0.5732
509	1	Purrloin	1	0.4467	0.2685	-0.1559	0.4854	0.0387	0.408
509	2	Liepard	2	0.4963	0.4402	-0.0285	0.4854	0	0.4963
509	3	Liepard	2	0.4596	0.3638	-0.0734	0.4854	0.0258	0.4338
509	4	Liepard	2	0.4854	0.4235	-0.1337	0.4854	0	0.4854
509	5	Liepard	2	0.5451	0.4342	-0.0147	0.4854	0	0.5451
509	6	Liepard	2	0.4858	0.3686	0.059	0.4854	0	0.4858
509	7	Liepard	2	0.4771	0.3438	0.0215	0.4854	0.0083	0.4688
509	8	Liepard	2	0.4948	0.3503	0.0651	0.4854	0	0.4948
509	9	Liepard	2	0.4686	0.3179	-0.0112	0.4854	0.0168	0.4518
509	10	Liepard	2	0.4389	0.2959	-0.0466	0.4854	0.0465	0.3924
509	11	Liepard	2	0.5229	0.3463	0.006	0.4854	0	0.5229
509	12	Liepard	2	0.4414	0.2792	-0.0247	0.4854	0.044	0.3974
509	13	Liepard	2	0.5143	0.36	0.0432	0.4854	0	0.5143
509	14	Liepard	2	0.4934	0.3382	-0.0116	0.4854	0	0.4934
509	15	Liepard	2	0.5292	0.3606	0.0266	0.4854	0	0.5292
509	16	Liepard	2	0.4823	0.3366	0.0141	0.4854	0.0031	0.4792
509	17	Liepard	2	0.4397	0.2473	-0.0029	0.4854	0.0457	0.394
509	18	Liepard	2	0.4376	0.2918	0.0004	0.4854	0.0478	0.3898
509	19	Liepard	2	0.525	0.3193	0.076	0.4854	0	0.525
511	1	Pansage	1	0.4819	0.4156	0.0431	0.5035	0.0216	0.4603
511	2	Pansage	1	0.4153	0.2735	0.0107	0.5035	0.0882	0.3271
511	3	Pansage	1	0.4453	0.3211	-0.0417	0.5035	0.0582	0.3871
511	4	Pansage	1	0.415	0.233	-0.1153	0.5035	0.0885	0.3265
511	5	Pansage	1	0.5035	0.2401	-0.0563	0.5035	0	0.5035
511	6	Simisage	2	0.5649	0.3034	0.0443	0.5035	0	0.5649
511	7	Simisage	2	0.503	0.3315	0.013	0.5035	0.0005	0.5025
511	8	Simisage	2	0.4224	0.2287	-0.0658	0.5035	0.0811	0.3413
511	9	Simisage	2	0.5206	0.3011	0.0225	0.5035	0	0.5206
511	10	Simisage	2	0.5761	0.3509	0.1143	0.5035	0	0.5761
511	11	Simisage	2	0.5611	0.3457	0.0118	0.5035	0	0.5611
511	12	Simisage	2	0.455	0.2558	0.0033	0.5035	0.0485	0.4065
511	13	Simisage	2	0.5142	0.2788	0.0312	0.5035	0	0.5142
511	14	Simisage	2	0.5576	0.3571	0.0585	0.5035	0	0.5576
511	15	Simisage	2	0.5743	0.3468	0.0528	0.5035	0	0.5743
511	16	Simisage	2	0.5038	0.3378	0.0259	0.5035	0	0.5038
511	17	Simisage	2	0.552	0.3501	0.1095	0.5035	0	0.552
511	18	Simisage	2	0.4696	0.239	-0.008	0.5035	0.0339	0.4357
511	19	Simisage	2	0.4896	0.249	0.0052	0.5035	0.0139	0.4757
513	1	Pansear	1	0.3643	0.2914	-0.2612	0.4922	0.1279	0.2364
513	2	Pansear	1	0.4426	0.3233	0.038	0.4922	0.0496	0.393
513	3	Pansear	1	0.4507	0.3187	-0.0102	0.4922	0.0415	0.4092
513	4	Pansear	1	0.392	0.2552	-0.1217	0.4922	0.1002	0.2918
513	5	Pansear	1	0.4765	0.2554	-0.07	0.4922	0.0157	0.4608
513	6	Simisear	2	0.6295	0.3395	0.1089	0.4922	0	0.6295
513	7	Simisear	2	0.4922	0.2786	0.0022	0.4922	0	0.4922
513	8	Simisear	2	0.4985	0.2599	0.0103	0.4922	0	0.4985
513	9	Simisear	2	0.5532	0.3305	0.0551	0.4922	0	0.5532
513	10	Simisear	2	0.5252	0.2732	0.0634	0.4922	0	0.5252
513	11	Simisear	2	0.522	0.2422	-0.0273	0.4922	0	0.522
513	12	Simisear	2	0.4968	0.2714	0.0451	0.4922	0	0.4968
513	13	Simisear	2	0.5263	0.2584	0.0433	0.4922	0	0.5263
513	14	Simisear	2	0.4843	0.2319	-0.0148	0.4922	0.0079	0.4764
513	15	Simisear	2	0.5902	0.3072	0.0687	0.4922	0	0.5902
513	16	Simisear	2	0.4605	0.2284	-0.0174	0.4922	0.0317	0.4288
513	17	Simisear	2	0.481	0.2209	0.0385	0.4922	0.0112	0.4698
513	18	Simisear	2	0.4581	0.2396	-0.0195	0.4922	0.0341	0.424
513	19	Simisear	2	0.5007	0.2322	0.0163	0.4922	0	0.5007
515	1	Panpour	1	0.4492	0.4118	-0.1763	0.4878	0.0386	0.4106
515	2	Panpour	1	0.4134	0.3021	0.0088	0.4878	0.0744	0.339
515	3	Panpour	1	0.4143	0.315	-0.0727	0.4878	0.0735	0.3408
515	4	Panpour	1	0.434	0.2539	-0.0963	0.4878	0.0538	0.3802
515	5	Panpour	1	0.4839	0.2504	0.0023	0.4878	0.0039	0.48
515	6	Simipour	2	0.4257	0.2371	-0.0949	0.4878	0.0621	0.3636
515	7	Simipour	2	0.5491	0.3754	0.0591	0.4878	0	0.5491
515	8	Simipour	2	0.4878	0.3183	-0.0004	0.4878	0	0.4878
515	9	Simipour	2	0.5617	0.302	0.0636	0.4878	0	0.5617
515	10	Simipour	2	0.5153	0.3081	0.0535	0.4878	0	0.5153
515	11	Simipour	2	0.4765	0.2448	-0.0728	0.4878	0.0113	0.4652
515	12	Simipour	2	0.4791	0.2507	0.0274	0.4878	0.0087	0.4704
515	13	Simipour	2	0.5796	0.294	0.0966	0.4878	0	0.5796
515	14	Simipour	2	0.5592	0.2517	0.0601	0.4878	0	0.5592
515	15	Simipour	2	0.5856	0.2781	0.0641	0.4878	0	0.5856
515	16	Simipour	2	0.5361	0.2906	0.0582	0.4878	0	0.5361
515	17	Simipour	2	0.5334	0.2858	0.0909	0.4878	0	0.5334
515	18	Simipour	2	0.4646	0.2329	-0.013	0.4878	0.0232	0.4414
515	19	Simipour	2	0.5181	0.2638	0.0337	0.4878	0	0.5181
517	1	Munna	1	0.4762	0.424	-0.0963	0.6851	0.2089	0.2673
517	2	Munna	1	0.4998	0.4346	-0.0038	0.6851	0.1853	0.3145
517	3	Munna	1	0.4345	0.344	-0.0274	0.6851	0.2506	0.1839
517	4	Munna	1	0.3818	0.2812	-0.1865	0.6851	0.3033	0.0785
517	5	Munna	1	0.4289	0.2257	-0.1176	0.6851	0.2562	0.1727
517	6	Musharna	2	0.6903	0.3192	0.162	0.6851	0	0.6903
517	7	Musharna	2	0.6177	0.2878	0.0508	0.6851	0.0674	0.5503
517	8	Musharna	2	0.6905	0.3553	0.1912	0.6851	0	0.6905
517	9	Musharna	2	0.6762	0.3273	0.1649	0.6851	0.0089	0.6673
517	10	Musharna	2	0.704	0.3271	0.1669	0.6851	0	0.704
517	11	Musharna	2	0.7072	0.2966	0.1914	0.6851	0	0.7072
517	12	Musharna	2	0.6851	0.2974	0.2577	0.6851	0	0.6851
517	13	Musharna	2	0.7001	0.2959	0.2345	0.6851	0	0.7001
517	14	Musharna	2	0.5871	0.2824	0.1365	0.6851	0.098	0.4891
517	15	Musharna	2	0.7038	0.2901	0.1781	0.6851	0	0.7038
517	16	Musharna	2	0.575	0.2745	0.1377	0.6851	0.1101	0.4649
517	17	Musharna	2	0.6936	0.3025	0.231	0.6851	0	0.6936
517	18	Musharna	2	0.7339	0.3402	0.3046	0.6851	0	0.7339
517	19	Musharna	2	0.7232	0.2857	0.2518	0.6851	0	0.7232
519	7	Unfezant	3	0.5201	0.3907	0.0232	0.5212	0.0011	0.519
519	8	Unfezant	3	0.5137	0.3825	0.0352	0.5212	0.0075	0.5062
519	9	Unfezant	3	0.5644	0.3936	0.0846	0.5212	0	0.5644
519	10	Unfezant	3	0.5116	0.4064	0.0261	0.5212	0.0096	0.502
519	11	Unfezant	3	0.555	0.4608	0.0381	0.5212	0	0.555
519	12	Unfezant	3	0.4914	0.3938	0.0253	0.5212	0.0298	0.4616
519	13	Unfezant	3	0.5177	0.4044	0.0466	0.5212	0.0035	0.5142
519	14	Unfezant	3	0.6021	0.3957	0.0971	0.5212	0	0.6021
519	15	Unfezant	3	0.6297	0.4643	0.1271	0.5212	0	0.6297
519	16	Unfezant	3	0.5916	0.4315	0.1234	0.5212	0	0.5916
519	17	Unfezant	3	0.5212	0.433	0.0786	0.5212	0	0.5212
519	18	Unfezant	3	0.4883	0.3655	0.0511	0.5212	0.0329	0.4554
519	19	Unfezant	3	0.5693	0.4029	0.1203	0.5212	0	0.5693
52	1	Meowth	1	0.5342	0.4091	0.0481	0.5317	0	0.5342
52	2	Meowth	1	0.4731	0.338	-0.0135	0.5317	0.0586	0.4145
52	3	Meowth	1	0.4289	0.2802	-0.0519	0.5317	0.1028	0.3261
52	4	Persian	2	0.5168	0.4632	-0.1023	0.5317	0.0149	0.5019
52	5	Persian	2	0.5596	0.4599	-0.0028	0.5317	0	0.5596
52	6	Persian	2	0.6029	0.3642	0.1124	0.5317	0	0.6029
52	7	Persian	2	0.5705	0.3463	0.0469	0.5317	0	0.5705
52	8	Persian	2	0.5489	0.3477	0.0499	0.5317	0	0.5489
52	9	Persian	2	0.5192	0.3197	-0.0046	0.5317	0.0125	0.5067
52	10	Persian	2	0.425	0.2775	-0.0901	0.5317	0.1067	0.3183
52	11	Persian	2	0.5341	0.3558	0.0067	0.5317	0	0.5341
52	12	Persian	2	0.516	0.311	0.0294	0.5317	0.0157	0.5003
52	13	Persian	2	0.5367	0.297	0.024	0.5317	0	0.5367
52	14	Persian	2	0.5317	0.3629	0.0075	0.5317	0	0.5317
52	15	Persian	2	0.6087	0.3131	0.0737	0.5317	0	0.6087
52	16	Persian	2	0.4982	0.3129	-0.002	0.5317	0.0335	0.4647
52	17	Persian	2	0.5188	0.2588	0.0047	0.5317	0.0129	0.5059
52	18	Persian	2	0.5381	0.2752	0.0578	0.5317	0	0.5381
52	19	Persian	2	0.5132	0.3064	0.0165	0.5317	0.0185	0.4947
522	2	Blitzle	1	0.4671	0.4062	-0.0577	0.5861	0.119	0.3481
522	3	Blitzle	1	0.4679	0.4033	-0.0651	0.5861	0.1182	0.3497
522	4	Zebstrika	2	0.5361	0.4921	-0.083	0.5861	0.05	0.4861
522	5	Zebstrika	2	0.5853	0.5259	0.0255	0.5861	0.0008	0.5845
522	6	Zebstrika	2	0.6394	0.4268	0.2126	0.5861	0	0.6394
522	7	Zebstrika	2	0.5203	0.3945	0.0303	0.5861	0.0658	0.4545
522	8	Zebstrika	2	0.5776	0.3697	0.0991	0.5861	0.0085	0.5691
522	9	Zebstrika	2	0.6581	0.4331	0.1783	0.5861	0	0.6581
522	10	Zebstrika	2	0.585	0.3439	0.0995	0.5861	0.0011	0.5839
522	11	Zebstrika	2	0.6343	0.4193	0.1174	0.5861	0	0.6343
522	12	Zebstrika	2	0.587	0.3908	0.1209	0.5861	0	0.587
522	13	Zebstrika	2	0.6511	0.4302	0.18	0.5861	0	0.6511
522	14	Zebstrika	2	0.7226	0.4684	0.2176	0.5861	0	0.7226
522	15	Zebstrika	2	0.706	0.426	0.2034	0.5861	0	0.706
522	16	Zebstrika	2	0.5833	0.3934	0.1151	0.5861	0.0028	0.5805
522	17	Zebstrika	2	0.6032	0.3838	0.1606	0.5861	0	0.6032
522	18	Zebstrika	2	0.5772	0.3752	0.14	0.5861	0.0089	0.5683
522	19	Zebstrika	2	0.6043	0.4044	0.1553	0.5861	0	0.6043
524	1	Roggenrola	1	0.3643	0.2532	-0.2082	0.5813	0.217	0.1473
524	2	Roggenrola	1	0.3403	0.2513	-0.0643	0.5813	0.241	0.0993
524	3	Gigalith	3	0.4184	0.3346	0.0298	0.5813	0.1629	0.2555
524	4	Gigalith	3	0.4456	0.3826	-0.0178	0.5813	0.1357	0.3099
524	5	Gigalith	3	0.4675	0.3841	-0.0375	0.5813	0.1138	0.3537
524	6	Gigalith	3	0.5982	0.3729	0.0948	0.5813	0	0.5982
524	7	Gigalith	3	0.5359	0.3338	0.1154	0.5813	0.0454	0.4905
524	8	Gigalith	3	0.5552	0.3495	0.1312	0.5813	0.0261	0.5291
524	9	Gigalith	3	0.6034	0.3994	0.1707	0.5813	0	0.6034
524	10	Gigalith	3	0.672	0.4078	0.2641	0.5813	0	0.672
524	11	Gigalith	3	0.6015	0.3926	0.1629	0.5813	0	0.6015
524	12	Gigalith	3	0.6324	0.405	0.1772	0.5813	0	0.6324
524	13	Gigalith	3	0.7428	0.4215	0.2462	0.5813	0	0.7428
524	14	Gigalith	3	0.5826	0.46	0.112	0.5813	0	0.5826
524	15	Gigalith	3	0.5942	0.4145	0.044	0.5813	0	0.5942
524	16	Gigalith	3	0.552	0.3711	0.1104	0.5813	0.0293	0.5227
524	17	Gigalith	3	0.5813	0.3497	0.1841	0.5813	0	0.5813
524	18	Gigalith	3	0.5776	0.3801	0.1749	0.5813	0.0037	0.5739
524	19	Gigalith	3	0.5972	0.3866	0.1714	0.5813	0	0.5972
527	1	Woobat	1	0.4743	0.3861	-0.1512	0.5169	0.0426	0.4317
527	2	Swoobat	2	0.4397	0.391	-0.0851	0.5169	0.0772	0.3625
527	3	Swoobat	2	0.4202	0.373	-0.1128	0.5169	0.0967	0.3235
527	4	Swoobat	2	0.4574	0.3986	-0.1617	0.5169	0.0595	0.3979
527	5	Swoobat	2	0.4183	0.3604	-0.1415	0.5169	0.0986	0.3197
527	6	Swoobat	2	0.395	0.2119	-0.0442	0.5169	0.1219	0.2731
527	7	Swoobat	2	0.5386	0.3152	0.1285	0.5169	0	0.5386
527	8	Swoobat	2	0.5169	0.326	0.1186	0.5169	0	0.5169
527	9	Swoobat	2	0.6335	0.3476	0.2099	0.5169	0	0.6335
527	10	Swoobat	2	0.6068	0.3284	0.1968	0.5169	0	0.6068
527	11	Swoobat	2	0.6055	0.296	0.1835	0.5169	0	0.6055
527	12	Swoobat	2	0.5067	0.2696	0.1083	0.5169	0.0102	0.4965
527	13	Swoobat	2	0.4939	0.2816	0.0109	0.5169	0.023	0.4709
527	14	Swoobat	2	0.5427	0.2782	0.0436	0.5169	0	0.5427
527	15	Swoobat	2	0.6229	0.3036	0.1756	0.5169	0	0.6229
527	16	Swoobat	2	0.4949	0.2855	0.017	0.5169	0.022	0.4729
527	17	Swoobat	2	0.5776	0.2672	0.1351	0.5169	0	0.5776
527	18	Swoobat	2	0.5371	0.2878	0.0595	0.5169	0	0.5371
527	19	Swoobat	2	0.551	0.276	0.0666	0.5169	0	0.551
529	1	Drilbur	1	0.5534	0.4205	0.0673	0.5421	0	0.5534
529	2	Drilbur	1	0.5078	0.3517	0.0212	0.5421	0.0343	0.4735
529	3	Drilbur	1	0.5421	0.4642	-0.0016	0.5421	0	0.5421
529	4	Drilbur	1	0.4735	0.3229	-0.1631	0.5421	0.0686	0.4049
529	5	Excadrill	2	0.6045	0.5174	0.0689	0.5421	0	0.6045
529	6	Excadrill	2	0.7498	0.5384	0.2664	0.5421	0	0.7498
529	7	Excadrill	2	0.5146	0.423	0.0177	0.5421	0.0275	0.4871
529	8	Excadrill	2	0.4936	0.3784	0.0151	0.5421	0.0485	0.4451
529	9	Excadrill	2	0.5772	0.4173	0.0974	0.5421	0	0.5772
529	10	Excadrill	2	0.5098	0.359	0.0243	0.5421	0.0323	0.4775
529	11	Excadrill	2	0.5213	0.3403	-0.0061	0.5421	0.0208	0.5005
529	12	Excadrill	2	0.5824	0.4303	0.0958	0.5421	0	0.5824
529	13	Excadrill	2	0.5993	0.4325	0.0866	0.5421	0	0.5993
529	14	Excadrill	2	0.5445	0.3322	0.0203	0.5421	0	0.5445
529	15	Excadrill	2	0.6411	0.4009	0.1061	0.5421	0	0.6411
529	16	Excadrill	2	0.4955	0.3417	-0.0047	0.5421	0.0466	0.4489
529	17	Excadrill	2	0.4723	0.3876	-0.0418	0.5421	0.0698	0.4025
529	18	Excadrill	2	0.5188	0.3969	0.0385	0.5421	0.0233	0.4955
529	19	Excadrill	2	0.5516	0.3736	0.0549	0.5421	0	0.5516
531	3	Audino	1	0.7146	0.3439	0.2522	0.7366	0.022	0.6926
531	4	Audino	1	0.6662	0.5527	0.1529	0.7366	0.0704	0.5958
531	5	Audino	1	0.7661	0.3882	0.2908	0.7366	0	0.7661
531	6	Audino	1	0.7554	0.3735	0.3001	0.7366	0	0.7554
531	7	Audino	1	0.7063	0.2882	0.297	0.7366	0.0303	0.676
531	8	Audino	1	0.6673	0.2903	0.254	0.7366	0.0693	0.598
531	9	Audino	1	0.7372	0.4766	0.2393	0.7366	0	0.7372
531	10	Audino	1	0.706	0.3839	0.19	0.7366	0.0306	0.6754
531	11	Audino	1	0.7366	0.5997	0.1369	0.7366	0	0.7366
531	12	Audino	1	0.7615	0.4784	0.3038	0.7366	0	0.7615
531	13	Audino	1	0.7706	0.4637	0.2705	0.7366	0	0.7706
531	14	Audino	1	0.7571	0.4848	0.2429	0.7366	0	0.7571
531	15	Audino	1	0.6896	0.486	0.0559	0.7366	0.047	0.6426
531	16	Audino	1	0.6987	0.3975	0.2154	0.7366	0.0379	0.6608
531	17	Audino	1	0.7646	0.3987	0.288	0.7366	0	0.7646
531	18	Audino	1	0.686	0.3808	0.1933	0.7366	0.0506	0.6354
531	19	Audino	1	0.7453	0.4711	0.2587	0.7366	0	0.7453
532	1	Timburr	1	0.5137	0.4553	0.0287	0.5551	0.0414	0.4723
532	2	Timburr	1	0.4457	0.2629	-0.0534	0.5551	0.1094	0.3363
532	3	Conkeldurr	3	0.5333	0.4732	0.0003	0.5551	0.0218	0.5115
532	4	Conkeldurr	3	0.5175	0.4536	-0.1016	0.5551	0.0376	0.4799
532	5	Conkeldurr	3	0.4775	0.3521	-0.0823	0.5551	0.0776	0.3999
532	6	Conkeldurr	3	0.505	0.3532	0.0216	0.5551	0.0501	0.4549
532	7	Conkeldurr	3	0.6833	0.419	0.1597	0.5551	0	0.6833
532	8	Conkeldurr	3	0.5795	0.4005	0.0805	0.5551	0	0.5795
532	9	Conkeldurr	3	0.6291	0.4529	0.1053	0.5551	0	0.6291
532	10	Conkeldurr	3	0.606	0.4462	0.0909	0.5551	0	0.606
532	11	Conkeldurr	3	0.6185	0.42	0.0911	0.5551	0	0.6185
532	12	Conkeldurr	3	0.537	0.4258	0.0504	0.5551	0.0181	0.5189
532	13	Conkeldurr	3	0.5745	0.421	0.0618	0.5551	0	0.5745
532	14	Conkeldurr	3	0.6712	0.4511	0.147	0.5551	0	0.6712
532	15	Conkeldurr	3	0.5291	0.3357	-0.0059	0.5551	0.026	0.5031
532	16	Conkeldurr	3	0.5972	0.4104	0.097	0.5551	0	0.5972
532	17	Conkeldurr	3	0.5435	0.3689	0.0294	0.5551	0.0116	0.5319
532	18	Conkeldurr	3	0.5551	0.3758	0.0748	0.5551	0	0.5551
532	19	Conkeldurr	3	0.5979	0.405	0.1012	0.5551	0	0.5979
535	1	Palpitoad	2	0.4863	0.4763	-0.0862	0.5854	0.0991	0.3872
535	2	Palpitoad	2	0.3821	0.3409	-0.0225	0.5854	0.2033	0.1788
535	3	Palpitoad	2	0.427	0.3491	-0.06	0.5854	0.1584	0.2686
535	4	Palpitoad	2	0.3888	0.3466	-0.1795	0.5854	0.1966	0.1922
535	5	Palpitoad	2	0.3746	0.2977	-0.1719	0.5854	0.2108	0.1638
535	6	Palpitoad	2	0.6212	0.3264	0.0929	0.5854	0	0.6212
535	7	Seismitoad	3	0.5774	0.409	0.0805	0.5854	0.008	0.5694
535	8	Seismitoad	3	0.528	0.3432	0.0495	0.5854	0.0574	0.4706
535	9	Seismitoad	3	0.6113	0.3648	0.1315	0.5854	0	0.6113
535	10	Seismitoad	3	0.6475	0.3696	0.162	0.5854	0	0.6475
535	11	Seismitoad	3	0.5325	0.289	0.0156	0.5854	0.0529	0.4796
535	12	Seismitoad	3	0.5367	0.3403	0.0706	0.5854	0.0487	0.488
535	13	Seismitoad	3	0.6584	0.3715	0.1873	0.5854	0	0.6584
535	14	Seismitoad	3	0.6129	0.3087	0.1079	0.5854	0	0.6129
535	15	Seismitoad	3	0.6084	0.3538	0.1058	0.5854	0	0.6084
535	16	Seismitoad	3	0.6244	0.3567	0.1562	0.5854	0	0.6244
535	17	Seismitoad	3	0.619	0.3686	0.1764	0.5854	0	0.619
535	18	Seismitoad	3	0.6209	0.3673	0.1837	0.5854	0	0.6209
535	19	Seismitoad	3	0.5854	0.3443	0.1364	0.5854	0	0.5854
538	1	Throh	1	0.487	0.4798	-0.0855	0.5596	0.0726	0.4144
538	2	Throh	1	0.4847	0.3536	-0.0189	0.5596	0.0749	0.4098
538	3	Throh	1	0.5134	0.4209	0.0191	0.5596	0.0462	0.4672
538	4	Throh	1	0.4898	0.3961	-0.0196	0.5596	0.0698	0.42
538	5	Throh	1	0.4439	0.3532	-0.0475	0.5596	0.1157	0.3282
538	6	Throh	1	0.5914	0.3465	0.0506	0.5596	0	0.5914
538	7	Throh	1	0.626	0.4064	0.1024	0.5596	0	0.626
538	8	Throh	1	0.598	0.3641	0.099	0.5596	0	0.598
538	9	Throh	1	0.614	0.3747	0.0902	0.5596	0	0.614
538	10	Throh	1	0.5861	0.416	0.071	0.5596	0	0.5861
538	11	Throh	1	0.5994	0.3686	0.072	0.5596	0	0.5994
538	12	Throh	1	0.5585	0.3373	0.0719	0.5596	0.0011	0.5574
538	13	Throh	1	0.6142	0.3482	0.1015	0.5596	0	0.6142
538	14	Throh	1	0.6456	0.369	0.1214	0.5596	0	0.6456
538	15	Throh	1	0.499	0.2765	-0.036	0.5596	0.0606	0.4384
538	16	Throh	1	0.5596	0.357	0.0594	0.5596	0	0.5596
538	17	Throh	1	0.4868	0.2715	-0.0273	0.5596	0.0728	0.414
538	18	Throh	1	0.5172	0.3062	0.0369	0.5596	0.0424	0.4748
538	19	Throh	1	0.5875	0.3303	0.0908	0.5596	0	0.5875
539	1	Sawk	1	0.4951	0.4578	-0.1075	0.5257	0.0306	0.4645
539	2	Sawk	1	0.5017	0.3861	-0.0231	0.5257	0.024	0.4777
539	3	Sawk	1	0.5423	0.5006	0.0093	0.5257	0	0.5423
539	4	Sawk	1	0.5305	0.3959	0.0002	0.5257	0	0.5305
539	5	Sawk	1	0.4905	0.3945	0.0089	0.5257	0.0352	0.4553
539	6	Sawk	1	0.5711	0.3263	0.0877	0.5257	0	0.5711
539	7	Sawk	1	0.5503	0.3761	0.0534	0.5257	0	0.5503
539	8	Sawk	1	0.5529	0.2893	0.0744	0.5257	0	0.5529
539	9	Sawk	1	0.5845	0.3599	0.1047	0.5257	0	0.5845
539	10	Sawk	1	0.5511	0.3527	0.0656	0.5257	0	0.5511
539	11	Sawk	1	0.5911	0.3581	0.0742	0.5257	0	0.5911
539	12	Sawk	1	0.5257	0.3605	0.0596	0.5257	0	0.5257
539	13	Sawk	1	0.5112	0.3336	0.0401	0.5257	0.0145	0.4967
539	14	Sawk	1	0.5357	0.3498	0.0307	0.5257	0	0.5357
539	15	Sawk	1	0.4332	0.273	-0.0694	0.5257	0.0925	0.3407
539	16	Sawk	1	0.521	0.3537	0.0528	0.5257	0.0047	0.5163
539	17	Sawk	1	0.425	0.2689	-0.0176	0.5257	0.1007	0.3243
539	18	Sawk	1	0.5068	0.2841	0.0696	0.5257	0.0189	0.4879
539	19	Sawk	1	0.5001	0.3087	0.0511	0.5257	0.0256	0.4745
54	1	Golduck	2	0.6398	0.6067	0.0372	0.6004	0	0.6398
54	2	Golduck	2	0.5352	0.4706	0.0104	0.6004	0.0652	0.47
54	3	Golduck	2	0.6004	0.5121	0.0674	0.6004	0	0.6004
54	4	Golduck	2	0.5382	0.4679	-0.0809	0.6004	0.0622	0.476
54	5	Golduck	2	0.5305	0.4584	-0.0293	0.6004	0.0699	0.4606
54	6	Golduck	2	0.5805	0.3092	0.0599	0.6004	0.0199	0.5606
54	7	Golduck	2	0.6314	0.453	0.1414	0.6004	0	0.6314
54	8	Golduck	2	0.6908	0.4306	0.2026	0.6004	0	0.6908
54	9	Golduck	2	0.6171	0.411	0.119	0.6004	0	0.6171
54	10	Golduck	2	0.6584	0.3911	0.1966	0.6004	0	0.6584
54	11	Golduck	2	0.5975	0.3567	0.0482	0.6004	0.0029	0.5946
54	12	Golduck	2	0.5658	0.3399	0.1141	0.6004	0.0346	0.5312
54	13	Golduck	2	0.6181	0.3576	0.1351	0.6004	0	0.6181
54	14	Golduck	2	0.5992	0.352	0.1001	0.6004	0.0012	0.598
54	15	Golduck	2	0.6411	0.3699	0.1196	0.6004	0	0.6411
54	16	Golduck	2	0.5909	0.3992	0.113	0.6004	0.0095	0.5814
54	17	Golduck	2	0.6499	0.3913	0.2074	0.6004	0	0.6499
54	18	Golduck	2	0.6357	0.3999	0.1581	0.6004	0	0.6357
54	19	Golduck	2	0.5999	0.3781	0.1155	0.6004	0.0005	0.5994
540	1	Sewaddle	1	0.4255	0.3457	0.0057	0.5342	0.1087	0.3168
540	2	Swadloon	2	0.3503	0.2735	-0.1152	0.5342	0.1839	0.1664
540	3	Leavanny	3	0.4677	0.3702	-0.0653	0.5342	0.0665	0.4012
540	4	Leavanny	3	0.4823	0.4106	-0.1368	0.5342	0.0519	0.4304
540	5	Leavanny	3	0.5313	0.3755	-0.0285	0.5342	0.0029	0.5284
540	6	Leavanny	3	0.581	0.3007	0.0604	0.5342	0	0.581
540	7	Leavanny	3	0.4892	0.3167	-0.0008	0.5342	0.045	0.4442
540	8	Leavanny	3	0.3723	0.2345	-0.1062	0.5342	0.1619	0.2104
540	9	Leavanny	3	0.5698	0.339	0.09	0.5342	0	0.5698
540	10	Leavanny	3	0.6634	0.4109	0.1779	0.5342	0	0.6634
540	11	Leavanny	3	0.592	0.3778	0.0751	0.5342	0	0.592
540	12	Leavanny	3	0.5364	0.2649	0.0703	0.5342	0	0.5364
540	13	Leavanny	3	0.5369	0.3071	0.0658	0.5342	0	0.5369
540	14	Leavanny	3	0.6368	0.3905	0.1318	0.5342	0	0.6368
540	15	Leavanny	3	0.6683	0.3993	0.1657	0.5342	0	0.6683
540	16	Leavanny	3	0.5342	0.3327	0.066	0.5342	0	0.5342
540	17	Leavanny	3	0.5874	0.3488	0.1448	0.5342	0	0.5874
540	18	Leavanny	3	0.473	0.2524	0.0358	0.5342	0.0612	0.4118
540	19	Leavanny	3	0.5009	0.269	0.0519	0.5342	0.0333	0.4676
543	3	Whirlipede	2	0.3464	0.2962	-0.0641	0.5575	0.2111	0.1353
543	4	Scolipede	3	0.5923	0.5479	-0.0268	0.5575	0	0.5923
543	5	Scolipede	3	0.5575	0.4397	-0.0023	0.5575	0	0.5575
543	6	Scolipede	3	0.5557	0.3988	0.0723	0.5575	0.0018	0.5539
543	7	Scolipede	3	0.5115	0.3835	0.0146	0.5575	0.046	0.4655
543	8	Scolipede	3	0.4887	0.3358	0.0102	0.5575	0.0688	0.4199
543	9	Scolipede	3	0.5767	0.4019	0.0969	0.5575	0	0.5767
543	10	Scolipede	3	0.5625	0.4112	0.077	0.5575	0	0.5625
543	11	Scolipede	3	0.6202	0.484	0.1033	0.5575	0	0.6202
543	12	Scolipede	3	0.5314	0.3586	0.0653	0.5575	0.0261	0.5053
543	13	Scolipede	3	0.5606	0.3686	0.0895	0.5575	0	0.5606
543	14	Scolipede	3	0.6278	0.3884	0.1228	0.5575	0	0.6278
543	15	Scolipede	3	0.561	0.3954	0.0584	0.5575	0	0.561
543	16	Scolipede	3	0.536	0.3663	0.0678	0.5575	0.0215	0.5145
543	17	Scolipede	3	0.5634	0.3294	0.1208	0.5575	0	0.5634
543	18	Scolipede	3	0.5429	0.3104	0.1057	0.5575	0.0146	0.5283
543	19	Scolipede	3	0.5284	0.3236	0.0794	0.5575	0.0291	0.4993
546	3	Cottonee	1	0.3969	0.3349	-0.059	0.5741	0.1772	0.2197
546	4	Cottonee	1	0.3764	0.3146	-0.0842	0.5741	0.1977	0.1787
546	5	Cottonee	1	0.4131	0.2766	-0.1539	0.5741	0.161	0.2521
546	6	Whimsicott	2	0.6287	0.357	0.1081	0.5741	0	0.6287
546	7	Whimsicott	2	0.5906	0.3461	0.1006	0.5741	0	0.5906
546	8	Whimsicott	2	0.5629	0.3413	0.0747	0.5741	0.0112	0.5517
546	9	Whimsicott	2	0.562	0.3453	0.0639	0.5741	0.0121	0.5499
546	10	Whimsicott	2	0.6448	0.3954	0.183	0.5741	0	0.6448
546	11	Whimsicott	2	0.6995	0.4253	0.1502	0.5741	0	0.6995
546	12	Whimsicott	2	0.5552	0.3466	0.1035	0.5741	0.0189	0.5363
546	13	Whimsicott	2	0.572	0.3664	0.089	0.5741	0.0021	0.5699
546	14	Whimsicott	2	0.6418	0.3986	0.1427	0.5741	0	0.6418
546	15	Whimsicott	2	0.694	0.3749	0.1725	0.5741	0	0.694
546	16	Whimsicott	2	0.6162	0.3681	0.1383	0.5741	0	0.6162
546	17	Whimsicott	2	0.6086	0.3215	0.1661	0.5741	0	0.6086
546	18	Whimsicott	2	0.5674	0.3087	0.0898	0.5741	0.0067	0.5607
546	19	Whimsicott	2	0.5741	0.3376	0.0897	0.5741	0	0.5741
548	1	Petilil	1	0.5191	0.4396	0.0053	0.5539	0.0348	0.4843
548	2	Petilil	1	0.378	0.2884	-0.013	0.5539	0.1759	0.2021
548	3	Petilil	1	0.455	0.3148	-0.0074	0.5539	0.0989	0.3561
548	4	Petilil	1	0.3961	0.3142	-0.1011	0.5539	0.1578	0.2383
548	5	Petilil	1	0.4196	0.3162	-0.1474	0.5539	0.1343	0.2853
548	6	Lilligant	2	0.6203	0.3725	0.0997	0.5539	0	0.6203
548	7	Lilligant	2	0.6146	0.3457	0.1246	0.5539	0	0.6146
548	8	Lilligant-Hisui	2	0.5308	0.3261	0.0523	0.5539	0.0231	0.5077
548	9	Lilligant	2	0.5734	0.3701	0.0753	0.5539	0	0.5734
548	10	Lilligant	2	0.6442	0.444	0.1824	0.5539	0	0.6442
548	11	Lilligant	2	0.6379	0.4589	0.0886	0.5539	0	0.6379
548	12	Lilligant	2	0.5523	0.3222	0.1006	0.5539	0.0016	0.5507
548	13	Lilligant	2	0.5539	0.3362	0.0709	0.5539	0	0.5539
548	14	Lilligant	2	0.6222	0.4062	0.1231	0.5539	0	0.6222
548	15	Lilligant	2	0.6191	0.4187	0.0976	0.5539	0	0.6191
548	16	Lilligant-Hisui	2	0.5599	0.4124	0.0917	0.5539	0	0.5599
548	17	Lilligant	2	0.6093	0.3983	0.1668	0.5539	0	0.6093
548	18	Lilligant	2	0.4933	0.2692	0.0157	0.5539	0.0606	0.4327
548	19	Lilligant-Hisui	2	0.5375	0.3485	0.0885	0.5539	0.0164	0.5211
550	1	Basculegion-M	2	0.6427	0.5654	0.1566	0.6379	0	0.6427
550	2	Basculegion-M	2	0.5951	0.5579	0.1085	0.6379	0.0428	0.5523
550	3	Basculegion-M	2	0.5729	0.513	0.0921	0.6379	0.065	0.5079
550	4	Basculegion-F	2	0.6088	0.4646	0.0405	0.6379	0.0291	0.5797
550	5	Basculegion-M	2	0.5867	0.4945	0.0243	0.6379	0.0512	0.5355
550	6	Basculegion-F	2	0.533	0.3502	0.0444	0.6379	0.1049	0.4281
550	7	Basculegion-F	2	0.7393	0.5178	0.2168	0.6379	0	0.7393
550	8	Basculegion-M	2	0.6379	0.46	0.1389	0.6379	0	0.6379
550	9	Basculegion-M	2	0.6745	0.5244	0.1507	0.6379	0	0.6745
550	10	Basculegion-M	2	0.7073	0.4755	0.1922	0.6379	0	0.7073
550	11	Basculegion-M	2	0.6673	0.4826	0.1399	0.6379	0	0.6673
550	12	Basculegion-M	2	0.6202	0.4866	0.1336	0.6379	0.0177	0.6025
550	13	Basculegion-M	2	0.6464	0.5037	0.1337	0.6379	0	0.6464
550	14	Basculegion-M	2	0.6141	0.4462	0.0899	0.6379	0.0238	0.5903
550	15	Basculegion-F	2	0.6524	0.4769	0.1143	0.6379	0	0.6524
550	16	Basculegion-M	2	0.6352	0.4601	0.135	0.6379	0.0027	0.6325
550	17	Basculegion-M	2	0.6702	0.4895	0.1561	0.6379	0	0.6702
550	18	Basculegion-M	2	0.6401	0.4754	0.1598	0.6379	0	0.6401
550	19	Basculegion-M	2	0.6286	0.4875	0.1319	0.6379	0.0093	0.6193
551	1	Sandile	1	0.4916	0.3914	0.0055	0.5222	0.0306	0.461
551	2	Sandile	1	0.4071	0.3209	-0.0795	0.5222	0.1151	0.292
551	3	Sandile	1	0.4136	0.3253	-0.0672	0.5222	0.1086	0.305
551	4	Krokorok	2	0.3746	0.2732	-0.1557	0.5222	0.1476	0.227
551	5	Krokorok	2	0.4182	0.317	-0.0634	0.5222	0.104	0.3142
551	6	Krokorok	2	0.4698	0.3386	-0.0136	0.5222	0.0524	0.4174
551	7	Krookodile	3	0.5568	0.3863	0.0599	0.5222	0	0.5568
551	8	Krookodile	3	0.5523	0.3464	0.0738	0.5222	0	0.5523
551	9	Krookodile	3	0.5494	0.3743	0.0696	0.5222	0	0.5494
551	10	Krookodile	3	0.5302	0.3382	0.0447	0.5222	0	0.5302
551	11	Krookodile	3	0.5222	0.325	0.0053	0.5222	0	0.5222
551	12	Krookodile	3	0.4971	0.329	0.031	0.5222	0.0251	0.472
551	13	Krookodile	3	0.5399	0.3722	0.0688	0.5222	0	0.5399
551	14	Krookodile	3	0.5194	0.3566	0.0144	0.5222	0.0028	0.5166
551	15	Krookodile	3	0.5923	0.3923	0.0897	0.5222	0	0.5923
551	16	Krookodile	3	0.5301	0.3431	0.0619	0.5222	0	0.5301
551	17	Krookodile	3	0.4929	0.3138	0.0503	0.5222	0.0293	0.4636
551	18	Krookodile	3	0.5458	0.3487	0.1086	0.5222	0	0.5458
551	19	Krookodile	3	0.5585	0.3534	0.1095	0.5222	0	0.5585
554	3	Darumaka	1	0.5206	0.3825	0.0398	0.5399	0.0193	0.5013
554	4	Darumaka	1	0.451	0.3693	-0.0671	0.5399	0.0889	0.3621
554	5	Darumaka	1	0.4938	0.3585	-0.0686	0.5399	0.0461	0.4477
554	6	Darumaka	1	0.5854	0.4011	0.0949	0.5399	0	0.5854
554	7	Darmanitan-Standard	2	0.5979	0.4097	0.0743	0.5399	0	0.5979
554	8	Darmanitan-Standard	2	0.5822	0.392	0.0832	0.5399	0	0.5822
554	9	Darmanitan-Standard	2	0.5889	0.4403	0.0651	0.5399	0	0.5889
554	10	Darmanitan-Standard	2	0.6278	0.4228	0.1127	0.5399	0	0.6278
554	11	Darmanitan-Standard	2	0.5099	0.3824	-0.0175	0.5399	0.03	0.4799
554	12	Darmanitan-Standard	2	0.5271	0.3824	0.0405	0.5399	0.0128	0.5143
554	13	Darmanitan-Standard	2	0.5434	0.378	0.0307	0.5399	0	0.5434
554	14	Darmanitan-Standard	2	0.5399	0.3615	0.0157	0.5399	0	0.5399
554	15	Darmanitan-Standard	2	0.6416	0.439	0.1066	0.5399	0	0.6416
554	16	Darmanitan-Standard	2	0.5163	0.3637	0.0161	0.5399	0.0236	0.4927
554	17	Darmanitan-Standard	2	0.5261	0.3776	0.012	0.5399	0.0138	0.5123
554	18	Darmanitan-Standard	2	0.5113	0.3777	0.031	0.5399	0.0286	0.4827
554	19	Darmanitan-Standard	2	0.5532	0.3765	0.0565	0.5399	0	0.5532
556	2	Maractus	1	0.6032	0.42	0.1041	0.5111	0	0.6032
556	3	Maractus	1	0.6844	0.5291	0.1407	0.5111	0	0.6844
556	4	Maractus	1	0.5788	0.4156	-0.0578	0.5111	0	0.5788
556	5	Maractus	1	0.5744	0.4628	0.0388	0.5111	0	0.5744
556	6	Maractus	1	0.5124	0.3313	0.029	0.5111	0	0.5124
556	7	Maractus	1	0.5018	0.3884	0.0049	0.5111	0.0093	0.4925
556	8	Maractus	1	0.4332	0.2693	-0.0453	0.5111	0.078	0.3552
556	9	Maractus	1	0.4674	0.3543	-0.0124	0.5111	0.0438	0.4236
556	10	Maractus	1	0.496	0.357	0.0105	0.5111	0.0151	0.4809
556	11	Maractus	1	0.5512	0.4241	0.0343	0.5111	0	0.5512
556	12	Maractus	1	0.4575	0.3019	-0.0086	0.5111	0.0536	0.4039
556	13	Maractus	1	0.4535	0.3113	-0.0176	0.5111	0.0576	0.3959
556	14	Maractus	1	0.5252	0.3811	0.0202	0.5111	0	0.5252
556	15	Maractus	1	0.5757	0.4246	0.0731	0.5111	0	0.5757
556	16	Maractus	1	0.5099	0.3513	0.0417	0.5111	0.0012	0.5087
556	17	Maractus	1	0.5315	0.4074	0.0889	0.5111	0	0.5315
556	18	Maractus	1	0.409	0.2835	-0.0282	0.5111	0.1022	0.3068
556	19	Maractus	1	0.4454	0.3271	-0.0036	0.5111	0.0657	0.3797
557	1	Dwebble	1	0.4429	0.3724	0.0447	0.5699	0.127	0.3159
557	2	Dwebble	1	0.4348	0.3344	0.0348	0.5699	0.1351	0.2997
557	3	Dwebble	1	0.4221	0.348	0.0741	0.5699	0.1478	0.2743
557	4	Dwebble	1	0.4557	0.3563	-0.0219	0.5699	0.1142	0.3415
557	5	Dwebble	1	0.4985	0.3191	0.0533	0.5699	0.0714	0.4271
557	6	Crustle	2	0.7224	0.3595	0.2748	0.5699	0	0.7224
557	7	Crustle	2	0.63	0.3516	0.2095	0.5699	0	0.63
557	8	Crustle	2	0.6234	0.4724	0.1994	0.5699	0	0.6234
557	9	Crustle	2	0.6678	0.4032	0.2351	0.5699	0	0.6678
557	10	Crustle	2	0.728	0.3937	0.3201	0.5699	0	0.728
557	11	Crustle	2	0.607	0.4386	0.1684	0.5699	0	0.607
557	12	Crustle	2	0.5014	0.3997	0.0462	0.5699	0.0685	0.4329
557	13	Crustle	2	0.6299	0.4596	0.1333	0.5699	0	0.6299
557	14	Crustle	2	0.5074	0.3767	0.0368	0.5699	0.0625	0.4449
557	15	Crustle	2	0.7174	0.4401	0.1672	0.5699	0	0.7174
557	16	Crustle	2	0.5484	0.4331	0.1068	0.5699	0.0215	0.5269
557	17	Crustle	2	0.4874	0.3417	0.0902	0.5699	0.0825	0.4049
557	18	Crustle	2	0.5725	0.3549	0.1698	0.5699	0	0.5725
557	19	Crustle	2	0.5699	0.3689	0.1441	0.5699	0	0.5699
559	1	Scraggy	1	0.5572	0.38	0.0722	0.5256	0	0.5572
559	2	Scraggy	1	0.488	0.2658	-0.0111	0.5256	0.0376	0.4504
559	3	Scraggy	1	0.4532	0.2633	-0.0905	0.5256	0.0724	0.3808
559	4	Scraggy	1	0.4803	0.3037	-0.1563	0.5256	0.0453	0.435
559	5	Scraggy	1	0.4411	0.2473	-0.0945	0.5256	0.0845	0.3566
559	6	Scraggy	1	0.5056	0.2411	0.0222	0.5256	0.02	0.4856
559	7	Scrafty	2	0.6022	0.3697	0.2419	0.5256	0	0.6022
559	8	Scrafty	2	0.5704	0.31	0.2195	0.5256	0	0.5704
559	9	Scrafty	2	0.5864	0.3376	0.1066	0.5256	0	0.5864
559	10	Scrafty	2	0.4873	0.3161	0.0018	0.5256	0.0383	0.449
559	11	Scrafty	2	0.5256	0.3429	0.0087	0.5256	0	0.5256
559	12	Scrafty	2	0.5604	0.3675	0.0943	0.5256	0	0.5604
559	13	Scrafty	2	0.5995	0.373	0.1284	0.5256	0	0.5995
559	14	Scrafty	2	0.611	0.3979	0.2131	0.5256	0	0.611
559	15	Scrafty	2	0.4743	0.3371	-0.0283	0.5256	0.0513	0.423
559	16	Scrafty	2	0.5281	0.3768	0.1759	0.5256	0	0.5281
559	17	Scrafty	2	0.4331	0.2568	-0.0095	0.5256	0.0925	0.3406
559	18	Scrafty	2	0.4769	0.2982	0.0397	0.5256	0.0487	0.4282
559	19	Scrafty	2	0.5336	0.3616	0.0846	0.5256	0	0.5336
56	1	Mankey	1	0.561	0.3924	0.076	0.6185	0.0575	0.5035
56	2	Mankey	1	0.4788	0.3247	-0.0203	0.6185	0.1397	0.3391
56	3	Mankey	1	0.55	0.3902	0.0063	0.6185	0.0685	0.4815
56	4	Annihilape	3	0.6663	0.6316	0.136	0.6185	0	0.6663
56	5	Annihilape	3	0.5763	0.5669	0.0139	0.6185	0.0422	0.5341
56	6	Annihilape	3	0.675	0.4948	0.1845	0.6185	0	0.675
56	7	Annihilape	3	0.7555	0.5393	0.2319	0.6185	0	0.7555
56	8	Annihilape	3	0.6718	0.499	0.1728	0.6185	0	0.6718
56	9	Annihilape	3	0.6949	0.5145	0.1711	0.6185	0	0.6949
56	10	Annihilape	3	0.6753	0.477	0.1602	0.6185	0	0.6753
56	11	Annihilape	3	0.6361	0.4956	0.1087	0.6185	0	0.6361
56	12	Annihilape	3	0.6109	0.4676	0.1243	0.6185	0.0076	0.6033
56	13	Annihilape	3	0.6322	0.4383	0.1195	0.6185	0	0.6322
56	14	Annihilape	3	0.6691	0.4575	0.1449	0.6185	0	0.6691
56	15	Annihilape	3	0.5781	0.3848	0.0431	0.6185	0.0404	0.5377
56	16	Annihilape	3	0.6019	0.4464	0.1017	0.6185	0.0166	0.5853
56	17	Annihilape	3	0.5544	0.4153	0.0403	0.6185	0.0641	0.4903
56	18	Annihilape	3	0.6061	0.4281	0.1258	0.6185	0.0124	0.5937
56	19	Annihilape	3	0.6185	0.4366	0.1218	0.6185	0	0.6185
561	4	Sigilyph	1	0.7276	0.6038	0.1593	0.5976	0	0.7276
561	5	Sigilyph	1	0.7423	0.4863	0.1958	0.5976	0	0.7423
561	6	Sigilyph	1	0.5724	0.3375	0.0838	0.5976	0.0252	0.5472
561	7	Sigilyph	1	0.6218	0.3955	0.0993	0.5976	0	0.6218
561	8	Sigilyph	1	0.5966	0.3657	0.0633	0.5976	0.001	0.5956
561	9	Sigilyph	1	0.6353	0.4178	0.1137	0.5976	0	0.6353
561	10	Sigilyph	1	0.5871	0.3755	0.0709	0.5976	0.0105	0.5766
561	11	Sigilyph	1	0.6536	0.4693	0.0709	0.5976	0	0.6536
561	12	Sigilyph	1	0.5986	0.3866	0.0877	0.5976	0	0.5986
561	13	Sigilyph	1	0.6629	0.3395	0.1012	0.5976	0	0.6629
561	14	Sigilyph	1	0.5794	0.3024	0.0339	0.5976	0.0182	0.5612
561	15	Sigilyph	1	0.6722	0.3941	0.1341	0.5976	0	0.6722
561	16	Sigilyph	1	0.5798	0.3713	0.0418	0.5976	0.0178	0.562
561	17	Sigilyph	1	0.579	0.3254	0.0797	0.5976	0.0186	0.5604
561	18	Sigilyph	1	0.595	0.3327	0.0906	0.5976	0.0026	0.5924
561	19	Sigilyph	1	0.5904	0.3432	0.0814	0.5976	0.0072	0.5832
562	1	Yamask	1	0.5033	0.3639	0.1051	0.545	0.0417	0.4616
562	2	Yamask	1	0.3872	0.3042	-0.0128	0.545	0.1578	0.2294
562	3	Yamask	1	0.4155	0.3257	-0.0404	0.545	0.1295	0.286
562	4	Yamask	1	0.3715	0.2921	-0.0891	0.545	0.1735	0.198
562	5	Yamask	1	0.3749	0.312	-0.1721	0.545	0.1701	0.2048
562	6	Cofagrigus	2	0.6358	0.3304	0.1966	0.545	0	0.6358
562	7	Cofagrigus	2	0.545	0.3097	0.1349	0.545	0	0.545
562	8	Cofagrigus	2	0.5283	0.3241	-0.005	0.545	0.0167	0.5116
562	9	Cofagrigus	2	0.6871	0.3661	0.2872	0.545	0	0.6871
562	10	Cofagrigus	2	0.6635	0.2655	0.2651	0.545	0	0.6635
562	11	Cofagrigus	2	0.6062	0.3265	0.2012	0.545	0	0.6062
562	12	Cofagrigus	2	0.543	0.3199	0.1441	0.545	0.002	0.541
562	13	Cofagrigus	2	0.5653	0.3304	0.1652	0.545	0	0.5653
562	14	Cofagrigus	2	0.5692	0.3179	0.2005	0.545	0	0.5692
562	15	Cofagrigus	2	0.6348	0.3484	0.2177	0.545	0	0.6348
562	16	Cofagrigus	2	0.5722	0.2977	0.1825	0.545	0	0.5722
562	17	Cofagrigus	2	0.5393	0.3117	0.1229	0.545	0.0057	0.5336
562	18	Cofagrigus	2	0.5097	0.347	0.0867	0.545	0.0353	0.4744
562	19	Cofagrigus	2	0.5527	0.3163	0.1381	0.545	0	0.5527
564	4	Tirtouga	1	0.4089	0.3346	-0.2102	0.5877	0.1788	0.2301
564	5	Tirtouga	1	0.3688	0.2986	-0.191	0.5877	0.2189	0.1499
564	6	Carracosta	2	0.4873	0.2917	0.0039	0.5877	0.1004	0.3869
564	7	Carracosta	2	0.506	0.3507	0.0091	0.5877	0.0817	0.4243
564	8	Carracosta	2	0.4813	0.3464	0.0028	0.5877	0.1064	0.3749
564	9	Carracosta	2	0.5726	0.3476	0.0928	0.5877	0.0151	0.5575
564	10	Carracosta	2	0.7076	0.3763	0.2976	0.5877	0	0.7076
564	11	Carracosta	2	0.6479	0.3329	0.131	0.5877	0	0.6479
564	12	Carracosta	2	0.615	0.3544	0.1489	0.5877	0	0.615
564	13	Carracosta	2	0.706	0.3973	0.2094	0.5877	0	0.706
564	14	Carracosta	2	0.611	0.3716	0.1404	0.5877	0	0.611
564	15	Carracosta	2	0.6237	0.3493	0.0735	0.5877	0	0.6237
564	16	Carracosta	2	0.5256	0.3566	0.084	0.5877	0.0621	0.4635
564	17	Carracosta	2	0.6028	0.3661	0.2056	0.5877	0	0.6028
564	18	Carracosta	2	0.4414	0.3429	0.0387	0.5877	0.1463	0.2951
564	19	Carracosta	2	0.6414	0.3551	0.2156	0.5877	0	0.6414
566	4	Archen	1	0.5631	0.3271	-0.0735	0.5762	0.0131	0.55
566	5	Archen	1	0.5736	0.3893	0.038	0.5762	0.0026	0.571
566	6	Archeops	2	0.4711	0.3061	-0.0123	0.5762	0.1051	0.366
566	7	Archeops	2	0.6005	0.4342	0.1036	0.5762	0	0.6005
566	8	Archeops	2	0.6019	0.4417	0.1234	0.5762	0	0.6019
566	9	Archeops	2	0.5923	0.3972	0.1125	0.5762	0	0.5923
566	10	Archeops	2	0.6182	0.3988	0.1327	0.5762	0	0.6182
566	11	Archeops	2	0.5159	0.3919	-0.001	0.5762	0.0603	0.4556
566	12	Archeops	2	0.5252	0.3723	0.0591	0.5762	0.051	0.4742
566	13	Archeops	2	0.6298	0.3959	0.1587	0.5762	0	0.6298
566	14	Archeops	2	0.5789	0.3333	0.0739	0.5762	0	0.5789
566	15	Archeops	2	0.7197	0.4168	0.2171	0.5762	0	0.7197
566	16	Archeops	2	0.592	0.3872	0.1238	0.5762	0	0.592
566	17	Archeops	2	0.5075	0.33	0.0649	0.5762	0.0687	0.4388
566	18	Archeops	2	0.5375	0.3472	0.1003	0.5762	0.0387	0.4988
566	19	Archeops	2	0.5717	0.3602	0.1227	0.5762	0.0045	0.5672
568	3	Trubbish	1	0.6035	0.4077	0.0895	0.5887	0	0.6035
568	4	Garbodor	2	0.6439	0.5618	0.054	0.5887	0	0.6439
568	5	Garbodor	2	0.67	0.3801	0.1194	0.5887	0	0.67
568	6	Garbodor	2	0.6671	0.4115	0.1766	0.5887	0	0.6671
568	7	Garbodor	2	0.5538	0.4014	0.0302	0.5887	0.0349	0.5189
568	8	Garbodor	2	0.6022	0.3712	0.1032	0.5887	0	0.6022
568	9	Garbodor	2	0.5887	0.4234	0.0649	0.5887	0	0.5887
568	10	Garbodor	2	0.5928	0.4116	0.0777	0.5887	0	0.5928
568	11	Garbodor	2	0.5632	0.5603	0.0358	0.5887	0.0255	0.5377
568	12	Garbodor	2	0.5466	0.4115	0.06	0.5887	0.0421	0.5045
568	13	Garbodor	2	0.6067	0.4487	0.094	0.5887	0	0.6067
568	14	Garbodor	2	0.5961	0.5036	0.0719	0.5887	0	0.5961
568	15	Garbodor	2	0.5535	0.4342	0.0185	0.5887	0.0352	0.5183
568	16	Garbodor	2	0.5238	0.4142	0.0236	0.5887	0.0649	0.4589
568	17	Garbodor	2	0.525	0.4244	0.0109	0.5887	0.0637	0.4613
568	18	Garbodor	2	0.5253	0.4619	0.045	0.5887	0.0634	0.4619
568	19	Garbodor	2	0.5516	0.4761	0.0549	0.5887	0.0371	0.5145
570	1	Zorua	1	0.5629	0.3429	0.0504	0.4898	0	0.5629
570	2	Zorua	1	0.4409	0.2487	-0.0274	0.4898	0.0489	0.392
570	3	Zorua	1	0.4327	0.2042	-0.0282	0.4898	0.0571	0.3756
570	4	Zoroark	2	0.4898	0.4513	-0.1468	0.4898	0	0.4898
570	5	Zoroark	2	0.5626	0.4798	0.027	0.4898	0	0.5626
570	6	Zoroark	2	0.4418	0.3927	0.008	0.4898	0.048	0.3938
570	7	Zoroark	2	0.5077	0.3847	-0.0148	0.4898	0	0.5077
570	8	Zoroark	2	0.4928	0.3644	-0.0405	0.4898	0	0.4928
570	9	Zoroark	2	0.5146	0.3634	-0.007	0.4898	0	0.5146
570	10	Zoroark	2	0.5294	0.3054	0.0132	0.4898	0	0.5294
570	11	Zoroark	2	0.5072	0.3551	-0.0755	0.4898	0	0.5072
570	12	Zoroark	2	0.4187	0.2755	-0.0922	0.4898	0.0711	0.3476
570	13	Zoroark	2	0.4476	0.3299	-0.1141	0.4898	0.0422	0.4054
570	14	Zoroark	2	0.5568	0.3466	0.0113	0.4898	0	0.5568
570	15	Zoroark	2	0.5344	0.3717	-0.0037	0.4898	0	0.5344
570	16	Zoroark	2	0.4797	0.3535	-0.0583	0.4898	0.0101	0.4696
570	17	Zoroark	2	0.3839	0.243	-0.1154	0.4898	0.1059	0.278
570	18	Zoroark	2	0.4124	0.2884	-0.092	0.4898	0.0774	0.335
570	19	Zoroark	2	0.4798	0.3172	-0.0292	0.4898	0.01	0.4698
572	3	Minccino	1	0.4034	0.2663	-0.0774	0.5658	0.1624	0.241
572	4	Minccino	1	0.4306	0.3048	-0.0875	0.5658	0.1352	0.2954
572	5	Minccino	1	0.4377	0.2724	-0.1247	0.5658	0.1281	0.3096
572	6	Cinccino	2	0.6232	0.2948	0.1695	0.5658	0	0.6232
572	7	Cinccino	2	0.5658	0.2738	0.0422	0.5658	0	0.5658
572	8	Cinccino	2	0.5668	0.2618	0.0678	0.5658	0	0.5668
572	9	Cinccino	2	0.6133	0.2496	0.0895	0.5658	0	0.6133
572	10	Cinccino	2	0.5546	0.1854	0.0395	0.5658	0.0112	0.5434
572	11	Cinccino	2	0.639	0.2767	0.1116	0.5658	0	0.639
572	12	Cinccino	2	0.5226	0.2488	0.036	0.5658	0.0432	0.4794
572	13	Cinccino	2	0.5511	0.225	0.0384	0.5658	0.0147	0.5364
572	14	Cinccino	2	0.6224	0.2782	0.0982	0.5658	0	0.6224
572	15	Cinccino	2	0.6137	0.2294	0.0787	0.5658	0	0.6137
572	16	Cinccino	2	0.5381	0.236	0.0379	0.5658	0.0277	0.5104
572	17	Cinccino	2	0.5915	0.2083	0.0774	0.5658	0	0.5915
572	18	Cinccino	2	0.5439	0.1965	0.0636	0.5658	0.0219	0.522
572	19	Cinccino	2	0.5774	0.2349	0.0807	0.5658	0	0.5774
574	3	Gothita	1	0.4634	0.3386	-0.0696	0.5811	0.1177	0.3457
574	4	Gothorita	2	0.4095	0.3344	0.0097	0.5811	0.1716	0.2379
574	5	Gothorita	2	0.4798	0.3357	-0.0667	0.5811	0.1013	0.3785
574	6	Gothorita	2	0.567	0.3086	0.0464	0.5811	0.0141	0.5529
574	7	Gothitelle	3	0.5896	0.355	0.0996	0.5811	0	0.5896
574	8	Gothitelle	3	0.616	0.3636	0.1278	0.5811	0	0.616
574	9	Gothitelle	3	0.6069	0.3715	0.1088	0.5811	0	0.6069
574	10	Gothitelle	3	0.5831	0.3313	0.1213	0.5811	0	0.5831
574	11	Gothitelle	3	0.6279	0.3212	0.0786	0.5811	0	0.6279
574	12	Gothitelle	3	0.5368	0.3179	0.0851	0.5811	0.0443	0.4925
574	13	Gothitelle	3	0.6068	0.3385	0.1238	0.5811	0	0.6068
574	14	Gothitelle	3	0.534	0.3033	0.0349	0.5811	0.0471	0.4869
574	15	Gothitelle	3	0.6268	0.3397	0.1053	0.5811	0	0.6268
574	16	Gothitelle	3	0.5204	0.3045	0.0425	0.5811	0.0607	0.4597
574	17	Gothitelle	3	0.5672	0.3452	0.1247	0.5811	0.0139	0.5533
574	18	Gothitelle	3	0.6324	0.3536	0.1548	0.5811	0	0.6324
574	19	Gothitelle	3	0.5811	0.3284	0.0967	0.5811	0	0.5811
577	3	Solosis	1	0.5912	0.4303	0.2026	0.6974	0.1062	0.485
577	4	Duosion	2	0.4299	0.3202	-0.0335	0.6974	0.2675	0.1624
577	5	Duosion	2	0.5579	0.4614	0.0529	0.6974	0.1395	0.4184
577	6	Duosion	2	0.5236	0.4416	0.0202	0.6974	0.1738	0.3498
577	7	Reuniclus	3	0.6863	0.4242	0.202	0.6974	0.0111	0.6752
577	8	Reuniclus	3	0.7236	0.6546	0.2244	0.6974	0	0.7236
577	9	Reuniclus	3	0.7111	0.6228	0.1613	0.6974	0	0.7111
577	10	Reuniclus	3	0.7506	0.6026	0.2648	0.6974	0	0.7506
577	11	Reuniclus	3	0.6858	0.5099	0.2176	0.6974	0.0116	0.6742
577	12	Reuniclus	3	0.7102	0.4903	0.2482	0.6974	0	0.7102
577	13	Reuniclus	3	0.6974	0.5431	0.1812	0.6974	0	0.6974
577	14	Reuniclus	3	0.6909	0.4931	0.221	0.6974	0.0065	0.6844
577	15	Reuniclus	3	0.6977	0.5908	0.1723	0.6974	0	0.6977
577	16	Reuniclus	3	0.6775	0.4739	0.2207	0.6974	0.0199	0.6576
577	17	Reuniclus	3	0.7397	0.5655	0.2115	0.6974	0	0.7397
577	18	Reuniclus	3	0.7568	0.5023	0.2795	0.6974	0	0.7568
577	19	Reuniclus	3	0.7025	0.5283	0.1759	0.6974	0	0.7025
58	1	Growlithe	1	0.5533	0.3206	0.0408	0.5533	0	0.5533
58	2	Growlithe	1	0.48	0.3043	0.0117	0.5533	0.0733	0.4067
58	3	Growlithe	1	0.4937	0.2985	0.0328	0.5533	0.0596	0.4341
58	4	Growlithe	1	0.4191	0.2455	-0.0946	0.5533	0.1342	0.2849
58	5	Growlithe	1	0.5735	0.2621	0.0617	0.5533	0	0.5735
58	6	Arcanine	2	0.7916	0.4743	0.2633	0.5533	0	0.7916
58	7	Arcanine	2	0.5085	0.3152	-0.0151	0.5533	0.0448	0.4637
58	8	Arcanine	2	0.5556	0.3449	0.1284	0.5533	0	0.5556
58	9	Arcanine	2	0.6254	0.3883	0.2018	0.5533	0	0.6254
58	10	Arcanine	2	0.6486	0.329	0.2386	0.5533	0	0.6486
58	11	Arcanine	2	0.482	0.3127	0.06	0.5533	0.0713	0.4107
58	12	Arcanine	2	0.5613	0.3414	0.1629	0.5533	0	0.5613
58	13	Arcanine	2	0.5273	0.3716	0.1037	0.5533	0.026	0.5013
58	14	Arcanine	2	0.5659	0.2972	0.1384	0.5533	0	0.5659
58	15	Arcanine	2	0.6715	0.3944	0.2242	0.5533	0	0.6715
58	16	Arcanine	2	0.487	0.2872	0.0829	0.5533	0.0663	0.4207
58	17	Arcanine	2	0.4669	0.3234	0.0803	0.5533	0.0864	0.3805
58	18	Arcanine	2	0.5415	0.342	0.0937	0.5533	0.0118	0.5297
58	19	Arcanine	2	0.5816	0.3343	0.184	0.5533	0	0.5816
580	1	Ducklett	1	0.4192	0.3893	-0.1834	0.5532	0.134	0.2852
580	2	Swanna	2	0.4321	0.4001	-0.0927	0.5532	0.1211	0.311
580	3	Swanna	2	0.4018	0.3507	-0.1312	0.5532	0.1514	0.2504
580	4	Swanna	2	0.7023	0.7481	0.0832	0.5532	0	0.7023
580	5	Swanna	2	0.5632	0.5396	0.0034	0.5532	0	0.5632
580	6	Swanna	2	0.2914	0.226	-0.1623	0.5532	0.2618	0.0296
580	7	Swanna	2	0.5755	0.5093	0.0875	0.5532	0	0.5755
580	8	Swanna	2	0.5205	0.487	0.0898	0.5532	0.0327	0.4878
580	9	Swanna	2	0.6127	0.4318	0.153	0.5532	0	0.6127
580	10	Swanna	2	0.589	0.4015	0.1233	0.5532	0	0.589
580	11	Swanna	2	0.5529	0.4423	0.0658	0.5532	0.0003	0.5526
580	12	Swanna	2	0.5054	0.34	0.0639	0.5532	0.0478	0.4576
580	13	Swanna	2	0.5876	0.3861	0.1444	0.5532	0	0.5876
580	14	Swanna	2	0.6087	0.3476	0.2096	0.5532	0	0.6087
580	15	Swanna	2	0.5783	0.4194	0.1298	0.5532	0	0.5783
580	16	Swanna	2	0.6208	0.4329	0.2047	0.5532	0	0.6208
580	17	Swanna	2	0.4645	0.3504	0.0668	0.5532	0.0887	0.3758
580	18	Swanna	2	0.4746	0.3905	0.059	0.5532	0.0786	0.396
580	19	Swanna	2	0.5532	0.431	0.1091	0.5532	0	0.5532
582	3	Vanillite	1	0.3526	0.2114	-0.1911	0.5134	0.1608	0.1918
582	4	Vanillite	1	0.4328	0.3024	-0.2038	0.5134	0.0806	0.3522
582	5	Vanillite	1	0.3832	0.2176	-0.1524	0.5134	0.1302	0.253
582	6	Vanillite	1	0.584	0.2449	0.1006	0.5134	0	0.584
582	7	Vanilluxe	3	0.5117	0.3473	-0.0108	0.5134	0.0017	0.51
582	8	Vanilluxe	3	0.4969	0.2739	-0.0364	0.5134	0.0165	0.4804
582	9	Vanilluxe	3	0.5486	0.3291	0.027	0.5134	0	0.5486
582	10	Vanilluxe	3	0.5353	0.36	0.0191	0.5134	0	0.5353
582	11	Vanilluxe	3	0.6276	0.3521	0.0449	0.5134	0	0.6276
582	12	Vanilluxe	3	0.6029	0.3645	0.092	0.5134	0	0.6029
582	13	Vanilluxe	3	0.4998	0.3264	-0.0619	0.5134	0.0136	0.4862
582	14	Vanilluxe	3	0.6013	0.2878	0.0558	0.5134	0	0.6013
582	15	Vanilluxe	3	0.5976	0.3102	0.0595	0.5134	0	0.5976
582	16	Vanilluxe	3	0.5293	0.2883	-0.0087	0.5134	0	0.5293
582	17	Vanilluxe	3	0.442	0.2839	-0.0573	0.5134	0.0714	0.3706
582	18	Vanilluxe	3	0.4439	0.2871	-0.0605	0.5134	0.0695	0.3744
582	19	Vanilluxe	3	0.5134	0.2888	0.0044	0.5134	0	0.5134
585	2	Deerling-Spring	1	0.5027	0.3613	0.0036	0.5607	0.058	0.4447
585	3	Deerling-Spring	1	0.5055	0.3512	-0.0382	0.5607	0.0552	0.4503
585	4	Sawsbuck-Spring	2	0.517	0.4742	-0.0011	0.5607	0.0437	0.4733
585	5	Sawsbuck-Spring	2	0.5735	0.5033	0.0111	0.5607	0	0.5735
585	6	Sawsbuck-Spring	2	0.6676	0.4102	0.1842	0.5607	0	0.6676
585	7	Sawsbuck-Spring	2	0.5398	0.399	0.0429	0.5607	0.0209	0.5189
585	8	Sawsbuck-Spring	2	0.4949	0.3264	0.0164	0.5607	0.0658	0.4291
585	9	Sawsbuck-Spring	2	0.5816	0.3488	0.1018	0.5607	0	0.5816
585	10	Sawsbuck-Spring	2	0.5389	0.3351	0.0534	0.5607	0.0218	0.5171
585	11	Sawsbuck-Spring	2	0.6066	0.3612	0.0897	0.5607	0	0.6066
585	12	Sawsbuck-Spring	2	0.5687	0.3168	0.1026	0.5607	0	0.5687
585	13	Sawsbuck-Spring	2	0.5362	0.3263	0.0651	0.5607	0.0245	0.5117
585	14	Sawsbuck-Spring	2	0.6454	0.3631	0.1404	0.5607	0	0.6454
585	15	Sawsbuck-Spring	2	0.7011	0.3999	0.1985	0.5607	0	0.7011
585	16	Sawsbuck-Spring	2	0.5992	0.3683	0.131	0.5607	0	0.5992
585	17	Sawsbuck-Spring	2	0.5847	0.346	0.1421	0.5607	0	0.5847
585	18	Sawsbuck-Spring	2	0.5228	0.3097	0.0856	0.5607	0.0379	0.4849
585	19	Sawsbuck-Spring	2	0.5527	0.3058	0.1037	0.5607	0.008	0.5447
587	1	Emolga	1	0.7001	0.4523	0.2613	0.6171	0	0.7001
587	2	Emolga	1	0.635	0.4797	0.1695	0.6171	0	0.635
587	3	Emolga	1	0.6153	0.4615	0.0823	0.6171	0.0018	0.6135
587	4	Emolga	1	0.7624	0.5074	0.1433	0.6171	0	0.7624
587	5	Emolga	1	0.6955	0.5308	0.1357	0.6171	0	0.6955
587	6	Emolga	1	0.6348	0.3811	0.208	0.6171	0	0.6348
587	7	Emolga	1	0.5717	0.3963	0.1754	0.6171	0.0454	0.5263
587	8	Emolga	1	0.5515	0.425	0.0633	0.6171	0.0656	0.4859
587	9	Emolga	1	0.645	0.4325	0.1469	0.6171	0	0.645
587	10	Emolga	1	0.6171	0.4209	0.1553	0.6171	0	0.6171
587	11	Emolga	1	0.6615	0.3962	0.1122	0.6171	0	0.6615
587	12	Emolga	1	0.4693	0.3397	0.0176	0.6171	0.1478	0.3215
587	13	Emolga	1	0.5928	0.4106	0.1098	0.6171	0.0243	0.5685
587	14	Emolga	1	0.69	0.4272	0.1909	0.6171	0	0.69
587	15	Emolga	1	0.6181	0.3623	0.0966	0.6171	0	0.6181
587	16	Emolga	1	0.5644	0.3979	0.0865	0.6171	0.0527	0.5117
587	17	Emolga	1	0.5783	0.3207	0.1358	0.6171	0.0388	0.5395
587	18	Emolga	1	0.5304	0.34	0.0528	0.6171	0.0867	0.4437
587	19	Emolga	1	0.5507	0.3612	0.0663	0.6171	0.0664	0.4843
588	1	Escavalier	2	0.5248	0.4325	0.1768	0.5248	0	0.5248
588	2	Escavalier	2	0.4563	0.4082	0.0481	0.5248	0.0685	0.3878
588	3	Escavalier	2	0.4754	0.3629	0.0868	0.5248	0.0494	0.426
588	4	Escavalier	2	0.4548	0.418	-0.0546	0.5248	0.07	0.3848
588	5	Escavalier	2	0.4671	0.4088	-0.0953	0.5248	0.0577	0.4094
588	6	Escavalier	2	0.6639	0.4113	0.1231	0.5248	0	0.6639
588	7	Escavalier	2	0.4692	0.3115	-0.0544	0.5248	0.0556	0.4136
588	8	Escavalier	2	0.2972	0.2127	-0.2018	0.5248	0.2276	0.0696
588	9	Escavalier	2	0.6475	0.4047	0.1237	0.5248	0	0.6475
588	10	Escavalier	2	0.6488	0.4064	0.1337	0.5248	0	0.6488
588	11	Escavalier	2	0.5364	0.3949	0.009	0.5248	0	0.5364
588	12	Escavalier	2	0.6085	0.386	0.1219	0.5248	0	0.6085
588	13	Escavalier	2	0.5657	0.384	0.053	0.5248	0	0.5657
588	14	Escavalier	2	0.5359	0.3465	0.0117	0.5248	0	0.5359
588	15	Escavalier	2	0.5557	0.4846	0.0207	0.5248	0	0.5557
588	16	Escavalier	2	0.4537	0.3146	-0.0465	0.5248	0.0711	0.3826
588	17	Escavalier	2	0.5984	0.398	0.0843	0.5248	0	0.5984
588	18	Escavalier	2	0.4972	0.3507	0.0169	0.5248	0.0276	0.4696
588	19	Escavalier	2	0.5158	0.3313	0.0191	0.5248	0.009	0.5068
590	1	Foongus	1	0.5513	0.5158	-0.0212	0.5513	0	0.5513
590	2	Foongus	1	0.3599	0.3032	-0.1437	0.5513	0.1914	0.1685
590	3	Foongus	1	0.3481	0.2769	-0.1078	0.5513	0.2032	0.1449
590	4	Foongus	1	0.4097	0.3199	-0.0875	0.5513	0.1416	0.2681
590	5	Foongus	1	0.38	0.2543	-0.1798	0.5513	0.1713	0.2087
590	6	Foongus	1	0.4679	0.2909	-0.0604	0.5513	0.0834	0.3845
590	7	Amoonguss	2	0.5315	0.4113	-0.0354	0.5513	0.0198	0.5117
590	8	Amoonguss	2	0.57	0.3929	0.0707	0.5513	0	0.57
590	9	Amoonguss	2	0.6646	0.5109	0.1533	0.5513	0	0.6646
590	10	Amoonguss	2	0.6447	0.5494	0.1076	0.5513	0	0.6447
590	11	Amoonguss	2	0.6578	0.5634	0.142	0.5513	0	0.6578
590	12	Amoonguss	2	0.5174	0.4058	0.09	0.5513	0.0339	0.4835
590	13	Amoonguss	2	0.6065	0.4305	0.1409	0.5513	0	0.6065
590	14	Amoonguss	2	0.7152	0.4807	0.2646	0.5513	0	0.7152
590	15	Amoonguss	2	0.5991	0.4036	0.0734	0.5513	0	0.5991
590	16	Amoonguss	2	0.4896	0.4184	0.0523	0.5513	0.0617	0.4279
590	17	Amoonguss	2	0.558	0.444	0.0954	0.5513	0	0.558
590	18	Amoonguss	2	0.5817	0.376	0.1524	0.5513	0	0.5817
590	19	Amoonguss	2	0.5449	0.3943	0.0735	0.5513	0.0064	0.5385
592	1	Frillish	1	0.7012	0.4701	0.1287	0.6208	0	0.7012
592	2	Frillish	1	0.4126	0.3666	-0.1633	0.6208	0.2082	0.2044
592	3	Jellicent	2	0.6801	0.6232	0.1661	0.6208	0	0.6801
592	4	Jellicent	2	0.6719	0.5899	0.082	0.6208	0	0.6719
592	5	Jellicent	2	0.6901	0.61	0.1395	0.6208	0	0.6901
592	6	Jellicent	2	0.6744	0.4537	0.2207	0.6208	0	0.6744
592	7	Jellicent	2	0.6208	0.5739	0.0539	0.6208	0	0.6208
592	8	Jellicent	2	0.5724	0.471	0.0731	0.6208	0.0484	0.524
592	9	Jellicent	2	0.5812	0.5113	0.0699	0.6208	0.0396	0.5416
592	10	Jellicent	2	0.651	0.4058	0.1139	0.6208	0	0.651
592	11	Jellicent	2	0.5817	0.3437	0.0659	0.6208	0.0391	0.5426
592	12	Jellicent	2	0.5263	0.4318	0.0989	0.6208	0.0945	0.4318
592	13	Jellicent	2	0.6668	0.4394	0.2012	0.6208	0	0.6668
592	14	Jellicent	2	0.5325	0.3169	0.0819	0.6208	0.0883	0.4442
592	15	Jellicent	2	0.6284	0.4313	0.1027	0.6208	0	0.6284
592	16	Jellicent	2	0.5791	0.4206	0.1418	0.6208	0.0417	0.5374
592	17	Jellicent	2	0.6452	0.3946	0.1826	0.6208	0	0.6452
592	18	Jellicent	2	0.5286	0.4219	0.0993	0.6208	0.0922	0.4364
592	19	Jellicent	2	0.5798	0.4619	0.1084	0.6208	0.041	0.5388
594	1	Alomomola	1	0.71	0.6926	0.1962	0.7082	0	0.71
594	2	Alomomola	1	0.4712	0.4581	0.0802	0.7082	0.237	0.2342
594	3	Alomomola	1	0.5932	0.4233	0.1308	0.7082	0.115	0.4782
594	4	Alomomola	1	0.7078	0.5626	0.1945	0.7082	0.0004	0.7074
594	5	Alomomola	1	0.5562	0.483	0.0809	0.7082	0.152	0.4042
594	6	Alomomola	1	0.6259	0.294	0.1706	0.7082	0.0823	0.5436
594	7	Alomomola	1	0.6868	0.5178	0.2775	0.7082	0.0214	0.6654
594	8	Alomomola	1	0.6701	0.3464	0.2568	0.7082	0.0381	0.632
594	9	Alomomola	1	0.7082	0.4945	0.2103	0.7082	0	0.7082
594	10	Alomomola	1	0.7413	0.4334	0.2253	0.7082	0	0.7413
594	11	Alomomola	1	0.7144	0.3964	0.1147	0.7082	0	0.7144
594	12	Alomomola	1	0.7154	0.3944	0.2577	0.7082	0	0.7154
594	13	Alomomola	1	0.7856	0.5743	0.2855	0.7082	0	0.7856
594	14	Alomomola	1	0.7391	0.4665	0.2249	0.7082	0	0.7391
594	15	Alomomola	1	0.7066	0.4503	0.0729	0.7082	0.0016	0.705
594	16	Alomomola	1	0.7123	0.4833	0.229	0.7082	0	0.7123
594	17	Alomomola	1	0.7545	0.4766	0.2779	0.7082	0	0.7545
594	18	Alomomola	1	0.6628	0.3654	0.1701	0.7082	0.0454	0.6174
594	19	Alomomola	1	0.738	0.4182	0.2514	0.7082	0	0.738
595	1	Joltik	1	0.517	0.4632	0.0884	0.572	0.055	0.462
595	2	Joltik	1	0.4538	0.3885	0.0595	0.572	0.1182	0.3356
595	3	Joltik	1	0.4222	0.3537	0.055	0.572	0.1498	0.2724
595	4	Joltik	1	0.502	0.3771	0.1022	0.572	0.07	0.432
595	5	Galvantula	2	0.5993	0.5247	0.0528	0.572	0	0.5993
595	6	Galvantula	2	0.6727	0.4179	0.2726	0.572	0	0.6727
595	7	Galvantula	2	0.4907	0.4185	0.0007	0.572	0.0813	0.4094
595	8	Galvantula	2	0.4892	0.3585	0.001	0.572	0.0828	0.4064
595	9	Galvantula	2	0.6689	0.4239	0.1708	0.572	0	0.6689
595	10	Galvantula	2	0.6405	0.4136	0.1787	0.572	0	0.6405
595	11	Galvantula	2	0.6934	0.4535	0.1441	0.572	0	0.6934
595	12	Galvantula	2	0.5142	0.3518	0.0625	0.572	0.0578	0.4564
595	13	Galvantula	2	0.596	0.4062	0.113	0.572	0	0.596
595	14	Galvantula	2	0.7137	0.4134	0.2146	0.572	0	0.7137
595	15	Galvantula	2	0.7081	0.4433	0.1866	0.572	0	0.7081
595	16	Galvantula	2	0.5455	0.3946	0.0676	0.572	0.0265	0.519
595	17	Galvantula	2	0.5275	0.3351	0.085	0.572	0.0445	0.483
595	18	Galvantula	2	0.5744	0.3453	0.0968	0.572	0	0.5744
595	19	Galvantula	2	0.572	0.3658	0.0876	0.572	0	0.572
597	3	Ferroseed	1	0.416	0.2227	0.068	0.64	0.224	0.192
597	4	Ferroseed	1	0.3796	0.2491	-0.098	0.64	0.2604	0.1192
597	5	Ferroseed	1	0.3893	0.2586	-0.0559	0.64	0.2507	0.1386
597	6	Ferroseed	1	0.6876	0.224	0.4024	0.64	0	0.6876
597	7	Ferrothorn	2	0.5293	0.2965	0.1035	0.64	0.1107	0.4186
597	8	Ferrothorn	2	0.4266	0.234	0.0767	0.64	0.2134	0.2132
597	9	Ferrothorn	2	0.6697	0.3803	0.257	0.64	0	0.6697
597	10	Ferrothorn	2	0.6691	0.3784	0.2383	0.64	0	0.6691
597	11	Ferrothorn	2	0.64	0.4023	0.1664	0.64	0	0.64
597	12	Ferrothorn	2	0.7092	0.3854	0.2991	0.64	0	0.7092
597	13	Ferrothorn	2	0.702	0.3721	0.3015	0.64	0	0.702
597	14	Ferrothorn	2	0.6816	0.3996	0.2492	0.64	0	0.6816
597	15	Ferrothorn	2	0.6648	0.4189	0.2379	0.64	0	0.6648
597	16	Ferrothorn	2	0.559	0.3384	0.1543	0.64	0.081	0.478
597	17	Ferrothorn	2	0.6718	0.4219	0.2701	0.64	0	0.6718
597	18	Ferrothorn	2	0.5903	0.3559	0.23	0.64	0.0497	0.5406
597	19	Ferrothorn	2	0.5425	0.3446	0.1783	0.64	0.0975	0.445
599	4	Klink	1	0.279	0.2297	-0.4032	0.4786	0.1996	0.0794
599	5	Klink	1	0.3108	0.2663	-0.3128	0.4786	0.1678	0.143
599	6	Klink	1	0.367	0.2022	-0.0867	0.4786	0.1116	0.2554
599	7	Klang	2	0.3927	0.2117	-0.0179	0.4786	0.0859	0.3068
599	8	Klang	2	0.2626	0.137	-0.0873	0.4786	0.216	0.0466
599	9	Klinklang	3	0.521	0.331	-0.0028	0.4786	0	0.521
599	10	Klinklang	3	0.4274	0.287	-0.0877	0.4786	0.0512	0.3762
599	11	Klinklang	3	0.5191	0.3447	-0.0083	0.4786	0	0.5191
599	12	Klinklang	3	0.5385	0.2935	0.0519	0.4786	0	0.5385
599	13	Klinklang	3	0.5057	0.2957	-0.007	0.4786	0	0.5057
599	14	Klinklang	3	0.5637	0.3378	0.0395	0.4786	0	0.5637
599	15	Klinklang	3	0.5318	0.3064	-0.0032	0.4786	0	0.5318
599	16	Klinklang	3	0.4622	0.2845	-0.038	0.4786	0.0164	0.4458
599	17	Klinklang	3	0.4955	0.3191	-0.0186	0.4786	0	0.4955
599	18	Klinklang	3	0.4265	0.2687	-0.0538	0.4786	0.0521	0.3744
599	19	Klinklang	3	0.495	0.2889	-0.0017	0.4786	0	0.495
60	1	Politoed	3	0.5013	0.4601	-0.0712	0.5934	0.0921	0.4092
60	2	Politoed	3	0.4547	0.4025	-0.0489	0.5934	0.1387	0.316
60	3	Politoed	3	0.4772	0.3957	-0.0171	0.5934	0.1162	0.361
60	4	Politoed	3	0.5134	0.3573	-0.0902	0.5934	0.08	0.4334
60	5	Politoed	3	0.5126	0.4028	0.0154	0.5934	0.0808	0.4318
60	6	Politoed	3	0.5518	0.2862	0.1201	0.5934	0.0416	0.5102
60	7	Politoed	3	0.6714	0.378	0.183	0.5934	0	0.6714
60	8	Politoed	3	0.58	0.34	0.1092	0.5934	0.0134	0.5666
60	9	Politoed	3	0.6083	0.3319	0.0585	0.5934	0	0.6083
60	10	Poliwrath	3	0.6544	0.3675	0.1689	0.5934	0	0.6544
60	11	Poliwrath	3	0.5934	0.3461	0.0765	0.5934	0	0.5934
60	12	Poliwrath	3	0.5444	0.3344	0.0783	0.5934	0.049	0.4954
60	13	Politoed	3	0.6788	0.3199	0.1626	0.5934	0	0.6788
60	14	Poliwrath	3	0.6289	0.3501	0.1239	0.5934	0	0.6289
60	15	Politoed	3	0.6703	0.3022	0.1449	0.5934	0	0.6703
60	16	Poliwrath	3	0.6151	0.3733	0.1469	0.5934	0	0.6151
60	17	Politoed	3	0.6332	0.322	0.105	0.5934	0	0.6332
60	18	Politoed	3	0.5032	0.2883	0.0259	0.5934	0.0902	0.413
60	19	Politoed	3	0.6314	0.313	0.1048	0.5934	0	0.6314
602	2	Tynamo	1	0.4222	0.3549	0.0176	0.6306	0.2084	0.2138
602	3	Tynamo	1	0.4124	0.3536	-0.0746	0.6306	0.2182	0.1942
602	4	Tynamo	1	0.3781	0.2852	-0.1522	0.6306	0.2525	0.1256
602	5	Tynamo	1	0.4582	0.3115	-0.0234	0.6306	0.1724	0.2858
602	6	Tynamo	1	0.2736	0.2132	0.0036	0.6306	0.357	-0.0834
602	7	Eelektross	3	0.6242	0.3762	0.1017	0.6306	0.0064	0.6178
602	8	Eelektross	3	0.5837	0.3376	0.0504	0.6306	0.0469	0.5368
602	9	Eelektross	3	0.672	0.3794	0.1887	0.6306	0	0.672
602	10	Eelektross	3	0.6306	0.3278	0.1693	0.6306	0	0.6306
602	11	Eelektross	3	0.6429	0.4022	0.1442	0.6306	0	0.6429
602	12	Eelektross	3	0.6306	0.3309	0.1718	0.6306	0	0.6306
602	13	Eelektross	3	0.7069	0.3685	0.2436	0.6306	0	0.7069
602	14	Eelektross	3	0.6737	0.3996	0.1933	0.6306	0	0.6737
602	15	Eelektross	3	0.6521	0.3347	0.1451	0.6306	0	0.6521
602	16	Eelektross	3	0.649	0.3455	0.1822	0.6306	0	0.649
602	17	Eelektross	3	0.6436	0.3323	0.212	0.6306	0	0.6436
602	18	Eelektross	3	0.5707	0.339	0.1201	0.6306	0.0599	0.5108
602	19	Eelektross	3	0.6337	0.3554	0.1969	0.6306	0	0.6337
605	4	Elgyem	1	0.3682	0.221	-0.129	0.6049	0.2367	0.1315
605	5	Elgyem	1	0.3969	0.2076	-0.1149	0.6049	0.208	0.1889
605	6	Beheeyem	2	0.6126	0.3489	0.124	0.6049	0	0.6126
605	7	Beheeyem	2	0.5668	0.3408	0.0443	0.6049	0.0382	0.5286
605	8	Beheeyem	2	0.6012	0.3523	0.0679	0.6049	0.0038	0.5974
605	9	Beheeyem	2	0.6059	0.4087	0.0843	0.6049	0	0.6059
605	10	Beheeyem	2	0.604	0.358	0.0878	0.6049	0.001	0.603
605	11	Beheeyem	2	0.6405	0.3965	0.0578	0.6049	0	0.6405
605	12	Beheeyem	2	0.5242	0.3534	0.0133	0.6049	0.0807	0.4435
605	13	Beheeyem	2	0.6692	0.3278	0.1075	0.6049	0	0.6692
605	14	Beheeyem	2	0.6326	0.335	0.0871	0.6049	0	0.6326
605	15	Beheeyem	2	0.6696	0.3611	0.1315	0.6049	0	0.6696
605	16	Beheeyem	2	0.6026	0.3435	0.0646	0.6049	0.0023	0.6003
605	17	Beheeyem	2	0.5964	0.3871	0.0971	0.6049	0.0085	0.5879
605	18	Beheeyem	2	0.7055	0.352	0.2011	0.6049	0	0.7055
605	19	Beheeyem	2	0.6173	0.3786	0.1083	0.6049	0	0.6173
607	4	Litwick	1	0.3673	0.2634	-0.201	0.5066	0.1393	0.228
607	5	Litwick	1	0.4187	0.3023	-0.1278	0.5066	0.0879	0.3308
607	6	Chandelure	3	0.6638	0.4089	0.1752	0.5066	0	0.6638
607	7	Chandelure	3	0.5177	0.3142	-0.0048	0.5066	0	0.5177
607	8	Chandelure	3	0.5209	0.2928	-0.0124	0.5066	0	0.5209
607	9	Chandelure	3	0.5907	0.3633	0.0691	0.5066	0	0.5907
607	10	Chandelure	3	0.5186	0.2936	0.0024	0.5066	0	0.5186
607	11	Chandelure	3	0.5361	0.285	-0.0466	0.5066	0	0.5361
607	12	Chandelure	3	0.5304	0.3212	0.0195	0.5066	0	0.5304
607	13	Chandelure	3	0.4816	0.3097	-0.0801	0.5066	0.025	0.4566
607	14	Chandelure	3	0.4955	0.2326	-0.05	0.5066	0.0111	0.4844
607	15	Chandelure	3	0.6054	0.3307	0.0673	0.5066	0	0.6054
607	16	Chandelure	3	0.4632	0.2456	-0.0748	0.5066	0.0434	0.4198
607	17	Chandelure	3	0.4918	0.2582	-0.0075	0.5066	0.0148	0.477
607	18	Chandelure	3	0.4903	0.3017	-0.0141	0.5066	0.0163	0.474
607	19	Chandelure	3	0.4847	0.2776	-0.0243	0.5066	0.0219	0.4628
610	1	Axew	1	0.5848	0.4415	0.0987	0.5782	0	0.5848
610	2	Axew	1	0.4903	0.3313	0.0037	0.5782	0.0879	0.4024
610	3	Axew	1	0.4762	0.322	-0.0046	0.5782	0.102	0.3742
610	4	Axew	1	0.4492	0.3117	-0.0689	0.5782	0.129	0.3202
610	5	Axew	1	0.4526	0.2393	-0.1098	0.5782	0.1256	0.327
610	6	Axew	1	0.4379	0.218	-0.0526	0.5782	0.1403	0.2976
610	7	Haxorus	3	0.592	0.506	0.0684	0.5782	0	0.592
610	8	Haxorus	3	0.6312	0.5025	0.1322	0.5782	0	0.6312
610	9	Haxorus	3	0.6488	0.46	0.125	0.5782	0	0.6488
610	10	Haxorus	3	0.5708	0.4193	0.0557	0.5782	0.0074	0.5634
610	11	Haxorus	3	0.6483	0.4626	0.1209	0.5782	0	0.6483
610	12	Haxorus	3	0.5715	0.3934	0.0849	0.5782	0.0067	0.5648
610	13	Haxorus	3	0.6642	0.4375	0.1515	0.5782	0	0.6642
610	14	Haxorus	3	0.6231	0.4446	0.0989	0.5782	0	0.6231
610	15	Haxorus	3	0.5969	0.4684	0.0619	0.5782	0	0.5969
610	16	Haxorus	3	0.5978	0.4523	0.0976	0.5782	0	0.5978
610	17	Haxorus	3	0.4732	0.3191	-0.0409	0.5782	0.105	0.3682
610	18	Haxorus	3	0.542	0.4395	0.0617	0.5782	0.0362	0.5058
610	19	Haxorus	3	0.5782	0.4098	0.0815	0.5782	0	0.5782
613	3	Cubchoo	1	0.4255	0.2438	-0.0553	0.4875	0.062	0.3635
613	4	Cubchoo	1	0.3917	0.288	-0.1264	0.4875	0.0958	0.2959
613	5	Cubchoo	1	0.3839	0.2411	-0.1785	0.4875	0.1036	0.2803
613	6	Cubchoo	1	0.4216	0.3076	-0.0618	0.4875	0.0659	0.3557
613	7	Beartic	2	0.5439	0.414	0.047	0.4875	0	0.5439
613	8	Beartic	2	0.4531	0.3723	-0.0254	0.4875	0.0344	0.4187
613	9	Beartic	2	0.5788	0.4388	0.099	0.4875	0	0.5788
613	10	Beartic	2	0.6123	0.3909	0.1268	0.4875	0	0.6123
613	11	Beartic	2	0.5715	0.4395	0.0546	0.4875	0	0.5715
613	12	Beartic	2	0.5482	0.4734	0.0821	0.4875	0	0.5482
613	13	Beartic	2	0.5203	0.3873	0.0492	0.4875	0	0.5203
613	14	Beartic	2	0.5747	0.4597	0.0697	0.4875	0	0.5747
613	15	Beartic	2	0.4875	0.3491	-0.0151	0.4875	0	0.4875
613	16	Beartic	2	0.5019	0.3986	0.0337	0.4875	0	0.5019
613	17	Beartic	2	0.412	0.3136	-0.0306	0.4875	0.0755	0.3365
613	18	Beartic	2	0.4803	0.3374	0.0431	0.4875	0.0072	0.4731
613	19	Beartic	2	0.4858	0.3761	0.0368	0.4875	0.0017	0.4841
615	4	Cryogonal	1	0.6515	0.6108	0.0324	0.5795	0	0.6515
615	5	Cryogonal	1	0.6052	0.5125	0.0454	0.5795	0	0.6052
615	6	Cryogonal	1	0.6496	0.48	0.2228	0.5795	0	0.6496
615	7	Cryogonal	1	0.5346	0.3791	0.079	0.5795	0.0449	0.4897
615	8	Cryogonal	1	0.5588	0.3685	0.0255	0.5795	0.0207	0.5381
615	9	Cryogonal	1	0.5636	0.432	0.042	0.5795	0.0159	0.5477
615	10	Cryogonal	1	0.5339	0.4068	0.0177	0.5795	0.0455	0.4884
615	11	Cryogonal	1	0.6068	0.5012	0.0241	0.5795	0	0.6068
615	12	Cryogonal	1	0.6116	0.4949	0.1007	0.5795	0	0.6116
615	13	Cryogonal	1	0.5805	0.4258	0.0188	0.5795	0	0.5805
615	14	Cryogonal	1	0.6766	0.4409	0.1311	0.5795	0	0.6766
615	15	Cryogonal	1	0.6581	0.4944	0.12	0.5795	0	0.6581
615	16	Cryogonal	1	0.5784	0.4192	0.0404	0.5795	0.001	0.5774
615	17	Cryogonal	1	0.5119	0.3842	0.0126	0.5795	0.0676	0.4443
615	18	Cryogonal	1	0.5311	0.4104	0.0267	0.5795	0.0484	0.4827
615	19	Cryogonal	1	0.5455	0.4102	0.0365	0.5795	0.034	0.5115
616	1	Accelgor	2	0.615	0.5905	0.0124	0.5772	0	0.615
616	2	Accelgor	2	0.6	0.5759	0.0752	0.5772	0	0.6
616	3	Accelgor	2	0.5772	0.5415	0.0442	0.5772	0	0.5772
616	4	Accelgor	2	0.6253	0.5916	0.0062	0.5772	0	0.6253
616	5	Accelgor	2	0.6459	0.567	0.0789	0.5772	0	0.6459
616	6	Accelgor	2	0.7744	0.4969	0.2538	0.5772	0	0.7744
616	7	Accelgor	2	0.5112	0.4753	-0.0113	0.5772	0.066	0.4452
616	8	Accelgor	2	0.4644	0.4276	-0.0689	0.5772	0.1128	0.3516
616	9	Accelgor	2	0.5686	0.535	0.047	0.5772	0.0086	0.56
616	10	Accelgor	2	0.5935	0.4754	0.0773	0.5772	0	0.5935
616	11	Accelgor	2	0.5801	0.4782	-0.0026	0.5772	0	0.5801
616	12	Accelgor	2	0.5328	0.486	0.0219	0.5772	0.0444	0.4884
616	13	Accelgor	2	0.5811	0.4154	0.0194	0.5772	0	0.5811
616	14	Accelgor	2	0.5577	0.481	0.0122	0.5772	0.0195	0.5382
616	15	Accelgor	2	0.6139	0.5381	0.0758	0.5772	0	0.6139
616	16	Accelgor	2	0.5525	0.4674	0.0145	0.5772	0.0247	0.5278
616	17	Accelgor	2	0.5151	0.4595	0.0158	0.5772	0.0621	0.453
616	18	Accelgor	2	0.5579	0.4935	0.0535	0.5772	0.0193	0.5386
616	19	Accelgor	2	0.5108	0.4687	0.0018	0.5772	0.0664	0.4444
618	2	Stunfisk	1	0.4782	0.3692	-0.0254	0.6261	0.1479	0.3303
618	3	Stunfisk	1	0.4994	0.414	0.0051	0.6261	0.1267	0.3727
618	4	Stunfisk	1	0.4529	0.3665	-0.0565	0.6261	0.1732	0.2797
618	5	Stunfisk	1	0.4808	0.3808	-0.0657	0.6261	0.1453	0.3355
618	6	Stunfisk	1	0.6487	0.3852	0.1079	0.6261	0	0.6487
618	7	Stunfisk	1	0.4837	0.3406	-0.0047	0.6261	0.1424	0.3413
618	8	Stunfisk	1	0.6456	0.3151	0.1748	0.6261	0	0.6456
618	9	Stunfisk	1	0.6261	0.35	0.0763	0.6261	0	0.6261
618	10	Stunfisk	1	0.5559	0.2987	0.0701	0.6261	0.0703	0.4856
618	11	Stunfisk	1	0.6456	0.3052	0.1774	0.6261	0	0.6456
618	12	Stunfisk	1	0.5755	0.3264	0.1135	0.6261	0.0506	0.5249
618	13	Stunfisk	1	0.7147	0.3385	0.1985	0.6261	0	0.7147
618	14	Stunfisk	1	0.7274	0.3215	0.2575	0.6261	0	0.7274
618	15	Stunfisk	1	0.6891	0.3205	0.1637	0.6261	0	0.6891
618	16	Stunfisk	1	0.5542	0.2917	0.0974	0.6261	0.0719	0.4823
618	17	Stunfisk	1	0.6456	0.3122	0.1174	0.6261	0	0.6456
618	18	Stunfisk	1	0.6673	0.3327	0.19	0.6261	0	0.6673
618	19	Stunfisk	1	0.6262	0.3191	0.0996	0.6261	0	0.6262
619	1	Mienfoo	1	0.6249	0.4712	0.0223	0.6243	0	0.6249
619	2	Mienfoo	1	0.4787	0.3834	-0.0461	0.6243	0.1456	0.3331
619	3	Mienfoo	1	0.5385	0.4717	0.0055	0.6243	0.0858	0.4527
619	4	Mienshao	2	0.613	0.484	-0.0061	0.6243	0.0113	0.6017
619	5	Mienshao	2	0.5489	0.4921	-0.0109	0.6243	0.0754	0.4735
619	6	Mienshao	2	0.6434	0.3558	0.16	0.6243	0	0.6434
619	7	Mienshao	2	0.7041	0.4512	0.2072	0.6243	0	0.7041
619	8	Mienshao	2	0.6379	0.3729	0.1594	0.6243	0	0.6379
619	9	Mienshao	2	0.6862	0.4286	0.2064	0.6243	0	0.6862
619	10	Mienshao	2	0.6731	0.4166	0.1876	0.6243	0	0.6731
619	11	Mienshao	2	0.6243	0.4542	0.1074	0.6243	0	0.6243
619	12	Mienshao	2	0.6183	0.3824	0.1522	0.6243	0.006	0.6123
619	13	Mienshao	2	0.5546	0.3867	0.0835	0.6243	0.0697	0.4849
619	14	Mienshao	2	0.6865	0.4106	0.1815	0.6243	0	0.6865
619	15	Mienshao	2	0.5762	0.3544	0.0736	0.6243	0.0481	0.5281
619	16	Mienshao	2	0.6693	0.4157	0.2011	0.6243	0	0.6693
619	17	Mienshao	2	0.4739	0.3192	0.0313	0.6243	0.1504	0.3235
619	18	Mienshao	2	0.5524	0.333	0.1152	0.6243	0.0719	0.4805
619	19	Mienshao	2	0.6243	0.3631	0.1753	0.6243	0	0.6243
621	3	Druddigon	1	0.5566	0.4344	0.0623	0.5926	0.036	0.5206
621	4	Druddigon	1	0.4652	0.378	-0.0442	0.5926	0.1274	0.3378
621	5	Druddigon	1	0.5527	0.373	-0.0097	0.5926	0.0399	0.5128
621	6	Druddigon	1	0.6599	0.3556	0.1694	0.5926	0	0.6599
621	7	Druddigon	1	0.5968	0.3505	0.0732	0.5926	0	0.5968
621	8	Druddigon	1	0.5806	0.3556	0.0816	0.5926	0.012	0.5686
621	9	Druddigon	1	0.6376	0.3876	0.1138	0.5926	0	0.6376
621	10	Druddigon	1	0.5926	0.3686	0.0775	0.5926	0	0.5926
621	11	Druddigon	1	0.5935	0.3903	0.0661	0.5926	0	0.5935
621	12	Druddigon	1	0.5602	0.3619	0.0736	0.5926	0.0324	0.5278
621	13	Druddigon	1	0.6513	0.4	0.1386	0.5926	0	0.6513
621	14	Druddigon	1	0.6498	0.385	0.1256	0.5926	0	0.6498
621	15	Druddigon	1	0.6976	0.3867	0.1626	0.5926	0	0.6976
621	16	Druddigon	1	0.5953	0.368	0.0951	0.5926	0	0.5953
621	17	Druddigon	1	0.5156	0.2846	0.0015	0.5926	0.077	0.4386
621	18	Druddigon	1	0.567	0.3593	0.0867	0.5926	0.0256	0.5414
621	19	Druddigon	1	0.5921	0.3687	0.0954	0.5926	0.0005	0.5916
622	2	Golett	1	0.4135	0.2972	0.0089	0.5712	0.1577	0.2558
622	3	Golett	1	0.4508	0.3525	-0.0362	0.5712	0.1204	0.3304
622	4	Golett	1	0.3067	0.2064	-0.2236	0.5712	0.2645	0.0422
622	5	Golett	1	0.3632	0.2565	-0.1184	0.5712	0.208	0.1552
622	6	Golurk	2	0.6214	0.4493	0.1309	0.5712	0	0.6214
622	7	Golurk	2	0.6542	0.452	0.1306	0.5712	0	0.6542
622	8	Golurk	2	0.5042	0.3897	0.0052	0.5712	0.067	0.4372
622	9	Golurk	2	0.618	0.4099	0.0942	0.5712	0	0.618
622	10	Golurk	2	0.6732	0.42	0.1581	0.5712	0	0.6732
622	11	Golurk	2	0.5369	0.3342	0.0095	0.5712	0.0342	0.5027
622	12	Golurk	2	0.6477	0.4102	0.1611	0.5712	0	0.6477
622	13	Golurk	2	0.6432	0.4583	0.1305	0.5712	0	0.6432
622	14	Golurk	2	0.5273	0.3677	0.0031	0.5712	0.0439	0.4834
622	15	Golurk	2	0.6036	0.4478	0.0686	0.5712	0	0.6036
622	16	Golurk	2	0.5369	0.4041	0.0367	0.5712	0.0342	0.5027
622	17	Golurk	2	0.5731	0.4211	0.059	0.5712	0	0.5731
622	18	Golurk	2	0.6611	0.4402	0.1808	0.5712	0	0.6611
622	19	Golurk	2	0.5692	0.3861	0.0725	0.5712	0.002	0.5672
624	3	Pawniard	1	0.3829	0.2041	-0.1501	0.5036	0.1207	0.2622
624	4	Pawniard	1	0.4802	0.2684	-0.1389	0.5036	0.0234	0.4568
624	5	Pawniard	1	0.509	0.2399	-0.0508	0.5036	0	0.509
624	6	Pawniard	1	0.5036	0.2427	0.0202	0.5036	0	0.5036
624	7	Bisharp	2	0.4374	0.2658	-0.0595	0.5036	0.0662	0.3712
624	8	Bisharp	2	0.4314	0.1832	-0.0471	0.5036	0.0722	0.3592
624	9	Kingambit	3	0.5664	0.3681	0.0426	0.5036	0	0.5664
624	10	Kingambit	3	0.4775	0.3122	-0.0376	0.5036	0.0261	0.4514
624	11	Kingambit	3	0.5953	0.3637	0.0679	0.5036	0	0.5953
624	12	Kingambit	3	0.5017	0.3432	0.0151	0.5036	0.0019	0.4998
624	13	Kingambit	3	0.5694	0.3629	0.0567	0.5036	0	0.5694
624	14	Kingambit	3	0.5759	0.3344	0.0517	0.5036	0	0.5759
624	15	Kingambit	3	0.5817	0.3992	0.0467	0.5036	0	0.5817
624	16	Kingambit	3	0.4966	0.2729	-0.0036	0.5036	0.007	0.4896
624	17	Kingambit	3	0.5357	0.3612	0.0216	0.5036	0	0.5357
624	18	Kingambit	3	0.4812	0.3109	0.0009	0.5036	0.0224	0.4588
624	19	Kingambit	3	0.5087	0.3448	0.012	0.5036	0	0.5087
626	4	Bouffalant	1	0.5879	0.3678	0.0698	0.5758	0	0.5879
626	5	Bouffalant	1	0.5846	0.3901	0.0222	0.5758	0	0.5846
626	6	Bouffalant	1	0.7199	0.4091	0.2294	0.5758	0	0.7199
626	7	Bouffalant	1	0.5405	0.3792	0.0169	0.5758	0.0353	0.5052
626	8	Bouffalant	1	0.5938	0.3441	0.0948	0.5758	0	0.5938
626	9	Bouffalant	1	0.6114	0.3749	0.0876	0.5758	0	0.6114
626	10	Bouffalant	1	0.5558	0.3569	0.0407	0.5758	0.0201	0.5357
626	11	Bouffalant	1	0.589	0.3833	0.0616	0.5758	0	0.589
626	12	Bouffalant	1	0.5582	0.394	0.0716	0.5758	0.0176	0.5406
626	13	Bouffalant	1	0.5571	0.4803	0.0444	0.5758	0.0187	0.5384
626	14	Bouffalant	1	0.5836	0.4948	0.0594	0.5758	0	0.5836
626	15	Bouffalant	1	0.6044	0.495	0.0694	0.5758	0	0.6044
626	16	Bouffalant	1	0.5289	0.4192	0.0287	0.5758	0.0469	0.482
626	17	Bouffalant	1	0.5681	0.4165	0.054	0.5758	0.0077	0.5604
626	18	Bouffalant	1	0.508	0.388	0.0277	0.5758	0.0678	0.4402
626	19	Bouffalant	1	0.5468	0.4156	0.0501	0.5758	0.0291	0.5177
627	1	Braviary	2	0.654	0.5837	0.1679	0.6447	0	0.654
627	2	Braviary	2	0.6301	0.575	0.1435	0.6447	0.0146	0.6155
627	3	Braviary	2	0.5963	0.5559	0.1155	0.6447	0.0484	0.5479
627	4	Braviary	2	0.6586	0.5328	0.1405	0.6447	0	0.6586
627	5	Braviary	2	0.6447	0.5342	0.0823	0.6447	0	0.6447
627	6	Braviary	2	0.5888	0.4226	0.0983	0.6447	0.0559	0.5329
627	7	Braviary-Hisui	2	0.6821	0.4277	0.1596	0.6447	0	0.6821
627	8	Braviary-Hisui	2	0.6705	0.4019	0.1372	0.6447	0	0.6705
627	9	Braviary-Hisui	2	0.6976	0.4686	0.176	0.6447	0	0.6976
627	10	Braviary-Hisui	2	0.6971	0.4229	0.1809	0.6447	0	0.6971
627	11	Braviary-Hisui	2	0.6817	0.4064	0.099	0.6447	0	0.6817
627	12	Braviary-Hisui	2	0.628	0.4073	0.1171	0.6447	0.0167	0.6113
627	13	Braviary-Hisui	2	0.6599	0.4356	0.0982	0.6447	0	0.6599
627	14	Braviary	2	0.6027	0.3955	0.0785	0.6447	0.042	0.5607
627	15	Braviary-Hisui	2	0.7231	0.4179	0.185	0.6447	0	0.7231
627	16	Braviary	2	0.5947	0.4088	0.0945	0.6447	0.05	0.5447
627	17	Braviary-Hisui	2	0.6401	0.3618	0.1408	0.6447	0.0046	0.6355
627	18	Braviary-Hisui	2	0.5599	0.391	0.0555	0.6447	0.0848	0.4751
627	19	Braviary-Hisui	2	0.6403	0.3978	0.1313	0.6447	0.0044	0.6359
629	1	Vullaby	1	0.6784	0.3026	0.2498	0.6251	0	0.6784
629	2	Vullaby	1	0.5647	0.3182	0.1704	0.6251	0.0604	0.5043
629	3	Vullaby	1	0.48	0.274	0.1128	0.6251	0.1451	0.3349
629	4	Vullaby	1	0.6742	0.3031	0.2744	0.6251	0	0.6742
629	5	Vullaby	1	0.6251	0.313	0.2366	0.6251	0	0.6251
629	6	Vullaby	1	0.4052	0.16	-0.0485	0.6251	0.2199	0.1853
629	7	Vullaby	1	0.5486	0.2883	0.0606	0.6251	0.0765	0.4721
629	8	Mandibuzz	2	0.6446	0.3952	0.2139	0.6251	0	0.6446
629	9	Mandibuzz	2	0.6644	0.3812	0.2047	0.6251	0	0.6644
629	10	Mandibuzz	2	0.6661	0.3776	0.2004	0.6251	0	0.6661
629	11	Mandibuzz	2	0.6861	0.3864	0.199	0.6251	0	0.6861
629	12	Mandibuzz	2	0.4964	0.306	0.0549	0.6251	0.1287	0.3677
629	13	Mandibuzz	2	0.5873	0.3659	0.1441	0.6251	0.0378	0.5495
629	14	Mandibuzz	2	0.6429	0.3484	0.2438	0.6251	0	0.6429
629	15	Mandibuzz	2	0.6382	0.3822	0.1897	0.6251	0	0.6382
629	16	Mandibuzz	2	0.6115	0.3371	0.1954	0.6251	0.0136	0.5979
629	17	Mandibuzz	2	0.5168	0.2839	0.1191	0.6251	0.1083	0.4085
629	18	Mandibuzz	2	0.5389	0.3034	0.0962	0.6251	0.0862	0.4527
629	19	Mandibuzz	2	0.6263	0.3451	0.1822	0.6251	0	0.6263
63	1	Abra	1	0.4419	0.4002	-0.1607	0.5976	0.1557	0.2862
63	2	Alakazam	3	0.5545	0.5248	0.0297	0.5976	0.0431	0.5114
63	3	Alakazam	3	0.5267	0.4812	-0.0063	0.5976	0.0709	0.4558
63	4	Alakazam	3	0.4606	0.4384	-0.1077	0.5976	0.137	0.3236
63	5	Alakazam	3	0.669	0.5314	0.1225	0.5976	0	0.669
63	6	Alakazam	3	0.613	0.4607	0.1244	0.5976	0	0.613
63	7	Alakazam	3	0.6391	0.487	0.1166	0.5976	0	0.6391
63	8	Alakazam	3	0.6639	0.5395	0.1306	0.5976	0	0.6639
63	9	Alakazam	3	0.5976	0.4955	0.076	0.5976	0	0.5976
63	10	Alakazam	3	0.5884	0.4523	0.0722	0.5976	0.0092	0.5792
63	11	Alakazam	3	0.647	0.5106	0.0643	0.5976	0	0.647
63	12	Alakazam	3	0.5919	0.4374	0.081	0.5976	0.0057	0.5862
63	13	Alakazam	3	0.5789	0.4595	0.0172	0.5976	0.0187	0.5602
63	14	Alakazam	3	0.6314	0.5309	0.0859	0.5976	0	0.6314
63	15	Alakazam	3	0.6768	0.4514	0.1387	0.5976	0	0.6768
63	16	Alakazam	3	0.5645	0.4652	0.0265	0.5976	0.0331	0.5314
63	17	Alakazam	3	0.5339	0.4452	0.0346	0.5976	0.0637	0.4702
63	18	Alakazam	3	0.6309	0.44	0.1265	0.5976	0	0.6309
63	19	Alakazam	3	0.6143	0.4617	0.1053	0.5976	0	0.6143
631	1	Heatmor	1	0.5434	0.4517	-0.0592	0.5571	0.0137	0.5297
631	2	Heatmor	1	0.5822	0.4477	0.0574	0.5571	0	0.5822
631	3	Heatmor	1	0.5813	0.4582	0.0483	0.5571	0	0.5813
631	4	Heatmor	1	0.5441	0.4321	-0.075	0.5571	0.013	0.5311
631	5	Heatmor	1	0.616	0.4599	0.0562	0.5571	0	0.616
631	6	Heatmor	1	0.676	0.371	0.1874	0.5571	0	0.676
631	7	Heatmor	1	0.4906	0.3113	0.0226	0.5571	0.0665	0.4241
631	8	Heatmor	1	0.5355	0.3062	0.1083	0.5571	0.0216	0.5139
631	9	Heatmor	1	0.5803	0.4109	0.097	0.5571	0	0.5803
631	10	Heatmor	1	0.6102	0.3751	0.1608	0.5571	0	0.6102
631	11	Heatmor	1	0.5571	0.3031	0.0799	0.5571	0	0.5571
631	12	Heatmor	1	0.5642	0.3486	0.1124	0.5571	0	0.5642
631	13	Heatmor	1	0.5552	0.3436	0.0703	0.5571	0.0019	0.5533
631	14	Heatmor	1	0.57	0.3584	0.1175	0.5571	0	0.57
631	15	Heatmor	1	0.6112	0.4352	0.0907	0.5571	0	0.6112
631	16	Heatmor	1	0.5108	0.3511	0.069	0.5571	0.0463	0.4645
631	17	Heatmor	1	0.4808	0.3493	0.0621	0.5571	0.0763	0.4045
631	18	Heatmor	1	0.482	0.3329	0.0243	0.5571	0.0751	0.4069
631	19	Heatmor	1	0.5218	0.3444	0.0686	0.5571	0.0353	0.4865
632	3	Durant	1	0.5567	0.4488	0.013	0.5567	0	0.5567
632	4	Durant	1	0.598	0.5076	-0.0386	0.5567	0	0.598
632	5	Durant	1	0.6231	0.5019	0.0875	0.5567	0	0.6231
632	6	Durant	1	0.6126	0.441	0.1292	0.5567	0	0.6126
632	7	Durant	1	0.5336	0.3677	0.0367	0.5567	0.0231	0.5105
632	8	Durant	1	0.3994	0.2819	-0.0791	0.5567	0.1573	0.2421
632	9	Durant	1	0.6477	0.4118	0.1679	0.5567	0	0.6477
632	10	Durant	1	0.6621	0.3844	0.1766	0.5567	0	0.6621
632	11	Durant	1	0.5715	0.384	0.0546	0.5567	0	0.5715
632	12	Durant	1	0.6283	0.3654	0.1622	0.5567	0	0.6283
632	13	Durant	1	0.5364	0.3847	0.0653	0.5567	0.0203	0.5161
632	14	Durant	1	0.53	0.323	0.025	0.5567	0.0267	0.5033
632	15	Durant	1	0.6991	0.4429	0.1965	0.5567	0	0.6991
632	16	Durant	1	0.5217	0.3248	0.0535	0.5567	0.035	0.4867
632	17	Durant	1	0.5205	0.3783	0.0779	0.5567	0.0362	0.4843
632	18	Durant	1	0.5145	0.3117	0.0773	0.5567	0.0422	0.4723
632	19	Durant	1	0.5177	0.3277	0.0687	0.5567	0.039	0.4787
633	1	Deino	1	0.5334	0.5003	-0.0391	0.5444	0.011	0.5224
633	2	Deino	1	0.4137	0.2579	0.1095	0.5444	0.1307	0.283
633	3	Deino	1	0.3419	0.1969	-0.119	0.5444	0.2025	0.1394
633	4	Deino	1	0.3692	0.2443	-0.1445	0.5444	0.1752	0.194
633	5	Deino	1	0.3627	0.2343	-0.1491	0.5444	0.1817	0.181
633	6	Deino	1	0.3716	0.2545	-0.0622	0.5444	0.1728	0.1988
633	7	Zweilous	2	0.5367	0.3962	0.0687	0.5444	0.0077	0.529
633	8	Zweilous	2	0.5628	0.3788	0.1356	0.5444	0	0.5628
633	9	Zweilous	2	0.4617	0.3196	-0.0621	0.5444	0.0827	0.379
633	10	Hydreigon	3	0.552	0.3171	0.0902	0.5444	0	0.552
633	11	Hydreigon	3	0.5891	0.3612	0.0398	0.5444	0	0.5891
633	12	Hydreigon	3	0.5444	0.3329	0.0927	0.5444	0	0.5444
633	13	Hydreigon	3	0.6973	0.3905	0.3068	0.5444	0	0.6973
633	14	Hydreigon	3	0.6478	0.3873	0.227	0.5444	0	0.6478
633	15	Hydreigon	3	0.5526	0.3592	0.1711	0.5444	0	0.5526
633	16	Hydreigon	3	0.6815	0.4136	0.2782	0.5444	0	0.6815
633	17	Hydreigon	3	0.4227	0.2086	0.0894	0.5444	0.1217	0.301
633	18	Hydreigon	3	0.6419	0.3302	0.2974	0.5444	0	0.6419
633	19	Hydreigon	3	0.6102	0.3381	0.2557	0.5444	0	0.6102
636	2	Larvesta	1	0.4749	0.3062	0.0944	0.5415	0.0666	0.4083
636	3	Larvesta	1	0.4402	0.2848	-0.1406	0.5415	0.1013	0.3389
636	4	Larvesta	1	0.4995	0.2543	-0.1827	0.5415	0.042	0.4575
636	5	Larvesta	1	0.5044	0.2437	-0.0074	0.5415	0.0371	0.4673
636	6	Larvesta	1	0.473	0.2314	0.0392	0.5415	0.0685	0.4045
636	7	Larvesta	1	0.4185	0.2227	-0.0495	0.5415	0.123	0.2955
636	8	Larvesta	1	0.4509	0.1948	0.0237	0.5415	0.0906	0.3603
636	9	Larvesta	1	0.5425	0.2858	0.0187	0.5415	0	0.5425
636	10	Volcarona	2	0.6791	0.4197	0.1629	0.5415	0	0.6791
636	11	Volcarona	2	0.6489	0.379	0.0662	0.5415	0	0.6489
636	12	Volcarona	2	0.5103	0.3596	-0.0006	0.5415	0.0312	0.4791
636	13	Volcarona	2	0.6077	0.3695	0.1247	0.5415	0	0.6077
636	14	Volcarona	2	0.6305	0.3583	0.1314	0.5415	0	0.6305
636	15	Volcarona	2	0.6901	0.4225	0.1686	0.5415	0	0.6901
636	16	Volcarona	2	0.5405	0.3574	0.0626	0.5415	0.001	0.5395
636	17	Volcarona	2	0.583	0.3205	0.1405	0.5415	0	0.583
636	18	Volcarona	2	0.5987	0.318	0.1211	0.5415	0	0.5987
636	19	Volcarona	2	0.6167	0.3483	0.1323	0.5415	0	0.6167
638	9	Cobalion	1	0.7106	0.4308	0.2125	0.6643	0	0.7106
638	10	Cobalion	1	0.6668	0.435	0.205	0.6643	0	0.6668
638	11	Cobalion	1	0.6678	0.4185	0.1185	0.6643	0	0.6678
638	12	Cobalion	1	0.7328	0.405	0.2811	0.6643	0	0.7328
638	13	Cobalion	1	0.6562	0.4138	0.1732	0.6643	0.0081	0.6481
638	14	Cobalion	1	0.6643	0.4041	0.1652	0.6643	0	0.6643
638	15	Cobalion	1	0.6868	0.377	0.1653	0.6643	0	0.6868
638	16	Cobalion	1	0.5716	0.3898	0.0937	0.6643	0.0927	0.4789
638	17	Cobalion	1	0.6557	0.3813	0.2132	0.6643	0.0086	0.6471
638	18	Cobalion	1	0.5919	0.3498	0.1143	0.6643	0.0724	0.5195
638	19	Cobalion	1	0.645	0.3709	0.1606	0.6643	0.0193	0.6257
639	9	Terrakion	1	0.6577	0.4257	0.1779	0.6571	0	0.6577
639	10	Terrakion	1	0.6634	0.4017	0.1779	0.6571	0	0.6634
639	11	Terrakion	1	0.6571	0.4059	0.1402	0.6571	0	0.6571
639	12	Terrakion	1	0.6739	0.4396	0.2078	0.6571	0	0.6739
639	13	Terrakion	1	0.7186	0.4625	0.2475	0.6571	0	0.7186
639	14	Terrakion	1	0.6061	0.3937	0.1011	0.6571	0.051	0.5551
639	15	Terrakion	1	0.6661	0.3655	0.1635	0.6571	0	0.6661
639	16	Terrakion	1	0.611	0.4128	0.1428	0.6571	0.0461	0.5649
639	17	Terrakion	1	0.5262	0.3523	0.0836	0.6571	0.1309	0.3953
639	18	Terrakion	1	0.6011	0.3648	0.1639	0.6571	0.056	0.5451
639	19	Terrakion	1	0.6303	0.3877	0.1813	0.6571	0.0268	0.6035
640	9	Virizion	1	0.6407	0.4046	0.1426	0.6099	0	0.6407
640	10	Virizion	1	0.672	0.435	0.2102	0.6099	0	0.672
640	11	Virizion	1	0.6288	0.4296	0.0795	0.6099	0	0.6288
640	12	Virizion	1	0.5984	0.3508	0.1467	0.6099	0.0115	0.5869
640	13	Virizion	1	0.5805	0.36	0.0975	0.6099	0.0294	0.5511
640	14	Virizion	1	0.6669	0.4307	0.1678	0.6099	0	0.6669
640	15	Virizion	1	0.6607	0.3506	0.1392	0.6099	0	0.6607
640	16	Virizion	1	0.5991	0.4244	0.1212	0.6099	0.0108	0.5883
640	17	Virizion	1	0.5747	0.3598	0.1322	0.6099	0.0352	0.5395
640	18	Virizion	1	0.5631	0.3211	0.0855	0.6099	0.0468	0.5163
640	19	Virizion	1	0.6099	0.3523	0.1255	0.6099	0	0.6099
641	9	Tornadus-Incarnate	1	0.63	0.4659	0.1592	0.6002	0	0.63
641	10	Tornadus-Incarnate	1	0.6471	0.4415	0.1977	0.6002	0	0.6471
641	11	Tornadus-Incarnate	1	0.6622	0.4771	0.185	0.6002	0	0.6622
641	12	Tornadus-Incarnate	1	0.5213	0.4054	0.0695	0.6002	0.0789	0.4424
641	13	Tornadus-Incarnate	1	0.6421	0.4455	0.1572	0.6002	0	0.6421
641	14	Tornadus-Incarnate	1	0.6002	0.4121	0.1477	0.6002	0	0.6002
641	15	Tornadus-Incarnate	1	0.6006	0.429	0.0801	0.6002	0	0.6006
641	16	Tornadus-Incarnate	1	0.5856	0.4292	0.1438	0.6002	0.0146	0.571
641	17	Tornadus-Incarnate	1	0.52	0.3565	0.1013	0.6002	0.0802	0.4398
641	18	Tornadus-Incarnate	1	0.5638	0.4009	0.1061	0.6002	0.0364	0.5274
641	19	Tornadus-Incarnate	1	0.5862	0.4015	0.133	0.6002	0.014	0.5722
642	9	Thundurus-Incarnate	1	0.6537	0.4218	0.1829	0.6065	0	0.6537
642	10	Thundurus-Incarnate	1	0.5949	0.3935	0.1455	0.6065	0.0116	0.5833
642	11	Thundurus-Incarnate	1	0.7386	0.4772	0.2614	0.6065	0	0.7386
642	12	Thundurus-Incarnate	1	0.5293	0.3906	0.0775	0.6065	0.0772	0.4521
642	13	Thundurus-Incarnate	1	0.5831	0.4159	0.0982	0.6065	0.0234	0.5597
642	14	Thundurus-Incarnate	1	0.6607	0.4389	0.2082	0.6065	0	0.6607
642	15	Thundurus-Incarnate	1	0.6919	0.3974	0.1714	0.6065	0	0.6919
642	16	Thundurus-Incarnate	1	0.6065	0.4262	0.1647	0.6065	0	0.6065
642	17	Thundurus-Incarnate	1	0.5715	0.3659	0.1528	0.6065	0.035	0.5365
642	18	Thundurus-Incarnate	1	0.6267	0.3891	0.169	0.6065	0	0.6267
642	19	Thundurus-Incarnate	1	0.5831	0.3898	0.1299	0.6065	0.0234	0.5597
643	13	Reshiram	1	0.7194	0.4423	0.2561	0.6625	0	0.7194
643	14	Reshiram	1	0.7306	0.3976	0.2502	0.6625	0	0.7306
643	15	Reshiram	1	0.6375	0.4191	0.1305	0.6625	0.025	0.6125
643	16	Reshiram	1	0.6553	0.3822	0.1885	0.6625	0.0072	0.6481
643	17	Reshiram	1	0.6229	0.3678	0.1913	0.6625	0.0396	0.5833
643	18	Reshiram	1	0.6625	0.3981	0.1581	0.6625	0	0.6625
643	19	Reshiram	1	0.6931	0.4077	0.1841	0.6625	0	0.6931
644	13	Zekrom	1	0.7439	0.4315	0.3162	0.7014	0	0.7439
644	14	Zekrom	1	0.715	0.4261	0.2882	0.7014	0	0.715
644	15	Zekrom	1	0.7014	0.3949	0.2667	0.7014	0	0.7014
644	16	Zekrom	1	0.6867	0.4125	0.282	0.7014	0.0147	0.672
644	17	Zekrom	1	0.6469	0.3682	0.2536	0.7014	0.0545	0.5924
644	18	Zekrom	1	0.7032	0.415	0.3114	0.7014	0	0.7032
644	19	Zekrom	1	0.6736	0.416	0.2742	0.7014	0.0278	0.6458
645	9	Landorus-Incarnate	1	0.6898	0.4833	0.2065	0.6412	0	0.6898
645	10	Landorus-Incarnate	1	0.6267	0.4613	0.1654	0.6412	0.0145	0.6122
645	11	Landorus-Incarnate	1	0.5948	0.3915	0.0961	0.6412	0.0464	0.5484
645	12	Landorus-Incarnate	1	0.6412	0.4588	0.1824	0.6412	0	0.6412
645	13	Landorus-Incarnate	1	0.6949	0.4633	0.2316	0.6412	0	0.6949
645	14	Landorus-Incarnate	1	0.6317	0.3823	0.1513	0.6412	0.0095	0.6222
645	15	Landorus-Incarnate	1	0.6977	0.4504	0.1907	0.6412	0	0.6977
645	16	Landorus-Incarnate	1	0.597	0.4412	0.1302	0.6412	0.0442	0.5528
645	17	Landorus-Incarnate	1	0.6441	0.4105	0.2125	0.6412	0	0.6441
645	18	Landorus-Incarnate	1	0.6706	0.468	0.22	0.6412	0	0.6706
645	19	Landorus-Incarnate	1	0.6311	0.424	0.1943	0.6412	0.0101	0.621
646	13	Kyurem	1	0.6179	0.3313	0.1546	0.6179	0	0.6179
646	14	Kyurem	1	0.7013	0.3845	0.2209	0.6179	0	0.7013
646	15	Kyurem	1	0.6351	0.3315	0.1281	0.6179	0	0.6351
646	16	Kyurem	1	0.6641	0.3811	0.1973	0.6179	0	0.6641
646	17	Kyurem	1	0.5168	0.2884	0.0852	0.6179	0.1011	0.4157
646	18	Kyurem	1	0.5644	0.334	0.1138	0.6179	0.0535	0.5109
646	19	Kyurem	1	0.6155	0.3628	0.1787	0.6179	0.0024	0.6131
647	9	Keldeo-Ordinary	1	0.7287	0.4224	0.2306	0.695	0	0.7287
647	10	Keldeo-Ordinary	1	0.7222	0.4369	0.2604	0.695	0	0.7222
647	11	Keldeo-Ordinary	1	0.6999	0.4168	0.1506	0.695	0	0.6999
647	12	Keldeo-Ordinary	1	0.6091	0.401	0.1574	0.695	0.0859	0.5232
647	13	Keldeo-Ordinary	1	0.6973	0.4204	0.2143	0.695	0	0.6973
647	14	Keldeo-Ordinary	1	0.7052	0.4444	0.2061	0.695	0	0.7052
647	15	Keldeo-Ordinary	1	0.5912	0.3466	0.0697	0.695	0.1038	0.4874
647	16	Keldeo-Ordinary	1	0.695	0.4736	0.2171	0.695	0	0.695
647	17	Keldeo-Ordinary	1	0.6014	0.3837	0.1589	0.695	0.0936	0.5078
647	18	Keldeo-Ordinary	1	0.5129	0.3678	0.0353	0.695	0.1821	0.3308
647	19	Keldeo-Ordinary	1	0.6894	0.3983	0.205	0.695	0.0056	0.6838
648	7	Meloetta-Aria	1	0.708	0.4176	0.1855	0.6806	0	0.708
648	8	Meloetta-Aria	1	0.707	0.416	0.1737	0.6806	0	0.707
648	9	Meloetta-Aria	1	0.6777	0.4077	0.1561	0.6806	0.0029	0.6748
648	10	Meloetta-Aria	1	0.6866	0.4227	0.1704	0.6806	0	0.6866
648	11	Meloetta-Aria	1	0.6859	0.4083	0.1032	0.6806	0	0.6859
648	12	Meloetta-Aria	1	0.6337	0.3714	0.1228	0.6806	0.0469	0.5868
648	13	Meloetta-Aria	1	0.6441	0.3667	0.0824	0.6806	0.0365	0.6076
648	14	Meloetta-Aria	1	0.6806	0.3664	0.1351	0.6806	0	0.6806
648	15	Meloetta-Aria	1	0.6866	0.4032	0.1485	0.6806	0	0.6866
648	16	Meloetta-Aria	1	0.6203	0.3786	0.0823	0.6806	0.0603	0.56
648	17	Meloetta-Aria	1	0.6318	0.3874	0.1325	0.6806	0.0488	0.583
648	18	Meloetta-Aria	1	0.6728	0.3741	0.1684	0.6806	0.0078	0.665
648	19	Meloetta-Aria	1	0.6849	0.3799	0.1759	0.6806	0	0.6849
649	7	Genesect	1	0.5832	0.3806	0.1152	0.6509	0.0677	0.5155
649	8	Genesect	1	0.5026	0.2851	0.0754	0.6509	0.1483	0.3543
649	9	Genesect	1	0.7334	0.4503	0.2501	0.6509	0	0.7334
649	10	Genesect	1	0.7377	0.4299	0.2764	0.6509	0	0.7377
649	11	Genesect	1	0.6528	0.4169	0.1541	0.6509	0	0.6528
649	12	Genesect	1	0.6923	0.4232	0.2335	0.6509	0	0.6923
649	13	Genesect	1	0.6509	0.4204	0.1876	0.6509	0	0.6509
649	14	Genesect	1	0.6897	0.417	0.2093	0.6509	0	0.6897
649	15	Genesect	1	0.6066	0.507	0.0996	0.6509	0.0443	0.5623
649	16	Genesect	1	0.5619	0.394	0.0951	0.6509	0.089	0.4729
649	17	Genesect	1	0.7012	0.4316	0.2696	0.6509	0	0.7012
649	18	Genesect	1	0.6009	0.3999	0.1503	0.6509	0.05	0.5509
649	19	Genesect	1	0.619	0.3803	0.1822	0.6509	0.0319	0.5871
650	1	Chespin	1	0.6057	0.3768	0.0332	0.59	0	0.6057
650	2	Quilladin	2	0.3834	0.3317	-0.0212	0.59	0.2066	0.1768
650	3	Quilladin	2	0.4168	0.3557	-0.0775	0.59	0.1732	0.2436
650	4	Quilladin	2	0.3565	0.3009	-0.1738	0.59	0.2335	0.123
650	5	Quilladin	2	0.4453	0.3195	-0.1145	0.59	0.1447	0.3006
650	6	Quilladin	2	0.6023	0.272	0.1547	0.59	0	0.6023
650	7	Chesnaught	3	0.6356	0.4263	0.112	0.59	0	0.6356
650	8	Chesnaught	3	0.5622	0.3041	0.0632	0.59	0.0278	0.5344
650	9	Chesnaught	3	0.6472	0.3773	0.1234	0.59	0	0.6472
650	10	Chesnaught	3	0.6678	0.4206	0.1527	0.59	0	0.6678
650	11	Chesnaught	3	0.5956	0.3557	0.0682	0.59	0	0.5956
650	12	Chesnaught	3	0.59	0.3099	0.1034	0.59	0	0.59
650	13	Chesnaught	3	0.5554	0.3689	0.0427	0.59	0.0346	0.5208
650	14	Chesnaught	3	0.6531	0.388	0.1289	0.59	0	0.6531
650	15	Chesnaught	3	0.5667	0.309	0.0317	0.59	0.0233	0.5434
650	16	Chesnaught	3	0.592	0.3712	0.0918	0.59	0	0.592
650	17	Chesnaught	3	0.6244	0.3462	0.1103	0.59	0	0.6244
650	18	Chesnaught	3	0.5577	0.301	0.0774	0.59	0.0323	0.5254
650	19	Chesnaught	3	0.5586	0.3245	0.0619	0.59	0.0314	0.5272
653	1	Fennekin	1	0.5155	0.3097	0.0017	0.6325	0.117	0.3985
653	2	Braixen	2	0.4103	0.383	-0.0933	0.6325	0.2222	0.1881
653	3	Braixen	2	0.4137	0.377	-0.0422	0.6325	0.2188	0.1949
653	4	Braixen	2	0.387	0.3337	-0.0736	0.6325	0.2455	0.1415
653	5	Braixen	2	0.537	0.3871	-0.0095	0.6325	0.0955	0.4415
653	6	Braixen	2	0.6795	0.4186	0.1909	0.6325	0	0.6795
653	7	Delphox	3	0.5011	0.3351	-0.0214	0.6325	0.1314	0.3697
653	8	Delphox	3	0.6718	0.3939	0.1385	0.6325	0	0.6718
653	9	Delphox	3	0.7084	0.5627	0.2105	0.6325	0	0.7084
653	10	Delphox	3	0.6732	0.5268	0.1572	0.6325	0	0.6732
653	11	Delphox	3	0.6669	0.4509	0.0672	0.6325	0	0.6669
653	12	Delphox	3	0.5574	0.4514	0.0997	0.6325	0.0751	0.4823
653	13	Delphox	3	0.6593	0.4715	0.1592	0.6325	0	0.6593
653	14	Delphox	3	0.5722	0.4217	0.058	0.6325	0.0603	0.5119
653	15	Delphox	3	0.7396	0.6337	0.1059	0.6325	0	0.7396
653	16	Delphox	3	0.5527	0.3961	0.0694	0.6325	0.0798	0.4729
653	17	Delphox	3	0.6557	0.3807	0.1791	0.6325	0	0.6557
653	18	Delphox	3	0.6991	0.5547	0.2064	0.6325	0	0.6991
653	19	Delphox	3	0.6325	0.4866	0.1459	0.6325	0	0.6325
656	1	Froakie	1	0.6111	0.4909	0.0085	0.5605	0	0.6111
656	2	Frogadier	2	0.4992	0.4489	-0.0256	0.5605	0.0613	0.4379
656	3	Frogadier	2	0.497	0.4531	-0.036	0.5605	0.0635	0.4335
656	4	Frogadier	2	0.5002	0.4683	-0.1189	0.5605	0.0603	0.4399
656	5	Frogadier	2	0.5572	0.4548	-0.0026	0.5605	0.0033	0.5539
656	6	Frogadier	2	0.4197	0.2629	-0.0071	0.5605	0.1408	0.2789
656	7	Greninja	3	0.6239	0.4357	0.1339	0.5605	0	0.6239
656	8	Greninja	3	0.5953	0.4071	0.1071	0.5605	0	0.5953
656	9	Greninja	3	0.5491	0.3861	0.051	0.5605	0.0114	0.5377
656	10	Greninja	3	0.5486	0.3894	0.0868	0.5605	0.0119	0.5367
656	11	Greninja	3	0.584	0.371	0.0347	0.5605	0	0.584
656	12	Greninja	3	0.5749	0.3471	0.1232	0.5605	0	0.5749
656	13	Greninja	3	0.5605	0.3949	0.0775	0.5605	0	0.5605
656	14	Greninja	3	0.6027	0.3981	0.1036	0.5605	0	0.6027
656	15	Greninja	3	0.6549	0.3771	0.1334	0.5605	0	0.6549
656	16	Greninja	3	0.6261	0.4126	0.1482	0.5605	0	0.6261
656	17	Greninja	3	0.4541	0.3085	0.0116	0.5605	0.1064	0.3477
656	18	Greninja	3	0.4939	0.3486	0.0163	0.5605	0.0666	0.4273
656	19	Greninja	3	0.6143	0.3967	0.1299	0.5605	0	0.6143
659	1	Bunnelby	1	0.539	0.4334	0.054	0.5563	0.0173	0.5217
659	2	Diggersby	2	0.5882	0.464	0.1016	0.5563	0	0.5882
659	3	Diggersby	2	0.5613	0.4438	0.0805	0.5563	0	0.5613
659	4	Diggersby	2	0.5557	0.3772	0.0376	0.5563	0.0006	0.5551
659	5	Diggersby	2	0.6012	0.4025	0.0388	0.5563	0	0.6012
659	6	Diggersby	2	0.6766	0.3985	0.1861	0.5563	0	0.6766
659	7	Diggersby	2	0.5524	0.374	0.0288	0.5563	0.0039	0.5485
659	8	Diggersby	2	0.5623	0.3074	0.0633	0.5563	0	0.5623
659	9	Diggersby	2	0.5897	0.3489	0.0659	0.5563	0	0.5897
659	10	Diggersby	2	0.5621	0.3042	0.047	0.5563	0	0.5621
659	11	Diggersby	2	0.5507	0.3049	0.0233	0.5563	0.0056	0.5451
659	12	Diggersby	2	0.5637	0.323	0.0771	0.5563	0	0.5637
659	13	Diggersby	2	0.5705	0.3557	0.0578	0.5563	0	0.5705
659	14	Diggersby	2	0.5383	0.2881	0.0141	0.5563	0.018	0.5203
659	15	Diggersby	2	0.5563	0.3092	0.0213	0.5563	0	0.5563
659	16	Diggersby	2	0.532	0.297	0.0318	0.5563	0.0243	0.5077
659	17	Diggersby	2	0.5525	0.3188	0.0384	0.5563	0.0038	0.5487
659	18	Diggersby	2	0.5403	0.3081	0.06	0.5563	0.016	0.5243
659	19	Diggersby	2	0.5445	0.3141	0.0478	0.5563	0.0118	0.5327
66	2	Machop	1	0.4358	0.3254	-0.089	0.6384	0.2026	0.2332
66	3	Machop	1	0.4422	0.3542	-0.0908	0.6384	0.1962	0.246
66	4	Machamp	3	0.4838	0.4034	-0.1353	0.6384	0.1546	0.3292
66	5	Machamp	3	0.5039	0.3465	-0.0559	0.6384	0.1345	0.3694
66	6	Machamp	3	0.6573	0.3432	0.1739	0.6384	0	0.6573
66	7	Machamp	3	0.7213	0.4191	0.1977	0.6384	0	0.7213
66	8	Machamp	3	0.701	0.3709	0.202	0.6384	0	0.701
66	9	Machamp	3	0.6989	0.3834	0.1751	0.6384	0	0.6989
66	10	Machamp	3	0.6487	0.4162	0.1336	0.6384	0	0.6487
66	11	Machamp	3	0.6685	0.3965	0.1411	0.6384	0	0.6685
66	12	Machamp	3	0.6019	0.4072	0.1153	0.6384	0.0365	0.5654
66	13	Machamp	3	0.6341	0.4096	0.1214	0.6384	0.0043	0.6298
66	14	Machamp	3	0.6969	0.4395	0.1727	0.6384	0	0.6969
66	15	Machamp	3	0.6035	0.3669	0.0685	0.6384	0.0349	0.5686
66	16	Machamp	3	0.6366	0.4189	0.1364	0.6384	0.0018	0.6348
66	17	Machamp	3	0.586	0.344	0.0719	0.6384	0.0524	0.5336
66	18	Machamp	3	0.6402	0.3337	0.1599	0.6384	0	0.6402
66	19	Machamp	3	0.6546	0.3844	0.1579	0.6384	0	0.6546
661	2	Fletchinder	2	0.4732	0.3996	-0.0516	0.5682	0.095	0.3782
661	3	Fletchinder	2	0.5366	0.4266	0.0036	0.5682	0.0316	0.505
661	4	Fletchinder	2	0.5278	0.4274	-0.0913	0.5682	0.0404	0.4874
661	5	Fletchinder	2	0.6067	0.4223	0.0469	0.5682	0	0.6067
661	6	Fletchinder	2	0.3758	0.272	-0.0779	0.5682	0.1924	0.1834
661	7	Talonflame	3	0.502	0.4751	0.0914	0.5682	0.0662	0.4358
661	8	Talonflame	3	0.5932	0.5463	0.1764	0.5682	0	0.5932
661	9	Talonflame	3	0.6181	0.4928	0.1473	0.5682	0	0.6181
661	10	Talonflame	3	0.633	0.4232	0.1836	0.5682	0	0.633
661	11	Talonflame	3	0.5622	0.4211	0.085	0.5682	0.006	0.5562
661	12	Talonflame	3	0.5612	0.4308	0.1094	0.5682	0.007	0.5542
661	13	Talonflame	3	0.5742	0.4849	0.0893	0.5682	0	0.5742
661	14	Talonflame	3	0.5585	0.3859	0.106	0.5682	0.0097	0.5488
661	15	Talonflame	3	0.6575	0.5262	0.137	0.5682	0	0.6575
661	16	Talonflame	3	0.5898	0.4261	0.148	0.5682	0	0.5898
661	17	Talonflame	3	0.5224	0.3865	0.1037	0.5682	0.0458	0.4766
661	18	Talonflame	3	0.581	0.4577	0.1233	0.5682	0	0.581
661	19	Talonflame	3	0.6355	0.4496	0.1823	0.5682	0	0.6355
664	1	Vivillon-Icy-Snow	3	0.5547	0.4388	0.1159	0.5029	0	0.5547
664	2	Vivillon-Icy-Snow	3	0.4806	0.4214	0.0151	0.5029	0.0223	0.4583
664	3	Vivillon-Icy-Snow	3	0.5153	0.4206	0.0283	0.5029	0	0.5153
664	4	Vivillon-Icy-Snow	3	0.6555	0.4567	0.1252	0.5029	0	0.6555
664	5	Vivillon-Icy-Snow	3	0.5754	0.4739	0.0938	0.5029	0	0.5754
664	6	Vivillon-Icy-Snow	3	0.4509	0.255	-0.0697	0.5029	0.052	0.3989
664	7	Vivillon-Icy-Snow	3	0.5011	0.3482	0.0111	0.5029	0.0018	0.4993
664	8	Vivillon-Icy-Snow	3	0.4531	0.3169	-0.0351	0.5029	0.0498	0.4033
664	9	Vivillon-Icy-Snow	3	0.5697	0.3922	0.0716	0.5029	0	0.5697
664	10	Vivillon-Icy-Snow	3	0.6585	0.4185	0.1967	0.5029	0	0.6585
664	11	Vivillon-Icy-Snow	3	0.5821	0.3936	0.0328	0.5029	0	0.5821
664	12	Vivillon-Icy-Snow	3	0.4578	0.279	0.0061	0.5029	0.0451	0.4127
664	13	Vivillon-Icy-Snow	3	0.447	0.3483	-0.036	0.5029	0.0559	0.3911
664	14	Vivillon-Icy-Snow	3	0.5974	0.338	0.0983	0.5029	0	0.5974
664	15	Vivillon-Icy-Snow	3	0.5816	0.4206	0.0601	0.5029	0	0.5816
664	16	Vivillon-Icy-Snow	3	0.4795	0.3424	0.0016	0.5029	0.0234	0.4561
664	17	Vivillon-Icy-Snow	3	0.5029	0.2841	0.0604	0.5029	0	0.5029
664	18	Vivillon-Icy-Snow	3	0.466	0.262	-0.0116	0.5029	0.0369	0.4291
664	19	Vivillon-Icy-Snow	3	0.4829	0.2979	-0.0015	0.5029	0.02	0.4629
667	3	Litleo	1	0.432	0.3633	-0.1117	0.5458	0.1138	0.3182
667	4	Pyroar	2	0.6185	0.5639	0.1213	0.5458	0	0.6185
667	5	Pyroar	2	0.6339	0.5533	0.0669	0.5458	0	0.6339
667	6	Pyroar	2	0.7633	0.5206	0.2427	0.5458	0	0.7633
667	7	Pyroar	2	0.4948	0.4133	0.0048	0.5458	0.051	0.4438
667	8	Pyroar	2	0.5361	0.4196	0.0479	0.5458	0.0097	0.5264
667	9	Pyroar	2	0.586	0.4281	0.0879	0.5458	0	0.586
667	10	Pyroar	2	0.5134	0.4004	0.0516	0.5458	0.0324	0.481
667	11	Pyroar	2	0.5457	0.3755	-0.0036	0.5458	0.0001	0.5456
667	12	Pyroar	2	0.5748	0.4157	0.1231	0.5458	0	0.5748
667	13	Pyroar	2	0.5458	0.375	0.0628	0.5458	0	0.5458
667	14	Pyroar	2	0.5635	0.3773	0.0644	0.5458	0	0.5635
667	15	Pyroar	2	0.5723	0.4097	0.0508	0.5458	0	0.5723
667	16	Pyroar	2	0.5368	0.3914	0.0589	0.5458	0.009	0.5278
667	17	Pyroar	2	0.542	0.3711	0.0995	0.5458	0.0038	0.5382
667	18	Pyroar	2	0.4748	0.3713	-0.0028	0.5458	0.071	0.4038
667	19	Pyroar	2	0.5671	0.3859	0.0827	0.5458	0	0.5671
669	2	Floette-Red	2	0.5659	0.4249	0.1749	0.6946	0.1288	0.4371
669	3	Floette-Red	2	0.4678	0.5082	0.0054	0.6946	0.2268	0.241
669	4	Floette-Red	2	0.597	0.4598	0.0837	0.6946	0.0977	0.4993
669	5	Floette-Red	2	0.5615	0.4753	0.0862	0.6946	0.1332	0.4283
669	6	Florges-Red	3	0.7563	0.6887	0.301	0.6946	0	0.7563
669	7	Florges-Red	3	0.653	0.5211	0.2437	0.6946	0.0416	0.6114
669	8	Florges-Red	3	0.7269	0.4521	0.3136	0.6946	0	0.7269
669	9	Florges-Red	3	0.6454	0.3992	0.1475	0.6946	0.0493	0.5961
669	10	Florges-Red	3	0.7528	0.516	0.2368	0.6946	0	0.7528
669	11	Florges-Red	3	0.7726	0.6129	0.1729	0.6946	0	0.7726
669	12	Florges-Red	3	0.6148	0.4577	0.1571	0.6946	0.0798	0.535
669	13	Florges-Red	3	0.768	0.435	0.2679	0.6946	0	0.768
669	14	Florges-Red	3	0.6821	0.5745	0.1679	0.6946	0.0125	0.6696
669	15	Florges-Red	3	0.7549	0.5772	0.1212	0.6946	0	0.7549
669	16	Florges-Red	3	0.7176	0.5339	0.2343	0.6946	0	0.7176
669	17	Florges-Red	3	0.5701	0.4273	0.0935	0.6946	0.1245	0.4456
669	18	Florges-Red	3	0.7072	0.3629	0.2145	0.6946	0	0.7072
669	19	Florges-Red	3	0.7253	0.4338	0.2387	0.6946	0	0.7253
672	7	Gogoat	2	0.5644	0.4182	0.0408	0.5376	0	0.5644
672	8	Gogoat	2	0.4913	0.3776	-0.0077	0.5376	0.0463	0.445
672	9	Gogoat	2	0.5376	0.4074	0.0138	0.5376	0	0.5376
672	10	Gogoat	2	0.5292	0.4015	0.0141	0.5376	0.0084	0.5208
672	11	Gogoat	2	0.5983	0.4704	0.0709	0.5376	0	0.5983
672	12	Gogoat	2	0.5134	0.3528	0.0268	0.5376	0.0242	0.4892
672	13	Gogoat	2	0.5582	0.4159	0.0455	0.5376	0	0.5582
672	14	Gogoat	2	0.5999	0.4351	0.0757	0.5376	0	0.5999
672	15	Gogoat	2	0.6129	0.4715	0.0779	0.5376	0	0.6129
672	16	Gogoat	2	0.5157	0.3871	0.0155	0.5376	0.0219	0.4938
672	17	Gogoat	2	0.5946	0.3835	0.0805	0.5376	0	0.5946
672	18	Gogoat	2	0.5303	0.3746	0.05	0.5376	0.0073	0.523
672	19	Gogoat	2	0.5252	0.379	0.0285	0.5376	0.0124	0.5128
674	1	Pangoro	2	0.6126	0.5353	0.1276	0.5683	0	0.6126
674	2	Pangoro	2	0.5266	0.4578	0.0275	0.5683	0.0417	0.4849
674	3	Pangoro	2	0.5241	0.4428	-0.0196	0.5683	0.0442	0.4799
674	4	Pangoro	2	0.5452	0.446	-0.0914	0.5683	0.0231	0.5221
674	5	Pangoro	2	0.5275	0.353	-0.0349	0.5683	0.0408	0.4867
674	6	Pangoro	2	0.6115	0.3834	0.121	0.5683	0	0.6115
674	7	Pangoro	2	0.6	0.4319	0.0764	0.5683	0	0.6
674	8	Pangoro	2	0.5907	0.3635	0.0917	0.5683	0	0.5907
674	9	Pangoro	2	0.6108	0.3682	0.087	0.5683	0	0.6108
674	10	Pangoro	2	0.537	0.3597	0.0219	0.5683	0.0313	0.5057
674	11	Pangoro	2	0.5698	0.345	0.0424	0.5683	0	0.5698
674	12	Pangoro	2	0.5687	0.3554	0.0821	0.5683	0	0.5687
674	13	Pangoro	2	0.5683	0.3742	0.0556	0.5683	0	0.5683
674	14	Pangoro	2	0.6654	0.3789	0.1412	0.5683	0	0.6654
674	15	Pangoro	2	0.5141	0.3497	-0.0209	0.5683	0.0542	0.4599
674	16	Pangoro	2	0.5827	0.3715	0.0825	0.5683	0	0.5827
674	17	Pangoro	2	0.4828	0.2447	-0.0313	0.5683	0.0855	0.3973
674	18	Pangoro	2	0.5272	0.3005	0.0469	0.5683	0.0411	0.4861
674	19	Pangoro	2	0.5608	0.3415	0.0641	0.5683	0.0075	0.5533
676	4	Furfrou-Natural	1	0.4481	0.3968	-0.171	0.563	0.1149	0.3332
676	5	Furfrou-Natural	1	0.4418	0.3576	-0.118	0.563	0.1212	0.3206
676	6	Furfrou-Natural	1	0.7296	0.3423	0.2013	0.563	0	0.7296
676	7	Furfrou-Natural	1	0.521	0.3174	-0.0459	0.563	0.042	0.479
676	8	Furfrou-Natural	1	0.6136	0.3385	0.1143	0.563	0	0.6136
676	9	Furfrou-Natural	1	0.6347	0.3273	0.1234	0.563	0	0.6347
676	10	Furfrou-Natural	1	0.5397	0.3112	0.0026	0.563	0.0233	0.5164
676	11	Furfrou-Natural	1	0.6656	0.337	0.1498	0.563	0	0.6656
676	12	Furfrou-Natural	1	0.5397	0.3032	0.1123	0.563	0.0233	0.5164
676	13	Furfrou-Natural	1	0.6466	0.3219	0.181	0.563	0	0.6466
676	14	Furfrou-Natural	1	0.6294	0.3434	0.1788	0.563	0	0.6294
676	15	Furfrou-Natural	1	0.648	0.3308	0.1223	0.563	0	0.648
676	16	Furfrou-Natural	1	0.5306	0.3077	0.0933	0.563	0.0324	0.4982
676	17	Furfrou-Natural	1	0.5636	0.2963	0.101	0.563	0	0.5636
676	18	Furfrou-Natural	1	0.5623	0.2687	0.133	0.563	0.0007	0.5616
676	19	Furfrou-Natural	1	0.5454	0.3119	0.074	0.563	0.0176	0.5278
677	4	Meowstic-M	2	0.5176	0.5303	-0.0127	0.5899	0.0723	0.4453
677	5	Meowstic-M	2	0.5319	0.483	0.0503	0.5899	0.058	0.4739
677	6	Meowstic-M	2	0.6341	0.4065	0.2073	0.5899	0	0.6341
677	7	Meowstic-M	2	0.6061	0.4179	0.1505	0.5899	0	0.6061
677	8	Meowstic-M	2	0.6095	0.4546	0.1798	0.5899	0	0.6095
677	9	Meowstic-M	2	0.6018	0.4035	0.131	0.5899	0	0.6018
677	10	Meowstic-M	2	0.578	0.4277	0.1286	0.5899	0.0119	0.5661
677	11	Meowstic-M	2	0.6125	0.4331	0.1353	0.5899	0	0.6125
677	12	Meowstic-M	2	0.5184	0.3375	0.0666	0.5899	0.0715	0.4469
677	13	Meowstic-F	2	0.5514	0.3682	0.0684	0.5899	0.0385	0.5129
677	14	Meowstic-M	2	0.6159	0.3887	0.1634	0.5899	0	0.6159
677	15	Meowstic-M	2	0.6418	0.4225	0.1213	0.5899	0	0.6418
677	16	Meowstic-M	2	0.558	0.3741	0.1162	0.5899	0.0319	0.5261
677	17	Meowstic-M	2	0.562	0.3396	0.1433	0.5899	0.0279	0.5341
677	18	Meowstic-M	2	0.6179	0.3734	0.1602	0.5899	0	0.6179
677	19	Meowstic-M	2	0.5736	0.358	0.1204	0.5899	0.0163	0.5573
679	3	Honedge	1	0.4976	0.3454	-0.0461	0.5564	0.0588	0.4388
679	4	Honedge	1	0.4435	0.3511	-0.1931	0.5564	0.1129	0.3306
679	5	Honedge	1	0.4338	0.3108	-0.1018	0.5564	0.1226	0.3112
679	6	Honedge	1	0.5614	0.2613	0.078	0.5564	0	0.5614
679	7	Aegislash-Shield	3	0.5498	0.3493	0.0818	0.5564	0.0066	0.5432
679	8	Aegislash-Shield	3	0.4878	0.2845	0.0606	0.5564	0.0686	0.4192
679	9	Aegislash-Shield	3	0.6182	0.3709	0.1069	0.5564	0	0.6182
679	10	Aegislash-Shield	3	0.5675	0.3304	0.0304	0.5564	0	0.5675
679	11	Aegislash-Shield	3	0.5543	0.3033	0.0385	0.5564	0.0021	0.5522
679	12	Aegislash-Shield	3	0.6405	0.4115	0.2131	0.5564	0	0.6405
679	13	Aegislash-Shield	3	0.6537	0.3655	0.226	0.5564	0	0.6537
679	14	Aegislash-Shield	3	0.5564	0.3024	0.1296	0.5564	0	0.5564
679	15	Aegislash-Shield	3	0.6529	0.3664	0.2182	0.5564	0	0.6529
679	16	Aegislash-Shield	3	0.4855	0.2714	0.0808	0.5564	0.0709	0.4146
679	17	Aegislash-Shield	3	0.5599	0.3281	0.1666	0.5564	0	0.5599
679	18	Aegislash-Shield	3	0.6044	0.3531	0.2126	0.5564	0	0.6044
679	19	Aegislash-Shield	3	0.5436	0.3209	0.1442	0.5564	0.0128	0.5308
682	4	Spritzee	1	0.4949	0.3469	-0.0145	0.6141	0.1192	0.3757
682	5	Spritzee	1	0.5307	0.3466	0.0393	0.6141	0.0834	0.4473
682	6	Aromatisse	2	0.6603	0.4487	0.1717	0.6141	0	0.6603
682	7	Aromatisse	2	0.627	0.4133	0.2012	0.6141	0	0.627
682	8	Aromatisse	2	0.6049	0.3845	0.1922	0.6141	0.0092	0.5957
682	9	Aromatisse	2	0.594	0.3702	0.0724	0.6141	0.0201	0.5739
682	10	Aromatisse	2	0.6526	0.4918	0.2218	0.6141	0	0.6526
682	11	Aromatisse	2	0.619	0.5043	0.1454	0.6141	0	0.619
682	12	Aromatisse	2	0.6092	0.3985	0.1991	0.6141	0.0049	0.6043
682	13	Aromatisse	2	0.6664	0.4594	0.2387	0.6141	0	0.6664
682	14	Aromatisse	2	0.6429	0.4462	0.2161	0.6141	0	0.6429
682	15	Aromatisse	2	0.6468	0.4261	0.2121	0.6141	0	0.6468
682	16	Aromatisse	2	0.5987	0.4047	0.194	0.6141	0.0154	0.5833
682	17	Aromatisse	2	0.5283	0.3376	0.135	0.6141	0.0858	0.4425
682	18	Aromatisse	2	0.5986	0.3407	0.2068	0.6141	0.0155	0.5831
682	19	Aromatisse	2	0.635	0.3873	0.2356	0.6141	0	0.635
684	1	Swirlix	1	0.4802	0.4189	0.0414	0.5686	0.0884	0.3918
684	2	Swirlix	1	0.4338	0.3302	-0.0317	0.5686	0.1348	0.299
684	3	Swirlix	1	0.4625	0.3403	0.0066	0.5686	0.1061	0.3564
684	4	Swirlix	1	0.4443	0.3154	-0.0163	0.5686	0.1243	0.32
684	5	Swirlix	1	0.4231	0.2876	-0.1239	0.5686	0.1455	0.2776
684	6	Slurpuff	2	0.6001	0.3152	0.0795	0.5686	0	0.6001
684	7	Slurpuff	2	0.6362	0.3701	0.1462	0.5686	0	0.6362
684	8	Slurpuff	2	0.5264	0.338	0.0382	0.5686	0.0422	0.4842
684	9	Slurpuff	2	0.592	0.3256	0.0939	0.5686	0	0.592
684	10	Slurpuff	2	0.5686	0.4253	0.1068	0.5686	0	0.5686
684	11	Slurpuff	2	0.6211	0.5725	0.0718	0.5686	0	0.6211
684	12	Slurpuff	2	0.5885	0.3986	0.1368	0.5686	0	0.5885
684	13	Slurpuff	2	0.6279	0.4138	0.1449	0.5686	0	0.6279
684	14	Slurpuff	2	0.6022	0.4153	0.1031	0.5686	0	0.6022
684	15	Slurpuff	2	0.57	0.4857	0.0485	0.5686	0	0.57
684	16	Slurpuff	2	0.5893	0.3757	0.1114	0.5686	0	0.5893
684	17	Slurpuff	2	0.555	0.36	0.1125	0.5686	0.0136	0.5414
684	18	Slurpuff	2	0.461	0.3211	-0.0166	0.5686	0.1076	0.3534
684	19	Slurpuff	2	0.564	0.3845	0.0796	0.5686	0.0046	0.5594
686	2	Inkay	1	0.4061	0.3387	-0.0594	0.5538	0.1477	0.2584
686	3	Inkay	1	0.4874	0.3687	0.0265	0.5538	0.0664	0.421
686	4	Malamar	2	0.4746	0.3738	-0.0391	0.5538	0.0792	0.3954
686	5	Malamar	2	0.4871	0.3839	-0.0247	0.5538	0.0667	0.4204
686	6	Malamar	2	0.5549	0.3614	0.1211	0.5538	0	0.5549
686	7	Malamar	2	0.556	0.4136	0.1302	0.5538	0	0.556
686	8	Malamar	2	0.5545	0.3886	0.0555	0.5538	0	0.5545
686	9	Malamar	2	0.5892	0.4002	0.0654	0.5538	0	0.5892
686	10	Malamar	2	0.5527	0.4169	0.0376	0.5538	0.0011	0.5516
686	11	Malamar	2	0.5907	0.4169	0.0633	0.5538	0	0.5907
686	12	Malamar	2	0.4992	0.3117	0.0126	0.5538	0.0546	0.4446
686	13	Malamar	2	0.5532	0.3564	0.0405	0.5538	0.0006	0.5526
686	14	Malamar	2	0.605	0.3799	0.0808	0.5538	0	0.605
686	15	Malamar	2	0.6075	0.497	0.0725	0.5538	0	0.6075
686	16	Malamar	2	0.6298	0.3711	0.1296	0.5538	0	0.6298
686	17	Malamar	2	0.4501	0.2723	-0.064	0.5538	0.1037	0.3464
686	18	Malamar	2	0.4727	0.3345	-0.0076	0.5538	0.0811	0.3916
686	19	Malamar	2	0.5903	0.39	0.0936	0.5538	0	0.5903
688	1	Binacle	1	0.3918	0.3793	-0.2108	0.5346	0.1428	0.249
688	2	Binacle	1	0.3904	0.3082	-0.1344	0.5346	0.1442	0.2462
688	3	Barbaracle	2	0.5352	0.4162	-0.0085	0.5346	0	0.5352
688	4	Barbaracle	2	0.6081	0.456	-0.0285	0.5346	0	0.6081
688	5	Barbaracle	2	0.5451	0.377	0.0095	0.5346	0	0.5451
688	6	Barbaracle	2	0.5115	0.3314	0.021	0.5346	0.0231	0.4884
688	7	Barbaracle	2	0.5631	0.4253	0.0395	0.5346	0	0.5631
688	8	Barbaracle	2	0.4758	0.3266	-0.0232	0.5346	0.0588	0.417
688	9	Barbaracle	2	0.5065	0.3615	-0.0173	0.5346	0.0281	0.4784
688	10	Barbaracle	2	0.5346	0.3704	0.0195	0.5346	0	0.5346
688	11	Barbaracle	2	0.493	0.3165	-0.0344	0.5346	0.0416	0.4514
688	12	Barbaracle	2	0.5358	0.3712	0.0492	0.5346	0	0.5358
688	13	Barbaracle	2	0.5971	0.4178	0.0844	0.5346	0	0.5971
688	14	Barbaracle	2	0.5307	0.3597	0.0065	0.5346	0.0039	0.5268
688	15	Barbaracle	2	0.5907	0.3579	0.0557	0.5346	0	0.5907
688	16	Barbaracle	2	0.4834	0.3515	-0.0168	0.5346	0.0512	0.4322
688	17	Barbaracle	2	0.5426	0.3402	0.0285	0.5346	0	0.5426
688	18	Barbaracle	2	0.4419	0.3197	-0.0384	0.5346	0.0927	0.3492
688	19	Barbaracle	2	0.5346	0.3668	0.0379	0.5346	0	0.5346
69	3	Weepinbell	2	0.4277	0.3726	-0.0282	0.5774	0.1497	0.278
69	4	Weepinbell	2	0.419	0.372	-0.0416	0.5774	0.1584	0.2606
69	5	Weepinbell	2	0.4738	0.3036	-0.0932	0.5774	0.1036	0.3702
69	6	Victreebel	3	0.6097	0.4338	0.1759	0.5774	0	0.6097
69	7	Victreebel	3	0.6118	0.4	0.1438	0.5774	0	0.6118
69	8	Victreebel	3	0.5073	0.2804	0.0801	0.5774	0.0701	0.4372
69	9	Victreebel	3	0.6082	0.4019	0.1249	0.5774	0	0.6082
69	10	Victreebel	3	0.6265	0.4249	0.1652	0.5774	0	0.6265
69	11	Victreebel	3	0.5932	0.427	0.0763	0.5774	0	0.5932
69	12	Victreebel	3	0.5405	0.3405	0.0744	0.5774	0.0369	0.5036
69	13	Victreebel	3	0.5774	0.3702	0.1063	0.5774	0	0.5774
69	14	Victreebel	3	0.6296	0.4279	0.1246	0.5774	0	0.6296
69	15	Victreebel	3	0.5952	0.3589	0.0926	0.5774	0	0.5952
69	16	Victreebel	3	0.5261	0.3394	0.0579	0.5774	0.0513	0.4748
69	17	Victreebel	3	0.6044	0.3674	0.1618	0.5774	0	0.6044
69	18	Victreebel	3	0.5581	0.2903	0.1209	0.5774	0.0193	0.5388
69	19	Victreebel	3	0.5272	0.3269	0.0782	0.5774	0.0502	0.477
690	1	Skrelp	1	0.451	0.3747	0.0528	0.5482	0.0972	0.3538
690	2	Skrelp	1	0.3958	0.2712	-0.0042	0.5482	0.1524	0.2434
690	3	Skrelp	1	0.4255	0.264	-0.0615	0.5482	0.1227	0.3028
690	4	Dragalge	2	0.4657	0.3887	-0.0437	0.5482	0.0825	0.3832
690	5	Dragalge	2	0.5482	0.3624	-0.0142	0.5482	0	0.5482
690	6	Dragalge	2	0.6163	0.3769	0.1258	0.5482	0	0.6163
690	7	Dragalge	2	0.5963	0.438	0.0738	0.5482	0	0.5963
690	8	Dragalge	2	0.626	0.4297	0.0927	0.5482	0	0.626
690	9	Dragalge	2	0.5838	0.3926	0.0622	0.5482	0	0.5838
690	10	Dragalge	2	0.5401	0.3563	0.0239	0.5482	0.0081	0.532
690	11	Dragalge	2	0.5871	0.3812	0.0044	0.5482	0	0.5871
690	12	Dragalge	2	0.5178	0.3339	0.0069	0.5482	0.0304	0.4874
690	13	Dragalge	2	0.5475	0.3611	-0.0142	0.5482	0.0007	0.5468
690	14	Dragalge	2	0.583	0.364	0.0375	0.5482	0	0.583
690	15	Dragalge	2	0.575	0.3128	0.0369	0.5482	0	0.575
690	16	Dragalge	2	0.525	0.3496	-0.013	0.5482	0.0232	0.5018
690	17	Dragalge	2	0.515	0.3616	0.0157	0.5482	0.0332	0.4818
690	18	Dragalge	2	0.599	0.3546	0.0946	0.5482	0	0.599
690	19	Dragalge	2	0.5496	0.3539	0.0406	0.5482	0	0.5496
692	1	Clauncher	1	0.4988	0.4478	-0.1038	0.5546	0.0558	0.443
692	2	Clawitzer	2	0.5417	0.4676	0.0381	0.5546	0.0129	0.5288
692	3	Clawitzer	2	0.5546	0.5001	0.0676	0.5546	0	0.5546
692	4	Clawitzer	2	0.5671	0.4356	-0.0695	0.5546	0	0.5671
692	5	Clawitzer	2	0.5657	0.4668	0.0301	0.5546	0	0.5657
692	6	Clawitzer	2	0.4535	0.3179	-0.0002	0.5546	0.1011	0.3524
692	7	Clawitzer	2	0.5653	0.4188	0.0428	0.5546	0	0.5653
692	8	Clawitzer	2	0.5799	0.3316	0.0466	0.5546	0	0.5799
692	9	Clawitzer	2	0.5782	0.4113	0.0566	0.5546	0	0.5782
692	10	Clawitzer	2	0.5392	0.4274	0.023	0.5546	0.0154	0.5238
692	11	Clawitzer	2	0.5304	0.3557	-0.0523	0.5546	0.0242	0.5062
692	12	Clawitzer	2	0.5207	0.3687	0.0098	0.5546	0.0339	0.4868
692	13	Clawitzer	2	0.659	0.4131	0.0973	0.5546	0	0.659
692	14	Clawitzer	2	0.4997	0.3696	-0.0458	0.5546	0.0549	0.4448
692	15	Clawitzer	2	0.5483	0.3655	0.0102	0.5546	0.0063	0.542
692	16	Clawitzer	2	0.5752	0.3864	0.0372	0.5546	0	0.5752
692	17	Clawitzer	2	0.6017	0.3541	0.1024	0.5546	0	0.6017
692	18	Clawitzer	2	0.526	0.3437	0.0216	0.5546	0.0286	0.4974
692	19	Clawitzer	2	0.5782	0.3887	0.0692	0.5546	0	0.5782
694	2	Helioptile	1	0.4419	0.3292	-0.0829	0.6071	0.1652	0.2767
694	3	Helioptile	1	0.448	0.3184	-0.0361	0.6071	0.1591	0.2889
694	4	Helioptile	1	0.5323	0.3156	0.0351	0.6071	0.0748	0.4575
694	5	Helioptile	1	0.5466	0.3987	-0.0204	0.6071	0.0605	0.4861
694	6	Heliolisk	2	0.7085	0.4369	0.4385	0.6071	0	0.7085
694	7	Heliolisk	2	0.6417	0.3677	0.1192	0.6071	0	0.6417
694	8	Heliolisk	2	0.6427	0.3664	0.1094	0.6071	0	0.6427
694	9	Heliolisk	2	0.6065	0.3613	0.0849	0.6071	0.0006	0.6059
694	10	Heliolisk	2	0.5616	0.3068	0.0454	0.6071	0.0455	0.5161
694	11	Heliolisk	2	0.6295	0.384	0.0468	0.6071	0	0.6295
694	12	Heliolisk	2	0.5761	0.3374	0.0652	0.6071	0.031	0.5451
694	13	Heliolisk	2	0.6119	0.3853	0.0502	0.6071	0	0.6119
694	14	Heliolisk	2	0.7346	0.4087	0.1891	0.6071	0	0.7346
694	15	Heliolisk	2	0.6636	0.3651	0.1255	0.6071	0	0.6636
694	16	Heliolisk	2	0.5992	0.3841	0.0612	0.6071	0.0079	0.5913
694	17	Heliolisk	2	0.6076	0.3199	0.1083	0.6071	0	0.6076
694	18	Heliolisk	2	0.5936	0.3396	0.0892	0.6071	0.0135	0.5801
694	19	Heliolisk	2	0.6112	0.3509	0.1022	0.6071	0	0.6112
696	4	Tyrunt	1	0.406	0.3651	-0.0716	0.544	0.138	0.268
696	5	Tyrunt	1	0.3992	0.2834	-0.046	0.544	0.1448	0.2544
696	6	Tyrunt	1	0.5348	0.3003	0.0872	0.544	0.0091	0.5257
696	7	Tyrantrum	2	0.5917	0.4182	0.0681	0.544	0	0.5917
696	8	Tyrantrum	2	0.627	0.421	0.128	0.544	0	0.627
696	9	Tyrantrum	2	0.5568	0.4247	0.033	0.544	0	0.5568
696	10	Tyrantrum	2	0.5547	0.3373	0.0396	0.544	0	0.5547
696	11	Tyrantrum	2	0.5531	0.392	0.0257	0.544	0	0.5531
696	12	Tyrantrum	2	0.5866	0.4567	0.1	0.544	0	0.5866
696	13	Tyrantrum	2	0.5741	0.4017	0.0614	0.544	0	0.5741
696	14	Tyrantrum	2	0.5584	0.3995	0.0342	0.544	0	0.5584
696	15	Tyrantrum	2	0.5149	0.3727	-0.0201	0.544	0.0291	0.4858
696	16	Tyrantrum	2	0.5138	0.3719	0.0136	0.544	0.0302	0.4836
696	17	Tyrantrum	2	0.4189	0.3113	-0.0952	0.544	0.1251	0.2938
696	18	Tyrantrum	2	0.5076	0.359	0.0273	0.544	0.0363	0.4713
696	19	Tyrantrum	2	0.5044	0.3781	0.0077	0.544	0.0396	0.4648
698	4	Amaura	1	0.3623	0.2999	-0.0983	0.5084	0.1461	0.2162
698	5	Amaura	1	0.3302	0.2274	-0.2322	0.5084	0.1782	0.152
698	6	Amaura	1	0.5448	0.2908	0.004	0.5084	0	0.5448
698	7	Aurorus	2	0.6168	0.3881	0.0943	0.5084	0	0.6168
698	8	Aurorus	2	0.5762	0.3489	0.0429	0.5084	0	0.5762
698	9	Aurorus	2	0.5104	0.3587	-0.0112	0.5084	0	0.5104
698	10	Aurorus	2	0.502	0.3965	-0.0142	0.5084	0.0064	0.4956
698	11	Aurorus	2	0.5296	0.4595	-0.0531	0.5084	0	0.5296
698	12	Aurorus	2	0.5065	0.4441	-0.0044	0.5084	0.002	0.5045
698	13	Aurorus	2	0.4828	0.3591	-0.0789	0.5084	0.0256	0.4572
698	14	Aurorus	2	0.5001	0.3942	-0.0454	0.5084	0.0083	0.4918
698	15	Aurorus	2	0.5271	0.3898	-0.011	0.5084	0	0.5271
698	16	Aurorus	2	0.5277	0.337	-0.0103	0.5084	0	0.5277
698	17	Aurorus	2	0.5279	0.3181	0.0286	0.5084	0	0.5279
698	18	Aurorus	2	0.4549	0.3746	-0.0495	0.5084	0.0535	0.4014
698	19	Aurorus	2	0.5058	0.3432	-0.0032	0.5084	0.0026	0.5032
7	1	Wartortle	2	0.5813	0.5513	0.1037	0.6294	0.0481	0.5332
7	2	Wartortle	2	0.4802	0.4304	-0.0446	0.6294	0.1492	0.331
7	3	Wartortle	2	0.4696	0.407	-0.0634	0.6294	0.1598	0.3098
7	4	Wartortle	2	0.4739	0.3744	-0.1452	0.6294	0.1555	0.3184
7	5	Wartortle	2	0.4786	0.3592	-0.0812	0.6294	0.1508	0.3278
7	6	Wartortle	2	0.4391	0.255	0.0123	0.6294	0.1903	0.2488
7	7	Blastoise	3	0.6832	0.4442	0.1607	0.6294	0	0.6832
7	8	Blastoise	3	0.6542	0.3937	0.1209	0.6294	0	0.6542
7	9	Blastoise	3	0.6686	0.4118	0.147	0.6294	0	0.6686
7	10	Blastoise	3	0.6623	0.3969	0.1461	0.6294	0	0.6623
7	11	Blastoise	3	0.6294	0.3898	0.0467	0.6294	0	0.6294
7	12	Blastoise	3	0.6434	0.3913	0.1325	0.6294	0	0.6434
7	13	Blastoise	3	0.7068	0.4266	0.1451	0.6294	0	0.7068
7	14	Blastoise	3	0.6057	0.3683	0.2066	0.6294	0.0237	0.582
7	15	Blastoise	3	0.5926	0.365	0.0545	0.6294	0.0368	0.5558
7	16	Blastoise	3	0.6472	0.4047	0.1092	0.6294	0	0.6472
7	17	Blastoise	3	0.6644	0.4059	0.1651	0.6294	0	0.6644
7	18	Blastoise	3	0.6188	0.3588	0.1144	0.6294	0.0106	0.6082
7	19	Blastoise	3	0.6309	0.4016	0.1868	0.6294	0	0.6309
701	3	Hawlucha	1	0.7492	0.5437	0.2055	0.6104	0	0.7492
701	4	Hawlucha	1	0.7744	0.6822	0.1378	0.6104	0	0.7744
701	5	Hawlucha	1	0.6427	0.5384	0.1071	0.6104	0	0.6427
701	6	Hawlucha	1	0.5006	0.3091	0.0172	0.6104	0.1098	0.3908
701	7	Hawlucha	1	0.6533	0.5365	0.1564	0.6104	0	0.6533
701	8	Hawlucha	1	0.5855	0.4114	0.107	0.6104	0.0249	0.5606
701	9	Hawlucha	1	0.6304	0.4798	0.1506	0.6104	0	0.6304
701	10	Hawlucha	1	0.6605	0.4855	0.175	0.6104	0	0.6605
701	11	Hawlucha	1	0.5803	0.4347	0.0634	0.6104	0.0301	0.5502
701	12	Hawlucha	1	0.6172	0.417	0.1511	0.6104	0	0.6172
701	13	Hawlucha	1	0.58	0.3939	0.1089	0.6104	0.0304	0.5496
701	14	Hawlucha	1	0.6222	0.4863	0.1172	0.6104	0	0.6222
701	15	Hawlucha	1	0.6104	0.3434	0.1078	0.6104	0	0.6104
701	16	Hawlucha	1	0.5832	0.4523	0.115	0.6104	0.0272	0.556
701	17	Hawlucha	1	0.5072	0.3182	0.0646	0.6104	0.1032	0.404
701	18	Hawlucha	1	0.5784	0.3678	0.1412	0.6104	0.032	0.5464
701	19	Hawlucha	1	0.6103	0.4119	0.1613	0.6104	0.0001	0.6102
702	1	Dedenne	1	0.3369	0.2997	-0.2657	0.4955	0.1586	0.1783
702	2	Dedenne	1	0.449	0.3949	-0.0165	0.4955	0.0465	0.4025
702	3	Dedenne	1	0.4337	0.3925	-0.0533	0.4955	0.0618	0.3719
702	4	Dedenne	1	0.6156	0.4069	0.155	0.4955	0	0.6156
702	5	Dedenne	1	0.516	0.547	-0.031	0.4955	0	0.516
702	6	Dedenne	1	0.7051	0.4468	0.2514	0.4955	0	0.7051
702	7	Dedenne	1	0.5417	0.4106	0.1311	0.4955	0	0.5417
702	8	Dedenne	1	0.5365	0.4151	0.1197	0.4955	0	0.5365
702	9	Dedenne	1	0.4529	0.3518	0.0405	0.4955	0.0426	0.4103
702	10	Dedenne	1	0.4597	0.4229	0.0701	0.4955	0.0358	0.4239
702	11	Dedenne	1	0.5751	0.3899	0.1429	0.4955	0	0.5751
702	12	Dedenne	1	0.4516	0.3371	0.0821	0.4955	0.0439	0.4077
702	13	Dedenne	1	0.5329	0.4428	0.0901	0.4955	0	0.5329
702	14	Dedenne	1	0.5729	0.386	0.1525	0.4955	0	0.5729
702	15	Dedenne	1	0.6066	0.4395	0.1266	0.4955	0	0.6066
702	16	Dedenne	1	0.4955	0.3402	0.0919	0.4955	0	0.4955
702	17	Dedenne	1	0.4473	0.374	0.0132	0.4955	0.0482	0.3991
702	18	Dedenne	1	0.4807	0.3236	0.0651	0.4955	0.0148	0.4659
702	19	Dedenne	1	0.487	0.4191	0.0953	0.4955	0.0085	0.4785
703	4	Carbink	1	0.4087	0.5049	-0.0689	0.6886	0.2799	0.1288
703	5	Carbink	1	0.5404	0.4316	0.0952	0.6886	0.1482	0.3922
703	6	Carbink	1	0.7423	0.3233	0.2947	0.6886	0	0.7423
703	7	Carbink	1	0.6915	0.3002	0.271	0.6886	0	0.6915
703	8	Carbink	1	0.7301	0.4014	0.3061	0.6886	0	0.7301
703	9	Carbink	1	0.6529	0.3174	0.2202	0.6886	0.0357	0.6172
703	10	Carbink	1	0.7219	0.3709	0.314	0.6886	0	0.7219
703	11	Carbink	1	0.7052	0.4532	0.2666	0.6886	0	0.7052
703	12	Carbink	1	0.7317	0.516	0.2765	0.6886	0	0.7317
703	13	Carbink	1	0.7354	0.5939	0.2388	0.6886	0	0.7354
703	14	Carbink	1	0.6834	0.563	0.2128	0.6886	0.0052	0.6782
703	15	Carbink	1	0.6965	0.5729	0.1463	0.6886	0	0.6965
703	16	Carbink	1	0.6619	0.469	0.2203	0.6886	0.0267	0.6352
703	17	Carbink	1	0.6182	0.286	0.221	0.6886	0.0705	0.5477
703	18	Carbink	1	0.6858	0.4588	0.2831	0.6886	0.0029	0.6829
703	19	Carbink	1	0.6661	0.4727	0.2403	0.6886	0.0225	0.6436
704	1	Goomy	1	0.6374	0.3393	0.2491	0.6313	0	0.6374
704	2	Goomy	1	0.3977	0.26	0.1287	0.6313	0.2336	0.1641
704	3	Goodra	3	0.5383	0.4882	0.044	0.6313	0.093	0.4453
704	4	Goodra	3	0.5457	0.466	0.0363	0.6313	0.0856	0.4601
704	5	Goodra	3	0.5942	0.4525	0.1028	0.6313	0.0371	0.5571
704	6	Goodra-Hisui	3	0.7261	0.4421	0.1853	0.6313	0	0.7261
704	7	Goodra	3	0.6695	0.464	0.1026	0.6313	0	0.6695
704	8	Goodra	3	0.6874	0.4439	0.1881	0.6313	0	0.6874
704	9	Goodra-Hisui	3	0.6146	0.4011	0.2019	0.6313	0.0167	0.5979
704	10	Goodra	3	0.5274	0.3402	0.0112	0.6313	0.1039	0.4235
704	11	Goodra-Hisui	3	0.6211	0.3848	0.1475	0.6313	0.0102	0.6109
704	12	Goodra-Hisui	3	0.6511	0.4093	0.241	0.6313	0	0.6511
704	13	Goodra-Hisui	3	0.6546	0.4068	0.2541	0.6313	0	0.6546
704	14	Goodra-Hisui	3	0.6798	0.3956	0.2474	0.6313	0	0.6798
704	15	Goodra-Hisui	3	0.612	0.3849	0.1851	0.6313	0.0193	0.5927
704	16	Goodra-Hisui	3	0.6313	0.3842	0.2629	0.6313	0	0.6313
704	17	Goodra-Hisui	3	0.7011	0.4017	0.2994	0.6313	0	0.7011
704	18	Goodra-Hisui	3	0.606	0.3736	0.2457	0.6313	0.0253	0.5807
704	19	Goodra-Hisui	3	0.652	0.3796	0.2878	0.6313	0	0.652
707	4	Klefki	1	0.4741	0.4272	-0.0035	0.6663	0.1921	0.282
707	5	Klefki	1	0.4604	0.4044	0.0152	0.6663	0.2059	0.2545
707	6	Klefki	1	0.7094	0.3632	0.2557	0.6663	0	0.7094
707	7	Klefki	1	0.5499	0.3311	0.1393	0.6663	0.1163	0.4336
707	8	Klefki	1	0.4376	0.2845	0.0208	0.6663	0.2286	0.209
707	9	Klefki	1	0.7104	0.3812	0.298	0.6663	0	0.7104
707	10	Klefki	1	0.6765	0.3881	0.2869	0.6663	0	0.6765
707	11	Klefki	1	0.719	0.3772	0.2868	0.6663	0	0.719
707	12	Klefki	1	0.6959	0.3797	0.3264	0.6663	0	0.6959
707	13	Klefki	1	0.74	0.4192	0.2972	0.6663	0	0.74
707	14	Klefki	1	0.6687	0.3765	0.2483	0.6663	0	0.6687
707	15	Klefki	1	0.755	0.48	0.275	0.6663	0	0.755
707	16	Klefki	1	0.5562	0.325	0.1526	0.6663	0.11	0.4462
707	17	Klefki	1	0.6638	0.3227	0.2297	0.6663	0.0025	0.6613
707	18	Klefki	1	0.6018	0.3298	0.1862	0.6663	0.0645	0.5373
707	19	Klefki	1	0.6592	0.3586	0.2675	0.6663	0.007	0.6522
708	4	Trevenant	2	0.4841	0.4339	-0.1525	0.6147	0.1306	0.3535
708	5	Trevenant	2	0.5484	0.4246	0.0366	0.6147	0.0663	0.4821
708	6	Trevenant	2	0.6357	0.4181	0.2019	0.6147	0	0.6357
708	7	Trevenant	2	0.6098	0.369	0.0862	0.6147	0.0049	0.6049
708	8	Trevenant	2	0.5437	0.3311	0.0447	0.6147	0.071	0.4727
708	9	Trevenant	2	0.6397	0.4021	0.1159	0.6147	0	0.6397
708	10	Trevenant	2	0.6455	0.3914	0.1304	0.6147	0	0.6455
708	11	Trevenant	2	0.6195	0.3905	0.0921	0.6147	0	0.6195
708	12	Trevenant	2	0.6334	0.3619	0.1468	0.6147	0	0.6334
708	13	Trevenant	2	0.6096	0.3916	0.0969	0.6147	0.005	0.6046
708	14	Trevenant	2	0.6244	0.3948	0.1002	0.6147	0	0.6244
708	15	Trevenant	2	0.6626	0.4385	0.1276	0.6147	0	0.6626
708	16	Trevenant	2	0.5738	0.3518	0.0736	0.6147	0.0409	0.5329
708	17	Trevenant	2	0.6546	0.4112	0.1405	0.6147	0	0.6546
708	18	Trevenant	2	0.528	0.382	0.0477	0.6147	0.0866	0.4414
708	19	Trevenant	2	0.563	0.3524	0.0663	0.6147	0.0517	0.5113
710	4	Gourgeist-Average	2	0.556	0.4713	-0.0631	0.5657	0.0097	0.5463
710	5	Gourgeist-Average	2	0.5679	0.4852	0.0214	0.5657	0	0.5679
710	6	Gourgeist-Average	2	0.616	0.3922	0.1274	0.5657	0	0.616
710	7	Gourgeist-Average	2	0.5231	0.3702	0.0006	0.5657	0.0426	0.4805
710	8	Gourgeist-Average	2	0.4349	0.3137	-0.0984	0.5657	0.1308	0.3041
710	9	Gourgeist-Average	2	0.6465	0.4047	0.1249	0.5657	0	0.6465
710	10	Gourgeist-Average	2	0.6699	0.3945	0.1537	0.5657	0	0.6699
710	11	Gourgeist-Average	2	0.5763	0.3638	-0.0064	0.5657	0	0.5763
710	12	Gourgeist-Average	2	0.5774	0.3484	0.0665	0.5657	0	0.5774
710	13	Gourgeist-Average	2	0.5635	0.3657	0.0018	0.5657	0.0022	0.5613
710	14	Gourgeist-Average	2	0.5494	0.3303	0.0039	0.5657	0.0163	0.5331
710	15	Gourgeist-Average	2	0.6339	0.3485	0.0958	0.5657	0	0.6339
710	16	Gourgeist-Average	2	0.5197	0.3165	-0.0183	0.5657	0.046	0.4737
710	17	Gourgeist-Average	2	0.6222	0.3593	0.1229	0.5657	0	0.6222
710	18	Gourgeist-Average	2	0.4947	0.3379	-0.0097	0.5657	0.071	0.4237
710	19	Gourgeist-Average	2	0.5174	0.308	0.0084	0.5657	0.0483	0.4691
712	3	Bergmite	1	0.3686	0.2852	-0.1644	0.5438	0.1752	0.1934
712	4	Bergmite	1	0.5438	0.3472	-0.0753	0.5438	0	0.5438
712	5	Bergmite	1	0.4271	0.275	-0.1353	0.5438	0.1167	0.3104
712	6	Avalugg-Hisui	2	0.5416	0.3573	0.0511	0.5438	0.0022	0.5394
712	7	Avalugg	2	0.5321	0.3717	0.0085	0.5438	0.0117	0.5204
712	8	Avalugg-Hisui	2	0.4865	0.3162	-0.0125	0.5438	0.0573	0.4292
712	9	Avalugg	2	0.569	0.4689	0.0452	0.5438	0	0.569
712	10	Avalugg	2	0.6322	0.4749	0.1171	0.5438	0	0.6322
712	11	Avalugg	2	0.5919	0.5268	0.0645	0.5438	0	0.5919
712	12	Avalugg	2	0.6404	0.4659	0.1538	0.5438	0	0.6404
712	13	Avalugg-Hisui	2	0.569	0.3918	0.0563	0.5438	0	0.569
712	14	Avalugg	2	0.5495	0.4768	0.0253	0.5438	0	0.5495
712	15	Avalugg	2	0.5816	0.4616	0.0466	0.5438	0	0.5816
712	16	Avalugg	2	0.5339	0.3928	0.0337	0.5438	0.0099	0.524
712	17	Avalugg	2	0.5156	0.3832	0.0015	0.5438	0.0282	0.4874
712	18	Avalugg	2	0.4944	0.363	0.0141	0.5438	0.0494	0.445
712	19	Avalugg	2	0.5634	0.4145	0.0667	0.5438	0	0.5634
714	4	Noibat	1	0.4767	0.3701	-0.0205	0.5748	0.0981	0.3786
714	5	Noibat	1	0.4572	0.3342	-0.1098	0.5748	0.1176	0.3396
714	6	Noibat	1	0.3809	0.2076	-0.1397	0.5748	0.1939	0.187
714	7	Noivern	2	0.6173	0.4793	0.1273	0.5748	0	0.6173
714	8	Noivern	2	0.5962	0.6065	0.108	0.5748	0	0.5962
714	9	Noivern	2	0.6374	0.4981	0.1393	0.5748	0	0.6374
714	10	Noivern	2	0.631	0.3887	0.1692	0.5748	0	0.631
714	11	Noivern	2	0.5816	0.429	0.0323	0.5748	0	0.5816
714	12	Noivern	2	0.545	0.3461	0.0933	0.5748	0.0298	0.5152
714	13	Noivern	2	0.57	0.4003	0.087	0.5748	0.0048	0.5652
714	14	Noivern	2	0.6419	0.4871	0.1428	0.5748	0	0.6419
714	15	Noivern	2	0.5701	0.3843	0.0486	0.5748	0.0047	0.5654
714	16	Noivern	2	0.6149	0.434	0.137	0.5748	0	0.6149
714	17	Noivern	2	0.5081	0.2908	0.0656	0.5748	0.0667	0.4414
714	18	Noivern	2	0.5535	0.391	0.0759	0.5748	0.0213	0.5322
714	19	Noivern	2	0.5794	0.3843	0.095	0.5748	0	0.5794
719	9	Diancie	1	0.5875	0.369	0.0659	0.6004	0.0129	0.5746
719	10	Diancie	1	0.6429	0.5092	0.1267	0.6004	0	0.6429
719	11	Diancie	1	0.6223	0.3531	0.0396	0.6004	0	0.6223
719	12	Diancie	1	0.6631	0.4451	0.1522	0.6004	0	0.6631
719	13	Diancie	1	0.6308	0.4466	0.0691	0.6004	0	0.6308
719	14	Diancie	1	0.6244	0.3874	0.0789	0.6004	0	0.6244
719	15	Diancie	1	0.5691	0.3388	0.031	0.6004	0.0313	0.5378
719	16	Diancie	1	0.5921	0.391	0.0541	0.6004	0.0083	0.5838
719	17	Diancie	1	0.5828	0.3091	0.0835	0.6004	0.0176	0.5652
719	18	Diancie	1	0.6004	0.3486	0.096	0.6004	0	0.6004
719	19	Diancie	1	0.5939	0.3879	0.0849	0.6004	0.0065	0.5874
72	1	Tentacool	1	0.5117	0.3897	0.1135	0.7041	0.1924	0.3193
72	2	Tentacruel	2	0.4749	0.4435	0.0314	0.7041	0.2292	0.2457
72	3	Tentacruel	2	0.5455	0.4124	0.0585	0.7041	0.1586	0.3869
72	4	Tentacruel	2	0.5844	0.6198	0.0541	0.7041	0.1197	0.4647
72	5	Tentacruel	2	0.4682	0.4213	-0.0134	0.7041	0.2359	0.2323
72	6	Tentacruel	2	0.6809	0.411	0.2272	0.7041	0.0232	0.6577
72	7	Tentacruel	2	0.709	0.3904	0.2984	0.7041	0	0.709
72	8	Tentacruel	2	0.7465	0.4029	0.3297	0.7041	0	0.7465
72	9	Tentacruel	2	0.7268	0.4238	0.3144	0.7041	0	0.7268
72	10	Tentacruel	2	0.7056	0.3717	0.316	0.7041	0	0.7056
72	11	Tentacruel	2	0.6969	0.3557	0.2647	0.7041	0.0072	0.6897
72	12	Tentacruel	2	0.7046	0.3339	0.3351	0.7041	0	0.7046
72	13	Tentacruel	2	0.7626	0.37	0.3198	0.7041	0	0.7626
72	14	Tentacruel	2	0.7221	0.3486	0.3017	0.7041	0	0.7221
72	15	Tentacruel	2	0.6786	0.32	0.1986	0.7041	0.0255	0.6531
72	16	Tentacruel	2	0.639	0.3609	0.2354	0.7041	0.0651	0.5739
72	17	Tentacruel	2	0.73	0.3769	0.2959	0.7041	0	0.73
72	18	Tentacruel	2	0.7041	0.3381	0.2885	0.7041	0	0.7041
72	19	Tentacruel	2	0.7073	0.3635	0.3156	0.7041	0	0.7073
720	7	Hoopa-Confined	1	0.641	0.3965	0.1185	0.6021	0	0.641
720	8	Hoopa-Confined	1	0.6021	0.3901	0.0688	0.6021	0	0.6021
720	9	Hoopa-Confined	1	0.6191	0.4158	0.0975	0.6021	0	0.6191
720	10	Hoopa-Confined	1	0.5756	0.3612	0.0594	0.6021	0.0265	0.5491
720	11	Hoopa-Confined	1	0.5467	0.3152	-0.036	0.6021	0.0554	0.4913
720	12	Hoopa-Confined	1	0.6377	0.3677	0.1268	0.6021	0	0.6377
720	13	Hoopa-Confined	1	0.6221	0.3841	0.0604	0.6021	0	0.6221
720	14	Hoopa-Confined	1	0.513	0.3205	-0.0325	0.6021	0.0891	0.4239
720	15	Hoopa-Confined	1	0.6071	0.4449	0.069	0.6021	0	0.6071
720	16	Hoopa-Confined	1	0.5695	0.368	0.0315	0.6021	0.0326	0.5369
720	17	Hoopa-Confined	1	0.5216	0.4011	0.0223	0.6021	0.0805	0.4411
720	18	Hoopa-Confined	1	0.6948	0.4414	0.1904	0.6021	0	0.6948
720	19	Hoopa-Confined	1	0.557	0.3624	0.048	0.6021	0.0451	0.5119
721	7	Volcanion	1	0.6487	0.4225	0.1607	0.7007	0.052	0.5967
721	8	Volcanion	1	0.7251	0.4096	0.2944	0.7007	0	0.7251
721	9	Volcanion	1	0.7007	0.415	0.241	0.7007	0	0.7007
721	10	Volcanion	1	0.7094	0.3886	0.2437	0.7007	0	0.7094
721	11	Volcanion	1	0.6321	0.357	0.145	0.7007	0.0686	0.5635
721	12	Volcanion	1	0.6178	0.3697	0.1763	0.7007	0.0829	0.5349
721	13	Volcanion	1	0.7248	0.4146	0.2816	0.7007	0	0.7248
721	14	Volcanion	1	0.7326	0.3799	0.3335	0.7007	0	0.7326
721	15	Volcanion	1	0.7363	0.4485	0.2878	0.7007	0	0.7363
721	16	Volcanion	1	0.619	0.4029	0.2029	0.7007	0.0817	0.5373
721	17	Volcanion	1	0.5729	0.3977	0.1752	0.7007	0.1278	0.4451
721	18	Volcanion	1	0.5481	0.3821	0.1054	0.7007	0.1526	0.3955
721	19	Volcanion	1	0.7168	0.4102	0.2727	0.7007	0	0.7168
722	1	Rowlet	1	0.4508	0.3846	-0.0268	0.614	0.1632	0.2876
722	2	Dartrix	2	0.4454	0.3804	-0.0794	0.614	0.1686	0.2768
722	3	Dartrix	2	0.4528	0.3905	-0.0415	0.614	0.1612	0.2916
722	4	Dartrix	2	0.5057	0.4451	-0.0037	0.614	0.1083	0.3974
722	5	Dartrix	2	0.5705	0.3833	0.0587	0.614	0.0435	0.527
722	6	Dartrix	2	0.5171	0.3092	0.0833	0.614	0.0969	0.4202
722	7	Decidueye	3	0.7251	0.4553	0.2571	0.614	0	0.7251
722	8	Decidueye	3	0.614	0.3598	0.1868	0.614	0	0.614
722	9	Decidueye	3	0.6917	0.4915	0.2084	0.614	0	0.6917
722	10	Decidueye	3	0.6954	0.4787	0.2341	0.614	0	0.6954
722	11	Decidueye	3	0.6478	0.4987	0.1491	0.614	0	0.6478
722	12	Decidueye	3	0.6046	0.4369	0.1458	0.614	0.0094	0.5952
722	13	Decidueye	3	0.5713	0.4625	0.108	0.614	0.0427	0.5286
722	14	Decidueye	3	0.6757	0.4804	0.1953	0.614	0	0.6757
722	15	Decidueye	3	0.7139	0.5016	0.2069	0.614	0	0.7139
722	16	Decidueye-Hisui	3	0.5674	0.4277	0.0672	0.614	0.0466	0.5208
722	17	Decidueye	3	0.6866	0.461	0.255	0.614	0	0.6866
722	18	Decidueye	3	0.6805	0.4324	0.2299	0.614	0	0.6805
722	19	Decidueye	3	0.6241	0.4099	0.1873	0.614	0	0.6241
725	1	Litten	1	0.4386	0.3152	-0.1202	0.5185	0.0799	0.3587
725	2	Torracat	2	0.4788	0.4091	-0.046	0.5185	0.0397	0.4391
725	3	Torracat	2	0.473	0.4076	-0.06	0.5185	0.0455	0.4275
725	4	Torracat	2	0.4622	0.401	-0.1569	0.5185	0.0563	0.4059
725	5	Torracat	2	0.4705	0.4146	-0.0893	0.5185	0.048	0.4225
725	6	Torracat	2	0.5185	0.373	-0.0098	0.5185	0	0.5185
725	7	Incineroar	3	0.5708	0.3594	0.0472	0.5185	0	0.5708
725	8	Incineroar	3	0.5577	0.3659	0.0584	0.5185	0	0.5577
725	9	Incineroar	3	0.5644	0.4019	0.0406	0.5185	0	0.5644
725	10	Incineroar	3	0.5498	0.3389	0.0347	0.5185	0	0.5498
725	11	Incineroar	3	0.4736	0.3285	-0.0538	0.5185	0.0449	0.4287
725	12	Incineroar	3	0.5328	0.381	0.0462	0.5185	0	0.5328
725	13	Incineroar	3	0.625	0.4008	0.1594	0.5185	0	0.625
725	14	Incineroar	3	0.525	0.3386	0.0008	0.5185	0	0.525
725	15	Incineroar	3	0.6399	0.4263	0.1142	0.5185	0	0.6399
725	16	Incineroar	3	0.47	0.3442	-0.0302	0.5185	0.0485	0.4215
725	17	Incineroar	3	0.4995	0.3344	-0.0146	0.5185	0.019	0.4805
725	18	Incineroar	3	0.4617	0.3402	-0.0186	0.5185	0.0568	0.4049
725	19	Incineroar	3	0.5521	0.3828	0.0807	0.5185	0	0.5521
728	1	Popplio	1	0.6578	0.4596	0.0552	0.6556	0	0.6578
728	2	Brionne	2	0.4923	0.4134	-0.0325	0.6556	0.1633	0.329
728	3	Brionne	2	0.4599	0.389	-0.0731	0.6556	0.1957	0.2642
728	4	Brionne	2	0.463	0.3903	-0.1561	0.6556	0.1926	0.2704
728	5	Brionne	2	0.4461	0.3707	-0.1137	0.6556	0.2095	0.2366
728	6	Brionne	2	0.3923	0.2591	-0.0345	0.6556	0.2633	0.129
728	7	Primarina	3	0.7412	0.5133	0.2187	0.6556	0	0.7412
728	8	Primarina	3	0.6603	0.4381	0.127	0.6556	0	0.6603
728	9	Primarina	3	0.627	0.3998	0.1054	0.6556	0.0286	0.5984
728	10	Primarina	3	0.6856	0.4595	0.1694	0.6556	0	0.6856
728	11	Primarina	3	0.6776	0.4378	0.0949	0.6556	0	0.6776
728	12	Primarina	3	0.6074	0.4132	0.0965	0.6556	0.0482	0.5592
728	13	Primarina	3	0.6899	0.4549	0.1282	0.6556	0	0.6899
728	14	Primarina	3	0.6915	0.4438	0.146	0.6556	0	0.6915
728	15	Primarina	3	0.6388	0.4001	0.1007	0.6556	0.0168	0.622
728	16	Primarina	3	0.7011	0.466	0.1631	0.6556	0	0.7011
728	17	Primarina	3	0.6338	0.406	0.1345	0.6556	0.0218	0.612
728	18	Primarina	3	0.6556	0.3871	0.1512	0.6556	0	0.6556
728	19	Primarina	3	0.6715	0.43	0.1625	0.6556	0	0.6715
731	1	Trumbeak	2	0.4552	0.4078	0.0903	0.5587	0.1035	0.3517
731	2	Trumbeak	2	0.4229	0.3776	-0.153	0.5587	0.1358	0.2871
731	3	Trumbeak	2	0.4434	0.3164	-0.1374	0.5587	0.1153	0.3281
731	4	Toucannon	3	0.6683	0.6308	0.1589	0.5587	0	0.6683
731	5	Toucannon	3	0.59	0.4667	0.0276	0.5587	0	0.59
731	6	Toucannon	3	0.4417	0.2811	-0.0488	0.5587	0.117	0.3247
731	7	Toucannon	3	0.5398	0.4519	0.0162	0.5587	0.0189	0.5209
731	8	Toucannon	3	0.5306	0.3946	0.0316	0.5587	0.0281	0.5025
731	9	Toucannon	3	0.5736	0.446	0.0498	0.5587	0	0.5736
731	10	Toucannon	3	0.5847	0.377	0.0696	0.5587	0	0.5847
731	11	Toucannon	3	0.613	0.438	0.0856	0.5587	0	0.613
731	12	Toucannon	3	0.4826	0.3878	-0.004	0.5587	0.0761	0.4065
731	13	Toucannon	3	0.5689	0.4257	0.0562	0.5587	0	0.5689
731	14	Toucannon	3	0.5727	0.368	0.0485	0.5587	0	0.5727
731	15	Toucannon	3	0.6113	0.421	0.0763	0.5587	0	0.6113
731	16	Toucannon	3	0.5573	0.3869	0.0571	0.5587	0.0014	0.5559
731	17	Toucannon	3	0.5587	0.3287	0.0446	0.5587	0	0.5587
731	18	Toucannon	3	0.5385	0.3412	0.0582	0.5587	0.0202	0.5183
731	19	Toucannon	3	0.5596	0.393	0.0629	0.5587	0	0.5596
734	1	Yungoos	1	0.49	0.3921	0.1141	0.4979	0.0079	0.4821
734	2	Gumshoos	2	0.5157	0.4046	0.1111	0.4979	0	0.5157
734	3	Gumshoos	2	0.4837	0.3707	-0.0033	0.4979	0.0142	0.4695
734	4	Gumshoos	2	0.4656	0.38	-0.0647	0.4979	0.0323	0.4333
734	5	Gumshoos	2	0.4486	0.3603	-0.033	0.4979	0.0493	0.3993
734	6	Gumshoos	2	0.622	0.3355	0.1386	0.4979	0	0.622
734	7	Gumshoos	2	0.508	0.3059	-0.0156	0.4979	0	0.508
734	8	Gumshoos	2	0.4717	0.2833	-0.0273	0.4979	0.0262	0.4455
734	9	Gumshoos	2	0.5414	0.3991	0.0176	0.4979	0	0.5414
734	10	Gumshoos	2	0.4685	0.3894	-0.0466	0.4979	0.0294	0.4391
734	11	Gumshoos	2	0.5812	0.4375	0.0538	0.4979	0	0.5812
734	12	Gumshoos	2	0.5041	0.3707	0.0175	0.4979	0	0.5041
734	13	Gumshoos	2	0.4979	0.4211	-0.0148	0.4979	0	0.4979
734	14	Gumshoos	2	0.5325	0.4107	0.0083	0.4979	0	0.5325
734	15	Gumshoos	2	0.5782	0.3635	0.0432	0.4979	0	0.5782
734	16	Gumshoos	2	0.5181	0.3957	0.0179	0.4979	0	0.5181
734	17	Gumshoos	2	0.4818	0.3759	-0.0323	0.4979	0.0161	0.4657
734	18	Gumshoos	2	0.4522	0.3513	-0.0281	0.4979	0.0457	0.4065
734	19	Gumshoos	2	0.4909	0.378	-0.0058	0.4979	0.007	0.4839
736	1	Grubbin	1	0.4221	0.3354	0.0462	0.5758	0.1537	0.2684
736	2	Vikavolt	3	0.5302	0.4252	0.0266	0.5758	0.0456	0.4846
736	3	Vikavolt	3	0.4912	0.3942	-0.0031	0.5758	0.0846	0.4066
736	4	Vikavolt	3	0.4851	0.4284	-0.0243	0.5758	0.0907	0.3944
736	5	Vikavolt	3	0.5328	0.3928	-0.0137	0.5758	0.043	0.4898
736	6	Vikavolt	3	0.6489	0.4069	0.1603	0.5758	0	0.6489
736	7	Vikavolt	3	0.5419	0.3829	0.0576	0.5758	0.0339	0.508
736	8	Vikavolt	3	0.4717	0.3147	-0.0275	0.5758	0.1041	0.3676
736	9	Vikavolt	3	0.6505	0.4213	0.1944	0.5758	0	0.6505
736	10	Vikavolt	3	0.6531	0.3996	0.2519	0.5758	0	0.6531
736	11	Vikavolt	3	0.6017	0.4497	0.152	0.5758	0	0.6017
736	12	Vikavolt	3	0.5758	0.3777	0.1348	0.5758	0	0.5758
736	13	Vikavolt	3	0.6467	0.3911	0.1678	0.5758	0	0.6467
736	14	Vikavolt	3	0.6628	0.4398	0.2228	0.5758	0	0.6628
736	15	Vikavolt	3	0.6594	0.458	0.2014	0.5758	0	0.6594
736	16	Vikavolt	3	0.5429	0.3703	0.1374	0.5758	0.0329	0.51
736	17	Vikavolt	3	0.5811	0.3618	0.156	0.5758	0	0.5811
736	18	Vikavolt	3	0.5525	0.3609	0.0809	0.5758	0.0233	0.5292
736	19	Vikavolt	3	0.5928	0.3657	0.1649	0.5758	0	0.5928
739	1	Crabrawler	1	0.5179	0.4103	-0.1076	0.5035	0	0.5179
739	2	Crabrawler	1	0.4441	0.2877	0.0395	0.5035	0.0594	0.3847
739	3	Crabrawler	1	0.5403	0.3346	-0.0034	0.5035	0	0.5403
739	4	Crabominable	2	0.4911	0.4136	-0.1455	0.5035	0.0124	0.4787
739	5	Crabominable	2	0.4383	0.3471	-0.0973	0.5035	0.0652	0.3731
739	6	Crabominable	2	0.5035	0.3681	0.0201	0.5035	0	0.5035
739	7	Crabominable	2	0.5348	0.3645	0.0112	0.5035	0	0.5348
739	8	Crabominable	2	0.4509	0.2987	-0.0481	0.5035	0.0526	0.3983
739	9	Crabominable	2	0.5633	0.3899	0.0395	0.5035	0	0.5633
739	10	Crabominable	2	0.602	0.3979	0.0869	0.5035	0	0.602
739	11	Crabominable	2	0.5168	0.3696	-0.0106	0.5035	0	0.5168
739	12	Crabominable	2	0.5045	0.4259	0.0179	0.5035	0	0.5045
739	13	Crabominable	2	0.5466	0.3621	0.0339	0.5035	0	0.5466
739	14	Crabominable	2	0.5276	0.381	0.0034	0.5035	0	0.5276
739	15	Crabominable	2	0.4526	0.3337	-0.0824	0.5035	0.0509	0.4017
739	16	Crabominable	2	0.4924	0.3616	-0.0078	0.5035	0.0111	0.4813
739	17	Crabominable	2	0.4107	0.3206	-0.1034	0.5035	0.0928	0.3179
739	18	Crabominable	2	0.4782	0.3322	-0.0021	0.5035	0.0253	0.4529
739	19	Crabominable	2	0.4741	0.3324	-0.0226	0.5035	0.0294	0.4447
74	1	Geodude	1	0.4477	0.2716	-0.0384	0.5428	0.0951	0.3526
74	2	Geodude	1	0.3982	0.292	-0.0884	0.5428	0.1446	0.2536
74	3	Golem	3	0.4771	0.4264	-0.0559	0.5428	0.0657	0.4114
74	4	Golem	3	0.424	0.3622	-0.0536	0.5428	0.1188	0.3052
74	5	Golem	3	0.537	0.3777	0.0918	0.5428	0.0058	0.5312
74	6	Golem	3	0.6391	0.4654	0.1915	0.5428	0	0.6391
74	7	Golem	3	0.5428	0.3989	0.1223	0.5428	0	0.5428
74	8	Golem	3	0.6212	0.424	0.1972	0.5428	0	0.6212
74	9	Golem	3	0.5459	0.3904	0.1132	0.5428	0	0.5459
74	10	Golem	3	0.6145	0.4079	0.2066	0.5428	0	0.6145
74	11	Golem	3	0.5107	0.3874	0.0721	0.5428	0.0321	0.4786
74	12	Golem	3	0.6375	0.4178	0.1823	0.5428	0	0.6375
74	13	Golem	3	0.7122	0.4475	0.2156	0.5428	0	0.7122
74	14	Golem	3	0.5347	0.3837	0.0641	0.5428	0.0081	0.5266
74	15	Golem	3	0.6139	0.4371	0.0637	0.5428	0	0.6139
74	16	Golem	3	0.5076	0.3815	0.066	0.5428	0.0352	0.4724
74	17	Golem	3	0.5118	0.3889	0.1146	0.5428	0.031	0.4808
74	18	Golem	3	0.6086	0.4196	0.2059	0.5428	0	0.6086
74	19	Golem	3	0.5479	0.3932	0.1221	0.5428	0	0.5479
741	1	Oricorio-Baile	1	0.4967	0.438	-0.1059	0.5024	0.0057	0.491
741	2	Oricorio-Baile	1	0.5106	0.4369	-0.0142	0.5024	0	0.5106
741	3	Oricorio-Baile	1	0.4474	0.3675	-0.0856	0.5024	0.055	0.3924
741	4	Oricorio-Baile	1	0.6048	0.4761	-0.0143	0.5024	0	0.6048
741	5	Oricorio-Baile	1	0.6192	0.4941	0.0594	0.5024	0	0.6192
741	6	Oricorio-Baile	1	0.398	0.211	-0.0288	0.5024	0.1044	0.2936
741	7	Oricorio-Baile	1	0.4764	0.4028	-0.0136	0.5024	0.026	0.4504
741	8	Oricorio-Baile	1	0.5804	0.4187	0.0922	0.5024	0	0.5804
741	9	Oricorio-Baile	1	0.5713	0.4306	0.0732	0.5024	0	0.5713
741	10	Oricorio-Baile	1	0.6058	0.3847	0.144	0.5024	0	0.6058
741	11	Oricorio-Baile	1	0.5064	0.3504	-0.0429	0.5024	0	0.5064
741	12	Oricorio-Baile	1	0.484	0.3219	0.0323	0.5024	0.0184	0.4656
741	13	Oricorio-Baile	1	0.4787	0.3817	-0.0043	0.5024	0.0237	0.455
741	14	Oricorio-Baile	1	0.5024	0.3485	0.0033	0.5024	0	0.5024
741	15	Oricorio-Baile	1	0.5405	0.4074	0.019	0.5024	0	0.5405
741	16	Oricorio-Baile	1	0.4506	0.354	-0.0273	0.5024	0.0518	0.3988
741	17	Oricorio-Baile	1	0.5127	0.3033	0.0702	0.5024	0	0.5127
741	18	Oricorio-Baile	1	0.4613	0.3646	-0.0163	0.5024	0.0411	0.4202
741	19	Oricorio-Baile	1	0.5015	0.3415	0.0171	0.5024	0.0009	0.5006
742	3	Ribombee	2	0.5034	0.4506	0.0415	0.5435	0.0401	0.4633
742	4	Ribombee	2	0.5914	0.5433	0.0231	0.5435	0	0.5914
742	5	Ribombee	2	0.5174	0.4457	-0.0291	0.5435	0.0261	0.4913
742	6	Ribombee	2	0.6225	0.3733	0.1339	0.5435	0	0.6225
742	7	Ribombee	2	0.5648	0.376	0.0423	0.5435	0	0.5648
742	8	Ribombee	2	0.4962	0.3093	-0.0371	0.5435	0.0473	0.4489
742	9	Ribombee	2	0.5124	0.3391	-0.0092	0.5435	0.0311	0.4813
742	10	Ribombee	2	0.5849	0.3831	0.0687	0.5435	0	0.5849
742	11	Ribombee	2	0.6191	0.4103	0.0364	0.5435	0	0.6191
742	12	Ribombee	2	0.6014	0.3312	0.0905	0.5435	0	0.6014
742	13	Ribombee	2	0.5377	0.3401	0.0547	0.5435	0.0058	0.5319
742	14	Ribombee	2	0.5607	0.3823	0.0616	0.5435	0	0.5607
742	15	Ribombee	2	0.7355	0.4136	0.214	0.5435	0	0.7355
742	16	Ribombee	2	0.5336	0.3457	0.0557	0.5435	0.0099	0.5237
742	17	Ribombee	2	0.5211	0.2852	0.0786	0.5435	0.0224	0.4987
742	18	Ribombee	2	0.5409	0.296	0.0633	0.5435	0.0026	0.5383
742	19	Ribombee	2	0.5435	0.3162	0.0591	0.5435	0	0.5435
744	1	Lycanroc-Dusk	2	0.5226	0.4887	-0.08	0.5547	0.0321	0.4905
744	2	Lycanroc-Dusk	2	0.5515	0.5155	0.0267	0.5547	0.0032	0.5483
744	3	Lycanroc-Dusk	2	0.5352	0.4538	0.0022	0.5547	0.0195	0.5157
744	4	Lycanroc-Dusk	2	0.5903	0.5642	-0.0288	0.5547	0	0.5903
744	5	Lycanroc-Dusk	2	0.6088	0.4761	0.0732	0.5547	0	0.6088
744	6	Lycanroc-Midday	2	0.6447	0.4788	0.1613	0.5547	0	0.6447
744	7	Lycanroc-Dusk	2	0.5717	0.4009	0.0748	0.5547	0	0.5717
744	8	Lycanroc-Dusk	2	0.5694	0.4719	0.0909	0.5547	0	0.5694
744	9	Lycanroc-Midday	2	0.5419	0.4097	0.0621	0.5547	0.0128	0.5291
744	10	Lycanroc-Dusk	2	0.5547	0.3604	0.0692	0.5547	0	0.5547
744	11	Lycanroc-Midnight	2	0.5291	0.3691	0.0122	0.5547	0.0256	0.5035
744	12	Lycanroc-Midday	2	0.5662	0.4368	0.1001	0.5547	0	0.5662
744	13	Lycanroc-Midnight	2	0.5759	0.4638	0.0632	0.5547	0	0.5759
744	14	Lycanroc-Midday	2	0.5631	0.3904	0.0581	0.5547	0	0.5631
744	15	Lycanroc-Dusk	2	0.5867	0.4486	0.0841	0.5547	0	0.5867
744	16	Lycanroc-Midday	2	0.5412	0.4233	0.073	0.5547	0.0135	0.5277
744	17	Lycanroc-Dusk	2	0.5362	0.3365	0.0936	0.5547	0.0185	0.5177
744	18	Lycanroc-Dusk	2	0.5424	0.37	0.1052	0.5547	0.0123	0.5301
744	19	Lycanroc-Midday	2	0.5407	0.3948	0.0917	0.5547	0.014	0.5267
746	3	Wishiwashi-Solo	1	0.3144	0.1726	-0.1726	0.3034	0	0.3144
746	4	Wishiwashi-Solo	1	0.2938	0.1817	-0.2365	0.3034	0.0096	0.2842
746	5	Wishiwashi-Solo	1	0.2947	0.1628	-0.1869	0.3034	0.0087	0.286
746	6	Wishiwashi-Solo	1	0.2455	0.1039	-0.2082	0.3034	0.0579	0.1876
746	7	Wishiwashi-Solo	1	0.4106	0.2057	0	0.3034	0	0.4106
746	8	Wishiwashi-Solo	1	0.3075	0.1705	-0.1093	0.3034	0	0.3075
746	9	Wishiwashi-Solo	1	0.297	0.1658	-0.1154	0.3034	0.0064	0.2906
746	10	Wishiwashi-Solo	1	0.2988	0.1716	-0.0908	0.3034	0.0046	0.2942
746	11	Wishiwashi-Solo	1	0.2557	0.1345	-0.1765	0.3034	0.0477	0.208
746	12	Wishiwashi-Solo	1	0.3281	0.1537	-0.0414	0.3034	0	0.3281
746	13	Wishiwashi-Solo	1	0.3671	0.1648	-0.0757	0.3034	0	0.3671
746	14	Wishiwashi-Solo	1	0.2621	0.1404	-0.1583	0.3034	0.0413	0.2208
746	15	Wishiwashi-Solo	1	0.3428	0.1421	-0.1372	0.3034	0	0.3428
746	16	Wishiwashi-Solo	1	0.3236	0.1776	-0.08	0.3034	0	0.3236
746	17	Wishiwashi-Solo	1	0.3046	0.1686	-0.1295	0.3034	0	0.3046
746	18	Wishiwashi-Solo	1	0.3034	0.1403	-0.1122	0.3034	0	0.3034
746	19	Wishiwashi-Solo	1	0.3034	0.1523	-0.0883	0.3034	0	0.3034
747	1	Mareanie	1	0.5757	0.2808	0.2006	0.677	0.1013	0.4744
747	2	Mareanie	1	0.5302	0.3175	0.1302	0.677	0.1468	0.3834
747	3	Mareanie	1	0.6088	0.3009	0.2763	0.677	0.0682	0.5406
747	4	Mareanie	1	0.6381	0.3202	0.3626	0.677	0.0389	0.5992
747	5	Mareanie	1	0.6205	0.2609	0.3497	0.677	0.0565	0.564
747	6	Mareanie	1	0.3817	0.192	-0.0575	0.677	0.2953	0.0864
747	7	Toxapex	2	0.675	0.3621	0.3147	0.677	0.002	0.673
747	8	Toxapex	2	0.715	0.4112	0.3641	0.677	0	0.715
747	9	Toxapex	2	0.7072	0.3453	0.4627	0.677	0	0.7072
747	10	Toxapex	2	0.6951	0.3414	0.4494	0.677	0	0.6951
747	11	Toxapex	2	0.7034	0.3359	0.4024	0.677	0	0.7034
747	12	Toxapex	2	0.677	0.4192	0.3332	0.677	0	0.677
747	13	Toxapex	2	0.7572	0.5303	0.3703	0.677	0	0.7572
747	14	Toxapex	2	0.7064	0.5664	0.3085	0.677	0	0.7064
747	15	Toxapex	2	0.6428	0.3893	0.2535	0.677	0.0342	0.6086
747	16	Toxapex	2	0.6563	0.4843	0.3041	0.677	0.0207	0.6356
747	17	Toxapex	2	0.6861	0.5216	0.3586	0.677	0	0.6861
747	18	Toxapex	2	0.6804	0.4692	0.3371	0.677	0	0.6804
747	19	Toxapex	2	0.7181	0.5654	0.3557	0.677	0	0.7181
749	2	Mudbray	1	0.4905	0.358	0.0039	0.5506	0.0601	0.4304
749	3	Mudbray	1	0.529	0.4438	0.0482	0.5506	0.0216	0.5074
749	4	Mudsdale	2	0.4583	0.3972	-0.0051	0.5506	0.0923	0.366
749	5	Mudsdale	2	0.4224	0.3787	-0.0826	0.5506	0.1282	0.2942
749	6	Mudsdale	2	0.5726	0.46	0.0692	0.5506	0	0.5726
749	7	Mudsdale	2	0.566	0.3809	0.0817	0.5506	0	0.566
749	8	Mudsdale	2	0.4896	0.3734	-0.0096	0.5506	0.061	0.4286
749	9	Mudsdale	2	0.5747	0.3809	0.1186	0.5506	0	0.5747
749	10	Mudsdale	2	0.5937	0.3569	0.1925	0.5506	0	0.5937
749	11	Mudsdale	2	0.4956	0.3414	0.0459	0.5506	0.055	0.4406
749	12	Mudsdale	2	0.5462	0.379	0.1052	0.5506	0.0044	0.5418
749	13	Mudsdale	2	0.6301	0.4789	0.1512	0.5506	0	0.6301
749	14	Mudsdale	2	0.5501	0.4175	0.1101	0.5506	0.0005	0.5496
749	15	Mudsdale	2	0.5828	0.4502	0.1248	0.5506	0	0.5828
749	16	Mudsdale	2	0.5324	0.4055	0.1269	0.5506	0.0182	0.5142
749	17	Mudsdale	2	0.553	0.3863	0.1279	0.5506	0	0.553
749	18	Mudsdale	2	0.5825	0.4716	0.1109	0.5506	0	0.5825
749	19	Mudsdale	2	0.5511	0.4251	0.1232	0.5506	0	0.5511
751	1	Araquanid-Totem	2	0.4412	0.432	0.0126	0.6997	0.2585	0.1827
751	2	Araquanid-Totem	2	0.4084	0.3943	0.0141	0.6997	0.2913	0.1171
751	3	Araquanid-Totem	2	0.3883	0.3672	0.0211	0.6997	0.3114	0.0769
751	4	Araquanid-Totem	2	0.4328	0.3998	0.033	0.6997	0.2669	0.1659
751	5	Araquanid-Totem	2	0.373	0.3453	0.0277	0.6997	0.3267	0.0463
751	6	Araquanid-Totem	2	0.6308	0.3186	0.2447	0.6997	0.0689	0.5619
751	7	Araquanid-Totem	2	0.7062	0.4355	0.2707	0.6997	0	0.7062
751	8	Araquanid-Totem	2	0.727	0.4066	0.3188	0.6997	0	0.727
751	9	Araquanid-Totem	2	0.7084	0.3999	0.3085	0.6997	0	0.7084
751	10	Araquanid-Totem	2	0.7152	0.404	0.3168	0.6997	0	0.7152
751	11	Araquanid-Totem	2	0.7007	0.405	0.2957	0.6997	0	0.7007
751	12	Araquanid	2	0.5713	0.3459	0.1724	0.6997	0.1284	0.4429
751	13	Araquanid-Totem	2	0.719	0.4001	0.3189	0.6997	0	0.719
751	14	Araquanid-Totem	2	0.6896	0.3541	0.3209	0.6997	0.0101	0.6795
751	15	Araquanid	2	0.7462	0.4171	0.3291	0.6997	0	0.7462
751	16	Araquanid-Totem	2	0.7166	0.3897	0.3269	0.6997	0	0.7166
751	17	Araquanid-Totem	2	0.7471	0.4174	0.3307	0.6997	0	0.7471
751	18	Araquanid-Totem	2	0.6812	0.3318	0.2582	0.6997	0.0185	0.6627
751	19	Araquanid-Totem	2	0.6997	0.3768	0.2851	0.6997	0	0.6997
753	1	Lurantis-Totem	2	0.5556	0.5048	-0.0169	0.5193	0	0.5556
753	2	Lurantis-Totem	2	0.4608	0.3845	-0.0428	0.5193	0.0585	0.4023
753	3	Lurantis-Totem	2	0.5177	0.4344	0.0369	0.5193	0.0016	0.5161
753	4	Lurantis-Totem	2	0.5076	0.4154	-0.0105	0.5193	0.0117	0.4959
753	5	Lurantis-Totem	2	0.5241	0.4486	-0.0383	0.5193	0	0.5241
753	6	Lurantis-Totem	2	0.5617	0.3814	0.0712	0.5193	0	0.5617
753	7	Lurantis-Totem	2	0.5193	0.3486	-0.0043	0.5193	0	0.5193
753	8	Lurantis	2	0.4593	0.2738	-0.0397	0.5193	0.06	0.3993
753	9	Lurantis	2	0.5274	0.3598	0.0036	0.5193	0	0.5274
753	10	Lurantis-Totem	2	0.5866	0.3829	0.0715	0.5193	0	0.5866
753	11	Lurantis-Totem	2	0.5657	0.4808	0.0383	0.5193	0	0.5657
753	12	Lurantis	2	0.4834	0.3193	-0.0032	0.5193	0.0359	0.4475
753	13	Lurantis	2	0.4968	0.3245	-0.0159	0.5193	0.0225	0.4743
753	14	Lurantis-Totem	2	0.5299	0.4573	0.0057	0.5193	0	0.5299
753	15	Lurantis-Totem	2	0.5984	0.3858	0.0634	0.5193	0	0.5984
753	16	Lurantis	2	0.5022	0.3748	0.002	0.5193	0.0171	0.4851
753	17	Lurantis-Totem	2	0.5381	0.3775	0.024	0.5193	0	0.5381
753	18	Lurantis-Totem	2	0.4127	0.3356	-0.0676	0.5193	0.1066	0.3061
753	19	Lurantis	2	0.4584	0.3152	-0.0383	0.5193	0.0609	0.3975
755	1	Morelull	1	0.5705	0.3666	0.1822	0.5407	0	0.5705
755	2	Morelull	1	0.4253	0.3668	-0.0402	0.5407	0.1154	0.3099
755	3	Shiinotic	2	0.6145	0.4899	0.1202	0.5407	0	0.6145
755	4	Shiinotic	2	0.3857	0.445	-0.1237	0.5407	0.155	0.2307
755	5	Shiinotic	2	0.5291	0.5092	0.0377	0.5407	0.0116	0.5175
755	6	Shiinotic	2	0.6452	0.3449	0.1044	0.5407	0	0.6452
755	7	Shiinotic	2	0.5283	0.3363	0.1025	0.5407	0.0124	0.5159
755	8	Shiinotic	2	0.4699	0.3378	-0.0634	0.5407	0.0708	0.3991
755	9	Shiinotic	2	0.493	0.3123	-0.0286	0.5407	0.0477	0.4453
755	10	Shiinotic	2	0.6734	0.4494	0.2426	0.5407	0	0.6734
755	11	Shiinotic	2	0.6719	0.4778	0.1983	0.5407	0	0.6719
755	12	Shiinotic	2	0.4313	0.2879	0.0212	0.5407	0.1094	0.3219
755	13	Shiinotic	2	0.6316	0.3375	0.2311	0.5407	0	0.6316
755	14	Shiinotic	2	0.5687	0.3438	0.1363	0.5407	0	0.5687
755	15	Shiinotic	2	0.619	0.4045	0.1921	0.5407	0	0.619
755	16	Shiinotic	2	0.5118	0.3594	0.1434	0.5407	0.0289	0.4829
755	17	Shiinotic	2	0.5749	0.3862	0.1732	0.5407	0	0.5749
755	18	Shiinotic	2	0.5407	0.2984	0.1804	0.5407	0	0.5407
755	19	Shiinotic	2	0.5237	0.3449	0.1595	0.5407	0.017	0.5067
757	3	Salazzle-Totem	2	0.4913	0.4303	-0.0417	0.4846	0	0.4913
757	4	Salazzle-Totem	2	0.4857	0.4322	-0.1334	0.4846	0	0.4857
757	5	Salazzle-Totem	2	0.4846	0.421	-0.0272	0.4846	0	0.4846
757	6	Salazzle	2	0.5528	0.3907	0.119	0.4846	0	0.5528
757	7	Salazzle	2	0.4264	0.3422	-0.0416	0.4846	0.0582	0.3682
757	8	Salazzle	2	0.436	0.3415	0.0088	0.4846	0.0486	0.3874
757	9	Salazzle	2	0.5378	0.3906	0.0162	0.4846	0	0.5378
757	10	Salazzle	2	0.5053	0.3457	-0.0109	0.4846	0	0.5053
757	11	Salazzle	2	0.4193	0.3115	-0.1634	0.4846	0.0653	0.354
757	12	Salazzle	2	0.5373	0.3504	0.0264	0.4846	0	0.5373
757	13	Salazzle	2	0.4939	0.3242	-0.0678	0.4846	0	0.4939
757	14	Salazzle	2	0.5183	0.3363	-0.0272	0.4846	0	0.5183
757	15	Salazzle	2	0.4531	0.2942	-0.085	0.4846	0.0315	0.4216
757	16	Salazzle	2	0.4641	0.3241	-0.0739	0.4846	0.0205	0.4436
757	17	Salazzle	2	0.4748	0.3443	-0.0245	0.4846	0.0098	0.465
757	18	Salazzle	2	0.4622	0.2963	-0.0422	0.4846	0.0224	0.4398
757	19	Salazzle	2	0.4778	0.3277	-0.0312	0.4846	0.0068	0.471
759	1	Stufful	1	0.5291	0.4054	-0.0434	0.5291	0	0.5291
759	2	Stufful	1	0.4647	0.2781	0.0601	0.5291	0.0644	0.4003
759	3	Stufful	1	0.4553	0.2564	-0.0317	0.5291	0.0738	0.3815
759	4	Bewear	2	0.5295	0.4498	0.0201	0.5291	0	0.5295
759	5	Bewear	2	0.4986	0.334	0.0072	0.5291	0.0305	0.4681
759	6	Bewear	2	0.5385	0.3444	0.0551	0.5291	0	0.5385
759	7	Bewear	2	0.5863	0.404	0.0627	0.5291	0	0.5863
759	8	Bewear	2	0.504	0.3045	0.005	0.5291	0.0251	0.4789
759	9	Bewear	2	0.5798	0.3862	0.056	0.5291	0	0.5798
759	10	Bewear	2	0.6073	0.413	0.0922	0.5291	0	0.6073
759	11	Bewear	2	0.558	0.3545	0.0306	0.5291	0	0.558
759	12	Bewear	2	0.6117	0.3976	0.1251	0.5291	0	0.6117
759	13	Bewear	2	0.5039	0.3549	-0.0088	0.5291	0.0252	0.4787
759	14	Bewear	2	0.6366	0.4134	0.1124	0.5291	0	0.6366
759	15	Bewear	2	0.4657	0.3249	-0.0693	0.5291	0.0634	0.4023
759	16	Bewear	2	0.5415	0.3869	0.0413	0.5291	0	0.5415
759	17	Bewear	2	0.4971	0.3057	-0.017	0.5291	0.032	0.4651
759	18	Bewear	2	0.4942	0.3115	0.0139	0.5291	0.0349	0.4593
759	19	Bewear	2	0.5252	0.3397	0.0285	0.5291	0.0039	0.5213
761	1	Bounsweet	1	0.5914	0.3225	0.1138	0.6014	0.01	0.5814
761	2	Tsareena	3	0.5322	0.4457	0.0865	0.6014	0.0692	0.463
761	3	Tsareena	3	0.5625	0.4999	0.152	0.6014	0.0389	0.5236
761	4	Tsareena	3	0.4843	0.3443	0.0502	0.6014	0.1171	0.3672
761	5	Tsareena	3	0.5738	0.4551	0.0114	0.6014	0.0276	0.5462
761	6	Tsareena	3	0.6024	0.3413	0.1119	0.6014	0	0.6024
761	7	Tsareena	3	0.6113	0.3619	0.0877	0.6014	0	0.6113
761	8	Tsareena	3	0.4996	0.2845	0.0006	0.6014	0.1018	0.3978
761	9	Tsareena	3	0.6296	0.3764	0.1058	0.6014	0	0.6296
761	10	Tsareena	3	0.6601	0.3941	0.145	0.6014	0	0.6601
761	11	Tsareena	3	0.6014	0.4039	0.074	0.6014	0	0.6014
761	12	Tsareena	3	0.5686	0.3357	0.082	0.6014	0.0328	0.5358
761	13	Tsareena	3	0.6136	0.3605	0.1009	0.6014	0	0.6136
761	14	Tsareena	3	0.6615	0.4053	0.1373	0.6014	0	0.6615
761	15	Tsareena	3	0.6888	0.3864	0.1538	0.6014	0	0.6888
761	16	Tsareena	3	0.6125	0.3771	0.1123	0.6014	0	0.6125
761	17	Tsareena	3	0.6595	0.38	0.1454	0.6014	0	0.6595
761	18	Tsareena	3	0.5255	0.323	0.0452	0.6014	0.0759	0.4496
761	19	Tsareena	3	0.5889	0.3423	0.0922	0.6014	0.0125	0.5764
764	4	Comfey	1	0.537	0.5112	-0.0666	0.6868	0.1498	0.3872
764	5	Comfey	1	0.6743	0.495	0.1145	0.6868	0.0125	0.6618
764	6	Comfey	1	0.7129	0.4336	0.2592	0.6868	0	0.7129
764	7	Comfey	1	0.7155	0.4412	0.2275	0.6868	0	0.7155
764	8	Comfey	1	0.6877	0.3337	0.257	0.6868	0	0.6877
764	9	Comfey	1	0.5627	0.3204	0.103	0.6868	0.1241	0.4386
764	10	Comfey	1	0.7462	0.4833	0.2805	0.6868	0	0.7462
764	11	Comfey	1	0.7759	0.5618	0.2888	0.6868	0	0.7759
764	12	Comfey	1	0.5801	0.3566	0.1386	0.6868	0.1067	0.4734
764	13	Comfey	1	0.7057	0.398	0.2625	0.6868	0	0.7057
764	14	Comfey	1	0.6859	0.3991	0.2868	0.6868	0.0009	0.685
764	15	Comfey	1	0.7374	0.3619	0.2889	0.6868	0	0.7374
764	16	Comfey	1	0.6885	0.376	0.2724	0.6868	0	0.6885
764	17	Comfey	1	0.5856	0.3912	0.1879	0.6868	0.1012	0.4844
764	18	Comfey	1	0.5527	0.3807	0.11	0.6868	0.1341	0.4186
764	19	Comfey	1	0.6524	0.3663	0.2083	0.6868	0.0344	0.618
765	4	Oranguru	1	0.4529	0.2937	-0.0443	0.6169	0.164	0.2889
765	5	Oranguru	1	0.5837	0.3251	0.0167	0.6169	0.0332	0.5505
765	6	Oranguru	1	0.5894	0.2789	0.3666	0.6169	0.0275	0.5619
765	7	Oranguru	1	0.599	0.3249	0.2638	0.6169	0.018	0.581
765	8	Oranguru	1	0.6167	0.3499	0.2668	0.6169	0.0002	0.6165
765	9	Oranguru	1	0.6322	0.3786	0.2536	0.6169	0	0.6322
765	10	Oranguru	1	0.6494	0.3568	0.2866	0.6169	0	0.6494
765	11	Oranguru	1	0.6468	0.3108	0.2618	0.6169	0	0.6468
765	12	Oranguru	1	0.5964	0.3418	0.2284	0.6169	0.0205	0.5759
765	13	Oranguru	1	0.6311	0.3344	0.2034	0.6169	0	0.6311
765	14	Oranguru	1	0.6199	0.3534	0.1931	0.6169	0	0.6199
765	15	Oranguru	1	0.6179	0.3549	0.1832	0.6169	0	0.6179
765	16	Oranguru	1	0.5939	0.3243	0.1892	0.6169	0.0231	0.5708
765	17	Oranguru	1	0.6176	0.3288	0.2243	0.6169	0	0.6176
765	18	Oranguru	1	0.5641	0.348	0.1723	0.6169	0.0528	0.5113
765	19	Oranguru	1	0.6172	0.343	0.2178	0.6169	0	0.6172
766	4	Passimian	1	0.5916	0.465	0.0735	0.5868	0	0.5916
766	5	Passimian	1	0.5528	0.4198	-0.0096	0.5868	0.0341	0.5187
766	6	Passimian	1	0.5821	0.4118	0.0916	0.5868	0.0048	0.5773
766	7	Passimian	1	0.6608	0.4464	0.1372	0.5868	0	0.6608
766	8	Passimian	1	0.6299	0.3788	0.1309	0.5868	0	0.6299
766	9	Passimian	1	0.6407	0.4314	0.1169	0.5868	0	0.6407
766	10	Passimian	1	0.6364	0.4142	0.1213	0.5868	0	0.6364
766	11	Passimian	1	0.6044	0.4134	0.077	0.5868	0	0.6044
766	12	Passimian	1	0.5968	0.4082	0.1102	0.5868	0	0.5968
766	13	Passimian	1	0.5691	0.405	0.0564	0.5868	0.0177	0.5514
766	14	Passimian	1	0.6111	0.4159	0.0869	0.5868	0	0.6111
766	15	Passimian	1	0.4949	0.3421	-0.0401	0.5868	0.0919	0.403
766	16	Passimian	1	0.5551	0.4001	0.0549	0.5868	0.0317	0.5234
766	17	Passimian	1	0.5386	0.3219	0.0245	0.5868	0.0483	0.4903
766	18	Passimian	1	0.5501	0.3225	0.0698	0.5868	0.0367	0.5134
766	19	Passimian	1	0.5757	0.3685	0.079	0.5868	0.0111	0.5646
767	1	Wimpod	1	0.3657	0.2273	0.1384	0.5728	0.2071	0.1586
767	2	Wimpod	1	0.3139	0.1719	-0.0861	0.5728	0.2589	0.055
767	3	Golisopod	2	0.5175	0.385	-0.0262	0.5728	0.0553	0.4622
767	4	Golisopod	2	0.4985	0.4634	0.0351	0.5728	0.0743	0.4242
767	5	Golisopod	2	0.501	0.4085	-0.004	0.5728	0.0718	0.4292
767	6	Golisopod	2	0.4945	0.3318	-0.0089	0.5728	0.0783	0.4162
767	7	Golisopod	2	0.649	0.4433	0.1254	0.5728	0	0.649
767	8	Golisopod	2	0.5728	0.3961	0.0738	0.5728	0	0.5728
767	9	Golisopod	2	0.6619	0.3968	0.1381	0.5728	0	0.6619
767	10	Golisopod	2	0.6572	0.4046	0.1421	0.5728	0	0.6572
767	11	Golisopod	2	0.5625	0.4048	0.0351	0.5728	0.0103	0.5522
767	12	Golisopod	2	0.5362	0.2909	0.0496	0.5728	0.0366	0.4996
767	13	Golisopod	2	0.6406	0.3757	0.1279	0.5728	0	0.6406
767	14	Golisopod	2	0.6561	0.3752	0.1319	0.5728	0	0.6561
767	15	Golisopod	2	0.59	0.435	0.055	0.5728	0	0.59
767	16	Golisopod	2	0.577	0.3737	0.0768	0.5728	0	0.577
767	17	Golisopod	2	0.6229	0.3815	0.1088	0.5728	0	0.6229
767	18	Golisopod	2	0.5182	0.3408	0.0379	0.5728	0.0546	0.4636
767	19	Golisopod	2	0.5845	0.3623	0.0878	0.5728	0	0.5845
769	1	Sandygast	1	0.6813	0.4707	0.1088	0.5336	0	0.6813
769	2	Sandygast	1	0.4814	0.3543	0.16	0.5336	0.0522	0.4292
769	3	Sandygast	1	0.5555	0.3879	0.223	0.5336	0	0.5555
769	4	Sandygast	1	0.5188	0.3364	0.2433	0.5336	0.0148	0.504
769	5	Sandygast	1	0.52	0.347	0.2492	0.5336	0.0136	0.5064
769	6	Sandygast	1	0.4542	0.3334	0.015	0.5336	0.0794	0.3748
769	7	Palossand	2	0.5979	0.3858	0.1136	0.5336	0	0.5979
769	8	Palossand	2	0.4952	0.3678	-0.004	0.5336	0.0384	0.4568
769	9	Palossand	2	0.5647	0.4618	0.1086	0.5336	0	0.5647
769	10	Palossand	2	0.5806	0.4501	0.1794	0.5336	0	0.5806
769	11	Palossand	2	0.4806	0.4574	0.0309	0.5336	0.053	0.4276
769	12	Palossand	2	0.5363	0.3943	0.0953	0.5336	0	0.5363
769	13	Palossand	2	0.5336	0.4037	0.0547	0.5336	0	0.5336
769	14	Palossand	2	0.5601	0.44	0.1201	0.5336	0	0.5601
769	15	Palossand	2	0.5394	0.4149	0.0814	0.5336	0	0.5394
769	16	Palossand	2	0.5204	0.3853	0.1149	0.5336	0.0132	0.5072
769	17	Palossand	2	0.5181	0.3957	0.093	0.5336	0.0155	0.5026
769	18	Palossand	2	0.5498	0.4643	0.0782	0.5336	0	0.5498
769	19	Palossand	2	0.4904	0.4039	0.0625	0.5336	0.0432	0.4472
77	2	Ponyta	1	0.5371	0.4281	0.0505	0.5998	0.0627	0.4744
77	3	Ponyta	1	0.498	0.424	0.0172	0.5998	0.1018	0.3962
77	4	Rapidash	2	0.4881	0.462	-0.131	0.5998	0.1117	0.3764
77	5	Rapidash	2	0.5467	0.4799	-0.0131	0.5998	0.0531	0.4936
77	6	Rapidash	2	0.7159	0.4776	0.2254	0.5998	0	0.7159
77	7	Rapidash	2	0.551	0.3948	0.0274	0.5998	0.0488	0.5022
77	8	Rapidash	2	0.5716	0.4008	0.0726	0.5998	0.0282	0.5434
77	9	Rapidash	2	0.6287	0.4363	0.1049	0.5998	0	0.6287
77	10	Rapidash	2	0.5728	0.3656	0.0577	0.5998	0.027	0.5458
77	11	Rapidash	2	0.6107	0.3682	0.0833	0.5998	0	0.6107
77	12	Rapidash	2	0.6022	0.4195	0.1156	0.5998	0	0.6022
77	13	Rapidash	2	0.602	0.3869	0.0893	0.5998	0	0.602
77	14	Rapidash	2	0.6156	0.3657	0.0914	0.5998	0	0.6156
77	15	Rapidash	2	0.7354	0.4263	0.2004	0.5998	0	0.7354
77	16	Rapidash	2	0.5976	0.3555	0.0974	0.5998	0.0022	0.5954
77	17	Rapidash	2	0.5908	0.3422	0.0767	0.5998	0.009	0.5818
77	18	Rapidash	2	0.6105	0.3705	0.1302	0.5998	0	0.6105
77	19	Rapidash	2	0.6362	0.373	0.1395	0.5998	0	0.6362
771	1	Pyukumuku	1	0.2881	0.2499	-0.2844	0.5363	0.2482	0.0399
771	2	Pyukumuku	1	0.2217	0.2118	-0.3542	0.5363	0.3146	-0.0929
771	3	Pyukumuku	1	0.532	0.3443	0.018	0.5363	0.0043	0.5277
771	4	Pyukumuku	1	0.5363	0.4407	-0.0536	0.5363	0	0.5363
771	5	Pyukumuku	1	0.5241	0.2841	-0.0265	0.5363	0.0122	0.5119
771	6	Pyukumuku	1	0.392	0.1854	-0.1363	0.5363	0.1443	0.2477
771	7	Pyukumuku	1	0.4611	0.205	0.1008	0.5363	0.0752	0.3859
771	8	Pyukumuku	1	0.5154	0.2163	0.1645	0.5363	0.0209	0.4945
771	9	Pyukumuku	1	0.5197	0.2445	0.2752	0.5363	0.0166	0.5031
771	10	Pyukumuku	1	0.5428	0.2457	0.2971	0.5363	0	0.5428
771	11	Pyukumuku	1	0.5547	0.301	0.2537	0.5363	0	0.5547
771	12	Pyukumuku	1	0.549	0.2059	0.2052	0.5363	0	0.549
771	13	Pyukumuku	1	0.5583	0.3059	0.1714	0.5363	0	0.5583
771	14	Pyukumuku	1	0.5734	0.2376	0.1755	0.5363	0	0.5734
771	15	Pyukumuku	1	0.6072	0.2294	0.2179	0.5363	0	0.6072
771	16	Pyukumuku	1	0.5048	0.2174	0.1526	0.5363	0.0315	0.4733
771	17	Pyukumuku	1	0.5442	0.2386	0.2167	0.5363	0	0.5442
771	18	Pyukumuku	1	0.5471	0.1999	0.2038	0.5363	0	0.5471
771	19	Pyukumuku	1	0.5669	0.2808	0.2045	0.5363	0	0.5669
772	3	Type: Null	1	0.3933	0.3242	-0.0937	0.6387	0.2454	0.1479
772	4	Silvally-Normal	2	0.4815	0.4423	-0.1376	0.6387	0.1572	0.3243
772	5	Silvally-Normal	2	0.4664	0.4391	-0.0934	0.6387	0.1723	0.2941
772	6	Silvally-Normal	2	0.6983	0.4032	0.2149	0.6387	0	0.6983
772	7	Silvally-Normal	2	0.6122	0.3407	0.1242	0.6387	0.0265	0.5857
772	8	Silvally-Normal	2	0.7122	0.3557	0.2815	0.6387	0	0.7122
772	9	Silvally-Normal	2	0.7381	0.3568	0.2784	0.6387	0	0.7381
772	10	Silvally-Normal	2	0.6952	0.328	0.2295	0.6387	0	0.6952
772	11	Silvally-Normal	2	0.7271	0.3416	0.24	0.6387	0	0.7271
772	12	Silvally-Normal	2	0.6357	0.3414	0.1942	0.6387	0.003	0.6327
772	13	Silvally-Normal	2	0.6345	0.3664	0.1913	0.6387	0.0042	0.6303
772	14	Silvally-Normal	2	0.6387	0.3586	0.2396	0.6387	0	0.6387
772	15	Silvally-Normal	2	0.6579	0.3567	0.2094	0.6387	0	0.6579
772	16	Silvally-Normal	2	0.6348	0.344	0.2187	0.6387	0.0039	0.6309
772	17	Silvally-Normal	2	0.6881	0.3461	0.2904	0.6387	0	0.6881
772	18	Silvally-Normal	2	0.6212	0.3191	0.1785	0.6387	0.0175	0.6037
772	19	Silvally-Normal	2	0.642	0.338	0.1979	0.6387	0	0.642
774	3	Minior-Meteor-Red	1	0.4132	0.3308	-0.0738	0.6584	0.2452	0.168
774	4	Minior-Meteor-Red	1	0.435	0.4316	-0.0953	0.6584	0.2234	0.2116
774	5	Minior-Meteor-Red	1	0.5661	0.3171	0.0845	0.6584	0.0923	0.4738
774	6	Minior-Meteor-Red	1	0.6394	0.2949	0.1857	0.6584	0.019	0.6204
774	7	Minior-Meteor-Red	1	0.7129	0.3079	0.3023	0.6584	0	0.7129
774	8	Minior-Meteor-Red	1	0.6979	0.311	0.2811	0.6584	0	0.6979
774	9	Minior-Meteor-Red	1	0.6647	0.3428	0.2523	0.6584	0	0.6647
774	10	Minior-Meteor-Red	1	0.7347	0.3588	0.3451	0.6584	0	0.7347
774	11	Minior-Meteor-Red	1	0.6951	0.329	0.2629	0.6584	0	0.6951
774	12	Minior-Meteor-Red	1	0.6977	0.3194	0.3282	0.6584	0	0.6977
774	13	Minior-Meteor-Red	1	0.7071	0.3228	0.2643	0.6584	0	0.7071
774	14	Minior-Meteor-Red	1	0.5702	0.2676	0.1498	0.6584	0.0882	0.482
774	15	Minior-Meteor-Red	1	0.6755	0.3594	0.1955	0.6584	0	0.6755
774	16	Minior-Meteor-Red	1	0.6509	0.3348	0.2473	0.6584	0.0075	0.6434
774	17	Minior-Meteor-Red	1	0.6017	0.2597	0.1676	0.6584	0.0567	0.545
774	18	Minior-Meteor-Red	1	0.6468	0.3109	0.2312	0.6584	0.0116	0.6352
774	19	Minior-Meteor-Red	1	0.6584	0.3089	0.2667	0.6584	0	0.6584
775	3	Komala	1	0.5857	0.3933	0.1233	0.5743	0	0.5857
775	4	Komala	1	0.6095	0.4384	0.0962	0.5743	0	0.6095
775	5	Komala	1	0.5783	0.4343	0.103	0.5743	0	0.5783
775	6	Komala	1	0.6654	0.4583	0.182	0.5743	0	0.6654
775	7	Komala	1	0.5743	0.4277	0.0507	0.5743	0	0.5743
775	8	Komala	1	0.5822	0.3818	0.0832	0.5743	0	0.5822
775	9	Komala	1	0.5429	0.4129	0.0191	0.5743	0.0314	0.5115
775	10	Komala	1	0.5037	0.387	-0.0114	0.5743	0.0706	0.4331
775	11	Komala	1	0.5856	0.4004	0.0582	0.5743	0	0.5856
775	12	Komala	1	0.5566	0.3713	0.07	0.5743	0.0177	0.5389
775	13	Komala	1	0.6247	0.4479	0.112	0.5743	0	0.6247
775	14	Komala	1	0.5385	0.3853	0.0143	0.5743	0.0358	0.5027
775	15	Komala	1	0.6182	0.4828	0.0832	0.5743	0	0.6182
775	16	Komala	1	0.5474	0.3723	0.0472	0.5743	0.0269	0.5205
775	17	Komala	1	0.5004	0.372	-0.0137	0.5743	0.0739	0.4265
775	18	Komala	1	0.4896	0.3904	0.0093	0.5743	0.0847	0.4049
775	19	Komala	1	0.5318	0.3785	0.0351	0.5743	0.0425	0.4893
776	3	Turtonator	1	0.4136	0.3648	-0.0807	0.5816	0.168	0.2456
776	4	Turtonator	1	0.4485	0.4249	-0.0609	0.5816	0.1331	0.3154
776	5	Turtonator	1	0.4622	0.3556	-0.0843	0.5816	0.1194	0.3428
776	6	Turtonator	1	0.7505	0.4013	0.2097	0.5816	0	0.7505
776	7	Turtonator	1	0.555	0.3017	0.0325	0.5816	0.0266	0.5284
776	8	Turtonator	1	0.6881	0.3633	0.2754	0.5816	0	0.6881
776	9	Turtonator	1	0.6361	0.4137	0.2234	0.5816	0	0.6361
776	10	Turtonator	1	0.6437	0.3604	0.1275	0.5816	0	0.6437
776	11	Turtonator	1	0.66	0.3862	0.1864	0.5816	0	0.66
776	12	Turtonator	1	0.5095	0.3566	0.0994	0.5816	0.0721	0.4374
776	13	Turtonator	1	0.5821	0.3624	0.1816	0.5816	0	0.5821
776	14	Turtonator	1	0.6485	0.3802	0.2161	0.5816	0	0.6485
776	15	Turtonator	1	0.6927	0.3889	0.2658	0.5816	0	0.6927
776	16	Turtonator	1	0.5168	0.3326	0.1121	0.5816	0.0648	0.452
776	17	Turtonator	1	0.4902	0.2974	0.0969	0.5816	0.0914	0.3988
776	18	Turtonator	1	0.5025	0.3331	0.1107	0.5816	0.0791	0.4234
776	19	Turtonator	1	0.5816	0.3352	0.1822	0.5816	0	0.5816
777	3	Togedemaru	1	0.4617	0.3638	-0.0713	0.5678	0.1061	0.3556
777	4	Togedemaru	1	0.6291	0.4348	0.1158	0.5678	0	0.6291
777	5	Togedemaru	1	0.6415	0.4674	0.1662	0.5678	0	0.6415
777	6	Togedemaru	1	0.7358	0.3847	0.2524	0.5678	0	0.7358
777	7	Togedemaru	1	0.5128	0.296	0.0159	0.5678	0.055	0.4578
777	8	Togedemaru	1	0.471	0.2542	-0.0075	0.5678	0.0968	0.3742
777	9	Togedemaru	1	0.5678	0.3457	0.088	0.5678	0	0.5678
777	10	Togedemaru	1	0.4664	0.278	-0.0191	0.5678	0.1014	0.365
777	11	Togedemaru	1	0.5503	0.3391	0.0334	0.5678	0.0175	0.5328
777	12	Togedemaru	1	0.5681	0.306	0.102	0.5678	0	0.5681
777	13	Togedemaru	1	0.6622	0.3419	0.1911	0.5678	0	0.6622
777	14	Togedemaru	1	0.5915	0.3546	0.0865	0.5678	0	0.5915
777	15	Togedemaru	1	0.6336	0.3776	0.131	0.5678	0	0.6336
777	16	Togedemaru	1	0.4834	0.2785	0.0152	0.5678	0.0844	0.399
777	17	Togedemaru	1	0.5876	0.3021	0.145	0.5678	0	0.5876
777	18	Togedemaru	1	0.5624	0.3051	0.1252	0.5678	0.0054	0.557
777	19	Togedemaru	1	0.5454	0.294	0.0964	0.5678	0.0224	0.523
778	4	Mimikyu-Disguised	1	0.5069	0.4562	-0.1122	0.6041	0.0972	0.4097
778	5	Mimikyu-Disguised	1	0.4998	0.4256	-0.06	0.6041	0.1043	0.3955
778	6	Mimikyu-Disguised	1	0.6544	0.3284	0.171	0.6041	0	0.6544
778	7	Mimikyu-Disguised	1	0.6558	0.4116	0.1589	0.6041	0	0.6558
778	8	Mimikyu-Disguised	1	0.625	0.3994	0.126	0.6041	0	0.625
778	9	Mimikyu-Disguised	1	0.5836	0.3694	0.0598	0.6041	0.0205	0.5631
778	10	Mimikyu-Disguised	1	0.6169	0.421	0.1018	0.6041	0	0.6169
778	11	Mimikyu-Disguised	1	0.6937	0.4248	0.1663	0.6041	0	0.6937
778	12	Mimikyu-Disguised	1	0.5125	0.345	0.0259	0.6041	0.0917	0.4208
778	13	Mimikyu-Disguised	1	0.6813	0.4249	0.1686	0.6041	0	0.6813
778	14	Mimikyu-Disguised	1	0.6942	0.3934	0.17	0.6041	0	0.6942
778	15	Mimikyu-Disguised	1	0.6487	0.4155	0.1137	0.6041	0	0.6487
778	16	Mimikyu-Disguised	1	0.5914	0.3779	0.0912	0.6041	0.0127	0.5787
778	17	Mimikyu-Disguised	1	0.537	0.338	0.0229	0.6041	0.0671	0.4699
778	18	Mimikyu-Disguised	1	0.5664	0.3514	0.0861	0.6041	0.0377	0.5287
778	19	Mimikyu-Disguised	1	0.5537	0.3488	0.057	0.6041	0.0504	0.5033
779	1	Bruxish	1	0.566	0.533	-0.0065	0.5535	0	0.566
779	2	Bruxish	1	0.5268	0.4629	0.002	0.5535	0.0267	0.5001
779	3	Bruxish	1	0.5224	0.4307	-0.0106	0.5535	0.0311	0.4913
779	4	Bruxish	1	0.4778	0.4002	-0.1413	0.5535	0.0757	0.4021
779	5	Bruxish	1	0.5002	0.4286	-0.0596	0.5535	0.0533	0.4469
779	6	Bruxish	1	0.5246	0.2813	0.0908	0.5535	0.0289	0.4957
779	7	Bruxish	1	0.6111	0.4467	0.0875	0.5535	0	0.6111
779	8	Bruxish	1	0.5433	0.3987	0.0443	0.5535	0.0102	0.5331
779	9	Bruxish	1	0.5625	0.3563	0.0387	0.5535	0	0.5625
779	10	Bruxish	1	0.5554	0.3384	0.0403	0.5535	0	0.5554
779	11	Bruxish	1	0.5168	0.3045	-0.0106	0.5535	0.0367	0.4801
779	12	Bruxish	1	0.5596	0.3178	0.073	0.5535	0	0.5596
779	13	Bruxish	1	0.6016	0.3541	0.0889	0.5535	0	0.6016
779	14	Bruxish	1	0.5154	0.3081	-0.0088	0.5535	0.0381	0.4773
779	15	Bruxish	1	0.6168	0.3607	0.0818	0.5535	0	0.6168
779	16	Bruxish	1	0.5806	0.3584	0.0804	0.5535	0	0.5806
779	17	Bruxish	1	0.6349	0.3731	0.1208	0.5535	0	0.6349
779	18	Bruxish	1	0.5364	0.339	0.0561	0.5535	0.0171	0.5193
779	19	Bruxish	1	0.5535	0.3386	0.0568	0.5535	0	0.5535
780	4	Drampa	1	0.6185	0.5257	0.1551	0.6254	0.0069	0.6116
780	5	Drampa	1	0.5038	0.4227	-0.0427	0.6254	0.1216	0.3822
780	6	Drampa	1	0.6365	0.3605	0.1331	0.6254	0	0.6365
780	7	Drampa	1	0.6418	0.3849	0.1575	0.6254	0	0.6418
780	8	Drampa	1	0.6635	0.4545	0.1643	0.6254	0	0.6635
780	9	Drampa	1	0.6641	0.4008	0.208	0.6254	0	0.6641
780	10	Drampa	1	0.6199	0.3395	0.2187	0.6254	0.0055	0.6144
780	11	Drampa	1	0.6405	0.3946	0.1908	0.6254	0	0.6405
780	12	Drampa	1	0.6231	0.321	0.1821	0.6254	0.0023	0.6208
780	13	Drampa	1	0.6741	0.3411	0.1952	0.6254	0	0.6741
780	14	Drampa	1	0.6277	0.3491	0.1877	0.6254	0	0.6277
780	15	Drampa	1	0.5928	0.3076	0.1348	0.6254	0.0326	0.5602
780	16	Drampa	1	0.6504	0.3486	0.2449	0.6254	0	0.6504
780	17	Drampa	1	0.531	0.2705	0.1059	0.6254	0.0944	0.4366
780	18	Drampa	1	0.5573	0.3639	0.0857	0.6254	0.0681	0.4892
780	19	Drampa	1	0.6006	0.3649	0.1727	0.6254	0.0248	0.5758
781	7	Dhelmise	1	0.566	0.3651	0.0424	0.5645	0	0.566
781	8	Dhelmise	1	0.4682	0.339	-0.0308	0.5645	0.0963	0.3719
781	9	Dhelmise	1	0.6129	0.4159	0.0891	0.5645	0	0.6129
781	10	Dhelmise	1	0.626	0.4209	0.1109	0.5645	0	0.626
781	11	Dhelmise	1	0.5645	0.4024	0.0371	0.5645	0	0.5645
781	12	Dhelmise	1	0.5695	0.3741	0.0829	0.5645	0	0.5695
781	13	Dhelmise	1	0.563	0.3901	0.0503	0.5645	0.0015	0.5615
781	14	Dhelmise	1	0.5441	0.4098	0.0199	0.5645	0.0204	0.5237
781	15	Dhelmise	1	0.6501	0.4382	0.1151	0.5645	0	0.6501
781	16	Dhelmise	1	0.4906	0.3594	-0.0096	0.5645	0.0739	0.4167
781	17	Dhelmise	1	0.6273	0.4323	0.1132	0.5645	0	0.6273
781	18	Dhelmise	1	0.537	0.371	0.0567	0.5645	0.0275	0.5095
781	19	Dhelmise	1	0.5183	0.3532	0.0216	0.5645	0.0462	0.4721
782	1	Jangmo-o-Jangmo-O	1	0.4183	0.3807	-0.2072	0.55	0.1317	0.2866
782	2	Jangmo-o-Jangmo-O	1	0.4034	0.2711	-0.0012	0.55	0.1466	0.2568
782	3	Jangmo-o-Jangmo-O	1	0.4076	0.2629	-0.0794	0.55	0.1424	0.2652
782	4	Jangmo-o-Jangmo-O	1	0.3638	0.2632	-0.1665	0.55	0.1862	0.1776
782	5	Jangmo-o-Jangmo-O	1	0.3676	0.2018	-0.114	0.55	0.1824	0.1852
782	6	Jangmo-o-Jangmo-O	1	0.4056	0.2115	-0.0481	0.55	0.1444	0.2612
782	7	Kommo-o-Kommo-O-Totem	3	0.688	0.4429	0.1644	0.55	0	0.688
782	8	Kommo-o-Kommo-O	3	0.6826	0.4166	0.1836	0.55	0	0.6826
782	9	Kommo-o-Kommo-O	3	0.6355	0.4078	0.1117	0.55	0	0.6355
782	10	Kommo-o-Kommo-O	3	0.5851	0.3434	0.07	0.55	0	0.5851
782	11	Kommo-o-Kommo-O	3	0.6117	0.3698	0.0843	0.55	0	0.6117
782	12	Kommo-o-Kommo-O	3	0.5127	0.3532	0.0261	0.55	0.0373	0.4754
782	13	Kommo-o-Kommo-O	3	0.5538	0.3814	0.0411	0.55	0	0.5538
782	14	Kommo-o-Kommo-O	3	0.6754	0.3791	0.1512	0.55	0	0.6754
782	15	Kommo-o-Kommo-O	3	0.4929	0.2798	-0.0421	0.55	0.0571	0.4358
782	16	Kommo-o-Kommo-O	3	0.6323	0.3919	0.1321	0.55	0	0.6323
782	17	Kommo-o-Kommo-O	3	0.4313	0.214	-0.0828	0.55	0.1187	0.3126
782	18	Kommo-o-Kommo-O	3	0.55	0.325	0.0697	0.55	0	0.55
782	19	Kommo-o-Kommo-O	3	0.5515	0.332	0.0548	0.55	0	0.5515
785	13	Tapu Koko-Tapu-Koko	1	0.7198	0.4285	0.2487	0.6932	0	0.7198
785	14	Tapu Koko-Tapu-Koko	1	0.7735	0.495	0.2685	0.6932	0	0.7735
785	15	Tapu Koko-Tapu-Koko	1	0.7949	0.4275	0.2923	0.6932	0	0.7949
785	16	Tapu Koko-Tapu-Koko	1	0.6653	0.428	0.1971	0.6932	0.0279	0.6374
785	17	Tapu Koko-Tapu-Koko	1	0.6534	0.3772	0.2108	0.6932	0.0398	0.6136
785	18	Tapu Koko-Tapu-Koko	1	0.6829	0.4157	0.2457	0.6932	0.0103	0.6726
785	19	Tapu Koko-Tapu-Koko	1	0.6932	0.4411	0.2442	0.6932	0	0.6932
786	13	Tapu Lele-Tapu-Lele	1	0.6671	0.3873	0.1054	0.6459	0	0.6671
786	14	Tapu Lele-Tapu-Lele	1	0.6767	0.3905	0.1312	0.6459	0	0.6767
786	15	Tapu Lele-Tapu-Lele	1	0.6511	0.3735	0.113	0.6459	0	0.6511
786	16	Tapu Lele-Tapu-Lele	1	0.6376	0.399	0.0996	0.6459	0.0083	0.6293
786	17	Tapu Lele-Tapu-Lele	1	0.5944	0.3162	0.0951	0.6459	0.0515	0.5429
786	18	Tapu Lele-Tapu-Lele	1	0.6391	0.3605	0.1347	0.6459	0.0068	0.6323
786	19	Tapu Lele-Tapu-Lele	1	0.6459	0.3578	0.1369	0.6459	0	0.6459
787	13	Tapu Bulu-Tapu-Bulu	1	0.6307	0.421	0.118	0.6173	0	0.6307
787	14	Tapu Bulu-Tapu-Bulu	1	0.6173	0.4196	0.0931	0.6173	0	0.6173
787	15	Tapu Bulu-Tapu-Bulu	1	0.6708	0.4451	0.1358	0.6173	0	0.6708
787	16	Tapu Bulu-Tapu-Bulu	1	0.6141	0.4066	0.1139	0.6173	0.0032	0.6109
787	17	Tapu Bulu-Tapu-Bulu	1	0.6307	0.4102	0.1166	0.6173	0	0.6307
787	18	Tapu Bulu-Tapu-Bulu	1	0.5963	0.3477	0.116	0.6173	0.021	0.5753
787	19	Tapu Bulu-Tapu-Bulu	1	0.5817	0.3596	0.085	0.6173	0.0356	0.5461
788	13	Tapu Fini-Tapu-Fini	1	0.6962	0.4277	0.2685	0.6867	0	0.6962
788	14	Tapu Fini-Tapu-Fini	1	0.6634	0.3733	0.2643	0.6867	0.0233	0.6401
788	15	Tapu Fini-Tapu-Fini	1	0.6532	0.3631	0.2185	0.6867	0.0335	0.6197
788	16	Tapu Fini-Tapu-Fini	1	0.6895	0.4161	0.2734	0.6867	0	0.6895
788	17	Tapu Fini-Tapu-Fini	1	0.6867	0.38	0.2934	0.6867	0	0.6867
788	18	Tapu Fini-Tapu-Fini	1	0.6404	0.3446	0.2486	0.6867	0.0463	0.5941
788	19	Tapu Fini-Tapu-Fini	1	0.71	0.3964	0.2659	0.6867	0	0.71
789	7	Cosmoem	2	0.2024	0.1752	-0.286	0.6773	0.4749	-0.2725
789	8	Cosmoem	2	0.2053	0.172	-0.2655	0.6773	0.472	-0.2667
789	9	Cosmoem	2	0.215	0.1833	-0.3348	0.6773	0.4623	-0.2473
789	10	Cosmoem	2	0.2054	0.1742	-0.2804	0.6773	0.4719	-0.2665
789	11	Solgaleo	3	0.6954	0.5145	0.1967	0.6773	0	0.6954
789	12	Solgaleo	3	0.6994	0.5317	0.2406	0.6773	0	0.6994
789	13	Solgaleo	3	0.7013	0.5443	0.238	0.6773	0	0.7013
789	14	Solgaleo	3	0.7242	0.4189	0.2438	0.6773	0	0.7242
789	15	Lunala	3	0.6374	0.5342	0.0993	0.6773	0.0399	0.5975
789	16	Lunala	3	0.6957	0.5465	0.1577	0.6773	0	0.6957
789	17	Lunala	3	0.6773	0.5983	0.178	0.6773	0	0.6773
789	18	Solgaleo	3	0.7038	0.4506	0.2532	0.6773	0	0.7038
789	19	Solgaleo	3	0.6632	0.4368	0.2264	0.6773	0.0141	0.6491
79	1	Slowking	2	0.6686	0.6255	0.3037	0.7256	0.057	0.6116
79	2	Slowking	2	0.7457	0.6804	0.3652	0.7256	0	0.7457
79	3	Slowking	2	0.7541	0.6995	0.4819	0.7256	0	0.7541
79	4	Slowking	2	0.6225	0.4757	0.0189	0.7256	0.1031	0.5194
79	5	Slowking	2	0.711	0.4972	0.2138	0.7256	0.0146	0.6964
79	6	Slowking	2	0.6713	0.4317	0.2396	0.7256	0.0543	0.617
79	7	Slowking	2	0.7793	0.4884	0.2909	0.7256	0	0.7793
79	8	Slowking	2	0.6989	0.5464	0.2281	0.7256	0.0267	0.6722
79	9	Slowbro	2	0.7256	0.5203	0.1758	0.7256	0	0.7256
79	10	Slowbro	2	0.7486	0.4812	0.2628	0.7256	0	0.7486
79	11	Slowking	2	0.72	0.4459	0.2518	0.7256	0.0056	0.7144
79	12	Slowbro	2	0.7413	0.4367	0.2793	0.7256	0	0.7413
79	13	Slowbro	2	0.7491	0.4641	0.2329	0.7256	0	0.7491
79	14	Slowbro	2	0.7413	0.3852	0.2714	0.7256	0	0.7413
79	15	Slowking	2	0.7	0.4987	0.1746	0.7256	0.0256	0.6744
79	16	Slowking	2	0.7246	0.4397	0.2678	0.7256	0.001	0.7236
79	17	Slowking	2	0.7429	0.5282	0.2147	0.7256	0	0.7429
79	18	Slowking	2	0.745	0.4474	0.2677	0.7256	0	0.745
79	19	Slowbro	2	0.7122	0.5266	0.1856	0.7256	0.0134	0.6988
793	1	Nihilego	1	0.3282	0.3067	-0.2744	0.5884	0.2602	0.068
793	2	Nihilego	1	0.5012	0.4363	-0.0236	0.5884	0.0872	0.414
793	3	Nihilego	1	0.4965	0.3711	-0.0365	0.5884	0.0919	0.4046
793	4	Nihilego	1	0.5576	0.4231	0.0273	0.5884	0.0308	0.5268
793	5	Nihilego	1	0.5093	0.4441	0.0277	0.5884	0.0791	0.4302
793	6	Nihilego	1	0.6773	0.3868	0.2772	0.5884	0	0.6773
793	7	Nihilego	1	0.6076	0.3805	0.228	0.5884	0	0.6076
793	8	Nihilego	1	0.6638	0.3782	0.3384	0.5884	0	0.6638
793	9	Nihilego	1	0.5803	0.3423	0.238	0.5884	0.0081	0.5722
793	10	Nihilego	1	0.5673	0.3285	0.2388	0.5884	0.0211	0.5462
793	11	Nihilego	1	0.613	0.3145	0.2985	0.5884	0	0.613
793	12	Nihilego	1	0.5662	0.3485	0.2177	0.5884	0.0222	0.544
793	13	Nihilego	1	0.6884	0.3979	0.2994	0.5884	0	0.6884
793	14	Nihilego	1	0.6369	0.3348	0.3021	0.5884	0	0.6369
793	15	Nihilego	1	0.6076	0.3909	0.2167	0.5884	0	0.6076
793	16	Nihilego	1	0.5884	0.3468	0.2424	0.5884	0	0.5884
793	17	Nihilego	1	0.5592	0.2852	0.274	0.5884	0.0292	0.53
793	18	Nihilego	1	0.6491	0.3664	0.3041	0.5884	0	0.6491
793	19	Nihilego	1	0.6317	0.3259	0.3058	0.5884	0	0.6317
794	1	Buzzwole	1	0.5757	0.5307	0.0032	0.5391	0	0.5757
794	2	Buzzwole	1	0.5073	0.4601	0.0037	0.5391	0.0318	0.4755
794	3	Buzzwole	1	0.526	0.4943	0.0317	0.5391	0.0131	0.5129
794	4	Buzzwole	1	0.6418	0.5259	0.0052	0.5391	0	0.6418
794	5	Buzzwole	1	0.5314	0.4402	-0.0042	0.5391	0.0077	0.5237
794	6	Buzzwole	1	0.5982	0.3716	0.1148	0.5391	0	0.5982
794	7	Buzzwole	1	0.583	0.4346	0.0861	0.5391	0	0.583
794	8	Buzzwole	1	0.5244	0.3308	0.0459	0.5391	0.0147	0.5097
794	9	Buzzwole	1	0.608	0.446	0.1282	0.5391	0	0.608
794	10	Buzzwole	1	0.5912	0.4269	0.1057	0.5391	0	0.5912
794	11	Buzzwole	1	0.5798	0.4393	0.0629	0.5391	0	0.5798
794	12	Buzzwole	1	0.5485	0.4087	0.0824	0.5391	0	0.5485
794	13	Buzzwole	1	0.5282	0.4171	0.0571	0.5391	0.0109	0.5173
794	14	Buzzwole	1	0.6543	0.4513	0.1493	0.5391	0	0.6543
794	15	Buzzwole	1	0.503	0.3853	0.0004	0.5391	0.0361	0.4669
794	16	Buzzwole	1	0.5391	0.4068	0.0709	0.5391	0	0.5391
794	17	Buzzwole	1	0.5022	0.3419	0.0596	0.5391	0.0369	0.4653
794	18	Buzzwole	1	0.4701	0.364	0.0329	0.5391	0.069	0.4011
794	19	Buzzwole	1	0.5071	0.3849	0.0581	0.5391	0.032	0.4751
795	1	Pheromosa	1	0.5132	0.4714	-0.0894	0.5505	0.0373	0.4759
795	2	Pheromosa	1	0.469	0.4227	-0.0558	0.5505	0.0815	0.3875
795	3	Pheromosa	1	0.5133	0.4455	-0.0197	0.5505	0.0372	0.4761
795	4	Pheromosa	1	0.5673	0.5029	-0.0518	0.5505	0	0.5673
795	5	Pheromosa	1	0.5009	0.4435	-0.0661	0.5505	0.0496	0.4513
795	6	Pheromosa	1	0.5175	0.4112	-0.0031	0.5505	0.033	0.4845
795	7	Pheromosa	1	0.5527	0.4511	0.0627	0.5505	0	0.5527
795	8	Pheromosa	1	0.5016	0.3776	0.0134	0.5505	0.0489	0.4527
795	9	Pheromosa	1	0.636	0.457	0.1379	0.5505	0	0.636
795	10	Pheromosa	1	0.5562	0.4227	0.0944	0.5505	0	0.5562
795	11	Pheromosa	1	0.5586	0.3946	0.0093	0.5505	0	0.5586
795	12	Pheromosa	1	0.5655	0.4361	0.1138	0.5505	0	0.5655
795	13	Pheromosa	1	0.5914	0.3712	0.1084	0.5505	0	0.5914
795	14	Pheromosa	1	0.6331	0.4525	0.134	0.5505	0	0.6331
795	15	Pheromosa	1	0.5344	0.4535	0.0129	0.5505	0.0161	0.5183
795	16	Pheromosa	1	0.5652	0.4506	0.0873	0.5505	0	0.5652
795	17	Pheromosa	1	0.5496	0.3619	0.1071	0.5505	0.0009	0.5487
795	18	Pheromosa	1	0.5505	0.4063	0.0729	0.5505	0	0.5505
795	19	Pheromosa	1	0.5433	0.4125	0.0589	0.5505	0.0072	0.5361
796	1	Xurkitree	1	0.4493	0.4202	-0.1533	0.6483	0.199	0.2503
796	2	Xurkitree	1	0.5714	0.5329	0.0466	0.6483	0.0769	0.4945
796	3	Xurkitree	1	0.5477	0.5093	0.0147	0.6483	0.1006	0.4471
796	4	Xurkitree	1	0.5639	0.5278	-0.0552	0.6483	0.0844	0.4795
796	5	Xurkitree	1	0.6533	0.5631	0.0863	0.6483	0	0.6533
796	6	Xurkitree	1	0.7373	0.43	0.2167	0.6483	0	0.7373
796	7	Xurkitree	1	0.6658	0.4576	0.1758	0.6483	0	0.6658
796	8	Xurkitree	1	0.6583	0.4329	0.1701	0.6483	0	0.6583
796	9	Xurkitree	1	0.6909	0.4616	0.1928	0.6483	0	0.6909
796	10	Xurkitree	1	0.6447	0.4118	0.1829	0.6483	0.0036	0.6411
796	11	Xurkitree	1	0.7114	0.4741	0.1621	0.6483	0	0.7114
796	12	Xurkitree	1	0.6254	0.387	0.1737	0.6483	0.0229	0.6025
796	13	Xurkitree	1	0.7212	0.483	0.2382	0.6483	0	0.7212
796	14	Xurkitree	1	0.7552	0.4812	0.2561	0.6483	0	0.7552
796	15	Xurkitree	1	0.6802	0.4584	0.1587	0.6483	0	0.6802
796	16	Xurkitree	1	0.6192	0.4358	0.1413	0.6483	0.0291	0.5901
796	17	Xurkitree	1	0.6027	0.4134	0.1602	0.6483	0.0456	0.5571
796	18	Xurkitree	1	0.6325	0.4297	0.1549	0.6483	0.0158	0.6167
796	19	Xurkitree	1	0.6483	0.4294	0.1639	0.6483	0	0.6483
797	1	Celesteela	1	0.6309	0.5508	0.0584	0.6041	0	0.6309
797	2	Celesteela	1	0.5655	0.4868	0.0619	0.6041	0.0386	0.5269
797	3	Celesteela	1	0.5683	0.4609	0.1074	0.6041	0.0358	0.5325
797	4	Celesteela	1	0.6006	0.5071	0.0912	0.6041	0.0035	0.5971
797	5	Celesteela	1	0.6165	0.4677	0.1251	0.6041	0	0.6165
797	6	Celesteela	1	0.5554	0.2922	0.0146	0.6041	0.0487	0.5067
797	7	Celesteela	1	0.6041	0.4146	0.1141	0.6041	0	0.6041
797	8	Celesteela	1	0.4992	0.3131	0.011	0.6041	0.1049	0.3943
797	9	Celesteela	1	0.6541	0.4387	0.156	0.6041	0	0.6541
797	10	Celesteela	1	0.6992	0.4328	0.2374	0.6041	0	0.6992
797	11	Celesteela	1	0.6432	0.4142	0.0939	0.6041	0	0.6432
797	12	Celesteela	1	0.6308	0.4023	0.1791	0.6041	0	0.6308
797	13	Celesteela	1	0.6656	0.4266	0.1826	0.6041	0	0.6656
797	14	Celesteela	1	0.6029	0.3859	0.1038	0.6041	0.0012	0.6017
797	15	Celesteela	1	0.6155	0.4088	0.094	0.6041	0	0.6155
797	16	Celesteela	1	0.5221	0.3523	0.0442	0.6041	0.082	0.4401
797	17	Celesteela	1	0.6513	0.4078	0.2088	0.6041	0	0.6513
797	18	Celesteela	1	0.5787	0.3573	0.1011	0.6041	0.0254	0.5533
797	19	Celesteela	1	0.5806	0.3733	0.0962	0.6041	0.0235	0.5571
798	4	Kartana	1	0.6932	0.5624	0.0741	0.6043	0	0.6932
798	5	Kartana	1	0.7414	0.7353	0.179	0.6043	0	0.7414
798	6	Kartana	1	0.6299	0.4889	0.1394	0.6043	0	0.6299
798	7	Kartana	1	0.5429	0.4482	0.046	0.6043	0.0614	0.4815
798	8	Kartana	1	0.3915	0.3661	-0.087	0.6043	0.2128	0.1787
798	9	Kartana	1	0.6273	0.5388	0.1475	0.6043	0	0.6273
798	10	Kartana	1	0.5813	0.5155	0.0958	0.6043	0.023	0.5583
798	11	Kartana	1	0.5326	0.5169	0.0157	0.6043	0.0717	0.4609
798	12	Kartana	1	0.5531	0.452	0.087	0.6043	0.0512	0.5019
798	13	Kartana	1	0.638	0.462	0.1669	0.6043	0	0.638
798	14	Kartana	1	0.6451	0.5216	0.1401	0.6043	0	0.6451
798	15	Kartana	1	0.6651	0.5772	0.1625	0.6043	0	0.6651
798	16	Kartana	1	0.5364	0.4642	0.0682	0.6043	0.0679	0.4685
798	17	Kartana	1	0.6452	0.4546	0.2026	0.6043	0	0.6452
798	18	Kartana	1	0.4893	0.3841	0.0521	0.6043	0.115	0.3743
798	19	Kartana	1	0.5345	0.4326	0.0855	0.6043	0.0698	0.4647
799	1	Guzzlord	1	0.5644	0.5044	0.2164	0.5644	0	0.5644
799	2	Guzzlord	1	0.617	0.5073	0.2088	0.5644	0	0.617
799	3	Guzzlord	1	0.5911	0.5071	0.2025	0.5644	0	0.5911
799	4	Guzzlord	1	0.5441	0.4651	0.0807	0.5644	0.0203	0.5238
799	5	Guzzlord	1	0.5543	0.505	0.0493	0.5644	0.0101	0.5442
799	6	Guzzlord	1	0.6444	0.5034	0.141	0.5644	0	0.6444
799	7	Guzzlord	1	0.6126	0.5125	0.1283	0.5644	0	0.6126
799	8	Guzzlord	1	0.6165	0.4992	0.1173	0.5644	0	0.6165
799	9	Guzzlord	1	0.6032	0.4466	0.1471	0.5644	0	0.6032
799	10	Guzzlord	1	0.5305	0.4012	0.1293	0.5644	0.0339	0.4966
799	11	Guzzlord	1	0.5232	0.4268	0.0735	0.5644	0.0412	0.482
799	12	Guzzlord	1	0.5883	0.391	0.1473	0.5644	0	0.5883
799	13	Guzzlord	1	0.5947	0.485	0.1158	0.5644	0	0.5947
799	14	Guzzlord	1	0.552	0.4909	0.112	0.5644	0.0124	0.5396
799	15	Guzzlord	1	0.5576	0.3959	0.0996	0.5644	0.0068	0.5508
799	16	Guzzlord	1	0.5956	0.4522	0.1901	0.5644	0	0.5956
799	17	Guzzlord	1	0.3766	0.2728	-0.0485	0.5644	0.1878	0.1888
799	18	Guzzlord	1	0.5408	0.3766	0.0692	0.5644	0.0236	0.5172
799	19	Guzzlord	1	0.551	0.4279	0.1231	0.5644	0.0134	0.5376
800	7	Necrozma	1	0.6841	0.4206	0.2161	0.6639	0	0.6841
800	8	Necrozma	1	0.6639	0.4431	0.2367	0.6639	0	0.6639
800	9	Necrozma	1	0.6775	0.4895	0.1942	0.6639	0	0.6775
800	10	Necrozma	1	0.6353	0.4882	0.174	0.6639	0.0286	0.6067
800	11	Necrozma	1	0.6396	0.5016	0.1409	0.6639	0.0243	0.6153
800	12	Necrozma	1	0.6663	0.4452	0.2075	0.6639	0	0.6663
800	13	Necrozma	1	0.6645	0.4453	0.2012	0.6639	0	0.6645
800	14	Necrozma	1	0.6712	0.4105	0.1908	0.6639	0	0.6712
800	15	Necrozma	1	0.6421	0.4698	0.1351	0.6639	0.0218	0.6203
800	16	Necrozma	1	0.6611	0.4222	0.1943	0.6639	0.0028	0.6583
800	17	Necrozma	1	0.6734	0.4304	0.2418	0.6639	0	0.6734
800	18	Necrozma	1	0.6482	0.4471	0.1976	0.6639	0.0157	0.6325
800	19	Necrozma	1	0.6516	0.4349	0.2148	0.6639	0.0123	0.6393
801	9	Magearna	1	0.7401	0.3955	0.242	0.6686	0	0.7401
801	10	Magearna	1	0.6966	0.3897	0.2348	0.6686	0	0.6966
801	11	Magearna	1	0.6805	0.3273	0.1312	0.6686	0	0.6805
801	12	Magearna	1	0.7003	0.3942	0.2486	0.6686	0	0.7003
801	13	Magearna	1	0.6686	0.3954	0.1856	0.6686	0	0.6686
801	14	Magearna	1	0.699	0.4379	0.1999	0.6686	0	0.699
801	15	Magearna	1	0.634	0.4293	0.1125	0.6686	0.0346	0.5994
801	16	Magearna	1	0.5856	0.361	0.1077	0.6686	0.083	0.5026
801	17	Magearna	1	0.6348	0.356	0.1923	0.6686	0.0338	0.601
801	18	Magearna	1	0.6469	0.3542	0.1693	0.6686	0.0217	0.6252
801	19	Magearna	1	0.6656	0.3854	0.1812	0.6686	0.003	0.6626
802	7	Marshadow	1	0.7528	0.473	0.2292	0.6699	0	0.7528
802	8	Marshadow	1	0.688	0.4309	0.189	0.6699	0	0.688
802	9	Marshadow	1	0.7187	0.4473	0.1949	0.6699	0	0.7187
802	10	Marshadow	1	0.6562	0.4222	0.1411	0.6699	0.0137	0.6425
802	11	Marshadow	1	0.6937	0.4148	0.1663	0.6699	0	0.6937
802	12	Marshadow	1	0.6699	0.4498	0.1833	0.6699	0	0.6699
802	13	Marshadow	1	0.6507	0.443	0.138	0.6699	0.0192	0.6315
802	14	Marshadow	1	0.7358	0.484	0.2116	0.6699	0	0.7358
802	15	Marshadow	1	0.6717	0.4099	0.1367	0.6699	0	0.6717
802	16	Marshadow	1	0.6096	0.4538	0.1094	0.6699	0.0603	0.5493
802	17	Marshadow	1	0.5338	0.39	0.0197	0.6699	0.1361	0.3977
802	18	Marshadow	1	0.6404	0.4208	0.1601	0.6699	0.0295	0.6109
802	19	Marshadow	1	0.6271	0.4211	0.1304	0.6699	0.0428	0.5843
803	1	Naganadel	2	0.5725	0.5318	-0.0301	0.5849	0.0124	0.5601
803	2	Naganadel	2	0.5569	0.5157	0.0321	0.5849	0.028	0.5289
803	3	Naganadel	2	0.5485	0.4983	0.0155	0.5849	0.0364	0.5121
803	4	Naganadel	2	0.5729	0.5379	-0.0462	0.5849	0.012	0.5609
803	5	Naganadel	2	0.5228	0.4994	-0.037	0.5849	0.0621	0.4607
803	6	Naganadel	2	0.6859	0.4295	0.2322	0.5849	0	0.6859
803	7	Naganadel	2	0.5842	0.397	0.1736	0.5849	0.0007	0.5835
803	8	Naganadel	2	0.5897	0.4168	0.1729	0.5849	0	0.5897
803	9	Naganadel	2	0.6016	0.4124	0.1892	0.5849	0	0.6016
803	10	Naganadel	2	0.5714	0.3515	0.1818	0.5849	0.0135	0.5579
803	11	Naganadel	2	0.6387	0.3922	0.0894	0.5849	0	0.6387
803	12	Naganadel	2	0.611	0.3456	0.1593	0.5849	0	0.611
803	13	Naganadel	2	0.5849	0.3363	0.1019	0.5849	0	0.5849
803	14	Naganadel	2	0.646	0.3832	0.1469	0.5849	0	0.646
803	15	Naganadel	2	0.5858	0.2966	0.0643	0.5849	0	0.5858
803	16	Naganadel	2	0.5648	0.3439	0.0869	0.5849	0.0201	0.5447
803	17	Naganadel	2	0.5329	0.3376	0.0904	0.5849	0.052	0.4809
803	18	Naganadel	2	0.5954	0.3631	0.1178	0.5849	0	0.5954
803	19	Naganadel	2	0.6187	0.3579	0.1343	0.5849	0	0.6187
805	1	Stakataka	1	0.3972	0.348	0.0492	0.5212	0.124	0.2732
805	2	Stakataka	1	0.4762	0.3967	0.068	0.5212	0.045	0.4312
805	3	Stakataka	1	0.3756	0.3242	-0.013	0.5212	0.1456	0.23
805	4	Stakataka	1	0.5072	0.386	0.0438	0.5212	0.014	0.4932
805	5	Stakataka	1	0.4353	0.3897	-0.1003	0.5212	0.0859	0.3494
805	6	Stakataka	1	0.6954	0.4172	0.192	0.5212	0	0.6954
805	7	Stakataka	1	0.5217	0.2832	0.0374	0.5212	0	0.5217
805	8	Stakataka	1	0.5653	0.3303	0.0661	0.5212	0	0.5653
805	9	Stakataka	1	0.5635	0.3265	0.1074	0.5212	0	0.5635
805	10	Stakataka	1	0.4562	0.2789	0.055	0.5212	0.065	0.3912
805	11	Stakataka	1	0.4909	0.2957	0.0412	0.5212	0.0303	0.4606
805	12	Stakataka	1	0.6169	0.3481	0.1759	0.5212	0	0.6169
805	13	Stakataka	1	0.6782	0.4044	0.1993	0.5212	0	0.6782
805	14	Stakataka	1	0.5858	0.3128	0.1458	0.5212	0	0.5858
805	15	Stakataka	1	0.5212	0.3828	0.0632	0.5212	0	0.5212
805	16	Stakataka	1	0.4718	0.268	0.0663	0.5212	0.0494	0.4224
805	17	Stakataka	1	0.5795	0.3814	0.1544	0.5212	0	0.5795
805	18	Stakataka	1	0.5183	0.3165	0.0467	0.5212	0.0029	0.5154
805	19	Stakataka	1	0.5663	0.3315	0.1384	0.5212	0	0.5663
806	1	Blacephalon	1	0.4627	0.459	-0.1399	0.5804	0.1177	0.345
806	2	Blacephalon	1	0.5085	0.4909	-0.0163	0.5804	0.0719	0.4366
806	3	Blacephalon	1	0.5568	0.4891	0.0238	0.5804	0.0236	0.5332
806	4	Blacephalon	1	0.543	0.4787	-0.0761	0.5804	0.0374	0.5056
806	5	Blacephalon	1	0.5804	0.5592	0.0686	0.5804	0	0.5804
806	6	Blacephalon	1	0.6916	0.4187	0.171	0.5804	0	0.6916
806	7	Blacephalon	1	0.5892	0.3909	0.0992	0.5804	0	0.5892
806	8	Blacephalon	1	0.6962	0.4233	0.208	0.5804	0	0.6962
806	9	Blacephalon	1	0.6043	0.4772	0.1062	0.5804	0	0.6043
806	10	Blacephalon	1	0.5408	0.4013	0.079	0.5804	0.0396	0.5012
806	11	Blacephalon	1	0.5293	0.4276	-0.02	0.5804	0.0511	0.4782
806	12	Blacephalon	1	0.5527	0.4541	0.101	0.5804	0.0277	0.525
806	13	Blacephalon	1	0.6034	0.3879	0.1204	0.5804	0	0.6034
806	14	Blacephalon	1	0.5423	0.3581	0.0432	0.5804	0.0381	0.5042
806	15	Blacephalon	1	0.6738	0.4861	0.1523	0.5804	0	0.6738
806	16	Blacephalon	1	0.5056	0.395	0.0277	0.5804	0.0748	0.4308
806	17	Blacephalon	1	0.5846	0.3526	0.1421	0.5804	0	0.5846
806	18	Blacephalon	1	0.6644	0.398	0.1868	0.5804	0	0.6644
806	19	Blacephalon	1	0.5811	0.4014	0.0967	0.5804	0	0.5811
807	9	Zeraora	1	0.6469	0.4694	0.1671	0.6469	0	0.6469
807	10	Zeraora	1	0.5794	0.405	0.0939	0.6469	0.0675	0.5119
807	11	Zeraora	1	0.6895	0.4368	0.1726	0.6469	0	0.6895
807	12	Zeraora	1	0.6092	0.4146	0.1431	0.6469	0.0377	0.5715
807	13	Zeraora	1	0.6953	0.4329	0.2242	0.6469	0	0.6953
807	14	Zeraora	1	0.6541	0.505	0.1491	0.6469	0	0.6541
807	15	Zeraora	1	0.6752	0.4578	0.1726	0.6469	0	0.6752
807	16	Zeraora	1	0.6309	0.4573	0.1627	0.6469	0.016	0.6149
807	17	Zeraora	1	0.6571	0.4076	0.2145	0.6469	0	0.6571
807	18	Zeraora	1	0.6378	0.4372	0.2006	0.6469	0.0091	0.6287
807	19	Zeraora	1	0.6408	0.449	0.1918	0.6469	0.0061	0.6347
808	1	Meltan	1	0.209	0.209	-0.2196	0.5479	0.3389	-0.1299
808	2	Meltan	1	0.3063	0.2691	-0.088	0.5479	0.2416	0.0647
808	3	Meltan	1	0.2469	0.1972	-0.1203	0.5479	0.301	-0.0541
808	4	Meltan	1	0.3169	0.2643	-0.0829	0.5479	0.231	0.0859
808	5	Meltan	1	0.3137	0.2884	-0.0316	0.5479	0.2342	0.0795
808	6	Melmetal	2	0.6535	0.3877	0.1501	0.5479	0	0.6535
808	7	Melmetal	2	0.5739	0.3513	0.0896	0.5479	0	0.5739
808	8	Melmetal	2	0.5081	0.2722	0.0089	0.5479	0.0398	0.4683
808	9	Melmetal	2	0.6231	0.3852	0.167	0.5479	0	0.6231
808	10	Melmetal	2	0.6304	0.3377	0.2292	0.5479	0	0.6304
808	11	Melmetal	2	0.61	0.3969	0.1603	0.5479	0	0.61
808	12	Melmetal	2	0.6917	0.3997	0.2507	0.5479	0	0.6917
808	13	Melmetal	2	0.6363	0.4062	0.1574	0.5479	0	0.6363
808	14	Melmetal	2	0.6134	0.4074	0.1734	0.5479	0	0.6134
808	15	Melmetal	2	0.5437	0.3964	0.0857	0.5479	0.0042	0.5395
808	16	Melmetal	2	0.5086	0.3563	0.1031	0.5479	0.0393	0.4693
808	17	Melmetal	2	0.569	0.4251	0.1439	0.5479	0	0.569
808	18	Melmetal	2	0.5017	0.3357	0.0301	0.5479	0.0462	0.4555
808	19	Melmetal	2	0.5479	0.3775	0.12	0.5479	0	0.5479
81	1	Magnemite	1	0.3219	0.3071	-0.054	0.6164	0.2945	0.0274
81	2	Magnemite	1	0.4794	0.3799	0.0748	0.6164	0.137	0.3424
81	3	Magnemite	1	0.3894	0.2983	-0.0976	0.6164	0.227	0.1624
81	4	Magnezone	3	0.6464	0.5605	0.0781	0.6164	0	0.6464
81	5	Magnezone	3	0.6571	0.522	0.1106	0.6164	0	0.6571
81	6	Magnezone	3	0.6838	0.4804	0.1952	0.6164	0	0.6838
81	7	Magnezone	3	0.5427	0.396	0.0202	0.6164	0.0737	0.469
81	8	Magnezone	3	0.4927	0.3484	-0.0406	0.6164	0.1237	0.369
81	9	Magnezone	3	0.6377	0.4555	0.1161	0.6164	0	0.6377
81	10	Magnezone	3	0.6161	0.4344	0.0999	0.6164	0.0003	0.6158
81	11	Magnezone	3	0.6347	0.465	0.052	0.6164	0	0.6347
81	12	Magnezone	3	0.662	0.4284	0.1511	0.6164	0	0.662
81	13	Magnezone	3	0.71	0.4314	0.1483	0.6164	0	0.71
81	14	Magnezone	3	0.6974	0.5162	0.1519	0.6164	0	0.6974
81	15	Magnezone	3	0.6121	0.4335	0.074	0.6164	0.0043	0.6078
81	16	Magnezone	3	0.5319	0.3616	-0.0061	0.6164	0.0845	0.4474
81	17	Magnezone	3	0.632	0.3892	0.1327	0.6164	0	0.632
81	18	Magnezone	3	0.6164	0.3811	0.112	0.6164	0	0.6164
81	19	Magnezone	3	0.602	0.4288	0.093	0.6164	0.0144	0.5876
810	1	Grookey	1	0.5215	0.4345	-0.0811	0.5318	0.0103	0.5112
810	2	Thwackey	2	0.4762	0.4098	-0.0486	0.5318	0.0556	0.4206
810	3	Thwackey	2	0.4812	0.4358	-0.0518	0.5318	0.0506	0.4306
810	4	Thwackey	2	0.4573	0.3496	-0.1618	0.5318	0.0745	0.3828
810	5	Thwackey	2	0.5177	0.394	-0.0421	0.5318	0.0141	0.5036
810	6	Thwackey	2	0.4991	0.328	0.0653	0.5318	0.0327	0.4664
810	7	Rillaboom	3	0.5279	0.3855	0.031	0.5318	0.0039	0.524
810	8	Rillaboom	3	0.4636	0.3171	-0.0354	0.5318	0.0682	0.3954
810	9	Rillaboom	3	0.575	0.3653	0.0512	0.5318	0	0.575
810	10	Rillaboom	3	0.6717	0.4019	0.1566	0.5318	0	0.6717
810	11	Rillaboom	3	0.5371	0.4203	0.0097	0.5318	0	0.5371
810	12	Rillaboom	3	0.5318	0.317	0.0452	0.5318	0	0.5318
810	13	Rillaboom	3	0.6051	0.3785	0.0924	0.5318	0	0.6051
810	14	Rillaboom	3	0.6637	0.4197	0.1395	0.5318	0	0.6637
810	15	Rillaboom	3	0.6572	0.4159	0.1222	0.5318	0	0.6572
810	16	Rillaboom	3	0.5669	0.3714	0.0667	0.5318	0	0.5669
810	17	Rillaboom	3	0.6076	0.3978	0.0935	0.5318	0	0.6076
810	18	Rillaboom	3	0.5281	0.3032	0.0478	0.5318	0.0037	0.5244
810	19	Rillaboom	3	0.5407	0.3336	0.044	0.5318	0	0.5407
813	1	Scorbunny	1	0.4314	0.3102	-0.1712	0.5449	0.1135	0.3179
813	2	Raboot	2	0.4822	0.4301	-0.0426	0.5449	0.0627	0.4195
813	3	Raboot	2	0.5029	0.4386	-0.0301	0.5449	0.042	0.4609
813	4	Raboot	2	0.4864	0.4217	-0.1327	0.5449	0.0585	0.4279
813	5	Raboot	2	0.523	0.4638	-0.0368	0.5449	0.0219	0.5011
813	6	Raboot	2	0.5449	0.3774	0.1181	0.5449	0	0.5449
813	7	Cinderace	3	0.5452	0.3778	0.0216	0.5449	0	0.5452
813	8	Cinderace	3	0.5578	0.4023	0.0588	0.5449	0	0.5578
813	9	Cinderace	3	0.5869	0.4362	0.0631	0.5449	0	0.5869
813	10	Cinderace	3	0.5716	0.3591	0.0565	0.5449	0	0.5716
813	11	Cinderace	3	0.5769	0.3799	0.0495	0.5449	0	0.5769
813	12	Cinderace	3	0.5807	0.4092	0.0941	0.5449	0	0.5807
813	13	Cinderace	3	0.5372	0.3887	0.0245	0.5449	0.0077	0.5295
813	14	Cinderace	3	0.5445	0.3766	0.0203	0.5449	0.0004	0.5441
813	15	Cinderace	3	0.664	0.4465	0.129	0.5449	0	0.664
813	16	Cinderace	3	0.5387	0.3688	0.0385	0.5449	0.0062	0.5325
813	17	Cinderace	3	0.5698	0.3627	0.0557	0.5449	0	0.5698
813	18	Cinderace	3	0.5353	0.4051	0.055	0.5449	0.0096	0.5257
813	19	Cinderace	3	0.5737	0.3859	0.077	0.5449	0	0.5737
816	1	Sobble	1	0.5471	0.4873	-0.0555	0.6236	0.0765	0.4706
816	2	Drizzile	2	0.4922	0.4542	-0.0326	0.6236	0.1314	0.3608
816	3	Drizzile	2	0.4957	0.457	-0.0373	0.6236	0.1279	0.3678
816	4	Drizzile	2	0.5452	0.5033	-0.0739	0.6236	0.0784	0.4668
816	5	Drizzile	2	0.5626	0.4579	0.0028	0.6236	0.061	0.5016
816	6	Drizzile	2	0.4279	0.288	0.0011	0.6236	0.1957	0.2322
816	7	Inteleon	3	0.6244	0.49	0.1344	0.6236	0	0.6244
816	8	Inteleon	3	0.5929	0.4158	0.1047	0.6236	0.0307	0.5622
816	9	Inteleon	3	0.6731	0.4173	0.175	0.6236	0	0.6731
816	10	Inteleon	3	0.6497	0.3869	0.1879	0.6236	0	0.6497
816	11	Inteleon	3	0.6416	0.3907	0.0923	0.6236	0	0.6416
816	12	Inteleon	3	0.626	0.4075	0.1743	0.6236	0	0.626
816	13	Inteleon	3	0.6901	0.42	0.2071	0.6236	0	0.6901
816	14	Inteleon	3	0.6236	0.4084	0.1245	0.6236	0	0.6236
816	15	Inteleon	3	0.6761	0.3909	0.1546	0.6236	0	0.6761
816	16	Inteleon	3	0.6096	0.4155	0.1317	0.6236	0.014	0.5956
816	17	Inteleon	3	0.6331	0.4019	0.1906	0.6236	0	0.6331
816	18	Inteleon	3	0.5623	0.3742	0.0847	0.6236	0.0613	0.501
816	19	Inteleon	3	0.6266	0.4006	0.1422	0.6236	0	0.6266
821	1	Rookidee	1	0.6369	0.2865	0.1519	0.6413	0.0044	0.6325
821	2	Corvisquire	2	0.455	0.4031	0.0745	0.6413	0.1863	0.2687
821	3	Corvisquire	2	0.3843	0.3062	-0.1965	0.6413	0.257	0.1273
821	4	Corvisquire	2	0.4364	0.3343	-0.2458	0.6413	0.2049	0.2315
821	5	Corvisquire	2	0.4969	0.3212	-0.0387	0.6413	0.1444	0.3525
821	6	Corvisquire	2	0.2995	0.192	-0.1542	0.6413	0.3418	-0.0423
821	7	Corviknight	3	0.6413	0.3281	0.1533	0.6413	0	0.6413
821	8	Corviknight	3	0.4922	0.2749	0.0615	0.6413	0.1491	0.3431
821	9	Corviknight	3	0.7295	0.4025	0.2698	0.6413	0	0.7295
821	10	Corviknight	3	0.7401	0.4056	0.2744	0.6413	0	0.7401
821	11	Corviknight	3	0.702	0.3901	0.2149	0.6413	0	0.702
821	12	Corviknight	3	0.7072	0.3512	0.2657	0.6413	0	0.7072
821	13	Corviknight	3	0.6745	0.3978	0.2313	0.6413	0	0.6745
821	14	Corviknight	3	0.6879	0.3444	0.2888	0.6413	0	0.6879
821	15	Corviknight	3	0.6844	0.4056	0.2359	0.6413	0	0.6844
821	16	Corviknight	3	0.585	0.3214	0.1689	0.6413	0.0563	0.5287
821	17	Corviknight	3	0.7514	0.379	0.3537	0.6413	0	0.7514
821	18	Corviknight	3	0.5641	0.3478	0.1214	0.6413	0.0772	0.4869
821	19	Corviknight	3	0.6762	0.3462	0.2321	0.6413	0	0.6762
824	1	Dottler	2	0.4663	0.4663	0	0.5739	0.1076	0.3587
824	2	Dottler	2	0.3875	0.3552	0.0323	0.5739	0.1864	0.2011
824	3	Dottler	2	0.4231	0.2907	0.1324	0.5739	0.1508	0.2723
824	4	Orbeetle	3	0.5233	0.4811	0.0261	0.5739	0.0506	0.4727
824	5	Orbeetle	3	0.4299	0.3458	-0.1166	0.5739	0.144	0.2859
824	6	Orbeetle	3	0.6596	0.4207	0.2059	0.5739	0	0.6596
824	7	Orbeetle	3	0.5483	0.3216	0.1377	0.5739	0.0256	0.5227
824	8	Orbeetle	3	0.6165	0.3738	0.1997	0.5739	0	0.6165
824	9	Orbeetle	3	0.637	0.4206	0.2246	0.5739	0	0.637
824	10	Orbeetle	3	0.6777	0.3602	0.2881	0.5739	0	0.6777
824	11	Orbeetle	3	0.6823	0.4334	0.2501	0.5739	0	0.6823
824	12	Orbeetle	3	0.5682	0.2771	0.1987	0.5739	0.0057	0.5625
824	13	Orbeetle	3	0.6009	0.306	0.1581	0.5739	0	0.6009
824	14	Orbeetle	3	0.543	0.3341	0.1226	0.5739	0.0309	0.5121
824	15	Orbeetle	3	0.7213	0.4403	0.2413	0.5739	0	0.7213
824	16	Orbeetle	3	0.4795	0.3307	0.0759	0.5739	0.0944	0.3851
824	17	Orbeetle	3	0.6009	0.2923	0.1668	0.5739	0	0.6009
824	18	Orbeetle	3	0.5927	0.3016	0.1771	0.5739	0	0.5927
824	19	Orbeetle	3	0.5739	0.3086	0.1822	0.5739	0	0.5739
827	1	Nickit	1	0.4746	0.4267	-0.128	0.5203	0.0457	0.4289
827	2	Thievul	2	0.4707	0.4372	-0.0541	0.5203	0.0496	0.4211
827	3	Thievul	2	0.5367	0.407	0.0526	0.5203	0	0.5367
827	4	Thievul	2	0.5014	0.4749	0.0042	0.5203	0.0189	0.4825
827	5	Thievul	2	0.5485	0.4754	-0.0185	0.5203	0	0.5485
827	6	Thievul	2	0.573	0.3892	0.0524	0.5203	0	0.573
827	7	Thievul	2	0.5629	0.4035	0.0729	0.5203	0	0.5629
827	8	Thievul	2	0.6088	0.4185	0.1206	0.5203	0	0.6088
827	9	Thievul	2	0.5203	0.3965	0.0222	0.5203	0	0.5203
827	10	Thievul	2	0.4529	0.3537	-0.0089	0.5203	0.0674	0.3855
827	11	Thievul	2	0.5679	0.3896	0.0186	0.5203	0	0.5679
827	12	Thievul	2	0.4709	0.3416	0.0192	0.5203	0.0494	0.4215
827	13	Thievul	2	0.5174	0.3739	0.0344	0.5203	0.0029	0.5145
827	14	Thievul	2	0.5298	0.3779	0.0307	0.5203	0	0.5298
827	15	Thievul	2	0.5617	0.4185	0.0402	0.5203	0	0.5617
827	16	Thievul	2	0.5114	0.3865	0.0335	0.5203	0.0089	0.5025
827	17	Thievul	2	0.4034	0.2811	-0.0391	0.5203	0.1169	0.2865
827	18	Thievul	2	0.4979	0.3408	0.0203	0.5203	0.0224	0.4755
827	19	Thievul	2	0.5302	0.3685	0.0458	0.5203	0	0.5302
829	1	Gossifleur	1	0.5078	0.3683	0.0302	0.644	0.1362	0.3716
829	2	Eldegoss	2	0.4241	0.4132	-0.0216	0.644	0.2199	0.2042
829	3	Eldegoss	2	0.4433	0.427	0.0328	0.644	0.2007	0.2426
829	4	Eldegoss	2	0.5771	0.4516	0.143	0.644	0.0669	0.5102
829	5	Eldegoss	2	0.5369	0.5049	0.1484	0.644	0.1071	0.4298
829	6	Eldegoss	2	0.6939	0.4535	0.3288	0.644	0	0.6939
829	7	Eldegoss	2	0.6602	0.4084	0.2509	0.644	0	0.6602
829	8	Eldegoss	2	0.6322	0.3999	0.2189	0.644	0.0118	0.6204
829	9	Eldegoss	2	0.644	0.4547	0.1461	0.644	0	0.644
829	10	Eldegoss	2	0.7293	0.4898	0.2133	0.644	0	0.7293
829	11	Eldegoss	2	0.6847	0.5709	0.085	0.644	0	0.6847
829	12	Eldegoss	2	0.6281	0.3459	0.1704	0.644	0.0159	0.6122
829	13	Eldegoss	2	0.651	0.4161	0.1509	0.644	0	0.651
829	14	Eldegoss	2	0.7558	0.5138	0.2416	0.644	0	0.7558
829	15	Eldegoss	2	0.7384	0.6415	0.1047	0.644	0	0.7384
829	16	Eldegoss	2	0.6646	0.4596	0.1813	0.644	0	0.6646
829	17	Eldegoss	2	0.6994	0.4748	0.2228	0.644	0	0.6994
829	18	Eldegoss	2	0.6242	0.3856	0.1315	0.644	0.0198	0.6044
829	19	Eldegoss	2	0.6345	0.4164	0.1479	0.644	0.0095	0.625
83	3	Farfetch'd-Farfetchd	1	0.7377	0.4246	0.194	0.6641	0	0.7377
83	4	Farfetch'd-Farfetchd	1	0.7181	0.4749	0.0815	0.6641	0	0.7181
83	5	Farfetch'd-Farfetchd	1	0.6753	0.3529	0.1397	0.6641	0	0.6753
83	6	Farfetch'd-Farfetchd	1	0.6473	0.2635	0.1639	0.6641	0.0168	0.6305
83	7	Farfetch'd-Farfetchd	1	0.6859	0.4186	0.189	0.6641	0	0.6859
83	8	Farfetch'd-Farfetchd	1	0.6571	0.36	0.1786	0.6641	0.007	0.6501
83	9	Farfetch'd-Farfetchd	1	0.7221	0.3764	0.2423	0.6641	0	0.7221
83	10	Farfetch'd-Farfetchd	1	0.6241	0.3382	0.1386	0.6641	0.04	0.5841
83	11	Farfetch'd-Farfetchd	1	0.6733	0.3474	0.1564	0.6641	0	0.6733
83	12	Farfetch'd-Farfetchd	1	0.6467	0.3345	0.1806	0.6641	0.0174	0.6293
83	13	Farfetch'd-Farfetchd	1	0.6145	0.3438	0.1434	0.6641	0.0496	0.5649
83	14	Farfetch'd-Farfetchd	1	0.6666	0.3218	0.1616	0.6641	0	0.6666
83	15	Farfetch'd-Farfetchd	1	0.6536	0.3102	0.151	0.6641	0.0105	0.6431
83	16	Farfetch'd-Farfetchd	1	0.7007	0.3503	0.2325	0.6641	0	0.7007
83	17	Farfetch'd-Farfetchd	1	0.5714	0.2694	0.1288	0.6641	0.0927	0.4787
83	18	Farfetch'd-Farfetchd	1	0.6382	0.3181	0.201	0.6641	0.0259	0.6123
83	19	Farfetch'd-Farfetchd	1	0.6641	0.3409	0.2151	0.6641	0	0.6641
831	1	Wooloo	1	0.3087	0.2612	-0.3168	0.5304	0.2217	0.087
831	2	Wooloo	1	0.3155	0.2387	-0.2604	0.5304	0.2149	0.1006
831	3	Dubwool	2	0.4497	0.4084	-0.0833	0.5304	0.0807	0.369
831	4	Dubwool	2	0.5304	0.4135	0.021	0.5304	0	0.5304
831	5	Dubwool	2	0.5359	0.4204	-0.0239	0.5304	0	0.5359
831	6	Dubwool	2	0.584	0.3543	0.0432	0.5304	0	0.584
831	7	Dubwool	2	0.4663	0.3069	0.0405	0.5304	0.0641	0.4022
831	8	Dubwool	2	0.4344	0.282	0.0217	0.5304	0.096	0.3384
831	9	Dubwool	2	0.5716	0.3497	0.0478	0.5304	0	0.5716
831	10	Dubwool	2	0.5539	0.3129	0.0388	0.5304	0	0.5539
831	11	Dubwool	2	0.5919	0.3424	0.0645	0.5304	0	0.5919
831	12	Dubwool	2	0.6005	0.3621	0.1139	0.5304	0	0.6005
831	13	Dubwool	2	0.5053	0.323	-0.0074	0.5304	0.0251	0.4802
831	14	Dubwool	2	0.625	0.314	0.1008	0.5304	0	0.625
831	15	Dubwool	2	0.5686	0.3315	0.0336	0.5304	0	0.5686
831	16	Dubwool	2	0.5338	0.3171	0.0336	0.5304	0	0.5338
831	17	Dubwool	2	0.5136	0.3008	-0.0005	0.5304	0.0168	0.4968
831	18	Dubwool	2	0.5008	0.2884	0.0205	0.5304	0.0296	0.4712
831	19	Dubwool	2	0.5284	0.3038	0.0317	0.5304	0.002	0.5264
833	1	Chewtle	1	0.4783	0.4502	-0.1243	0.5412	0.0629	0.4154
833	2	Chewtle	1	0.4389	0.3192	-0.0859	0.5412	0.1023	0.3366
833	3	Drednaw	2	0.5157	0.4678	-0.028	0.5412	0.0255	0.4902
833	4	Drednaw	2	0.6	0.4691	-0.0366	0.5412	0	0.6
833	5	Drednaw	2	0.5586	0.4377	0.023	0.5412	0	0.5586
833	6	Drednaw	2	0.4802	0.3319	-0.0032	0.5412	0.061	0.4192
833	7	Drednaw	2	0.5683	0.4358	0.0714	0.5412	0	0.5683
833	8	Drednaw	2	0.4968	0.3573	0.0183	0.5412	0.0444	0.4524
833	9	Drednaw	2	0.5382	0.3788	0.0584	0.5412	0.003	0.5352
833	10	Drednaw	2	0.5292	0.3689	0.0437	0.5412	0.012	0.5172
833	11	Drednaw	2	0.5485	0.3339	0.0316	0.5412	0	0.5485
833	12	Drednaw	2	0.5242	0.4208	0.0581	0.5412	0.017	0.5072
833	13	Drednaw	2	0.6314	0.4478	0.1603	0.5412	0	0.6314
833	14	Drednaw	2	0.5729	0.411	0.0679	0.5412	0	0.5729
833	15	Drednaw	2	0.6128	0.4126	0.1102	0.5412	0	0.6128
833	16	Drednaw	2	0.5412	0.3966	0.073	0.5412	0	0.5412
833	17	Drednaw	2	0.5539	0.39	0.1113	0.5412	0	0.5539
833	18	Drednaw	2	0.5375	0.3908	0.1003	0.5412	0.0037	0.5338
833	19	Drednaw	2	0.56	0.4091	0.111	0.5412	0	0.56
835	1	Yamper	1	0.3299	0.2565	-0.1089	0.5266	0.1967	0.1332
835	2	Yamper	1	0.3647	0.31	-0.1008	0.5266	0.1619	0.2028
835	3	Boltund	2	0.476	0.4252	-0.057	0.5266	0.0506	0.4254
835	4	Boltund	2	0.4856	0.4526	-0.1335	0.5266	0.041	0.4446
835	5	Boltund	2	0.5505	0.4764	-0.0093	0.5266	0	0.5505
835	6	Boltund	2	0.5928	0.3907	0.166	0.5266	0	0.5928
835	7	Boltund	2	0.4707	0.3488	-0.0262	0.5266	0.0559	0.4148
835	8	Boltund	2	0.4945	0.3328	0.016	0.5266	0.0321	0.4624
835	9	Boltund	2	0.5266	0.3641	0.0468	0.5266	0	0.5266
835	10	Boltund	2	0.4584	0.3174	-0.0271	0.5266	0.0682	0.3902
835	11	Boltund	2	0.4946	0.3854	-0.0223	0.5266	0.032	0.4626
835	12	Boltund	2	0.5467	0.3316	0.0806	0.5266	0	0.5467
835	13	Boltund	2	0.531	0.3724	0.0599	0.5266	0	0.531
835	14	Boltund	2	0.6155	0.4084	0.1105	0.5266	0	0.6155
835	15	Boltund	2	0.5583	0.3587	0.0557	0.5266	0	0.5583
835	16	Boltund	2	0.5404	0.3395	0.0722	0.5266	0	0.5404
835	17	Boltund	2	0.4833	0.3126	0.0407	0.5266	0.0433	0.44
835	18	Boltund	2	0.5629	0.328	0.1257	0.5266	0	0.5629
835	19	Boltund	2	0.5689	0.3611	0.1199	0.5266	0	0.5689
837	1	Rolycoly	1	0.3576	0.2769	-0.071	0.5603	0.2027	0.1549
837	2	Carkol	2	0.4358	0.3562	-0.0678	0.5603	0.1245	0.3113
837	3	Carkol	2	0.3764	0.3128	-0.1179	0.5603	0.1839	0.1925
837	4	Carkol	2	0.3133	0.2515	-0.1961	0.5603	0.247	0.0663
837	5	Carkol	2	0.3942	0.259	-0.1414	0.5603	0.1661	0.2281
837	6	Coalossal	3	0.663	0.4156	0.1222	0.5603	0	0.663
837	7	Coalossal	3	0.5657	0.3016	0.1551	0.5603	0	0.5657
837	8	Coalossal	3	0.5196	0.3178	0.1697	0.5603	0.0407	0.4789
837	9	Coalossal	3	0.6077	0.3394	0.2291	0.5603	0	0.6077
837	10	Coalossal	3	0.5831	0.3216	0.2203	0.5603	0	0.5831
837	11	Coalossal	3	0.5446	0.2705	0.1596	0.5603	0.0157	0.5289
837	12	Coalossal	3	0.5714	0.3372	0.2034	0.5603	0	0.5714
837	13	Coalossal	3	0.6418	0.363	0.2413	0.5603	0	0.6418
837	14	Coalossal	3	0.5603	0.258	0.1335	0.5603	0	0.5603
837	15	Coalossal	3	0.6453	0.3589	0.2184	0.5603	0	0.6453
837	16	Coalossal	3	0.537	0.3261	0.1323	0.5603	0.0233	0.5137
837	17	Coalossal	3	0.488	0.3408	0.0947	0.5603	0.0723	0.4157
837	18	Coalossal	3	0.5721	0.2842	0.1803	0.5603	0	0.5721
837	19	Coalossal	3	0.595	0.325	0.1956	0.5603	0	0.595
84	3	Doduo	1	0.4543	0.3132	-0.0787	0.5699	0.1156	0.3387
84	4	Doduo	1	0.5403	0.3778	-0.0963	0.5699	0.0296	0.5107
84	5	Dodrio	2	0.5699	0.4969	0.0343	0.5699	0	0.5699
84	6	Dodrio	2	0.4801	0.2881	-0.0033	0.5699	0.0898	0.3903
84	7	Dodrio	2	0.6235	0.4304	0.0999	0.5699	0	0.6235
84	8	Dodrio	2	0.5783	0.3927	0.0793	0.5699	0	0.5783
84	9	Dodrio	2	0.609	0.3929	0.0852	0.5699	0	0.609
84	10	Dodrio	2	0.6072	0.3785	0.0921	0.5699	0	0.6072
84	11	Dodrio	2	0.5894	0.3967	0.062	0.5699	0	0.5894
84	12	Dodrio	2	0.5185	0.3644	0.0319	0.5699	0.0514	0.4671
84	13	Dodrio	2	0.5419	0.387	0.0292	0.5699	0.028	0.5139
84	14	Dodrio	2	0.5702	0.3656	0.046	0.5699	0	0.5702
84	15	Dodrio	2	0.7068	0.3882	0.1718	0.5699	0	0.7068
84	16	Dodrio	2	0.5498	0.3827	0.0496	0.5699	0.0201	0.5297
84	17	Dodrio	2	0.5337	0.3291	0.0196	0.5699	0.0362	0.4975
84	18	Dodrio	2	0.5118	0.3468	0.0315	0.5699	0.0581	0.4537
84	19	Dodrio	2	0.5782	0.3483	0.0815	0.5699	0	0.5782
840	3	Applin	1	0.3114	0.2193	-0.2216	0.6113	0.2999	0.0115
840	4	Dipplin	2	0.3879	0.3218	-0.1215	0.6113	0.2234	0.1645
840	5	Dipplin	2	0.4692	0.3106	-0.0222	0.6113	0.1421	0.3271
840	6	Appletun	2	0.6022	0.3682	0.0988	0.6113	0.0091	0.5931
840	7	Hydrapple	3	0.6821	0.4767	0.1596	0.6113	0	0.6821
840	8	Hydrapple	3	0.6434	0.4589	0.1101	0.6113	0	0.6434
840	9	Hydrapple	3	0.6319	0.4301	0.1103	0.6113	0	0.6319
840	10	Hydrapple	3	0.6686	0.5162	0.1524	0.6113	0	0.6686
840	11	Hydrapple	3	0.6034	0.5313	0.0207	0.6113	0.0079	0.5955
840	12	Hydrapple	3	0.4703	0.3579	-0.0406	0.6113	0.141	0.3293
840	13	Hydrapple	3	0.6599	0.4103	0.0982	0.6113	0	0.6599
840	14	Hydrapple	3	0.6664	0.5175	0.1209	0.6113	0	0.6664
840	15	Hydrapple	3	0.6294	0.4843	0.0913	0.6113	0	0.6294
840	16	Hydrapple	3	0.6408	0.4414	0.1028	0.6113	0	0.6408
840	17	Hydrapple	3	0.6113	0.3922	0.112	0.6113	0	0.6113
840	18	Hydrapple	3	0.5964	0.366	0.092	0.6113	0.0149	0.5815
840	19	Hydrapple	3	0.5848	0.3941	0.0758	0.6113	0.0265	0.5583
843	3	Silicobra	1	0.4725	0.3807	0.0166	0.5259	0.0534	0.4191
843	4	Silicobra	1	0.3635	0.3213	-0.0971	0.5259	0.1624	0.2011
843	5	Silicobra	1	0.3949	0.298	-0.1521	0.5259	0.131	0.2639
843	6	Silicobra	1	0.4872	0.3502	0.048	0.5259	0.0387	0.4485
843	7	Sandaconda	2	0.5118	0.3964	-0.0118	0.5259	0.0141	0.4977
843	8	Sandaconda	2	0.5156	0.3495	0.0166	0.5259	0.0103	0.5053
843	9	Sandaconda	2	0.5812	0.4235	0.0574	0.5259	0	0.5812
843	10	Sandaconda	2	0.5799	0.3846	0.0648	0.5259	0	0.5799
843	11	Sandaconda	2	0.4767	0.3599	-0.0507	0.5259	0.0492	0.4275
843	12	Sandaconda	2	0.5645	0.3921	0.0779	0.5259	0	0.5645
843	13	Sandaconda	2	0.5498	0.4044	0.0371	0.5259	0	0.5498
843	14	Sandaconda	2	0.5494	0.3752	0.0252	0.5259	0	0.5494
843	15	Sandaconda	2	0.6359	0.4022	0.1009	0.5259	0	0.6359
843	16	Sandaconda	2	0.5321	0.3724	0.0319	0.5259	0	0.5321
843	17	Sandaconda	2	0.5679	0.3879	0.0538	0.5259	0	0.5679
843	18	Sandaconda	2	0.5107	0.4119	0.0304	0.5259	0.0152	0.4955
843	19	Sandaconda	2	0.5259	0.3856	0.0292	0.5259	0	0.5259
845	1	Cramorant	1	0.6132	0.5714	0.1356	0.5621	0	0.6132
845	2	Cramorant	1	0.5869	0.4939	0.1412	0.5621	0	0.5869
845	3	Cramorant	1	0.5348	0.4971	0.0018	0.5621	0.0273	0.5075
845	4	Cramorant	1	0.7083	0.6851	0.0892	0.5621	0	0.7083
845	5	Cramorant	1	0.6872	0.5919	0.1274	0.5621	0	0.6872
845	6	Cramorant	1	0.3927	0.2436	-0.0341	0.5621	0.1694	0.2233
845	7	Cramorant	1	0.6667	0.488	0.1787	0.5621	0	0.6667
845	8	Cramorant	1	0.5255	0.4074	-0.0078	0.5621	0.0366	0.4889
845	9	Cramorant	1	0.5621	0.4338	0.1024	0.5621	0	0.5621
845	10	Cramorant	1	0.5832	0.4082	0.1175	0.5621	0	0.5832
845	11	Cramorant	1	0.5343	0.4274	-0.0484	0.5621	0.0278	0.5065
845	12	Cramorant	1	0.4893	0.3408	-0.0216	0.5621	0.0728	0.4165
845	13	Cramorant	1	0.5831	0.4457	0.0214	0.5621	0	0.5831
845	14	Cramorant	1	0.5953	0.3637	0.0498	0.5621	0	0.5953
845	15	Cramorant	1	0.5428	0.401	0.0047	0.5621	0.0193	0.5235
845	16	Cramorant	1	0.5657	0.3964	0.0277	0.5621	0	0.5657
845	17	Cramorant	1	0.5245	0.3992	0.0252	0.5621	0.0376	0.4869
845	18	Cramorant	1	0.5241	0.3675	0.0197	0.5621	0.038	0.4861
845	19	Cramorant	1	0.5577	0.3955	0.1136	0.5621	0.0044	0.5533
846	1	Arrokuda	1	0.4888	0.4403	-0.1138	0.5525	0.0637	0.4251
846	2	Arrokuda	1	0.446	0.3444	-0.0788	0.5525	0.1065	0.3395
846	3	Barraskewda	2	0.5751	0.5469	0.0314	0.5525	0	0.5751
846	4	Barraskewda	2	0.5652	0.5236	-0.0714	0.5525	0	0.5652
846	5	Barraskewda	2	0.5757	0.5356	0.0401	0.5525	0	0.5757
846	6	Barraskewda	2	0.4734	0.3647	-0.01	0.5525	0.0791	0.3943
846	7	Barraskewda	2	0.6038	0.4426	0.1069	0.5525	0	0.6038
846	8	Barraskewda	2	0.5193	0.3881	0.0408	0.5525	0.0332	0.4861
846	9	Barraskewda	2	0.5523	0.4174	0.0725	0.5525	0.0002	0.5521
846	10	Barraskewda	2	0.5738	0.3699	0.0883	0.5525	0	0.5738
846	11	Barraskewda	2	0.5338	0.3528	0.0169	0.5525	0.0187	0.5151
846	12	Barraskewda	2	0.5276	0.3583	0.0615	0.5525	0.0249	0.5027
846	13	Barraskewda	2	0.5845	0.3768	0.1134	0.5525	0	0.5845
846	14	Barraskewda	2	0.553	0.4148	0.048	0.5525	0	0.553
846	15	Barraskewda	2	0.5525	0.3757	0.0499	0.5525	0	0.5525
846	16	Barraskewda	2	0.5805	0.4278	0.1123	0.5525	0	0.5805
846	17	Barraskewda	2	0.5361	0.4105	0.0935	0.5525	0.0164	0.5197
846	18	Barraskewda	2	0.5062	0.3599	0.069	0.5525	0.0463	0.4599
846	19	Barraskewda	2	0.5736	0.3995	0.1246	0.5525	0	0.5736
848	2	Toxtricity-Amped	2	0.5666	0.5062	0.063	0.5461	0	0.5666
848	3	Toxtricity-Amped	2	0.5017	0.4466	0.0074	0.5461	0.0444	0.4573
848	4	Toxtricity-Amped	2	0.5548	0.4301	0.0454	0.5461	0	0.5548
848	5	Toxtricity-Amped	2	0.57	0.5127	0.0235	0.5461	0	0.57
848	6	Toxtricity-Amped	2	0.6622	0.4884	0.1736	0.5461	0	0.6622
848	7	Toxtricity-Amped	2	0.5141	0.3754	-0.0084	0.5461	0.032	0.4821
848	8	Toxtricity-Amped	2	0.5109	0.3614	-0.0224	0.5461	0.0352	0.4757
848	9	Toxtricity-Amped	2	0.5745	0.4191	0.0529	0.5461	0	0.5745
848	10	Toxtricity-Amped	2	0.566	0.3808	0.0498	0.5461	0	0.566
848	11	Toxtricity-Amped	2	0.5588	0.3521	-0.0239	0.5461	0	0.5588
848	12	Toxtricity-Amped	2	0.5375	0.3764	0.0266	0.5461	0.0086	0.5289
848	13	Toxtricity-Amped	2	0.59	0.402	0.0283	0.5461	0	0.59
848	14	Toxtricity-Amped	2	0.6334	0.4243	0.0879	0.5461	0	0.6334
848	15	Toxtricity-Amped	2	0.4469	0.329	-0.0912	0.5461	0.0992	0.3477
848	16	Toxtricity-Amped	2	0.5304	0.3462	-0.0076	0.5461	0.0157	0.5147
848	17	Toxtricity-Amped	2	0.4872	0.3496	-0.0121	0.5461	0.0589	0.4283
848	18	Toxtricity-Amped	2	0.5096	0.3579	0.0052	0.5461	0.0365	0.4731
848	19	Toxtricity-Amped	2	0.5282	0.372	0.0192	0.5461	0.0179	0.5103
850	3	Sizzlipede	1	0.3127	0.2448	-0.2681	0.5006	0.1879	0.1248
850	4	Centiskorch	2	0.4993	0.4033	-0.0144	0.5006	0.0013	0.498
850	5	Centiskorch	2	0.5458	0.3738	0.034	0.5006	0	0.5458
850	6	Centiskorch	2	0.6501	0.4199	0.2163	0.5006	0	0.6501
850	7	Centiskorch	2	0.5358	0.3276	0.0678	0.5006	0	0.5358
850	8	Centiskorch	2	0.5989	0.3677	0.1717	0.5006	0	0.5989
850	9	Centiskorch	2	0.5518	0.4035	0.028	0.5006	0	0.5518
850	10	Centiskorch	2	0.5176	0.3738	0.0025	0.5006	0	0.5176
850	11	Centiskorch	2	0.4862	0.3234	-0.0412	0.5006	0.0144	0.4718
850	12	Centiskorch	2	0.4671	0.3397	-0.0195	0.5006	0.0335	0.4336
850	13	Centiskorch	2	0.5006	0.3647	-0.0121	0.5006	0	0.5006
850	14	Centiskorch	2	0.4828	0.2819	-0.0414	0.5006	0.0178	0.465
850	15	Centiskorch	2	0.6145	0.3904	0.0795	0.5006	0	0.6145
850	16	Centiskorch	2	0.5036	0.2916	0.0034	0.5006	0	0.5036
850	17	Centiskorch	2	0.4939	0.2901	-0.0202	0.5006	0.0067	0.4872
850	18	Centiskorch	2	0.4593	0.2829	-0.021	0.5006	0.0413	0.418
850	19	Centiskorch	2	0.4932	0.3296	-0.0035	0.5006	0.0074	0.4858
852	1	Grapploct	2	0.5413	0.5114	-0.0312	0.5318	0	0.5413
852	2	Grapploct	2	0.4315	0.3611	-0.0721	0.5318	0.1003	0.3312
852	3	Grapploct	2	0.5318	0.4059	0.0375	0.5318	0	0.5318
852	4	Grapploct	2	0.476	0.4175	-0.0334	0.5318	0.0558	0.4202
852	5	Grapploct	2	0.4255	0.3114	-0.0659	0.5318	0.1063	0.3192
852	6	Grapploct	2	0.4123	0.2699	-0.1285	0.5318	0.1195	0.2928
852	7	Grapploct	2	0.555	0.3977	0.0314	0.5318	0	0.555
852	8	Grapploct	2	0.5374	0.3214	0.0384	0.5318	0	0.5374
852	9	Grapploct	2	0.552	0.3543	0.0282	0.5318	0	0.552
852	10	Grapploct	2	0.5593	0.3781	0.0442	0.5318	0	0.5593
852	11	Grapploct	2	0.5769	0.3493	0.0495	0.5318	0	0.5769
852	12	Grapploct	2	0.525	0.3282	0.0384	0.5318	0.0068	0.5182
852	13	Grapploct	2	0.5068	0.344	-0.0059	0.5318	0.025	0.4818
852	14	Grapploct	2	0.5763	0.3721	0.0521	0.5318	0	0.5763
852	15	Grapploct	2	0.4452	0.298	-0.0898	0.5318	0.0866	0.3586
852	16	Grapploct	2	0.5624	0.3671	0.0622	0.5318	0	0.5624
852	17	Grapploct	2	0.5044	0.3088	-0.0097	0.5318	0.0274	0.477
852	18	Grapploct	2	0.5174	0.2821	0.0371	0.5318	0.0144	0.503
852	19	Grapploct	2	0.5334	0.3391	0.0367	0.5318	0	0.5334
854	1	Sinistea-Phony	1	0.4807	0.4476	-0.1448	0.5539	0.0732	0.4075
854	2	Sinistea-Phony	1	0.4516	0.3726	-0.0139	0.5539	0.1023	0.3493
854	3	Sinistea-Phony	1	0.4683	0.3446	-0.0647	0.5539	0.0856	0.3827
854	4	Sinistea-Phony	1	0.3991	0.3308	-0.22	0.5539	0.1548	0.2443
854	5	Sinistea-Phony	1	0.4063	0.3245	-0.1535	0.5539	0.1476	0.2587
854	6	Polteageist-Phony	2	0.6323	0.4366	0.177	0.5539	0	0.6323
854	7	Polteageist-Phony	2	0.6168	0.4512	0.1268	0.5539	0	0.6168
854	8	Polteageist-Phony	2	0.6157	0.4048	0.1885	0.5539	0	0.6157
854	9	Polteageist-Phony	2	0.6309	0.4477	0.1476	0.5539	0	0.6309
854	10	Polteageist-Phony	2	0.5576	0.378	0.0963	0.5539	0	0.5576
854	11	Polteageist-Phony	2	0.5932	0.3672	0.0945	0.5539	0	0.5932
854	12	Polteageist-Phony	2	0.4964	0.3915	0.0376	0.5539	0.0575	0.4389
854	13	Polteageist-Phony	2	0.6299	0.4578	0.1666	0.5539	0	0.6299
854	14	Polteageist-Phony	2	0.5406	0.3463	0.0602	0.5539	0.0133	0.5273
854	15	Polteageist-Phony	2	0.6121	0.5175	0.1051	0.5539	0	0.6121
854	16	Polteageist-Phony	2	0.5172	0.3448	0.0504	0.5539	0.0367	0.4805
854	17	Polteageist-Phony	2	0.5053	0.3993	0.0737	0.5539	0.0486	0.4567
854	18	Polteageist-Phony	2	0.6	0.4338	0.1494	0.5539	0	0.6
854	19	Polteageist-Phony	2	0.5539	0.4149	0.1171	0.5539	0	0.5539
856	1	Hatenna	1	0.6636	0.5138	0.1498	0.6636	0	0.6636
856	2	Hatenna	1	0.499	0.391	0.108	0.6636	0.1646	0.3344
856	3	Hatenna	1	0.432	0.342	-0.0304	0.6636	0.2316	0.2004
856	4	Hattrem	2	0.408	0.4449	-0.1053	0.6636	0.2556	0.1524
856	5	Hattrem	2	0.5177	0.3437	0.0424	0.6636	0.1459	0.3718
856	6	Hattrem	2	0.6448	0.4089	0.1895	0.6636	0.0188	0.626
856	7	Hatterene	3	0.5376	0.4843	0.0533	0.6636	0.126	0.4116
856	8	Hatterene	3	0.7172	0.4947	0.218	0.6636	0	0.7172
856	9	Hatterene	3	0.7105	0.4182	0.2126	0.6636	0	0.7105
856	10	Hatterene	3	0.7393	0.4453	0.2233	0.6636	0	0.7393
856	11	Hatterene	3	0.6805	0.5937	0.0808	0.6636	0	0.6805
856	12	Hatterene	3	0.7176	0.3871	0.2599	0.6636	0	0.7176
856	13	Hatterene	3	0.7344	0.5001	0.2343	0.6636	0	0.7344
856	14	Hatterene	3	0.7408	0.4151	0.2266	0.6636	0	0.7408
856	15	Hatterene	3	0.7243	0.4688	0.0906	0.6636	0	0.7243
856	16	Hatterene	3	0.6569	0.469	0.1736	0.6636	0.0067	0.6502
856	17	Hatterene	3	0.6409	0.4103	0.1643	0.6636	0.0227	0.6182
856	18	Hatterene	3	0.6589	0.3765	0.1662	0.6636	0.0047	0.6542
856	19	Hatterene	3	0.664	0.4285	0.1774	0.6636	0	0.664
859	1	Impidimp	1	0.4364	0.4405	-0.1662	0.587	0.1506	0.2858
859	2	Impidimp	1	0.3957	0.343	-0.1291	0.587	0.1913	0.2044
859	3	Impidimp	1	0.4079	0.3439	-0.1251	0.587	0.1791	0.2288
859	4	Morgrem	2	0.4547	0.3631	-0.1644	0.587	0.1323	0.3224
859	5	Morgrem	2	0.4481	0.3877	-0.1117	0.587	0.1389	0.3092
859	6	Morgrem	2	0.5783	0.32	0.1515	0.587	0.0087	0.5696
859	7	Grimmsnarl	3	0.6395	0.4664	0.1839	0.587	0	0.6395
859	8	Grimmsnarl	3	0.6494	0.4177	0.2197	0.587	0	0.6494
859	9	Grimmsnarl	3	0.5999	0.4051	0.1291	0.587	0	0.5999
859	10	Grimmsnarl	3	0.6336	0.465	0.1842	0.587	0	0.6336
859	11	Grimmsnarl	3	0.7016	0.4735	0.2244	0.587	0	0.7016
859	12	Grimmsnarl	3	0.5793	0.4633	0.1275	0.587	0.0077	0.5716
859	13	Grimmsnarl	3	0.6494	0.4727	0.1645	0.587	0	0.6494
859	14	Grimmsnarl	3	0.6367	0.4423	0.1842	0.587	0	0.6367
859	15	Grimmsnarl	3	0.6854	0.5013	0.1649	0.587	0	0.6854
859	16	Grimmsnarl	3	0.6419	0.4302	0.2001	0.587	0	0.6419
859	17	Grimmsnarl	3	0.4906	0.3118	0.0719	0.587	0.0964	0.3942
859	18	Grimmsnarl	3	0.5576	0.4213	0.0999	0.587	0.0294	0.5282
859	19	Grimmsnarl	3	0.587	0.4539	0.1338	0.587	0	0.587
86	1	Seel	1	0.6903	0.3751	0.3152	0.5701	0	0.6903
86	2	Dewgong	2	0.4607	0.4309	-0.0641	0.5701	0.1094	0.3513
86	3	Dewgong	2	0.4924	0.3686	-0.0216	0.5701	0.0777	0.4147
86	4	Dewgong	2	0.6479	0.5146	0.058	0.5701	0	0.6479
86	5	Dewgong	2	0.614	0.4867	0.0634	0.5701	0	0.614
86	6	Dewgong	2	0.5555	0.3314	0.0272	0.5701	0.0146	0.5409
86	7	Dewgong	2	0.5838	0.4386	0.0169	0.5701	0	0.5838
86	8	Dewgong	2	0.5641	0.4073	0.0648	0.5701	0.006	0.5581
86	9	Dewgong	2	0.5475	0.3708	0.0362	0.5701	0.0226	0.5249
86	10	Dewgong	2	0.5701	0.3584	0.033	0.5701	0	0.5701
86	11	Dewgong	2	0.5503	0.4803	0.0345	0.5701	0.0198	0.5305
86	12	Dewgong	2	0.5645	0.3661	0.1371	0.5701	0.0056	0.5589
86	13	Dewgong	2	0.5786	0.4305	0.113	0.5701	0	0.5786
86	14	Dewgong	2	0.5748	0.3852	0.1242	0.5701	0	0.5748
86	15	Dewgong	2	0.6464	0.3338	0.1207	0.5701	0	0.6464
86	16	Dewgong	2	0.5794	0.4181	0.1421	0.5701	0	0.5794
86	17	Dewgong	2	0.5047	0.318	0.0421	0.5701	0.0654	0.4393
86	18	Dewgong	2	0.398	0.2948	-0.0313	0.5701	0.1721	0.2259
86	19	Dewgong	2	0.6004	0.3973	0.129	0.5701	0	0.6004
868	7	Alcremie-Strawberry-Caramel-Swirl	2	0.6173	0.3903	0.0948	0.6089	0	0.6173
868	8	Alcremie-Strawberry-Caramel-Swirl	2	0.6118	0.3482	0.0785	0.6089	0	0.6118
868	9	Alcremie-Strawberry-Caramel-Swirl	2	0.5691	0.3151	0.0475	0.6089	0.0398	0.5293
868	10	Alcremie-Strawberry-Caramel-Swirl	2	0.6562	0.3937	0.14	0.6089	0	0.6562
868	11	Alcremie-Strawberry-Caramel-Swirl	2	0.6738	0.5264	0.0911	0.6089	0	0.6738
868	12	Alcremie-Strawberry-Caramel-Swirl	2	0.5168	0.3648	0.0059	0.6089	0.0921	0.4247
868	13	Alcremie-Strawberry-Caramel-Swirl	2	0.6483	0.4073	0.0866	0.6089	0	0.6483
868	14	Alcremie-Strawberry-Caramel-Swirl	2	0.6093	0.3849	0.0638	0.6089	0	0.6093
868	15	Alcremie-Strawberry-Caramel-Swirl	2	0.6043	0.4441	0.0662	0.6089	0.0046	0.5997
868	16	Alcremie-Strawberry-Caramel-Swirl	2	0.5699	0.3858	0.0319	0.6089	0.039	0.5309
868	17	Alcremie-Strawberry-Caramel-Swirl	2	0.5461	0.3543	0.0468	0.6089	0.0628	0.4833
868	18	Alcremie-Strawberry-Caramel-Swirl	2	0.5753	0.3192	0.0709	0.6089	0.0336	0.5417
868	19	Alcremie-Strawberry-Caramel-Swirl	2	0.6089	0.3846	0.0999	0.6089	0	0.6089
870	1	Falinks	1	0.4836	0.4297	-0.0889	0.4697	0	0.4836
870	2	Falinks	1	0.467	0.3791	-0.0366	0.4697	0.0027	0.4643
870	3	Falinks	1	0.487	0.438	-0.0073	0.4697	0	0.487
870	4	Falinks	1	0.5161	0.3923	0.0067	0.4697	0	0.5161
870	5	Falinks	1	0.4697	0.3148	-0.0659	0.4697	0	0.4697
870	6	Falinks	1	0.4623	0.2701	-0.0211	0.4697	0.0074	0.4549
870	7	Falinks	1	0.518	0.36	-0.0056	0.4697	0	0.518
870	8	Falinks	1	0.4555	0.2437	-0.0435	0.4697	0.0142	0.4413
870	9	Falinks	1	0.5827	0.4022	0.0589	0.4697	0	0.5827
870	10	Falinks	1	0.601	0.4027	0.0859	0.4697	0	0.601
870	11	Falinks	1	0.5717	0.3758	0.0443	0.4697	0	0.5717
870	12	Falinks	1	0.4598	0.3355	-0.0268	0.4697	0.0099	0.4499
870	13	Falinks	1	0.4621	0.3378	-0.0506	0.4697	0.0076	0.4545
870	14	Falinks	1	0.5717	0.3508	0.0475	0.4697	0	0.5717
870	15	Falinks	1	0.4521	0.3565	-0.0829	0.4697	0.0176	0.4345
870	16	Falinks	1	0.4758	0.3349	-0.0244	0.4697	0	0.4758
870	17	Falinks	1	0.4416	0.2705	-0.0725	0.4697	0.0281	0.4135
870	18	Falinks	1	0.4672	0.2867	-0.0131	0.4697	0.0025	0.4647
870	19	Falinks	1	0.4611	0.3005	-0.0356	0.4697	0.0086	0.4525
871	1	Pincurchin	1	0.4974	0.35	-0.0751	0.5452	0.0478	0.4496
871	2	Pincurchin	1	0.4077	0.3853	-0.0959	0.5452	0.1375	0.2702
871	3	Pincurchin	1	0.4369	0.3776	-0.0574	0.5452	0.1083	0.3286
871	4	Pincurchin	1	0.5395	0.4663	0.0301	0.5452	0.0057	0.5338
871	5	Pincurchin	1	0.5329	0.4262	0.0415	0.5452	0.0123	0.5206
871	6	Pincurchin	1	0.5884	0.4725	0.0476	0.5452	0	0.5884
871	7	Pincurchin	1	0.4947	0.3779	-0.0278	0.5452	0.0505	0.4442
871	8	Pincurchin	1	0.5713	0.3659	0.038	0.5452	0	0.5713
871	9	Pincurchin	1	0.544	0.3742	0.0607	0.5452	0.0012	0.5428
871	10	Pincurchin	1	0.5571	0.3033	0.0958	0.5452	0	0.5571
871	11	Pincurchin	1	0.553	0.3999	0.0543	0.5452	0	0.553
871	12	Pincurchin	1	0.4801	0.3376	0.0213	0.5452	0.0651	0.415
871	13	Pincurchin	1	0.6293	0.424	0.166	0.5452	0	0.6293
871	14	Pincurchin	1	0.6723	0.4084	0.1919	0.5452	0	0.6723
871	15	Pincurchin	1	0.5537	0.3807	0.0467	0.5452	0	0.5537
871	16	Pincurchin	1	0.5573	0.3758	0.0905	0.5452	0	0.5573
871	17	Pincurchin	1	0.5738	0.3423	0.1422	0.5452	0	0.5738
871	18	Pincurchin	1	0.4452	0.315	-0.0054	0.5452	0.1	0.3452
871	19	Pincurchin	1	0.5452	0.3918	0.1084	0.5452	0	0.5452
872	2	Snom	1	0.215	0.1555	-0.3609	0.5506	0.3356	-0.1206
872	3	Frosmoth	2	0.3999	0.2976	-0.0106	0.5506	0.1507	0.2492
872	4	Frosmoth	2	0.5619	0.4341	0.1278	0.5506	0	0.5619
872	5	Frosmoth	2	0.5169	0.3265	0.0051	0.5506	0.0337	0.4832
872	6	Frosmoth	2	0.6877	0.3575	0.1594	0.5506	0	0.6877
872	7	Frosmoth	2	0.4644	0.3988	-0.0581	0.5506	0.0862	0.3782
872	8	Frosmoth	2	0.4648	0.2291	-0.0685	0.5506	0.0858	0.379
872	9	Frosmoth	2	0.5752	0.3866	0.0536	0.5506	0	0.5752
872	10	Frosmoth	2	0.6213	0.4356	0.0842	0.5506	0	0.6213
872	11	Frosmoth	2	0.5787	0.4032	-0.004	0.5506	0	0.5787
872	12	Frosmoth	2	0.5586	0.376	0.0477	0.5506	0	0.5586
872	13	Frosmoth	2	0.5553	0.4062	-0.0064	0.5506	0	0.5553
872	14	Frosmoth	2	0.6085	0.3632	0.063	0.5506	0	0.6085
872	15	Frosmoth	2	0.6437	0.4151	0.1056	0.5506	0	0.6437
872	16	Frosmoth	2	0.4761	0.3504	-0.0619	0.5506	0.0745	0.4016
872	17	Frosmoth	2	0.5359	0.3048	0.0366	0.5506	0.0147	0.5212
872	18	Frosmoth	2	0.5459	0.3126	0.0415	0.5506	0.0047	0.5412
872	19	Frosmoth	2	0.5223	0.3128	0.0133	0.5506	0.0283	0.494
874	3	Stonjourner	1	0.4377	0.4054	0.0705	0.5572	0.1195	0.3182
874	4	Stonjourner	1	0.4685	0.4445	0.0687	0.5572	0.0887	0.3798
874	5	Stonjourner	1	0.5073	0.422	-0.0283	0.5572	0.0499	0.4574
874	6	Stonjourner	1	0.6636	0.3861	0.2775	0.5572	0	0.6636
874	7	Stonjourner	1	0.5861	0.3529	0.1506	0.5572	0	0.5861
874	8	Stonjourner	1	0.5572	0.4025	0.149	0.5572	0	0.5572
874	9	Stonjourner	1	0.5776	0.3583	0.1777	0.5572	0	0.5776
874	10	Stonjourner	1	0.6422	0.3309	0.2438	0.5572	0	0.6422
874	11	Stonjourner	1	0.5576	0.4464	0.1526	0.5572	0	0.5576
874	12	Stonjourner	1	0.6928	0.3989	0.2939	0.5572	0	0.6928
874	13	Stonjourner	1	0.7262	0.4032	0.3261	0.5572	0	0.7262
874	14	Stonjourner	1	0.5445	0.3687	0.1758	0.5572	0.0127	0.5318
874	15	Stonjourner	1	0.6332	0.3891	0.2161	0.5572	0	0.6332
874	16	Stonjourner	1	0.5202	0.3878	0.1305	0.5572	0.037	0.4832
874	17	Stonjourner	1	0.4756	0.3392	0.0592	0.5572	0.0816	0.394
874	18	Stonjourner	1	0.4828	0.3727	0.0598	0.5572	0.0744	0.4084
874	19	Stonjourner	1	0.5093	0.3776	0.0947	0.5572	0.0479	0.4614
875	3	Eiscue-Ice	1	0.4234	0.2895	-0.1203	0.5488	0.1254	0.298
875	4	Eiscue-Ice	1	0.51	0.3584	-0.1266	0.5488	0.0388	0.4712
875	5	Eiscue-Ice	1	0.4784	0.2901	-0.0572	0.5488	0.0704	0.408
875	6	Eiscue-Ice	1	0.6163	0.3206	0.1258	0.5488	0	0.6163
875	7	Eiscue-Ice	1	0.5433	0.2524	0.0197	0.5488	0.0055	0.5378
875	8	Eiscue-Ice	1	0.4716	0.2287	-0.0274	0.5488	0.0772	0.3944
875	9	Eiscue-Ice	1	0.5712	0.2976	0.0474	0.5488	0	0.5712
875	10	Eiscue-Ice	1	0.5669	0.315	0.0518	0.5488	0	0.5669
875	11	Eiscue-Ice	1	0.5843	0.3448	0.0569	0.5488	0	0.5843
875	12	Eiscue-Ice	1	0.6186	0.3494	0.132	0.5488	0	0.6186
875	13	Eiscue-Ice	1	0.5488	0.3096	0.0361	0.5488	0	0.5488
875	14	Eiscue-Ice	1	0.6107	0.2999	0.0865	0.5488	0	0.6107
875	15	Eiscue-Ice	1	0.5991	0.2931	0.0641	0.5488	0	0.5991
875	16	Eiscue-Ice	1	0.5392	0.2987	0.039	0.5488	0.0096	0.5296
875	17	Eiscue-Ice	1	0.5669	0.252	0.0528	0.5488	0	0.5669
875	18	Eiscue-Ice	1	0.5204	0.3085	0.0401	0.5488	0.0284	0.492
875	19	Eiscue-Ice	1	0.5445	0.2807	0.0478	0.5488	0.0043	0.5402
876	3	Indeedee-M	1	0.5213	0.4473	-0.0117	0.4935	0	0.5213
876	4	Indeedee-M	1	0.4392	0.3876	-0.1799	0.4935	0.0543	0.3849
876	5	Indeedee-M	1	0.4637	0.4081	-0.0961	0.4935	0.0298	0.4339
876	6	Indeedee-M	1	0.5271	0.3087	0.0065	0.4935	0	0.5271
876	7	Indeedee-M	1	0.4763	0.3588	-0.0137	0.4935	0.0172	0.4591
876	8	Indeedee-M	1	0.5659	0.3621	0.0326	0.4935	0	0.5659
876	9	Indeedee-M	1	0.4935	0.3563	-0.0281	0.4935	0	0.4935
876	10	Indeedee-M	1	0.4699	0.3538	-0.0463	0.4935	0.0236	0.4463
876	11	Indeedee-M	1	0.524	0.334	-0.0587	0.4935	0	0.524
876	12	Indeedee-M	1	0.4705	0.2997	-0.0404	0.4935	0.023	0.4475
876	13	Indeedee-M	1	0.5092	0.3059	-0.0525	0.4935	0	0.5092
876	14	Indeedee-M	1	0.5402	0.3392	-0.0053	0.4935	0	0.5402
876	15	Indeedee-M	1	0.5456	0.3684	0.0075	0.4935	0	0.5456
876	16	Indeedee-M	1	0.4743	0.3361	-0.0637	0.4935	0.0192	0.4551
876	17	Indeedee-M	1	0.489	0.3222	-0.0103	0.4935	0.0045	0.4845
876	18	Indeedee-M	1	0.5278	0.3533	0.0234	0.4935	0	0.5278
876	19	Indeedee-M	1	0.4911	0.3149	-0.0179	0.4935	0.0024	0.4887
877	3	Morpeko-Full-Belly	1	0.4526	0.3478	-0.0804	0.4937	0.0411	0.4115
877	4	Morpeko-Full-Belly	1	0.4866	0.4072	-0.1325	0.4937	0.0071	0.4795
877	5	Morpeko-Full-Belly	1	0.5411	0.4451	-0.0187	0.4937	0	0.5411
877	6	Morpeko-Full-Belly	1	0.642	0.3559	0.2152	0.4937	0	0.642
877	7	Morpeko-Full-Belly	1	0.5012	0.3258	0.0456	0.4937	0	0.5012
877	8	Morpeko-Full-Belly	1	0.4431	0.3326	0.0134	0.4937	0.0506	0.3925
877	9	Morpeko-Full-Belly	1	0.4841	0.3512	0.0043	0.4937	0.0096	0.4745
877	10	Morpeko-Full-Belly	1	0.456	0.2994	-0.0295	0.4937	0.0377	0.4183
877	11	Morpeko-Full-Belly	1	0.4937	0.3527	-0.0232	0.4937	0	0.4937
877	12	Morpeko-Full-Belly	1	0.4707	0.3159	0.0046	0.4937	0.023	0.4477
877	13	Morpeko-Full-Belly	1	0.4987	0.3452	0.0276	0.4937	0	0.4987
877	14	Morpeko-Full-Belly	1	0.5853	0.3896	0.0803	0.4937	0	0.5853
877	15	Morpeko-Full-Belly	1	0.5713	0.3935	0.0687	0.4937	0	0.5713
877	16	Morpeko-Full-Belly	1	0.5259	0.3709	0.0577	0.4937	0	0.5259
877	17	Morpeko-Full-Belly	1	0.4502	0.2888	0.0076	0.4937	0.0435	0.4067
877	18	Morpeko-Full-Belly	1	0.4713	0.3269	0.0341	0.4937	0.0224	0.4489
877	19	Morpeko-Full-Belly	1	0.4961	0.3394	0.0471	0.4937	0	0.4961
878	2	Cufant	1	0.3925	0.3016	-0.0121	0.5194	0.1269	0.2656
878	3	Cufant	1	0.3624	0.2433	-0.1246	0.5194	0.157	0.2054
878	4	Cufant	1	0.3446	0.2786	-0.1857	0.5194	0.1748	0.1698
878	5	Cufant	1	0.4319	0.2874	-0.0497	0.5194	0.0875	0.3444
878	6	Copperajah	2	0.6832	0.4533	0.1798	0.5194	0	0.6832
878	7	Copperajah	2	0.4647	0.3689	-0.0196	0.5194	0.0547	0.41
878	8	Copperajah	2	0.392	0.3018	-0.1072	0.5194	0.1274	0.2646
878	9	Copperajah	2	0.5846	0.3923	0.1285	0.5194	0	0.5846
878	10	Copperajah	2	0.5044	0.3655	0.1032	0.5194	0.015	0.4894
878	11	Copperajah	2	0.6127	0.3765	0.163	0.5194	0	0.6127
878	12	Copperajah	2	0.5593	0.3935	0.1183	0.5194	0	0.5593
878	13	Copperajah	2	0.6665	0.4256	0.1876	0.5194	0	0.6665
878	14	Copperajah	2	0.5878	0.4016	0.1478	0.5194	0	0.5878
878	15	Copperajah	2	0.5637	0.397	0.1057	0.5194	0	0.5637
878	16	Copperajah	2	0.4735	0.3425	0.068	0.5194	0.0459	0.4276
878	17	Copperajah	2	0.5996	0.4087	0.1745	0.5194	0	0.5996
878	18	Copperajah	2	0.494	0.3427	0.0224	0.5194	0.0254	0.4686
878	19	Copperajah	2	0.5344	0.381	0.1065	0.5194	0	0.5344
88	1	Grimer	1	0.5776	0.3801	0.0051	0.6661	0.0885	0.4891
88	2	Grimer	1	0.5759	0.3409	0.0511	0.6661	0.0902	0.4857
88	3	Grimer	1	0.5285	0.3491	-0.0152	0.6661	0.1376	0.3909
88	4	Muk	2	0.5601	0.359	0.0507	0.6661	0.106	0.4541
88	5	Muk	2	0.5671	0.339	0.0757	0.6661	0.099	0.4681
88	6	Muk	2	0.7095	0.3885	0.1812	0.6661	0	0.7095
88	7	Muk	2	0.6665	0.4039	0.0996	0.6661	0	0.6665
88	8	Muk	2	0.695	0.3726	0.1957	0.6661	0	0.695
88	9	Muk	2	0.7024	0.385	0.1911	0.6661	0	0.7024
88	10	Muk	2	0.6701	0.3448	0.133	0.6661	0	0.6701
88	11	Muk	2	0.6607	0.3697	0.1449	0.6661	0.0054	0.6553
88	12	Muk	2	0.6543	0.333	0.2269	0.6661	0.0118	0.6425
88	13	Muk	2	0.7208	0.3646	0.2552	0.6661	0	0.7208
88	14	Muk	2	0.7187	0.351	0.2681	0.6661	0	0.7187
88	15	Muk	2	0.6661	0.3411	0.1404	0.6661	0	0.6661
88	16	Muk	2	0.6412	0.3459	0.2039	0.6661	0.0249	0.6163
88	17	Muk	2	0.5681	0.4072	0.1055	0.6661	0.098	0.4701
88	18	Muk	2	0.674	0.3216	0.2447	0.6661	0	0.674
88	19	Muk	2	0.6965	0.3686	0.2251	0.6661	0	0.6965
880	4	Dracozolt	1	0.5118	0.3876	0.0024	0.5199	0.0081	0.5037
880	5	Dracozolt	1	0.5296	0.4075	0.0382	0.5199	0	0.5296
880	6	Dracozolt	1	0.6608	0.3064	0.12	0.5199	0	0.6608
880	7	Dracozolt	1	0.5229	0.3189	-0.0007	0.5199	0	0.5229
880	8	Dracozolt	1	0.5313	0.3229	0.0323	0.5199	0	0.5313
880	9	Dracozolt	1	0.5754	0.3401	0.0516	0.5199	0	0.5754
880	10	Dracozolt	1	0.4552	0.258	-0.0599	0.5199	0.0647	0.3905
880	11	Dracozolt	1	0.5495	0.3278	0.0221	0.5199	0	0.5495
880	12	Dracozolt	1	0.5169	0.2843	0.0303	0.5199	0.003	0.5139
880	13	Dracozolt	1	0.572	0.3516	0.0593	0.5199	0	0.572
880	14	Dracozolt	1	0.5767	0.3484	0.0525	0.5199	0	0.5767
880	15	Dracozolt	1	0.4609	0.31	-0.0741	0.5199	0.059	0.4019
880	16	Dracozolt	1	0.5117	0.3133	0.0115	0.5199	0.0082	0.5035
880	17	Dracozolt	1	0.4006	0.2489	-0.1135	0.5199	0.1193	0.2813
880	18	Dracozolt	1	0.5008	0.296	0.0205	0.5199	0.0191	0.4817
880	19	Dracozolt	1	0.4954	0.3227	-0.0013	0.5199	0.0245	0.4709
881	4	Arctozolt	1	0.4323	0.361	-0.0771	0.4753	0.043	0.3893
881	5	Arctozolt	1	0.4717	0.3196	-0.0197	0.4753	0.0036	0.4681
881	6	Arctozolt	1	0.6384	0.3476	0.0976	0.4753	0	0.6384
881	7	Arctozolt	1	0.4399	0.2769	-0.0837	0.4753	0.0354	0.4045
881	8	Arctozolt	1	0.3979	0.2492	-0.1011	0.4753	0.0774	0.3205
881	9	Arctozolt	1	0.5117	0.309	0.0284	0.4753	0	0.5117
881	10	Arctozolt	1	0.4789	0.2672	0.0176	0.4753	0	0.4789
881	11	Arctozolt	1	0.5177	0.3246	0.019	0.4753	0	0.5177
881	12	Arctozolt	1	0.5317	0.3365	0.0729	0.4753	0	0.5317
881	13	Arctozolt	1	0.5063	0.3135	0.1058	0.4753	0	0.5063
881	14	Arctozolt	1	0.5299	0.3437	0.0975	0.4753	0	0.5299
881	15	Arctozolt	1	0.5166	0.3106	0.0096	0.4753	0	0.5166
881	16	Arctozolt	1	0.4188	0.296	-0.048	0.4753	0.0565	0.3623
881	17	Arctozolt	1	0.4314	0.2674	-0.0002	0.4753	0.0439	0.3875
881	18	Arctozolt	1	0.446	0.2733	-0.0046	0.4753	0.0293	0.4167
881	19	Arctozolt	1	0.4512	0.3179	0.0144	0.4753	0.0241	0.4271
882	4	Dracovish	1	0.445	0.3743	-0.0644	0.5983	0.1533	0.2917
882	5	Dracovish	1	0.4309	0.3403	-0.0605	0.5983	0.1674	0.2635
882	6	Dracovish	1	0.7097	0.2957	0.1689	0.5983	0	0.7097
882	7	Dracovish	1	0.5335	0.3112	0.1234	0.5983	0.0648	0.4687
882	8	Dracovish	1	0.6587	0.3155	0.2604	0.5983	0	0.6587
882	9	Dracovish	1	0.6634	0.3156	0.2398	0.5983	0	0.6634
882	10	Dracovish	1	0.5409	0.2816	0.1513	0.5983	0.0574	0.4835
882	11	Dracovish	1	0.6653	0.3131	0.2433	0.5983	0	0.6653
882	12	Dracovish	1	0.5451	0.278	0.1756	0.5983	0.0532	0.4919
882	13	Dracovish	1	0.6698	0.3317	0.2462	0.5983	0	0.6698
882	14	Dracovish	1	0.6224	0.3094	0.1949	0.5983	0	0.6224
882	15	Dracovish	1	0.6129	0.3115	0.1329	0.5983	0	0.6129
882	16	Dracovish	1	0.6156	0.3477	0.2115	0.5983	0	0.6156
882	17	Dracovish	1	0.4093	0.271	-0.0248	0.5983	0.189	0.2203
882	18	Dracovish	1	0.463	0.292	0.0152	0.5983	0.1353	0.3277
882	19	Dracovish	1	0.5838	0.3209	0.1862	0.5983	0.0145	0.5693
883	4	Arctovish	1	0.5002	0.4001	-0.0092	0.5722	0.072	0.4282
883	5	Arctovish	1	0.4792	0.3716	-0.0024	0.5722	0.093	0.3862
883	6	Arctovish	1	0.4116	0.2712	-0.0421	0.5722	0.1606	0.251
883	7	Arctovish	1	0.5693	0.3225	0.1587	0.5722	0.0029	0.5664
883	8	Arctovish	1	0.5493	0.2894	0.1325	0.5722	0.0229	0.5264
883	9	Arctovish	1	0.5905	0.3291	0.2119	0.5722	0	0.5905
883	10	Arctovish	1	0.5716	0.3399	0.2088	0.5722	0.0006	0.571
883	11	Arctovish	1	0.5729	0.3936	0.1879	0.5722	0	0.5729
883	12	Arctovish	1	0.588	0.368	0.22	0.5722	0	0.588
883	13	Arctovish	1	0.5994	0.3863	0.1717	0.5722	0	0.5994
883	14	Arctovish	1	0.6171	0.3766	0.1903	0.5722	0	0.6171
883	15	Arctovish	1	0.617	0.3327	0.1823	0.5722	0	0.617
883	16	Arctovish	1	0.567	0.3557	0.1623	0.5722	0.0052	0.5618
883	17	Arctovish	1	0.5854	0.3205	0.1921	0.5722	0	0.5854
883	18	Arctovish	1	0.4589	0.2702	0.0671	0.5722	0.1133	0.3456
883	19	Arctovish	1	0.5808	0.3551	0.1814	0.5722	0	0.5808
884	3	Duraludon	1	0.4465	0.4115	-0.0865	0.6983	0.2518	0.1947
884	4	Duraludon	1	0.4998	0.4134	-0.0096	0.6983	0.1985	0.3013
884	5	Duraludon	1	0.5642	0.4497	0.0728	0.6983	0.1341	0.4301
884	6	Duraludon	1	0.6852	0.4015	0.246	0.6983	0.0131	0.6721
884	7	Duraludon	1	0.5812	0.3079	0.1554	0.6983	0.1171	0.4641
884	8	Duraludon	1	0.5654	0.2838	0.1527	0.6983	0.1329	0.4325
884	9	Archaludon	2	0.7063	0.413	0.223	0.6983	0	0.7063
884	10	Archaludon	2	0.6806	0.3754	0.2193	0.6983	0.0177	0.6629
884	11	Archaludon	2	0.6234	0.413	0.1247	0.6983	0.0749	0.5485
884	12	Archaludon	2	0.7642	0.4208	0.3054	0.6983	0	0.7642
884	13	Archaludon	2	0.7843	0.4239	0.2877	0.6983	0	0.7843
884	14	Archaludon	2	0.7772	0.4572	0.3066	0.6983	0	0.7772
884	15	Archaludon	2	0.7081	0.3774	0.1579	0.6983	0	0.7081
884	16	Archaludon	2	0.6983	0.3861	0.2567	0.6983	0	0.6983
884	17	Archaludon	2	0.7376	0.3819	0.3404	0.6983	0	0.7376
884	18	Archaludon	2	0.7423	0.3844	0.3396	0.6983	0	0.7423
884	19	Archaludon	2	0.7411	0.3972	0.3153	0.6983	0	0.7411
885	1	Dreepy	1	0.5025	0.4099	-0.1001	0.5025	0	0.5025
885	2	Dreepy	1	0.4121	0.3261	-0.1127	0.5025	0.0904	0.3217
885	3	Dreepy	1	0.4056	0.3087	-0.1274	0.5025	0.0969	0.3087
885	4	Dreepy	1	0.4296	0.2863	-0.1895	0.5025	0.0729	0.3567
885	5	Dreepy	1	0.3961	0.2837	-0.1637	0.5025	0.1064	0.2897
885	6	Dreepy	1	0.3086	0.2078	-0.1182	0.5025	0.1939	0.1147
885	7	Dreepy	1	0.3794	0.251	-0.0762	0.5025	0.1231	0.2563
885	8	Dreepy	1	0.3299	0.2014	-0.0998	0.5025	0.1726	0.1573
885	9	Drakloak	2	0.4997	0.37	-0.0241	0.5025	0.0028	0.4969
885	10	Drakloak	2	0.4064	0.2991	-0.1087	0.5025	0.0961	0.3103
885	11	Dragapult	3	0.7087	0.4252	0.1813	0.5025	0	0.7087
885	12	Dragapult	3	0.6624	0.4214	0.1758	0.5025	0	0.6624
885	13	Dragapult	3	0.6987	0.4508	0.186	0.5025	0	0.6987
885	14	Dragapult	3	0.6508	0.4339	0.1266	0.5025	0	0.6508
885	15	Dragapult	3	0.6968	0.4662	0.1618	0.5025	0	0.6968
885	16	Dragapult	3	0.6071	0.4309	0.1069	0.5025	0	0.6071
885	17	Dragapult	3	0.5867	0.3714	0.0726	0.5025	0	0.5867
885	18	Dragapult	3	0.6926	0.4745	0.2123	0.5025	0	0.6926
885	19	Dragapult	3	0.634	0.4297	0.1373	0.5025	0	0.634
891	7	Urshifu-Rapid-Strike	2	0.6793	0.4635	0.1557	0.574	0	0.6793
891	8	Urshifu-Single-Strike	2	0.5724	0.4041	0.0734	0.574	0.0016	0.5708
891	9	Urshifu-Single-Strike	2	0.6308	0.4452	0.107	0.574	0	0.6308
891	10	Urshifu-Rapid-Strike	2	0.6326	0.4485	0.1175	0.574	0	0.6326
891	11	Urshifu-Rapid-Strike	2	0.574	0.413	0.0466	0.574	0	0.574
891	12	Urshifu-Rapid-Strike	2	0.5303	0.3967	0.0437	0.574	0.0437	0.4866
891	13	Urshifu-Rapid-Strike	2	0.6003	0.3967	0.0876	0.574	0	0.6003
891	14	Urshifu-Single-Strike	2	0.6758	0.4654	0.1516	0.574	0	0.6758
891	15	Urshifu-Rapid-Strike	2	0.4992	0.3395	-0.0358	0.574	0.0748	0.4244
891	16	Urshifu-Single-Strike	2	0.5763	0.4417	0.0761	0.574	0	0.5763
891	17	Urshifu-Rapid-Strike	2	0.5173	0.369	0.0032	0.574	0.0567	0.4606
891	18	Urshifu-Single-Strike	2	0.5342	0.3555	0.0539	0.574	0.0398	0.4944
891	19	Urshifu-Rapid-Strike	2	0.5693	0.388	0.0726	0.574	0.0047	0.5646
893	7	Zarude	1	0.5669	0.3903	0.07	0.5669	0	0.5669
893	8	Zarude	1	0.471	0.3068	-0.0075	0.5669	0.0959	0.3751
893	9	Zarude	1	0.5565	0.3627	0.0767	0.5669	0.0104	0.5461
893	10	Zarude	1	0.584	0.3908	0.0985	0.5669	0	0.584
893	11	Zarude	1	0.6197	0.3896	0.1028	0.5669	0	0.6197
893	12	Zarude	1	0.548	0.2729	0.0819	0.5669	0.0189	0.5291
893	13	Zarude	1	0.5268	0.391	0.0557	0.5669	0.0401	0.4867
893	14	Zarude	1	0.6334	0.4454	0.1284	0.5669	0	0.6334
893	15	Zarude	1	0.684	0.4592	0.1814	0.5669	0	0.684
893	16	Zarude	1	0.5833	0.4371	0.1151	0.5669	0	0.5833
893	17	Zarude	1	0.5461	0.3501	0.1035	0.5669	0.0208	0.5253
893	18	Zarude	1	0.518	0.3773	0.0808	0.5669	0.0489	0.4691
893	19	Zarude	1	0.576	0.3883	0.127	0.5669	0	0.576
894	13	Regieleki	1	0.7421	0.492	0.2572	0.6976	0	0.7421
894	14	Regieleki	1	0.8104	0.5325	0.3579	0.6976	0	0.8104
894	15	Regieleki	1	0.7221	0.4679	0.2016	0.6976	0	0.7221
894	16	Regieleki	1	0.6514	0.4855	0.2096	0.6976	0.0462	0.6052
894	17	Regieleki	1	0.6585	0.4957	0.2398	0.6976	0.0391	0.6194
894	18	Regieleki	1	0.6305	0.5025	0.1728	0.6976	0.0671	0.5634
894	19	Regieleki	1	0.6976	0.4865	0.2444	0.6976	0	0.6976
895	13	Regidrago	1	0.6522	0.4166	0.0905	0.6069	0	0.6522
895	14	Regidrago	1	0.6767	0.4126	0.1312	0.6069	0	0.6767
895	15	Regidrago	1	0.5988	0.3914	0.0607	0.6069	0.0081	0.5907
895	16	Regidrago	1	0.6604	0.4271	0.1224	0.6069	0	0.6604
895	17	Regidrago	1	0.5238	0.3155	0.0245	0.6069	0.0831	0.4407
895	18	Regidrago	1	0.6069	0.4	0.1025	0.6069	0	0.6069
895	19	Regidrago	1	0.606	0.391	0.097	0.6069	0.0009	0.6051
896	7	Glastrier	1	0.485	0.3531	0.0007	0.5562	0.0712	0.4138
896	8	Glastrier	1	0.4512	0.293	-0.048	0.5562	0.105	0.3462
896	9	Glastrier	1	0.5665	0.3806	0.1104	0.5562	0	0.5665
896	10	Glastrier	1	0.6133	0.3738	0.2121	0.5562	0	0.6133
896	11	Glastrier	1	0.5593	0.4148	0.1096	0.5562	0	0.5593
896	12	Glastrier	1	0.5892	0.4087	0.1482	0.5562	0	0.5892
896	13	Glastrier	1	0.5562	0.3726	0.0773	0.5562	0	0.5562
896	14	Glastrier	1	0.6009	0.3687	0.1609	0.5562	0	0.6009
896	15	Glastrier	1	0.5778	0.4088	0.1198	0.5562	0	0.5778
896	16	Glastrier	1	0.5272	0.3446	0.1217	0.5562	0.029	0.4982
896	17	Glastrier	1	0.5182	0.3506	0.0931	0.5562	0.038	0.4802
896	18	Glastrier	1	0.5091	0.3609	0.0375	0.5562	0.0471	0.462
896	19	Glastrier	1	0.5098	0.3513	0.0819	0.5562	0.0464	0.4634
897	7	Spectrier	1	0.5969	0.3953	0.1069	0.5739	0	0.5969
897	8	Spectrier	1	0.6265	0.4002	0.1383	0.5739	0	0.6265
897	9	Spectrier	1	0.6108	0.4457	0.1127	0.5739	0	0.6108
897	10	Spectrier	1	0.5273	0.3414	0.0655	0.5739	0.0466	0.4807
897	11	Spectrier	1	0.5636	0.3787	0.0143	0.5739	0.0103	0.5533
897	12	Spectrier	1	0.5322	0.3852	0.0805	0.5739	0.0417	0.4905
897	13	Spectrier	1	0.5847	0.3978	0.1017	0.5739	0	0.5847
897	14	Spectrier	1	0.6122	0.3767	0.1131	0.5739	0	0.6122
897	15	Spectrier	1	0.5822	0.4056	0.0607	0.5739	0	0.5822
897	16	Spectrier	1	0.5268	0.3529	0.0489	0.5739	0.0471	0.4797
897	17	Spectrier	1	0.5265	0.3259	0.084	0.5739	0.0474	0.4791
897	18	Spectrier	1	0.5739	0.401	0.0963	0.5739	0	0.5739
897	19	Spectrier	1	0.5722	0.3799	0.0878	0.5739	0.0017	0.5705
898	9	Calyrex	1	0.5178	0.383	-0.0038	0.5178	0	0.5178
898	10	Calyrex	1	0.5729	0.3467	0.0567	0.5178	0	0.5729
898	11	Calyrex	1	0.5672	0.3415	-0.0155	0.5178	0	0.5672
898	12	Calyrex	1	0.4765	0.2863	-0.0344	0.5178	0.0413	0.4352
898	13	Calyrex	1	0.4391	0.3187	-0.1226	0.5178	0.0787	0.3604
898	14	Calyrex	1	0.545	0.3621	-0.0005	0.5178	0	0.545
898	15	Calyrex	1	0.597	0.3645	-0.0367	0.5178	0	0.597
898	16	Calyrex	1	0.4756	0.3408	-0.0624	0.5178	0.0422	0.4334
898	17	Calyrex	1	0.5421	0.3361	0.0655	0.5178	0	0.5421
898	18	Calyrex	1	0.4875	0.3119	-0.0052	0.5178	0.0303	0.4572
898	19	Calyrex	1	0.474	0.327	-0.035	0.5178	0.0438	0.4302
90	1	Cloyster	2	0.5227	0.5127	0.1245	0.6198	0.0971	0.4256
90	2	Cloyster	2	0.4251	0.4237	0.0251	0.6198	0.1947	0.2304
90	3	Cloyster	2	0.415	0.3547	-0.072	0.6198	0.2048	0.2102
90	4	Cloyster	2	0.4712	0.4285	-0.1479	0.6198	0.1486	0.3226
90	5	Cloyster	2	0.4294	0.3992	-0.1304	0.6198	0.1904	0.239
90	6	Cloyster	2	0.5809	0.2847	0.1333	0.6198	0.0389	0.542
90	7	Cloyster	2	0.6441	0.3705	0.2236	0.6198	0	0.6441
90	8	Cloyster	2	0.6084	0.2988	0.1844	0.6198	0.0114	0.597
90	9	Cloyster	2	0.6575	0.3402	0.2248	0.6198	0	0.6575
90	10	Cloyster	2	0.6909	0.3434	0.283	0.6198	0	0.6909
90	11	Cloyster	2	0.6755	0.3009	0.2369	0.6198	0	0.6755
90	12	Cloyster	2	0.6401	0.3307	0.1849	0.6198	0	0.6401
90	13	Cloyster	2	0.6474	0.343	0.1508	0.6198	0	0.6474
90	14	Cloyster	2	0.713	0.308	0.2424	0.6198	0	0.713
90	15	Cloyster	2	0.6657	0.3479	0.1155	0.6198	0	0.6657
90	16	Cloyster	2	0.6008	0.3597	0.1592	0.6198	0.019	0.5818
90	17	Cloyster	2	0.6764	0.3144	0.2792	0.6198	0	0.6764
90	18	Cloyster	2	0.4923	0.3392	0.0896	0.6198	0.1275	0.3648
90	19	Cloyster	2	0.6198	0.3153	0.194	0.6198	0	0.6198
905	9	Enamorus-Incarnate	1	0.5251	0.3834	0.027	0.5763	0.0512	0.4739
905	10	Enamorus-Incarnate	1	0.6091	0.4433	0.1473	0.5763	0	0.6091
905	11	Enamorus-Incarnate	1	0.636	0.4399	0.0867	0.5763	0	0.636
905	12	Enamorus-Incarnate	1	0.5104	0.3957	0.0587	0.5763	0.0659	0.4445
905	13	Enamorus-Incarnate	1	0.5763	0.4176	0.0933	0.5763	0	0.5763
905	14	Enamorus-Incarnate	1	0.5877	0.3818	0.0886	0.5763	0	0.5877
905	15	Enamorus-Incarnate	1	0.6117	0.3971	0.0902	0.5763	0	0.6117
905	16	Enamorus-Incarnate	1	0.5775	0.4254	0.0996	0.5763	0	0.5775
905	17	Enamorus-Incarnate	1	0.5131	0.3382	0.0706	0.5763	0.0632	0.4499
905	18	Enamorus-Incarnate	1	0.5157	0.3547	0.0381	0.5763	0.0606	0.4551
905	19	Enamorus-Incarnate	1	0.555	0.3782	0.0706	0.5763	0.0213	0.5337
906	12	Venusaur-Mega	1	0.6499	0.4346	0.139	0.6502	0.0002	0.6497
906	13	Venusaur-Mega	1	0.6504	0.4717	0.0887	0.6502	0	0.6504
906	14	Venusaur-Mega	1	0.7339	0.5316	0.1884	0.6502	0	0.7339
906	15	Venusaur-Mega	1	0.6478	0.4349	0.1097	0.6502	0.0023	0.6455
906	16	Venusaur-Mega	1	0.6861	0.4688	0.1481	0.6502	0	0.6861
906	17	Venusaur-Mega	1	0.6799	0.4993	0.1806	0.6502	0	0.6799
906	18	Venusaur-Mega	1	0.616	0.4171	0.1116	0.6502	0.0342	0.5818
906	19	Venusaur-Mega	1	0.6399	0.4258	0.1309	0.6502	0.0102	0.6297
909	12	Blastoise-Mega	1	0.7123	0.4626	0.2014	0.6958	0	0.7123
909	13	Blastoise-Mega	1	0.7263	0.4895	0.1646	0.6958	0	0.7263
909	14	Blastoise-Mega	1	0.7139	0.4089	0.1684	0.6958	0	0.7139
909	15	Blastoise-Mega	1	0.6692	0.4038	0.1311	0.6958	0.0266	0.6426
909	16	Blastoise-Mega	1	0.6793	0.438	0.1413	0.6958	0.0165	0.6628
909	17	Blastoise-Mega	1	0.6752	0.4487	0.1759	0.6958	0.0206	0.6546
909	18	Blastoise-Mega	1	0.6328	0.4094	0.1284	0.6958	0.063	0.5698
909	19	Blastoise-Mega	1	0.7129	0.4317	0.2039	0.6958	0	0.7129
910	7	Beedrill-Mega	1	0.5783	0.3846	0.0814	0.6784	0.1001	0.4782
910	8	Beedrill-Mega	1	0.6501	0.3968	0.1716	0.6784	0.0283	0.6218
910	9	Beedrill-Mega	1	0.6995	0.4334	0.2197	0.6784	0	0.6995
910	10	Beedrill-Mega	1	0.7017	0.4179	0.2162	0.6784	0	0.7017
910	11	Beedrill-Mega	1	0.6803	0.4705	0.1634	0.6784	0	0.6803
910	12	Beedrill-Mega	1	0.7046	0.3945	0.2385	0.6784	0	0.7046
910	13	Beedrill-Mega	1	0.6327	0.3961	0.1616	0.6784	0.0457	0.587
910	14	Beedrill-Mega	1	0.7348	0.4439	0.2298	0.6784	0	0.7348
910	15	Beedrill-Mega	1	0.6784	0.5026	0.1758	0.6784	0	0.6784
910	16	Beedrill-Mega	1	0.6036	0.4107	0.1354	0.6784	0.0748	0.5288
910	17	Beedrill-Mega	1	0.6273	0.4155	0.1847	0.6784	0.0511	0.5762
910	18	Beedrill-Mega	1	0.7206	0.4295	0.2834	0.6784	0	0.7206
910	19	Beedrill-Mega	1	0.6658	0.388	0.2168	0.6784	0.0126	0.6532
911	7	Pidgeot-Mega	1	0.693	0.4632	0.1705	0.7041	0.0111	0.6819
911	8	Pidgeot-Mega	1	0.7115	0.5268	0.1782	0.7041	0	0.7115
911	9	Pidgeot-Mega	1	0.7042	0.537	0.2061	0.7041	0	0.7042
911	10	Pidgeot-Mega	1	0.7217	0.4962	0.2599	0.7041	0	0.7217
911	11	Pidgeot-Mega	1	0.7113	0.4983	0.162	0.7041	0	0.7113
911	12	Pidgeot-Mega	1	0.6377	0.4502	0.186	0.7041	0.0664	0.5713
911	13	Pidgeot-Mega	1	0.7041	0.4806	0.2211	0.7041	0	0.7041
911	14	Pidgeot-Mega	1	0.676	0.4476	0.1769	0.7041	0.0281	0.6479
911	15	Pidgeot-Mega	1	0.7714	0.5168	0.2499	0.7041	0	0.7714
911	16	Pidgeot-Mega	1	0.686	0.4267	0.2081	0.7041	0.0181	0.6679
911	17	Pidgeot-Mega	1	0.6324	0.3986	0.1899	0.7041	0.0717	0.5607
911	18	Pidgeot-Mega	1	0.6214	0.4451	0.1438	0.7041	0.0827	0.5387
911	19	Pidgeot-Mega	1	0.7069	0.4633	0.2225	0.7041	0	0.7069
912	7	Alakazam-Mega	1	0.695	0.5414	0.1725	0.6636	0	0.695
912	8	Alakazam-Mega	1	0.7377	0.6149	0.2044	0.6636	0	0.7377
912	9	Alakazam-Mega	1	0.6566	0.5466	0.135	0.6636	0.007	0.6496
912	10	Alakazam-Mega	1	0.6636	0.5858	0.1474	0.6636	0	0.6636
912	11	Alakazam-Mega	1	0.7022	0.5368	0.1195	0.6636	0	0.7022
912	12	Alakazam-Mega	1	0.6496	0.4918	0.1387	0.6636	0.014	0.6356
912	13	Alakazam-Mega	1	0.6682	0.5179	0.1065	0.6636	0	0.6682
912	14	Alakazam-Mega	1	0.6287	0.5655	0.0832	0.6636	0.0349	0.5938
912	15	Alakazam-Mega	1	0.6585	0.5198	0.1204	0.6636	0.0051	0.6534
912	16	Alakazam-Mega	1	0.6024	0.5392	0.0644	0.6636	0.0612	0.5412
912	17	Alakazam-Mega	1	0.6037	0.4707	0.1044	0.6636	0.0599	0.5438
912	18	Alakazam-Mega	1	0.706	0.5187	0.2016	0.6636	0	0.706
912	19	Alakazam-Mega	1	0.6701	0.5234	0.1611	0.6636	0	0.6701
913	7	Slowbro-Mega	1	0.6662	0.5791	0.1778	0.7266	0.0604	0.6058
913	8	Slowbro-Mega	1	0.7223	0.4708	0.2515	0.7266	0.0043	0.718
913	9	Slowbro-Mega	1	0.7111	0.5634	0.1613	0.7266	0.0155	0.6956
913	10	Slowbro-Mega	1	0.7931	0.5953	0.3073	0.7266	0	0.7931
913	11	Slowbro-Mega	1	0.6903	0.4491	0.2221	0.7266	0.0363	0.654
913	12	Slowbro-Mega	1	0.7342	0.5356	0.2722	0.7266	0	0.7342
913	13	Slowbro-Mega	1	0.7519	0.5423	0.2357	0.7266	0	0.7519
913	14	Slowbro-Mega	1	0.7639	0.4699	0.294	0.7266	0	0.7639
913	15	Slowbro-Mega	1	0.767	0.4615	0.2416	0.7266	0	0.767
913	16	Slowbro-Mega	1	0.6765	0.5345	0.2197	0.7266	0.0501	0.6264
913	17	Slowbro-Mega	1	0.7534	0.5634	0.2252	0.7266	0	0.7534
913	18	Slowbro-Mega	1	0.7022	0.4238	0.2249	0.7266	0.0244	0.6778
913	19	Slowbro-Mega	1	0.7266	0.5594	0.2	0.7266	0	0.7266
914	6	Gengar-Mega	1	0.756	0.5051	0.2674	0.6329	0	0.756
914	7	Gengar-Mega	1	0.6501	0.43	0.1276	0.6329	0	0.6501
914	8	Gengar-Mega	1	0.6849	0.4665	0.1516	0.6329	0	0.6849
914	9	Gengar-Mega	1	0.6384	0.471	0.1168	0.6329	0	0.6384
914	10	Gengar-Mega	1	0.5694	0.3945	0.0532	0.6329	0.0635	0.5059
914	11	Gengar-Mega	1	0.6141	0.3966	0.0648	0.6329	0.0188	0.5953
914	12	Gengar-Mega	1	0.6437	0.4212	0.192	0.6329	0	0.6437
914	13	Gengar-Mega	1	0.6456	0.4226	0.1626	0.6329	0	0.6456
914	14	Gengar-Mega	1	0.6275	0.4217	0.1284	0.6329	0.0054	0.6221
914	15	Gengar-Mega	1	0.6038	0.3946	0.0823	0.6329	0.0291	0.5747
914	16	Gengar-Mega	1	0.5929	0.3856	0.115	0.6329	0.04	0.5529
914	17	Gengar-Mega	1	0.5956	0.3637	0.1531	0.6329	0.0373	0.5583
914	18	Gengar-Mega	1	0.6609	0.4374	0.1833	0.6329	0	0.6609
914	19	Gengar-Mega	1	0.6056	0.4044	0.1212	0.6329	0.0273	0.5783
915	7	Kangaskhan-Mega	1	0.5754	0.3677	0.0785	0.5677	0	0.5754
915	8	Kangaskhan-Mega	1	0.5494	0.365	0.0709	0.5677	0.0183	0.5311
915	9	Kangaskhan-Mega	1	0.6343	0.3625	0.1545	0.5677	0	0.6343
915	10	Kangaskhan-Mega	1	0.4876	0.3291	0.0021	0.5677	0.0801	0.4075
915	11	Kangaskhan-Mega	1	0.6247	0.3607	0.1078	0.5677	0	0.6247
915	12	Kangaskhan-Mega	1	0.5006	0.3297	0.0345	0.5677	0.0671	0.4335
915	13	Kangaskhan-Mega	1	0.5369	0.3472	0.0658	0.5677	0.0308	0.5061
915	14	Kangaskhan-Mega	1	0.6209	0.3647	0.1159	0.5677	0	0.6209
915	15	Kangaskhan-Mega	1	0.6096	0.3412	0.107	0.5677	0	0.6096
915	16	Kangaskhan-Mega	1	0.5677	0.3463	0.0995	0.5677	0	0.5677
915	17	Kangaskhan-Mega	1	0.5346	0.3242	0.092	0.5677	0.0331	0.5015
915	18	Kangaskhan-Mega	1	0.4677	0.299	0.0305	0.5677	0.1	0.3677
915	19	Kangaskhan-Mega	1	0.574	0.3312	0.125	0.5677	0	0.574
916	7	Pinsir-Mega	1	0.5467	0.3973	0.0498	0.5796	0.0329	0.5138
916	8	Pinsir-Mega	1	0.5125	0.3715	0.034	0.5796	0.0671	0.4454
916	9	Pinsir-Mega	1	0.5966	0.4263	0.1168	0.5796	0	0.5966
916	10	Pinsir-Mega	1	0.6351	0.4772	0.1496	0.5796	0	0.6351
916	11	Pinsir-Mega	1	0.6125	0.4434	0.0956	0.5796	0	0.6125
916	12	Pinsir-Mega	1	0.4899	0.3482	0.0238	0.5796	0.0897	0.4002
916	13	Pinsir-Mega	1	0.5298	0.4057	0.0587	0.5796	0.0498	0.48
916	14	Pinsir-Mega	1	0.6792	0.4239	0.1742	0.5796	0	0.6792
916	15	Pinsir-Mega	1	0.6743	0.4889	0.1717	0.5796	0	0.6743
916	16	Pinsir-Mega	1	0.5796	0.3917	0.1114	0.5796	0	0.5796
916	17	Pinsir-Mega	1	0.5762	0.368	0.1336	0.5796	0.0034	0.5728
916	18	Pinsir-Mega	1	0.5114	0.3625	0.0742	0.5796	0.0682	0.4432
916	19	Pinsir-Mega	1	0.5914	0.3892	0.1424	0.5796	0	0.5914
917	11	Gyarados-Mega	1	0.6439	0.4419	0.1165	0.6577	0.0138	0.6301
917	12	Gyarados-Mega	1	0.6652	0.3864	0.1786	0.6577	0	0.6652
917	13	Gyarados-Mega	1	0.7028	0.4512	0.1901	0.6577	0	0.7028
917	14	Gyarados-Mega	1	0.7189	0.4185	0.1947	0.6577	0	0.7189
917	15	Gyarados-Mega	1	0.6402	0.4482	0.1052	0.6577	0.0175	0.6227
917	16	Gyarados-Mega	1	0.709	0.4362	0.2088	0.6577	0	0.709
917	17	Gyarados-Mega	1	0.6499	0.3862	0.1358	0.6577	0.0078	0.6421
917	18	Gyarados-Mega	1	0.5896	0.3696	0.1093	0.6577	0.0681	0.5215
917	19	Gyarados-Mega	1	0.6577	0.4353	0.161	0.6577	0	0.6577
918	7	Aerodactyl-Mega	1	0.7428	0.4477	0.2459	0.7344	0	0.7428
918	8	Aerodactyl-Mega	1	0.7185	0.4175	0.24	0.7344	0.0159	0.7026
918	9	Aerodactyl-Mega	1	0.6989	0.4299	0.2191	0.7344	0.0355	0.6634
918	10	Aerodactyl-Mega	1	0.8029	0.4414	0.3174	0.7344	0	0.8029
918	11	Aerodactyl-Mega	1	0.7503	0.3887	0.2334	0.7344	0	0.7503
918	12	Aerodactyl-Mega	1	0.7492	0.4349	0.2831	0.7344	0	0.7492
918	13	Aerodactyl-Mega	1	0.777	0.3972	0.3059	0.7344	0	0.777
918	14	Aerodactyl-Mega	1	0.6855	0.3881	0.1805	0.7344	0.0489	0.6366
918	15	Aerodactyl-Mega	1	0.7206	0.459	0.218	0.7344	0.0138	0.7068
918	16	Aerodactyl-Mega	1	0.7016	0.4283	0.2334	0.7344	0.0328	0.6688
918	17	Aerodactyl-Mega	1	0.7472	0.4357	0.3046	0.7344	0	0.7472
918	18	Aerodactyl-Mega	1	0.7344	0.4258	0.2972	0.7344	0	0.7344
918	19	Aerodactyl-Mega	1	0.7103	0.4418	0.2613	0.7344	0.0241	0.6862
92	1	Gastly	1	0.5311	0.4861	-0.0715	0.568	0.0369	0.4942
92	2	Gastly	1	0.4577	0.4091	0.0634	0.568	0.1103	0.3474
92	3	Gengar	3	0.6064	0.4919	0.0734	0.568	0	0.6064
92	4	Gengar	3	0.5566	0.5111	-0.0625	0.568	0.0114	0.5452
92	5	Gengar	3	0.6073	0.543	0.0608	0.568	0	0.6073
92	6	Gengar	3	0.6419	0.4352	0.1533	0.568	0	0.6419
92	7	Gengar	3	0.6707	0.4368	0.1482	0.568	0	0.6707
92	8	Gengar	3	0.575	0.4011	0.0417	0.568	0	0.575
92	9	Gengar	3	0.6051	0.4234	0.0835	0.568	0	0.6051
92	10	Gengar	3	0.6306	0.3911	0.1144	0.568	0	0.6306
92	11	Gengar	3	0.5657	0.3757	0.0164	0.568	0.0023	0.5634
92	12	Gengar	3	0.5569	0.3899	0.1052	0.568	0.0111	0.5458
92	13	Gengar	3	0.568	0.3558	0.085	0.568	0	0.568
92	14	Gengar	3	0.5799	0.35	0.0808	0.568	0	0.5799
92	15	Gengar	3	0.5567	0.3637	0.0352	0.568	0.0113	0.5454
92	16	Gengar	3	0.558	0.361	0.0801	0.568	0.01	0.548
92	17	Gengar	3	0.5865	0.362	0.144	0.568	0	0.5865
92	18	Gengar	3	0.5277	0.3608	0.0501	0.568	0.0403	0.4874
92	19	Gengar	3	0.534	0.3447	0.0496	0.568	0.034	0.5
921	7	Ampharos-Mega	1	0.7343	0.4729	0.2118	0.6824	0	0.7343
921	8	Ampharos-Mega	1	0.7046	0.4697	0.1713	0.6824	0	0.7046
921	9	Ampharos-Mega	1	0.7079	0.5167	0.1863	0.6824	0	0.7079
921	10	Ampharos-Mega	1	0.6821	0.4704	0.1659	0.6824	0.0003	0.6818
921	11	Ampharos-Mega	1	0.5778	0.5827	-0.0049	0.6824	0.1046	0.4732
921	12	Ampharos-Mega	1	0.6053	0.4639	0.0944	0.6824	0.0771	0.5282
921	13	Ampharos-Mega	1	0.7037	0.5263	0.142	0.6824	0	0.7037
921	14	Ampharos-Mega	1	0.7105	0.5601	0.165	0.6824	0	0.7105
921	15	Ampharos-Mega	1	0.6677	0.4539	0.1296	0.6824	0.0147	0.653
921	16	Ampharos-Mega	1	0.5996	0.4553	0.0616	0.6824	0.0828	0.5168
921	17	Ampharos-Mega	1	0.6245	0.3901	0.1252	0.6824	0.0579	0.5666
921	18	Ampharos-Mega	1	0.6873	0.4912	0.1829	0.6824	0	0.6873
921	19	Ampharos-Mega	1	0.6824	0.477	0.1734	0.6824	0	0.6824
922	5	Steelix-Mega	1	0.5562	0.506	0.0512	0.6188	0.0626	0.4936
922	6	Steelix-Mega	1	0.6217	0.5306	0.0809	0.6188	0	0.6217
922	7	Steelix-Mega	1	0.6188	0.421	0.1345	0.6188	0	0.6188
922	8	Steelix-Mega	1	0.5364	0.3742	0.0372	0.6188	0.0824	0.454
922	9	Steelix-Mega	1	0.6371	0.4561	0.181	0.6188	0	0.6371
922	10	Steelix-Mega	1	0.6085	0.3862	0.2073	0.6188	0.0103	0.5982
922	11	Steelix-Mega	1	0.6047	0.3702	0.155	0.6188	0.0141	0.5906
922	12	Steelix-Mega	1	0.6963	0.468	0.2553	0.6188	0	0.6963
922	13	Steelix-Mega	1	0.6467	0.4709	0.1678	0.6188	0	0.6467
922	14	Steelix-Mega	1	0.5534	0.3851	0.1134	0.6188	0.0654	0.488
922	15	Steelix-Mega	1	0.5835	0.4835	0.1255	0.6188	0.0353	0.5482
922	16	Steelix-Mega	1	0.5437	0.3815	0.1382	0.6188	0.0751	0.4686
922	17	Steelix-Mega	1	0.6595	0.4476	0.2344	0.6188	0	0.6595
922	18	Steelix-Mega	1	0.6445	0.4884	0.1729	0.6188	0	0.6445
922	19	Steelix-Mega	1	0.6305	0.4322	0.2026	0.6188	0	0.6305
923	7	Scizor-Mega	1	0.5801	0.4011	0.0565	0.638	0.0579	0.5222
923	8	Scizor-Mega	1	0.454	0.252	-0.045	0.638	0.184	0.27
923	9	Scizor-Mega	1	0.7402	0.459	0.2164	0.638	0	0.7402
923	10	Scizor-Mega	1	0.7318	0.4386	0.2167	0.638	0	0.7318
923	11	Scizor-Mega	1	0.6524	0.4193	0.125	0.638	0	0.6524
923	12	Scizor-Mega	1	0.7026	0.4211	0.216	0.638	0	0.7026
923	13	Scizor-Mega	1	0.6345	0.4334	0.1218	0.638	0.0035	0.631
923	14	Scizor-Mega	1	0.7015	0.3862	0.1773	0.638	0	0.7015
923	15	Scizor-Mega	1	0.638	0.4971	0.103	0.638	0	0.638
923	16	Scizor-Mega	1	0.59	0.3283	0.0898	0.638	0.048	0.542
923	17	Scizor-Mega	1	0.705	0.4105	0.1909	0.638	0	0.705
923	18	Scizor-Mega	1	0.6186	0.3527	0.1383	0.638	0.0194	0.5992
923	19	Scizor-Mega	1	0.6169	0.3605	0.1202	0.638	0.0211	0.5958
924	7	Heracross-Mega	1	0.5837	0.4383	0.0601	0.5756	0	0.5837
924	8	Heracross-Mega	1	0.6002	0.3389	0.1012	0.5756	0	0.6002
924	9	Heracross-Mega	1	0.6415	0.4595	0.1177	0.5756	0	0.6415
924	10	Heracross-Mega	1	0.6762	0.4655	0.1611	0.5756	0	0.6762
924	11	Heracross-Mega	1	0.5756	0.422	0.0482	0.5756	0	0.5756
924	12	Heracross-Mega	1	0.5761	0.3659	0.0895	0.5756	0	0.5761
924	13	Heracross-Mega	1	0.5451	0.3836	0.0324	0.5756	0.0305	0.5146
924	14	Heracross-Mega	1	0.6919	0.421	0.1677	0.5756	0	0.6919
924	15	Heracross-Mega	1	0.573	0.3737	0.038	0.5756	0.0026	0.5704
924	16	Heracross-Mega	1	0.5486	0.3672	0.0484	0.5756	0.027	0.5216
924	17	Heracross-Mega	1	0.4843	0.3362	-0.0298	0.5756	0.0913	0.393
924	18	Heracross-Mega	1	0.4934	0.3467	0.0131	0.5756	0.0822	0.4112
924	19	Heracross-Mega	1	0.5497	0.3571	0.053	0.5756	0.0259	0.5238
925	7	Houndoom-Mega	1	0.5478	0.4426	0.0253	0.5928	0.045	0.5028
925	8	Houndoom-Mega	1	0.6197	0.494	0.0864	0.5928	0	0.6197
925	9	Houndoom-Mega	1	0.6139	0.483	0.0923	0.5928	0	0.6139
925	10	Houndoom-Mega	1	0.5504	0.4006	0.0342	0.5928	0.0424	0.508
925	11	Houndoom-Mega	1	0.5928	0.3993	0.0101	0.5928	0	0.5928
925	12	Houndoom-Mega	1	0.6047	0.4204	0.0938	0.5928	0	0.6047
925	13	Houndoom-Mega	1	0.5653	0.4555	0.0036	0.5928	0.0275	0.5378
925	14	Houndoom-Mega	1	0.5941	0.4515	0.0486	0.5928	0	0.5941
925	15	Houndoom-Mega	1	0.6708	0.4774	0.1327	0.5928	0	0.6708
925	16	Houndoom-Mega	1	0.5394	0.4121	0.0014	0.5928	0.0534	0.486
925	17	Houndoom-Mega	1	0.5651	0.389	0.0658	0.5928	0.0277	0.5374
925	18	Houndoom-Mega	1	0.5706	0.3894	0.0662	0.5928	0.0222	0.5484
925	19	Houndoom-Mega	1	0.5943	0.4394	0.0853	0.5928	0	0.5943
926	18	Tyranitar-Mega	1	0.5164	0.3786	0.0361	0.5414	0.025	0.4914
926	19	Tyranitar-Mega	1	0.5664	0.4027	0.0697	0.5414	0	0.5664
927	12	Sceptile-Mega	1	0.5564	0.3871	0.0976	0.612	0.0556	0.5008
927	13	Sceptile-Mega	1	0.606	0.4287	0.1427	0.612	0.006	0.6
927	14	Sceptile-Mega	1	0.645	0.5047	0.1646	0.612	0	0.645
927	15	Sceptile-Mega	1	0.7039	0.4805	0.1969	0.612	0	0.7039
927	16	Sceptile-Mega	1	0.6385	0.4739	0.1717	0.612	0	0.6385
927	17	Sceptile-Mega	1	0.5446	0.3999	0.113	0.612	0.0675	0.4771
927	18	Sceptile-Mega	1	0.576	0.3978	0.1254	0.612	0.0361	0.5399
927	19	Sceptile-Mega	1	0.6181	0.4191	0.1813	0.612	0	0.6181
928	12	Blaziken-Mega	1	0.5666	0.4126	0.1078	0.5791	0.0125	0.5541
928	13	Blaziken-Mega	1	0.6053	0.416	0.142	0.5791	0	0.6053
928	14	Blaziken-Mega	1	0.6063	0.4113	0.1259	0.5791	0	0.6063
928	15	Blaziken-Mega	1	0.5598	0.3896	0.0528	0.5791	0.0193	0.5405
928	16	Blaziken-Mega	1	0.5914	0.4186	0.1246	0.5791	0	0.5914
928	17	Blaziken-Mega	1	0.5667	0.3978	0.1351	0.5791	0.0124	0.5543
928	18	Blaziken-Mega	1	0.5316	0.4065	0.081	0.5791	0.0475	0.4841
928	19	Blaziken-Mega	1	0.6036	0.4063	0.1668	0.5791	0	0.6036
929	12	Swampert-Mega	1	0.6404	0.406	0.1743	0.6485	0.0081	0.6323
929	13	Swampert-Mega	1	0.734	0.4527	0.2629	0.6485	0	0.734
929	14	Swampert-Mega	1	0.6511	0.3988	0.1461	0.6485	0	0.6511
929	15	Swampert-Mega	1	0.5805	0.4018	0.0779	0.6485	0.068	0.5125
929	16	Swampert-Mega	1	0.6022	0.4226	0.134	0.6485	0.0463	0.5559
929	17	Swampert-Mega	1	0.6702	0.3963	0.2276	0.6485	0	0.6702
929	18	Swampert-Mega	1	0.6466	0.4152	0.2094	0.6485	0.0019	0.6447
929	19	Swampert-Mega	1	0.6504	0.4085	0.2014	0.6485	0	0.6504
930	7	Gardevoir-Mega	1	0.7643	0.5578	0.2418	0.7063	0	0.7643
930	8	Gardevoir-Mega	1	0.6839	0.5307	0.1506	0.7063	0.0224	0.6615
930	9	Gardevoir-Mega	1	0.6725	0.478	0.1509	0.7063	0.0338	0.6387
930	10	Gardevoir-Mega	1	0.7063	0.487	0.1901	0.7063	0	0.7063
930	11	Gardevoir-Mega	1	0.6838	0.6199	0.1011	0.7063	0.0225	0.6613
930	12	Gardevoir-Mega	1	0.7105	0.4276	0.1996	0.7063	0	0.7105
930	13	Gardevoir-Mega	1	0.7345	0.5247	0.1728	0.7063	0	0.7345
930	14	Gardevoir-Mega	1	0.7583	0.5098	0.2128	0.7063	0	0.7583
930	15	Gardevoir-Mega	1	0.7181	0.5573	0.18	0.7063	0	0.7181
930	16	Gardevoir-Mega	1	0.7007	0.5314	0.1627	0.7063	0.0056	0.6951
930	17	Gardevoir-Mega	1	0.5925	0.4552	0.0932	0.7063	0.1138	0.4787
930	18	Gardevoir-Mega	1	0.7078	0.4847	0.2034	0.7063	0	0.7078
930	19	Gardevoir-Mega	1	0.6731	0.4645	0.1641	0.7063	0.0332	0.6399
931	6	Sableye-Mega	1	0.6099	0.3621	0.1831	0.5978	0	0.6099
931	7	Sableye-Mega	1	0.6649	0.3518	0.2093	0.5978	0	0.6649
931	8	Sableye-Mega	1	0.5859	0.3681	0.1562	0.5978	0.0119	0.574
931	9	Sableye-Mega	1	0.6548	0.4708	0.184	0.5978	0	0.6548
931	10	Sableye-Mega	1	0.5956	0.4494	0.1462	0.5978	0.0022	0.5934
931	11	Sableye-Mega	1	0.6319	0.4843	0.1547	0.5978	0	0.6319
931	12	Sableye-Mega	1	0.5038	0.3927	0.052	0.5978	0.094	0.4098
931	13	Sableye-Mega	1	0.6118	0.4408	0.1269	0.5978	0	0.6118
931	14	Sableye-Mega	1	0.6295	0.3987	0.177	0.5978	0	0.6295
931	15	Sableye-Mega	1	0.5723	0.498	0.0518	0.5978	0.0255	0.5468
931	16	Sableye-Mega	1	0.5722	0.3551	0.1304	0.5978	0.0256	0.5466
931	17	Sableye-Mega	1	0.4507	0.3038	0.032	0.5978	0.1471	0.3036
931	18	Sableye-Mega	1	0.5069	0.3727	0.0492	0.5978	0.0909	0.416
931	19	Sableye-Mega	1	0.6	0.4054	0.1468	0.5978	0	0.6
932	7	Mawile-Mega	1	0.5877	0.4432	0.0641	0.6115	0.0238	0.5639
932	8	Mawile-Mega	1	0.5432	0.3737	0.0442	0.6115	0.0683	0.4749
932	9	Mawile-Mega	1	0.6638	0.491	0.14	0.6115	0	0.6638
932	10	Mawile-Mega	1	0.5998	0.5151	0.0847	0.6115	0.0117	0.5881
932	11	Mawile-Mega	1	0.6838	0.5448	0.1564	0.6115	0	0.6838
932	12	Mawile-Mega	1	0.6752	0.4799	0.1886	0.6115	0	0.6752
932	13	Mawile-Mega	1	0.6454	0.5127	0.1327	0.6115	0	0.6454
932	14	Mawile-Mega	1	0.6571	0.4242	0.1329	0.6115	0	0.6571
932	15	Mawile-Mega	1	0.6376	0.5698	0.1026	0.6115	0	0.6376
932	16	Mawile-Mega	1	0.5642	0.3602	0.064	0.6115	0.0473	0.5169
932	17	Mawile-Mega	1	0.6095	0.414	0.0954	0.6115	0.002	0.6075
932	18	Mawile-Mega	1	0.6115	0.4499	0.1312	0.6115	0	0.6115
932	19	Mawile-Mega	1	0.6058	0.4621	0.1091	0.6115	0.0057	0.6001
933	7	Aggron-Mega	1	0.5783	0.3746	0.1682	0.6545	0.0762	0.5021
933	8	Aggron-Mega	1	0.5152	0.3406	0.1169	0.6545	0.1393	0.3759
933	9	Aggron-Mega	1	0.6813	0.4042	0.2577	0.6545	0	0.6813
933	10	Aggron-Mega	1	0.6545	0.3943	0.2445	0.6545	0	0.6545
933	11	Aggron-Mega	1	0.7225	0.4111	0.3005	0.6545	0	0.7225
933	12	Aggron-Mega	1	0.7531	0.44	0.3547	0.6545	0	0.7531
933	13	Aggron-Mega	1	0.6681	0.4108	0.2445	0.6545	0	0.6681
933	14	Aggron-Mega	1	0.7004	0.3817	0.2729	0.6545	0	0.7004
933	15	Aggron-Mega	1	0.62	0.4222	0.1727	0.6545	0.0345	0.5855
933	16	Aggron-Mega	1	0.5917	0.3356	0.1876	0.6545	0.0628	0.5289
933	17	Aggron-Mega	1	0.7407	0.4049	0.3541	0.6545	0	0.7407
933	18	Aggron-Mega	1	0.5995	0.3658	0.1517	0.6545	0.055	0.5445
933	19	Aggron-Mega	1	0.6244	0.3636	0.2268	0.6545	0.0301	0.5943
934	7	Medicham-Mega	1	0.7558	0.5236	0.2322	0.6822	0	0.7558
934	8	Medicham-Mega	1	0.7044	0.5245	0.2054	0.6822	0	0.7044
934	9	Medicham-Mega	1	0.7344	0.5238	0.2106	0.6822	0	0.7344
934	10	Medicham-Mega	1	0.7187	0.5692	0.2036	0.6822	0	0.7187
934	11	Medicham-Mega	1	0.6742	0.5158	0.1468	0.6822	0.008	0.6662
934	12	Medicham-Mega	1	0.7237	0.4999	0.2371	0.6822	0	0.7237
934	13	Medicham-Mega	1	0.6371	0.4587	0.1244	0.6822	0.0451	0.592
934	14	Medicham-Mega	1	0.7149	0.522	0.1907	0.6822	0	0.7149
934	15	Medicham-Mega	1	0.6822	0.4667	0.1472	0.6822	0	0.6822
934	16	Medicham-Mega	1	0.6659	0.5205	0.1657	0.6822	0.0163	0.6496
934	17	Medicham-Mega	1	0.6336	0.4003	0.1195	0.6822	0.0486	0.585
934	18	Medicham-Mega	1	0.6759	0.4802	0.1956	0.6822	0.0063	0.6696
934	19	Medicham-Mega	1	0.6698	0.458	0.1731	0.6822	0.0124	0.6574
935	7	Manectric-Mega	1	0.5964	0.4125	0.1408	0.6761	0.0797	0.5167
935	8	Manectric-Mega	1	0.6837	0.4153	0.1504	0.6761	0	0.6837
935	9	Manectric-Mega	1	0.7322	0.4771	0.2106	0.6761	0	0.7322
935	10	Manectric-Mega	1	0.6451	0.3784	0.1289	0.6761	0.031	0.6141
935	11	Manectric-Mega	1	0.7471	0.4886	0.1644	0.6761	0	0.7471
935	12	Manectric-Mega	1	0.6736	0.4199	0.1627	0.6761	0.0025	0.6711
935	13	Manectric-Mega	1	0.7278	0.4644	0.1661	0.6761	0	0.7278
935	14	Manectric-Mega	1	0.7825	0.5357	0.237	0.6761	0	0.7825
935	15	Manectric-Mega	1	0.7436	0.4184	0.2055	0.6761	0	0.7436
935	16	Manectric-Mega	1	0.6221	0.4313	0.0841	0.6761	0.054	0.5681
935	17	Manectric-Mega	1	0.6544	0.3807	0.1551	0.6761	0.0217	0.6327
935	18	Manectric-Mega	1	0.6423	0.4114	0.1379	0.6761	0.0338	0.6085
935	19	Manectric-Mega	1	0.6761	0.4328	0.1671	0.6761	0	0.6761
936	7	Sharpedo-Mega	1	0.5485	0.468	0.0805	0.5438	0	0.5485
936	8	Sharpedo-Mega	1	0.511	0.4114	0.0325	0.5438	0.0328	0.4782
936	9	Sharpedo-Mega	1	0.5438	0.3704	0.064	0.5438	0	0.5438
936	10	Sharpedo-Mega	1	0.5677	0.3539	0.0822	0.5438	0	0.5677
936	11	Sharpedo-Mega	1	0.5218	0.3662	0.0049	0.5438	0.022	0.4998
936	12	Sharpedo-Mega	1	0.4817	0.3298	0.0156	0.5438	0.0621	0.4196
936	13	Sharpedo-Mega	1	0.5992	0.3901	0.1281	0.5438	0	0.5992
936	14	Sharpedo-Mega	1	0.5973	0.3592	0.0923	0.5438	0	0.5973
936	15	Sharpedo-Mega	1	0.52	0.4003	0.0174	0.5438	0.0238	0.4962
936	16	Sharpedo-Mega	1	0.5728	0.4042	0.1046	0.5438	0	0.5728
936	17	Sharpedo-Mega	1	0.4508	0.3291	0.0082	0.5438	0.093	0.3578
936	18	Sharpedo-Mega	1	0.4654	0.3336	0.0282	0.5438	0.0784	0.387
936	19	Sharpedo-Mega	1	0.566	0.382	0.117	0.5438	0	0.566
937	7	Camerupt-Mega	1	0.5765	0.3977	0.054	0.5986	0.0221	0.5544
937	8	Camerupt-Mega	1	0.5986	0.4387	0.0653	0.5986	0	0.5986
937	9	Camerupt-Mega	1	0.6145	0.4898	0.0929	0.5986	0	0.6145
937	10	Camerupt-Mega	1	0.5763	0.4421	0.0601	0.5986	0.0223	0.554
937	11	Camerupt-Mega	1	0.5508	0.3979	-0.0319	0.5986	0.0478	0.503
937	12	Camerupt-Mega	1	0.6356	0.5197	0.1247	0.5986	0	0.6356
937	13	Camerupt-Mega	1	0.6619	0.5617	0.1002	0.5986	0	0.6619
937	14	Camerupt-Mega	1	0.499	0.3562	-0.0465	0.5986	0.0996	0.3994
937	15	Camerupt-Mega	1	0.6172	0.6391	0.0791	0.5986	0	0.6172
937	16	Camerupt-Mega	1	0.5498	0.4347	0.0118	0.5986	0.0488	0.501
937	17	Camerupt-Mega	1	0.5918	0.4798	0.0925	0.5986	0.0068	0.585
937	18	Camerupt-Mega	1	0.7008	0.5317	0.1964	0.5986	0	0.7008
937	19	Camerupt-Mega	1	0.6353	0.4839	0.1263	0.5986	0	0.6353
938	13	Altaria-Mega	1	0.653	0.4605	0.1897	0.6264	0	0.653
938	14	Altaria-Mega	1	0.6466	0.4347	0.1662	0.6264	0	0.6466
938	15	Altaria-Mega	1	0.6485	0.3962	0.1415	0.6264	0	0.6485
938	16	Altaria-Mega	1	0.6264	0.4422	0.1596	0.6264	0	0.6264
938	17	Altaria-Mega	1	0.4583	0.3088	0.0267	0.6264	0.1681	0.2902
938	18	Altaria-Mega	1	0.5947	0.4128	0.1441	0.6264	0.0317	0.563
938	19	Altaria-Mega	1	0.5505	0.4043	0.1137	0.6264	0.0759	0.4746
939	7	Banette-Mega	1	0.6343	0.4432	0.1787	0.5696	0	0.6343
939	8	Banette-Mega	1	0.5932	0.4297	0.1635	0.5696	0	0.5932
939	9	Banette-Mega	1	0.63	0.4667	0.1592	0.5696	0	0.63
939	10	Banette-Mega	1	0.5075	0.3891	0.0581	0.5696	0.0621	0.4454
939	11	Banette-Mega	1	0.5658	0.4162	0.0886	0.5696	0.0038	0.562
939	12	Banette-Mega	1	0.558	0.4518	0.1062	0.5696	0.0116	0.5464
939	13	Banette-Mega	1	0.6636	0.4851	0.1787	0.5696	0	0.6636
939	14	Banette-Mega	1	0.5616	0.434	0.1091	0.5696	0.008	0.5536
939	15	Banette-Mega	1	0.5999	0.4868	0.0794	0.5696	0	0.5999
939	16	Banette-Mega	1	0.5537	0.4217	0.1119	0.5696	0.0159	0.5378
939	17	Banette-Mega	1	0.5303	0.4187	0.1116	0.5696	0.0393	0.491
939	18	Banette-Mega	1	0.5878	0.4545	0.1301	0.5696	0	0.5878
939	19	Banette-Mega	1	0.5696	0.4329	0.1164	0.5696	0	0.5696
940	7	Absol-Mega	1	0.5948	0.3727	0.0979	0.5996	0.0048	0.59
940	8	Absol-Mega	1	0.6063	0.3776	0.1278	0.5996	0	0.6063
940	9	Absol-Mega	1	0.5725	0.351	0.0927	0.5996	0.0271	0.5454
940	10	Absol-Mega	1	0.6244	0.3456	0.1389	0.5996	0	0.6244
940	11	Absol-Mega	1	0.7161	0.4035	0.1992	0.5996	0	0.7161
940	12	Absol-Mega	1	0.5867	0.3252	0.1206	0.5996	0.0129	0.5738
940	13	Absol-Mega	1	0.5706	0.347	0.0995	0.5996	0.029	0.5416
940	14	Absol-Mega	1	0.621	0.3954	0.116	0.5996	0	0.621
940	15	Absol-Mega	1	0.64	0.3854	0.1374	0.5996	0	0.64
940	16	Absol-Mega	1	0.6047	0.3596	0.1365	0.5996	0	0.6047
940	17	Absol-Mega	1	0.4937	0.2693	0.0511	0.5996	0.1059	0.3878
940	18	Absol-Mega	1	0.5996	0.3224	0.1624	0.5996	0	0.5996
940	19	Absol-Mega	1	0.5777	0.3445	0.1287	0.5996	0.0219	0.5558
941	7	Glalie-Mega	1	0.6806	0.3796	0.301	0.6405	0	0.6806
941	8	Glalie-Mega	1	0.6018	0.3254	0.2764	0.6405	0.0387	0.5631
941	9	Glalie-Mega	1	0.6503	0.3976	0.308	0.6405	0	0.6503
941	10	Glalie-Mega	1	0.6572	0.3873	0.3287	0.6405	0	0.6572
941	11	Glalie-Mega	1	0.6437	0.3901	0.3292	0.6405	0	0.6437
941	12	Glalie-Mega	1	0.5969	0.3981	0.2484	0.6405	0.0436	0.5533
941	13	Glalie-Mega	1	0.5951	0.389	0.2061	0.6405	0.0454	0.5497
941	14	Glalie-Mega	1	0.6782	0.3436	0.3434	0.6405	0	0.6782
941	15	Glalie-Mega	1	0.5611	0.3915	0.1702	0.6405	0.0794	0.4817
941	16	Glalie-Mega	1	0.6405	0.346	0.2945	0.6405	0	0.6405
941	17	Glalie-Mega	1	0.6477	0.31	0.3625	0.6405	0	0.6477
941	18	Glalie-Mega	1	0.5561	0.345	0.2111	0.6405	0.0844	0.4717
941	19	Glalie-Mega	1	0.5884	0.3363	0.2625	0.6405	0.0521	0.5363
942	18	Salamence-Mega	1	0.593	0.4351	0.1558	0.6094	0.0164	0.5766
942	19	Salamence-Mega	1	0.6258	0.4178	0.1768	0.6094	0	0.6258
943	18	Metagross-Mega	1	0.7189	0.4192	0.2386	0.7141	0	0.7189
943	19	Metagross-Mega	1	0.7093	0.4241	0.2126	0.7141	0.0048	0.7045
944	19	Latias-Mega	1	0.7055	0.417	0.2211	0.7055	0	0.7055
945	19	Latios-Mega	1	0.6472	0.4004	0.1628	0.6472	0	0.6472
946	8	Lopunny-Mega	1	0.661	0.4377	0.162	0.6055	0	0.661
946	9	Lopunny-Mega	1	0.6582	0.461	0.1344	0.6055	0	0.6582
946	10	Lopunny-Mega	1	0.6135	0.4191	0.0984	0.6055	0	0.6135
946	11	Lopunny-Mega	1	0.6011	0.4216	0.0737	0.6055	0.0044	0.5967
946	12	Lopunny-Mega	1	0.6435	0.4391	0.1569	0.6055	0	0.6435
946	13	Lopunny-Mega	1	0.5962	0.4482	0.0835	0.6055	0.0093	0.5869
946	14	Lopunny-Mega	1	0.6297	0.5095	0.1055	0.6055	0	0.6297
946	15	Lopunny-Mega	1	0.593	0.3705	0.058	0.6055	0.0125	0.5805
946	16	Lopunny-Mega	1	0.5873	0.4557	0.0871	0.6055	0.0182	0.5691
946	17	Lopunny-Mega	1	0.5216	0.3848	0.0075	0.6055	0.0839	0.4377
946	18	Lopunny-Mega	1	0.5344	0.3863	0.0541	0.6055	0.0711	0.4633
946	19	Lopunny-Mega	1	0.6099	0.4277	0.1132	0.6055	0	0.6099
947	18	Garchomp-Mega	1	0.6329	0.4437	0.1957	0.625	0	0.6329
947	19	Garchomp-Mega	1	0.6171	0.4111	0.1204	0.625	0.0079	0.6092
948	7	Lucario-Mega	1	0.6087	0.4558	0.1407	0.6087	0	0.6087
948	8	Lucario-Mega	1	0.5124	0.3819	0.0852	0.6087	0.0963	0.4161
948	9	Lucario-Mega	1	0.6577	0.4714	0.1744	0.6087	0	0.6577
948	10	Lucario-Mega	1	0.5872	0.454	0.1259	0.6087	0.0215	0.5657
948	11	Lucario-Mega	1	0.6466	0.4608	0.1479	0.6087	0	0.6466
948	12	Lucario-Mega	1	0.6871	0.4848	0.2283	0.6087	0	0.6871
948	13	Lucario-Mega	1	0.6012	0.4405	0.1379	0.6087	0.0075	0.5937
948	14	Lucario-Mega	1	0.6126	0.4541	0.1322	0.6087	0	0.6126
948	15	Lucario-Mega	1	0.6154	0.4168	0.1084	0.6087	0	0.6154
948	16	Lucario-Mega	1	0.5724	0.422	0.1056	0.6087	0.0363	0.5361
948	17	Lucario-Mega	1	0.636	0.4189	0.2044	0.6087	0	0.636
948	18	Lucario-Mega	1	0.5825	0.397	0.1319	0.6087	0.0262	0.5563
948	19	Lucario-Mega	1	0.5761	0.4112	0.1393	0.6087	0.0326	0.5435
949	7	Abomasnow-Mega	1	0.604	0.3779	0.136	0.6189	0.0149	0.5891
949	8	Abomasnow-Mega	1	0.4213	0.2718	-0.0059	0.6189	0.1976	0.2237
949	9	Abomasnow-Mega	1	0.6202	0.3984	0.1369	0.6189	0	0.6202
949	10	Abomasnow-Mega	1	0.6617	0.4342	0.2004	0.6189	0	0.6617
949	11	Abomasnow-Mega	1	0.6189	0.4622	0.102	0.6189	0	0.6189
949	12	Abomasnow-Mega	1	0.6656	0.3989	0.1995	0.6189	0	0.6656
949	13	Abomasnow-Mega	1	0.627	0.3833	0.1559	0.6189	0	0.627
949	14	Abomasnow-Mega	1	0.6665	0.456	0.1615	0.6189	0	0.6665
949	15	Abomasnow-Mega	1	0.64	0.4176	0.1374	0.6189	0	0.64
949	16	Abomasnow-Mega	1	0.5358	0.3965	0.0676	0.6189	0.0831	0.4527
949	17	Abomasnow-Mega	1	0.5901	0.3967	0.1475	0.6189	0.0288	0.5613
949	18	Abomasnow-Mega	1	0.5671	0.3324	0.1299	0.6189	0.0518	0.5153
949	19	Abomasnow-Mega	1	0.5422	0.4059	0.0932	0.6189	0.0767	0.4655
95	3	Steelix	2	0.4862	0.4131	0.1382	0.5637	0.0775	0.4087
95	4	Steelix	2	0.4749	0.3678	-0.0027	0.5637	0.0888	0.3861
95	5	Steelix	2	0.4805	0.5263	0.0353	0.5637	0.0832	0.3973
95	6	Steelix	2	0.6625	0.5063	0.2149	0.5637	0	0.6625
95	7	Steelix	2	0.5823	0.3284	0.1618	0.5637	0	0.5823
95	8	Steelix	2	0.463	0.315	0.039	0.5637	0.1007	0.3623
95	9	Steelix	2	0.6418	0.4326	0.2091	0.5637	0	0.6418
95	10	Steelix	2	0.6888	0.3742	0.2809	0.5637	0	0.6888
95	11	Steelix	2	0.5377	0.3408	0.0991	0.5637	0.026	0.5117
95	12	Steelix	2	0.7095	0.4552	0.2543	0.5637	0	0.7095
95	13	Steelix	2	0.6663	0.4065	0.1697	0.5637	0	0.6663
95	14	Steelix	2	0.5149	0.3351	0.0443	0.5637	0.0488	0.4661
95	15	Steelix	2	0.5565	0.4787	0.0063	0.5637	0.0072	0.5493
95	16	Steelix	2	0.5502	0.321	0.1086	0.5637	0.0135	0.5367
95	17	Steelix	2	0.5939	0.3882	0.1967	0.5637	0	0.5939
95	18	Steelix	2	0.5637	0.3916	0.161	0.5637	0	0.5637
95	19	Steelix	2	0.5856	0.4067	0.1598	0.5637	0	0.5856
950	7	Gallade-Mega	1	0.7786	0.4969	0.2817	0.7407	0	0.7786
950	8	Gallade-Mega	1	0.7665	0.4597	0.288	0.7407	0	0.7665
950	9	Gallade-Mega	1	0.7749	0.4702	0.2951	0.7407	0	0.7749
950	10	Gallade-Mega	1	0.7377	0.4208	0.2522	0.7407	0.003	0.7347
950	11	Gallade-Mega	1	0.7001	0.4739	0.1832	0.7407	0.0406	0.6595
950	12	Gallade-Mega	1	0.6708	0.4157	0.2047	0.7407	0.0699	0.6009
950	13	Gallade-Mega	1	0.7426	0.4142	0.2715	0.7407	0	0.7426
950	14	Gallade-Mega	1	0.791	0.4392	0.286	0.7407	0	0.791
950	15	Gallade-Mega	1	0.6724	0.4205	0.1698	0.7407	0.0683	0.6041
950	16	Gallade-Mega	1	0.7566	0.4572	0.2884	0.7407	0	0.7566
950	17	Gallade-Mega	1	0.6575	0.3744	0.2149	0.7407	0.0832	0.5743
950	18	Gallade-Mega	1	0.7405	0.4024	0.3033	0.7407	0.0002	0.7403
950	19	Gallade-Mega	1	0.7407	0.4112	0.2917	0.7407	0	0.7407
951	7	Audino-Mega	1	0.7851	0.3429	0.3758	0.7754	0	0.7851
951	8	Audino-Mega	1	0.7563	0.3424	0.343	0.7754	0.0191	0.7372
951	9	Audino-Mega	1	0.7623	0.5224	0.2644	0.7754	0.0131	0.7492
951	10	Audino-Mega	1	0.7754	0.5315	0.2594	0.7754	0	0.7754
951	11	Audino-Mega	1	0.7641	0.6671	0.1644	0.7754	0.0113	0.7528
951	12	Audino-Mega	1	0.7928	0.4041	0.3351	0.7754	0	0.7928
951	13	Audino-Mega	1	0.7735	0.6088	0.2734	0.7754	0.0019	0.7716
951	14	Audino-Mega	1	0.8072	0.6308	0.293	0.7754	0	0.8072
951	15	Audino-Mega	1	0.7801	0.6339	0.1464	0.7754	0	0.7801
951	16	Audino-Mega	1	0.809	0.5849	0.3257	0.7754	0	0.809
951	17	Audino-Mega	1	0.7602	0.5563	0.2836	0.7754	0.0152	0.745
951	18	Audino-Mega	1	0.7883	0.4443	0.2956	0.7754	0	0.7883
951	19	Audino-Mega	1	0.7641	0.5277	0.2775	0.7754	0.0113	0.7528
952	19	Diancie-Mega	1	0.645	0.4486	0.2082	0.645	0	0.645
956	1	Raticate-Alola-Totem	2	0.4313	0.3959	-0.1713	0.4931	0.0618	0.3695
956	2	Raticate-Alola	2	0.4801	0.431	-0.0447	0.4931	0.013	0.4671
956	3	Raticate-Alola	2	0.4493	0.3589	-0.0944	0.4931	0.0438	0.4055
956	4	Raticate-Alola	2	0.4965	0.3437	-0.1401	0.4931	0	0.4965
956	5	Raticate-Alola	2	0.4931	0.3511	-0.0425	0.4931	0	0.4931
956	6	Raticate-Alola-Totem	2	0.6837	0.3204	0.1554	0.4931	0	0.6837
956	7	Raticate-Alola-Totem	2	0.606	0.3174	0.0391	0.4931	0	0.606
956	8	Raticate-Alola-Totem	2	0.605	0.3312	0.1057	0.4931	0	0.605
956	9	Raticate-Alola	2	0.4615	0.3272	-0.0183	0.4931	0.0316	0.4299
956	10	Raticate-Alola	2	0.4003	0.2631	-0.0852	0.4931	0.0928	0.3075
956	11	Raticate-Alola-Totem	2	0.5455	0.3275	0.0297	0.4931	0	0.5455
956	12	Raticate-Alola-Totem	2	0.4857	0.2449	0.0583	0.4931	0.0074	0.4783
956	13	Raticate-Alola-Totem	2	0.5261	0.295	0.0605	0.4931	0	0.5261
956	14	Raticate-Alola-Totem	2	0.5933	0.3119	0.1427	0.4931	0	0.5933
956	15	Raticate-Alola	2	0.4714	0.3295	-0.0312	0.4931	0.0217	0.4497
956	16	Raticate-Alola-Totem	2	0.5556	0.2969	0.1183	0.4931	0	0.5556
956	17	Raticate-Alola	2	0.4	0.2328	-0.0426	0.4931	0.0931	0.3069
956	18	Raticate-Alola	2	0.4757	0.3058	0.0385	0.4931	0.0174	0.4583
956	19	Raticate-Alola	2	0.5092	0.313	0.0602	0.4931	0	0.5092
959	1	Sandshrew-Alola	1	0.4671	0.4317	-0.1355	0.5201	0.053	0.4141
959	2	Sandshrew-Alola	1	0.453	0.2937	-0.0461	0.5201	0.0671	0.3859
959	3	Sandshrew-Alola	1	0.3832	0.1936	-0.1605	0.5201	0.1369	0.2463
959	4	Sandshrew-Alola	1	0.4204	0.3051	-0.2162	0.5201	0.0997	0.3207
959	5	Sandshrew-Alola	1	0.4499	0.2875	-0.0857	0.5201	0.0702	0.3797
959	6	Sandslash-Alola	2	0.6531	0.3947	0.1697	0.5201	0	0.6531
959	7	Sandslash-Alola	2	0.5099	0.297	0.013	0.5201	0.0102	0.4997
959	8	Sandslash-Alola	2	0.3683	0.1768	-0.1102	0.5201	0.1518	0.2165
959	9	Sandslash-Alola	2	0.5825	0.3295	0.1027	0.5201	0	0.5825
959	10	Sandslash-Alola	2	0.5295	0.2856	0.044	0.5201	0	0.5295
959	11	Sandslash-Alola	2	0.6118	0.3036	0.0949	0.5201	0	0.6118
959	12	Sandslash-Alola	2	0.6157	0.402	0.1496	0.5201	0	0.6157
959	13	Sandslash-Alola	2	0.5584	0.3296	0.0873	0.5201	0	0.5584
959	14	Sandslash-Alola	2	0.5427	0.2814	0.0377	0.5201	0	0.5427
959	15	Sandslash-Alola	2	0.5738	0.3282	0.0712	0.5201	0	0.5738
959	16	Sandslash-Alola	2	0.447	0.2704	-0.0212	0.5201	0.0731	0.3739
959	17	Sandslash-Alola	2	0.5817	0.2642	0.1391	0.5201	0	0.5817
959	18	Sandslash-Alola	2	0.4958	0.3227	0.0586	0.5201	0.0243	0.4715
959	19	Sandslash-Alola	2	0.5201	0.2725	0.0711	0.5201	0	0.5201
96	1	Drowzee	1	0.7062	0.3883	0.3179	0.6235	0	0.7062
96	2	Drowzee	1	0.5398	0.327	0.2708	0.6235	0.0837	0.4561
96	3	Drowzee	1	0.5469	0.3055	0.1486	0.6235	0.0766	0.4703
96	4	Hypno	2	0.3496	0.2807	-0.1598	0.6235	0.2739	0.0757
96	5	Hypno	2	0.4248	0.3168	-0.0666	0.6235	0.1987	0.2261
96	6	Hypno	2	0.6516	0.3372	0.1108	0.6235	0	0.6516
96	7	Hypno	2	0.6543	0.3087	0.2285	0.6235	0	0.6543
96	8	Hypno	2	0.6258	0.274	0.2131	0.6235	0	0.6258
96	9	Hypno	2	0.6319	0.2815	0.2195	0.6235	0	0.6319
96	10	Hypno	2	0.6141	0.2807	0.2245	0.6235	0.0094	0.6047
96	11	Hypno	2	0.692	0.3057	0.2598	0.6235	0	0.692
96	12	Hypno	2	0.5124	0.2686	0.1429	0.6235	0.1111	0.4013
96	13	Hypno	2	0.6235	0.2809	0.1807	0.6235	0	0.6235
96	14	Hypno	2	0.6144	0.2525	0.194	0.6235	0.0091	0.6053
96	15	Hypno	2	0.6925	0.3189	0.1668	0.6235	0	0.6925
96	16	Hypno	2	0.5956	0.2644	0.192	0.6235	0.0279	0.5677
96	17	Hypno	2	0.6037	0.2521	0.1696	0.6235	0.0198	0.5839
96	18	Hypno	2	0.6753	0.2809	0.246	0.6235	0	0.6753
96	19	Hypno	2	0.6432	0.2691	0.2515	0.6235	0	0.6432
961	1	Vulpix-Alola	1	0.5739	0.4699	-0.0287	0.5176	0	0.5739
961	2	Vulpix-Alola	1	0.4519	0.3439	-0.0729	0.5176	0.0657	0.3862
961	3	Vulpix-Alola	1	0.3841	0.2794	-0.1489	0.5176	0.1335	0.2506
961	4	Vulpix-Alola	1	0.5146	0.372	-0.1045	0.5176	0.003	0.5116
961	5	Vulpix-Alola	1	0.4264	0.2513	-0.1334	0.5176	0.0912	0.3352
961	6	Ninetales-Alola	2	0.6857	0.4267	0.1651	0.5176	0	0.6857
961	7	Ninetales-Alola	2	0.4791	0.373	-0.0109	0.5176	0.0385	0.4406
961	8	Ninetales-Alola	2	0.4768	0.3283	-0.0114	0.5176	0.0408	0.436
961	9	Ninetales-Alola	2	0.4776	0.3136	-0.0205	0.5176	0.04	0.4376
961	10	Ninetales-Alola	2	0.5595	0.3892	0.0977	0.5176	0	0.5595
961	11	Ninetales-Alola	2	0.6207	0.4085	0.0714	0.5176	0	0.6207
961	12	Ninetales-Alola	2	0.5374	0.3824	0.0857	0.5176	0	0.5374
961	13	Ninetales-Alola	2	0.5056	0.3354	0.0226	0.5176	0.012	0.4936
961	14	Ninetales-Alola	2	0.5384	0.3669	0.0393	0.5176	0	0.5384
961	15	Ninetales-Alola	2	0.5268	0.3289	0.0053	0.5176	0	0.5268
961	16	Ninetales-Alola	2	0.5388	0.3648	0.0609	0.5176	0	0.5388
961	17	Ninetales-Alola	2	0.4831	0.2821	0.0406	0.5176	0.0345	0.4486
961	18	Ninetales-Alola	2	0.5404	0.3082	0.0628	0.5176	0	0.5404
961	19	Ninetales-Alola	2	0.5176	0.3072	0.0332	0.5176	0	0.5176
963	1	Diglett-Alola	1	0.4857	0.3716	-0.1169	0.4941	0.0084	0.4773
963	2	Diglett-Alola	1	0.4649	0.3628	-0.0599	0.4941	0.0292	0.4357
963	3	Dugtrio-Alola	2	0.4923	0.4397	-0.0407	0.4941	0.0018	0.4905
963	4	Dugtrio-Alola	2	0.4635	0.4384	-0.1556	0.4941	0.0306	0.4329
963	5	Dugtrio-Alola	2	0.5462	0.5011	-0.0136	0.4941	0	0.5462
963	6	Dugtrio-Alola	2	0.7065	0.5049	0.2231	0.4941	0	0.7065
963	7	Dugtrio-Alola	2	0.4588	0.3617	-0.0381	0.4941	0.0353	0.4235
963	8	Dugtrio-Alola	2	0.446	0.3733	-0.0325	0.4941	0.0481	0.3979
963	9	Dugtrio-Alola	2	0.5123	0.3802	0.0325	0.4941	0	0.5123
963	10	Dugtrio-Alola	2	0.44	0.3123	-0.0455	0.4941	0.0541	0.3859
963	11	Dugtrio-Alola	2	0.3945	0.3261	-0.1224	0.4941	0.0996	0.2949
963	12	Dugtrio-Alola	2	0.5106	0.3965	0.0445	0.4941	0	0.5106
963	13	Dugtrio-Alola	2	0.5419	0.3552	0.0708	0.4941	0	0.5419
963	14	Dugtrio-Alola	2	0.4828	0.2949	-0.0222	0.4941	0.0113	0.4715
963	15	Dugtrio-Alola	2	0.5283	0.3757	0.0257	0.4941	0	0.5283
963	16	Dugtrio-Alola	2	0.5216	0.3347	0.0534	0.4941	0	0.5216
963	17	Dugtrio-Alola	2	0.4941	0.3548	0.0515	0.4941	0	0.4941
963	18	Dugtrio-Alola	2	0.5	0.3608	0.0628	0.4941	0	0.5
963	19	Dugtrio-Alola	2	0.5192	0.342	0.0702	0.4941	0	0.5192
965	1	Meowth-Alola	1	0.4728	0.4145	-0.1298	0.5367	0.0639	0.4089
965	2	Meowth-Alola	1	0.4211	0.2978	-0.0444	0.5367	0.1156	0.3055
965	3	Meowth-Alola	1	0.397	0.2446	-0.136	0.5367	0.1397	0.2573
965	4	Persian-Alola	2	0.4736	0.4363	-0.1455	0.5367	0.0631	0.4105
965	5	Persian-Alola	2	0.5423	0.4398	-0.0201	0.5367	0	0.5423
965	6	Persian-Alola	2	0.5907	0.3636	0.1002	0.5367	0	0.5907
965	7	Persian-Alola	2	0.588	0.3508	0.0644	0.5367	0	0.588
965	8	Persian-Alola	2	0.5684	0.3494	0.0694	0.5367	0	0.5684
965	9	Persian-Alola	2	0.5559	0.3315	0.0321	0.5367	0	0.5559
965	10	Persian-Alola	2	0.5158	0.3012	0.0007	0.5367	0.0209	0.4949
965	11	Persian-Alola	2	0.6154	0.3722	0.088	0.5367	0	0.6154
965	12	Persian-Alola	2	0.53	0.3043	0.0434	0.5367	0.0067	0.5233
965	13	Persian-Alola	2	0.4529	0.3075	-0.0598	0.5367	0.0838	0.3691
965	14	Persian-Alola	2	0.6393	0.3887	0.1151	0.5367	0	0.6393
965	15	Persian-Alola	2	0.5488	0.3341	0.0138	0.5367	0	0.5488
965	16	Persian-Alola	2	0.5367	0.3327	0.0365	0.5367	0	0.5367
965	17	Persian-Alola	2	0.4459	0.2471	-0.0682	0.5367	0.0908	0.3551
965	18	Persian-Alola	2	0.4803	0.2789	0	0.5367	0.0564	0.4239
965	19	Persian-Alola	2	0.5427	0.3369	0.046	0.5367	0	0.5427
967	1	Geodude-Alola	1	0.2527	0.161	-0.1759	0.5025	0.2498	0.0029
967	2	Golem-Alola	3	0.5023	0.3962	-0.0013	0.5025	0.0002	0.5021
967	3	Golem-Alola	3	0.4656	0.3878	-0.0781	0.5025	0.0369	0.4287
967	4	Golem-Alola	3	0.501	0.4754	-0.1356	0.5025	0.0015	0.4995
967	5	Golem-Alola	3	0.5025	0.3913	-0.0599	0.5025	0	0.5025
967	6	Golem-Alola	3	0.634	0.4226	0.1435	0.5025	0	0.634
967	7	Golem-Alola	3	0.4678	0.3702	-0.0558	0.5025	0.0347	0.4331
967	8	Golem-Alola	3	0.5285	0.3793	0.0295	0.5025	0	0.5285
967	9	Golem-Alola	3	0.5332	0.3706	0.0094	0.5025	0	0.5332
967	10	Golem-Alola	3	0.5362	0.3677	0.0211	0.5025	0	0.5362
967	11	Golem-Alola	3	0.4809	0.4194	-0.0465	0.5025	0.0216	0.4593
967	12	Golem-Alola	3	0.5633	0.3712	0.0767	0.5025	0	0.5633
967	13	Golem-Alola	3	0.6381	0.4313	0.1592	0.5025	0	0.6381
967	14	Golem-Alola	3	0.5838	0.4113	0.1438	0.5025	0	0.5838
967	15	Golem-Alola	3	0.5678	0.4123	0.1098	0.5025	0	0.5678
967	16	Golem-Alola	3	0.4895	0.3747	0.084	0.5025	0.013	0.4765
967	17	Golem-Alola	3	0.4987	0.3585	0.0736	0.5025	0.0038	0.4949
967	18	Golem-Alola	3	0.4997	0.3773	0.0281	0.5025	0.0028	0.4969
967	19	Golem-Alola	3	0.5398	0.3757	0.1119	0.5025	0	0.5398
970	1	Grimer-Alola	1	0.56	0.3709	-0.0426	0.6061	0.0461	0.5139
970	2	Muk-Alola	2	0.5367	0.4618	0.0331	0.6061	0.0694	0.4673
970	3	Muk-Alola	2	0.4649	0.3948	-0.0221	0.6061	0.1412	0.3237
970	4	Muk-Alola	2	0.4517	0.3929	-0.1519	0.6061	0.1544	0.2973
970	5	Muk-Alola	2	0.525	0.39	-0.0374	0.6061	0.0811	0.4439
970	6	Muk-Alola	2	0.6733	0.3871	0.1828	0.6061	0	0.6733
970	7	Muk-Alola	2	0.6061	0.3787	0.0825	0.6061	0	0.6061
970	8	Muk-Alola	2	0.6183	0.3903	0.1193	0.6061	0	0.6183
970	9	Muk-Alola	2	0.6121	0.3769	0.0883	0.6061	0	0.6121
970	10	Muk-Alola	2	0.5552	0.3558	0.0401	0.6061	0.0509	0.5043
970	11	Muk-Alola	2	0.6372	0.3906	0.1098	0.6061	0	0.6372
970	12	Muk-Alola	2	0.5589	0.3437	0.0723	0.6061	0.0472	0.5117
970	13	Muk-Alola	2	0.7004	0.4202	0.1877	0.6061	0	0.7004
970	14	Muk-Alola	2	0.6354	0.3931	0.1112	0.6061	0	0.6354
970	15	Muk-Alola	2	0.6903	0.4664	0.1553	0.6061	0	0.6903
970	16	Muk-Alola	2	0.5526	0.3463	0.0524	0.6061	0.0535	0.4991
970	17	Muk-Alola	2	0.5444	0.3669	0.0303	0.6061	0.0617	0.4827
970	18	Muk-Alola	2	0.6566	0.3685	0.1763	0.6061	0	0.6566
970	19	Muk-Alola	2	0.6217	0.3846	0.125	0.6061	0	0.6217
974	1	Meowth-Galar	1	0.4681	0.4145	-0.1345	0.5039	0.0358	0.4323
974	2	Meowth-Galar	1	0.441	0.3132	-0.0581	0.5039	0.0629	0.3781
974	3	Meowth-Galar	1	0.3943	0.2368	-0.1494	0.5039	0.1096	0.2847
974	4	Perrserker	2	0.4767	0.397	-0.1599	0.5039	0.0272	0.4495
974	5	Perrserker	2	0.5214	0.4046	-0.0142	0.5039	0	0.5214
974	6	Perrserker	2	0.6008	0.3358	0.06	0.5039	0	0.6008
974	7	Perrserker	2	0.4717	0.311	-0.0519	0.5039	0.0322	0.4395
974	8	Perrserker	2	0.4059	0.2103	-0.0931	0.5039	0.098	0.3079
974	9	Perrserker	2	0.5557	0.3437	0.0319	0.5039	0	0.5557
974	10	Perrserker	2	0.4987	0.329	-0.0164	0.5039	0.0052	0.4935
974	11	Perrserker	2	0.5202	0.3258	-0.0072	0.5039	0	0.5202
974	12	Perrserker	2	0.5112	0.3452	0.0246	0.5039	0	0.5112
974	13	Perrserker	2	0.5627	0.3236	0.05	0.5039	0	0.5627
974	14	Perrserker	2	0.5319	0.3194	0.0077	0.5039	0	0.5319
974	15	Perrserker	2	0.5578	0.3656	0.0228	0.5039	0	0.5578
974	16	Perrserker	2	0.4299	0.265	-0.0703	0.5039	0.074	0.3559
974	17	Perrserker	2	0.5422	0.3414	0.0281	0.5039	0	0.5422
974	18	Perrserker	2	0.4483	0.2735	-0.032	0.5039	0.0556	0.3927
974	19	Perrserker	2	0.5039	0.2991	0.0072	0.5039	0	0.5039
975	1	Ponyta-Galar	1	0.5386	0.4338	0.0525	0.552	0.0134	0.5252
975	2	Ponyta-Galar	1	0.5323	0.4405	0.0457	0.552	0.0197	0.5126
975	3	Ponyta-Galar	1	0.5915	0.4425	0.1107	0.552	0	0.5915
975	4	Rapidash-Galar	2	0.5309	0.492	0.0128	0.552	0.0211	0.5098
975	5	Rapidash-Galar	2	0.5267	0.4916	-0.0357	0.552	0.0253	0.5014
975	6	Rapidash-Galar	2	0.6808	0.4655	0.1903	0.552	0	0.6808
975	7	Rapidash-Galar	2	0.5053	0.3881	-0.0183	0.552	0.0467	0.4586
975	8	Rapidash-Galar	2	0.5429	0.3991	0.0439	0.552	0.0091	0.5338
975	9	Rapidash-Galar	2	0.552	0.4227	0.0282	0.552	0	0.552
975	10	Rapidash-Galar	2	0.5353	0.3939	0.0202	0.552	0.0167	0.5186
975	11	Rapidash-Galar	2	0.5563	0.4163	0.0289	0.552	0	0.5563
975	12	Rapidash-Galar	2	0.6131	0.4365	0.1265	0.552	0	0.6131
975	13	Rapidash-Galar	2	0.5935	0.443	0.0808	0.552	0	0.5935
975	14	Rapidash-Galar	2	0.5047	0.3736	-0.0195	0.552	0.0473	0.4574
975	15	Rapidash-Galar	2	0.6882	0.4498	0.1532	0.552	0	0.6882
975	16	Rapidash-Galar	2	0.5694	0.3692	0.0692	0.552	0	0.5694
975	17	Rapidash-Galar	2	0.528	0.341	0.0139	0.552	0.024	0.504
975	18	Rapidash-Galar	2	0.5775	0.4015	0.0972	0.552	0	0.5775
975	19	Rapidash-Galar	2	0.5896	0.4115	0.0929	0.552	0	0.5896
977	1	Slowpoke-Galar	1	0.5924	0.3847	0.0199	0.6836	0.0912	0.5012
977	2	Slowbro-Galar	2	0.5512	0.514	0.143	0.6836	0.1324	0.4188
977	3	Slowbro-Galar	2	0.6013	0.5354	0.1394	0.6836	0.0823	0.519
977	4	Slowbro-Galar	2	0.5437	0.3942	-0.0246	0.6836	0.1399	0.4038
977	5	Slowbro-Galar	2	0.5959	0.5215	0.0494	0.6836	0.0877	0.5082
977	6	Slowking-Galar	2	0.732	0.6733	0.3003	0.6836	0	0.732
977	7	Slowking-Galar	2	0.6643	0.4958	0.1759	0.6836	0.0193	0.645
977	8	Slowking-Galar	2	0.7158	0.5584	0.245	0.6836	0	0.7158
977	9	Slowbro-Galar	2	0.7264	0.5237	0.1766	0.6836	0	0.7264
977	10	Slowbro-Galar	2	0.6836	0.4858	0.1978	0.6836	0	0.6836
977	11	Slowking-Galar	2	0.7011	0.4682	0.2329	0.6836	0	0.7011
977	12	Slowbro-Galar	2	0.736	0.3897	0.274	0.6836	0	0.736
977	13	Slowbro-Galar	2	0.6989	0.5162	0.1827	0.6836	0	0.6989
977	14	Slowbro-Galar	2	0.7072	0.4548	0.2373	0.6836	0	0.7072
977	15	Slowking-Galar	2	0.6987	0.5975	0.1733	0.6836	0	0.6987
977	16	Slowbro-Galar	2	0.6068	0.4381	0.15	0.6836	0.0768	0.53
977	17	Slowbro-Galar	2	0.6695	0.4368	0.1413	0.6836	0.0141	0.6554
977	18	Slowking-Galar	2	0.728	0.4773	0.2507	0.6836	0	0.728
977	19	Slowking-Galar	2	0.6512	0.4842	0.1246	0.6836	0.0324	0.6188
979	1	Farfetch'd-Farfetchd-Galar	1	0.5264	0.4313	0.0403	0.5707	0.0443	0.4821
979	2	Farfetch'd-Farfetchd-Galar	1	0.5048	0.2926	0.0182	0.5707	0.0659	0.4389
979	3	Farfetch'd-Farfetchd-Galar	1	0.5203	0.3398	0.0395	0.5707	0.0504	0.4699
979	4	Sirfetch'd-Sirfetchd	2	0.5498	0.4256	-0.0693	0.5707	0.0209	0.5289
979	5	Sirfetch'd-Sirfetchd	2	0.5559	0.3522	-0.0065	0.5707	0.0148	0.5411
979	6	Sirfetch'd-Sirfetchd	2	0.5856	0.3495	0.1022	0.5707	0	0.5856
979	7	Sirfetch'd-Sirfetchd	2	0.596	0.4326	0.0991	0.5707	0	0.596
979	8	Sirfetch'd-Sirfetchd	2	0.5336	0.3667	0.0551	0.5707	0.0371	0.4965
979	9	Sirfetch'd-Sirfetchd	2	0.6146	0.4316	0.1348	0.5707	0	0.6146
979	10	Sirfetch'd-Sirfetchd	2	0.573	0.4267	0.0875	0.5707	0	0.573
979	11	Sirfetch'd-Sirfetchd	2	0.5415	0.4507	0.0246	0.5707	0.0292	0.5123
979	12	Sirfetch'd-Sirfetchd	2	0.5726	0.4661	0.1065	0.5707	0	0.5726
979	13	Sirfetch'd-Sirfetchd	2	0.5805	0.451	0.1094	0.5707	0	0.5805
979	14	Sirfetch'd-Sirfetchd	2	0.6888	0.4511	0.1838	0.5707	0	0.6888
979	15	Sirfetch'd-Sirfetchd	2	0.5121	0.4013	0.0095	0.5707	0.0586	0.4535
979	16	Sirfetch'd-Sirfetchd	2	0.6301	0.4359	0.1619	0.5707	0	0.6301
979	17	Sirfetch'd-Sirfetchd	2	0.5707	0.4102	0.1281	0.5707	0	0.5707
979	18	Sirfetch'd-Sirfetchd	2	0.5014	0.4104	0.0642	0.5707	0.0693	0.4321
979	19	Sirfetch'd-Sirfetchd	2	0.6501	0.441	0.2011	0.5707	0	0.6501
98	1	Krabby	1	0.485	0.4559	-0.1405	0.553	0.068	0.417
98	2	Krabby	1	0.4389	0.2801	0.0343	0.553	0.1141	0.3248
98	3	Kingler	2	0.5029	0.4341	-0.0301	0.553	0.0501	0.4528
98	4	Kingler	2	0.553	0.4053	-0.0661	0.553	0	0.553
98	5	Kingler	2	0.5661	0.4184	0.0063	0.553	0	0.5661
98	6	Kingler	2	0.472	0.2428	0.0452	0.553	0.081	0.391
98	7	Kingler	2	0.5688	0.3611	0.1132	0.553	0	0.5688
98	8	Kingler	2	0.432	0.2583	-0.1013	0.553	0.121	0.311
98	9	Kingler	2	0.5641	0.3535	0.0403	0.553	0	0.5641
98	10	Kingler	2	0.6275	0.3359	0.1124	0.553	0	0.6275
98	11	Kingler	2	0.509	0.2958	-0.0184	0.553	0.044	0.465
98	12	Kingler	2	0.5141	0.3265	0.0275	0.553	0.0389	0.4752
98	13	Kingler	2	0.6278	0.391	0.1151	0.553	0	0.6278
98	14	Kingler	2	0.5915	0.339	0.0673	0.553	0	0.5915
98	15	Kingler	2	0.5392	0.3549	0.0042	0.553	0.0138	0.5254
98	16	Kingler	2	0.583	0.3749	0.0828	0.553	0	0.583
98	17	Kingler	2	0.5703	0.405	0.0562	0.553	0	0.5703
98	18	Kingler	2	0.488	0.3625	0.0077	0.553	0.065	0.423
98	19	Kingler	2	0.5628	0.3756	0.0661	0.553	0	0.5628
982	13	Articuno-Galar	1	0.6669	0.5369	0.1839	0.6458	0	0.6669
982	14	Articuno-Galar	1	0.6925	0.4734	0.1934	0.6458	0	0.6925
982	15	Articuno-Galar	1	0.7054	0.625	0.1839	0.6458	0	0.7054
982	16	Articuno-Galar	1	0.6056	0.4945	0.1277	0.6458	0.0402	0.5654
982	17	Articuno-Galar	1	0.6431	0.4952	0.2006	0.6458	0.0027	0.6404
982	18	Articuno-Galar	1	0.6052	0.4776	0.1276	0.6458	0.0406	0.5646
982	19	Articuno-Galar	1	0.6458	0.5036	0.1614	0.6458	0	0.6458
983	13	Zapdos-Galar	1	0.5621	0.4521	0.091	0.6027	0.0406	0.5215
983	14	Zapdos-Galar	1	0.642	0.4608	0.137	0.6027	0	0.642
983	15	Zapdos-Galar	1	0.6027	0.3702	0.1001	0.6027	0	0.6027
983	16	Zapdos-Galar	1	0.6071	0.4682	0.1389	0.6027	0	0.6071
983	17	Zapdos-Galar	1	0.5733	0.4208	0.1307	0.6027	0.0294	0.5439
983	18	Zapdos-Galar	1	0.5224	0.3762	0.0852	0.6027	0.0803	0.4421
983	19	Zapdos-Galar	1	0.6105	0.3981	0.1615	0.6027	0	0.6105
984	13	Moltres-Galar	1	0.6612	0.4353	0.0995	0.6495	0	0.6612
984	14	Moltres-Galar	1	0.6495	0.3851	0.104	0.6495	0	0.6495
984	15	Moltres-Galar	1	0.6751	0.444	0.137	0.6495	0	0.6751
984	16	Moltres-Galar	1	0.6436	0.4288	0.1056	0.6495	0.0059	0.6377
984	17	Moltres-Galar	1	0.5166	0.3404	0.0173	0.6495	0.1329	0.3837
984	18	Moltres-Galar	1	0.5466	0.375	0.0422	0.6495	0.1029	0.4437
984	19	Moltres-Galar	1	0.6829	0.4062	0.1739	0.6495	0	0.6829
986	1	Corsola-Galar	1	0.5287	0.3858	-0.0438	0.626	0.0973	0.4314
986	2	Cursola	2	0.4592	0.3965	-0.0444	0.626	0.1668	0.2924
986	3	Cursola	2	0.5097	0.4243	0.0154	0.626	0.1163	0.3934
986	4	Cursola	2	0.4525	0.3808	-0.0569	0.626	0.1735	0.279
986	5	Cursola	2	0.5116	0.3823	0.0202	0.626	0.1144	0.3972
986	6	Cursola	2	0.6384	0.3915	0.1178	0.626	0	0.6384
986	7	Cursola	2	0.7026	0.3715	0.2126	0.626	0	0.7026
986	8	Cursola	2	0.6687	0.362	0.1805	0.626	0	0.6687
986	9	Cursola	2	0.6748	0.3646	0.1767	0.626	0	0.6748
986	10	Cursola	2	0.626	0.3129	0.1642	0.626	0	0.626
986	11	Cursola	2	0.633	0.3363	0.0837	0.626	0	0.633
986	12	Cursola	2	0.6687	0.348	0.217	0.626	0	0.6687
986	13	Cursola	2	0.636	0.343	0.153	0.626	0	0.636
986	14	Cursola	2	0.5869	0.2925	0.0878	0.626	0.0391	0.5478
986	15	Cursola	2	0.6384	0.3798	0.1169	0.626	0	0.6384
986	16	Cursola	2	0.5624	0.2991	0.0845	0.626	0.0636	0.4988
986	17	Cursola	2	0.5783	0.2896	0.1358	0.626	0.0477	0.5306
986	18	Cursola	2	0.7041	0.3643	0.2265	0.626	0	0.7041
986	19	Cursola	2	0.6248	0.3896	0.1404	0.626	0.0012	0.6236
987	1	Zigzagoon-Galar	1	0.3292	0.2731	-0.2963	0.5325	0.2033	0.1259
987	2	Linoone-Galar	2	0.4465	0.3921	-0.0783	0.5325	0.086	0.3605
987	3	Linoone-Galar	2	0.4316	0.3385	-0.1014	0.5325	0.1009	0.3307
987	4	Linoone-Galar	2	0.5417	0.4822	-0.0949	0.5325	0	0.5417
987	5	Linoone-Galar	2	0.5726	0.4933	0.037	0.5325	0	0.5726
987	6	Linoone-Galar	2	0.5209	0.3964	0.0375	0.5325	0.0116	0.5093
987	7	Obstagoon	3	0.5695	0.4556	0.0459	0.5325	0	0.5695
987	8	Obstagoon	3	0.5223	0.4209	0.0233	0.5325	0.0102	0.5121
987	9	Obstagoon	3	0.5325	0.4201	0.0087	0.5325	0	0.5325
987	10	Obstagoon	3	0.4782	0.3328	-0.0369	0.5325	0.0543	0.4239
987	11	Obstagoon	3	0.6341	0.4754	0.1067	0.5325	0	0.6341
987	12	Obstagoon	3	0.5495	0.3982	0.0629	0.5325	0	0.5495
987	13	Obstagoon	3	0.5587	0.4304	0.046	0.5325	0	0.5587
987	14	Obstagoon	3	0.6379	0.4448	0.1137	0.5325	0	0.6379
987	15	Obstagoon	3	0.5444	0.415	0.0094	0.5325	0	0.5444
987	16	Obstagoon	3	0.5131	0.3889	0.0129	0.5325	0.0194	0.4937
987	17	Obstagoon	3	0.4415	0.3073	-0.0726	0.5325	0.091	0.3505
987	18	Obstagoon	3	0.4789	0.3448	-0.0014	0.5325	0.0536	0.4253
987	19	Obstagoon	3	0.5384	0.4007	0.0417	0.5325	0	0.5384
989	3	Darumaka-Galar	1	0.4601	0.2381	-0.0207	0.5287	0.0686	0.3915
989	4	Darumaka-Galar	1	0.4727	0.3693	-0.0454	0.5287	0.056	0.4167
989	5	Darumaka-Galar	1	0.4843	0.3201	-0.0781	0.5287	0.0444	0.4399
989	6	Darmanitan-Galar-Standard	2	0.6288	0.42	0.1454	0.5287	0	0.6288
989	7	Darmanitan-Galar-Standard	2	0.5349	0.3697	0.038	0.5287	0	0.5349
989	8	Darmanitan-Galar-Standard	2	0.4555	0.3111	-0.023	0.5287	0.0732	0.3823
989	9	Darmanitan-Galar-Standard	2	0.5374	0.4007	0.0576	0.5287	0	0.5374
989	10	Darmanitan-Galar-Standard	2	0.5884	0.39	0.1029	0.5287	0	0.5884
989	11	Darmanitan-Galar-Standard	2	0.576	0.4283	0.0591	0.5287	0	0.576
989	12	Darmanitan-Galar-Standard	2	0.5529	0.4183	0.0868	0.5287	0	0.5529
989	13	Darmanitan-Galar-Standard	2	0.5287	0.3842	0.0576	0.5287	0	0.5287
989	14	Darmanitan-Galar-Standard	2	0.5294	0.3988	0.0244	0.5287	0	0.5294
989	15	Darmanitan-Galar-Standard	2	0.5741	0.4064	0.0715	0.5287	0	0.5741
989	16	Darmanitan-Galar-Standard	2	0.511	0.3835	0.0428	0.5287	0.0177	0.4933
989	17	Darmanitan-Galar-Standard	2	0.4906	0.3455	0.048	0.5287	0.0381	0.4525
989	18	Darmanitan-Galar-Standard	2	0.5023	0.3472	0.0651	0.5287	0.0264	0.4759
989	19	Darmanitan-Galar-Standard	2	0.4914	0.3401	0.0424	0.5287	0.0373	0.4541
991	2	Yamask-Galar	1	0.4016	0.3365	-0.1232	0.5345	0.1329	0.2687
991	3	Yamask-Galar	1	0.4308	0.3324	-0.1022	0.5345	0.1037	0.3271
991	4	Yamask-Galar	1	0.3185	0.2344	-0.0813	0.5345	0.216	0.1025
991	5	Yamask-Galar	1	0.3465	0.296	0.0012	0.5345	0.188	0.1585
991	6	Yamask-Galar	1	0.4054	0.2901	0.0193	0.5345	0.1291	0.2763
991	7	Runerigus	2	0.5898	0.3448	0.1543	0.5345	0	0.5898
991	8	Runerigus	2	0.49	0.3285	-0.009	0.5345	0.0445	0.4455
991	9	Runerigus	2	0.635	0.3848	0.1112	0.5345	0	0.635
991	10	Runerigus	2	0.6797	0.3887	0.1646	0.5345	0	0.6797
991	11	Runerigus	2	0.531	0.3336	0.0036	0.5345	0.0035	0.5275
991	12	Runerigus	2	0.5973	0.3721	0.1107	0.5345	0	0.5973
991	13	Runerigus	2	0.6587	0.3885	0.2586	0.5345	0	0.6587
991	14	Runerigus	2	0.6212	0.3423	0.2525	0.5345	0	0.6212
991	15	Runerigus	2	0.535	0.4113	0.1179	0.5345	0	0.535
991	16	Runerigus	2	0.5339	0.3469	0.1442	0.5345	0.0006	0.5333
991	17	Runerigus	2	0.6573	0.3816	0.2409	0.5345	0	0.6573
991	18	Runerigus	2	0.6662	0.423	0.2432	0.5345	0	0.6662
991	19	Runerigus	2	0.5059	0.3534	0.0913	0.5345	0.0286	0.4773
992	1	Stunfisk-Galar	1	0.5103	0.4526	-0.0622	0.5924	0.0821	0.4282
992	2	Stunfisk-Galar	1	0.4504	0.3759	-0.0532	0.5924	0.142	0.3084
992	3	Stunfisk-Galar	1	0.4778	0.3832	-0.0165	0.5924	0.1146	0.3632
992	4	Stunfisk-Galar	1	0.4123	0.3597	-0.0971	0.5924	0.1801	0.2322
992	5	Stunfisk-Galar	1	0.4654	0.3739	-0.097	0.5924	0.127	0.3384
992	6	Stunfisk-Galar	1	0.6745	0.4323	0.2353	0.5924	0	0.6745
992	7	Stunfisk-Galar	1	0.5785	0.3608	0.1684	0.5924	0.0139	0.5646
992	8	Stunfisk-Galar	1	0.4748	0.2771	0.0765	0.5924	0.1176	0.3572
992	9	Stunfisk-Galar	1	0.6746	0.3833	0.251	0.5924	0	0.6746
992	10	Stunfisk-Galar	1	0.6778	0.353	0.2678	0.5924	0	0.6778
992	11	Stunfisk-Galar	1	0.6073	0.3513	0.1853	0.5924	0	0.6073
992	12	Stunfisk-Galar	1	0.7404	0.3817	0.342	0.5924	0	0.7404
992	13	Stunfisk-Galar	1	0.7527	0.3711	0.3291	0.5924	0	0.7527
992	14	Stunfisk-Galar	1	0.5471	0.3059	0.1196	0.5924	0.0453	0.5018
992	15	Stunfisk-Galar	1	0.6073	0.4033	0.16	0.5924	0	0.6073
992	16	Stunfisk-Galar	1	0.5081	0.2913	0.104	0.5924	0.0843	0.4238
992	17	Stunfisk-Galar	1	0.5924	0.3628	0.2058	0.5924	0	0.5924
992	18	Stunfisk-Galar	1	0.5927	0.3399	0.1449	0.5924	0	0.5927
992	19	Stunfisk-Galar	1	0.605	0.3305	0.2074	0.5924	0	0.605
993	3	Growlithe-Hisui	1	0.4751	0.2821	-0.0686	0.4988	0.0237	0.4514
993	4	Growlithe-Hisui	1	0.3559	0.2343	-0.2807	0.4988	0.1429	0.213
993	5	Growlithe-Hisui	1	0.484	0.2635	-0.0516	0.4988	0.0148	0.4692
993	6	Arcanine-Hisui	2	0.7852	0.4905	0.2947	0.4988	0	0.7852
993	7	Arcanine-Hisui	2	0.487	0.3209	-0.0366	0.4988	0.0118	0.4752
993	8	Arcanine-Hisui	2	0.5255	0.32	0.0265	0.4988	0	0.5255
993	9	Arcanine-Hisui	2	0.5473	0.3999	0.0235	0.4988	0	0.5473
993	10	Arcanine-Hisui	2	0.483	0.3214	-0.0321	0.4988	0.0158	0.4672
993	11	Arcanine-Hisui	2	0.4502	0.3194	-0.0772	0.4988	0.0486	0.4016
993	12	Arcanine-Hisui	2	0.5289	0.3866	0.0423	0.4988	0	0.5289
993	13	Arcanine-Hisui	2	0.6437	0.4236	0.131	0.4988	0	0.6437
993	14	Arcanine-Hisui	2	0.4897	0.3002	-0.0345	0.4988	0.0091	0.4806
993	15	Arcanine-Hisui	2	0.6164	0.4002	0.0814	0.4988	0	0.6164
993	16	Arcanine-Hisui	2	0.4622	0.3175	-0.038	0.4988	0.0366	0.4256
993	17	Arcanine-Hisui	2	0.4988	0.3746	-0.0153	0.4988	0	0.4988
993	18	Arcanine-Hisui	2	0.5296	0.3468	0.0493	0.4988	0	0.5296
993	19	Arcanine-Hisui	2	0.5528	0.3665	0.0561	0.4988	0	0.5528
995	3	Voltorb-Hisui	1	0.3717	0.3418	-0.1613	0.5928	0.2211	0.1506
995	4	Voltorb-Hisui	1	0.3492	0.3278	-0.2699	0.5928	0.2436	0.1056
995	5	Voltorb-Hisui	1	0.4483	0.3736	-0.1187	0.5928	0.1445	0.3038
995	6	Electrode-Hisui	2	0.7044	0.4606	0.1838	0.5928	0	0.7044
995	7	Electrode-Hisui	2	0.5788	0.4814	0.0888	0.5928	0.014	0.5648
995	8	Electrode-Hisui	2	0.5702	0.3731	0.082	0.5928	0.0226	0.5476
995	9	Electrode-Hisui	2	0.628	0.4367	0.1299	0.5928	0	0.628
995	10	Electrode-Hisui	2	0.612	0.4542	0.1502	0.5928	0	0.612
995	11	Electrode-Hisui	2	0.6698	0.4361	0.1205	0.5928	0	0.6698
995	12	Electrode-Hisui	2	0.5928	0.4309	0.1411	0.5928	0	0.5928
995	13	Electrode-Hisui	2	0.6279	0.4288	0.1449	0.5928	0	0.6279
995	14	Electrode-Hisui	2	0.5837	0.4565	0.0846	0.5928	0.0091	0.5746
995	15	Electrode-Hisui	2	0.6843	0.4848	0.1628	0.5928	0	0.6843
995	16	Electrode-Hisui	2	0.5955	0.4779	0.1176	0.5928	0	0.5955
995	17	Electrode-Hisui	2	0.6365	0.4425	0.194	0.5928	0	0.6365
995	18	Electrode-Hisui	2	0.5816	0.4746	0.104	0.5928	0.0112	0.5704
995	19	Electrode-Hisui	2	0.59	0.4255	0.1056	0.5928	0.0028	0.5872
998	1	Qwilfish-Hisui	1	0.57	0.4387	0.0839	0.6532	0.0832	0.4868
998	2	Qwilfish-Hisui	1	0.597	0.4866	0.1104	0.6532	0.0562	0.5408
998	3	Qwilfish-Hisui	1	0.5548	0.4455	0.0218	0.6532	0.0984	0.4564
998	4	Overqwil	2	0.5314	0.4532	0.0011	0.6532	0.1218	0.4096
998	5	Overqwil	2	0.6073	0.4273	0.1257	0.6532	0.0459	0.5614
998	6	Overqwil	2	0.7331	0.3938	0.2939	0.6532	0	0.7331
998	7	Overqwil	2	0.5688	0.3635	0.1587	0.6532	0.0844	0.4844
998	8	Overqwil	2	0.7179	0.3898	0.3196	0.6532	0	0.7179
998	9	Overqwil	2	0.7559	0.4236	0.3323	0.6532	0	0.7559
998	10	Overqwil	2	0.6957	0.4449	0.2857	0.6532	0	0.6957
998	11	Overqwil	2	0.716	0.3784	0.294	0.6532	0	0.716
998	12	Overqwil	2	0.612	0.3719	0.1459	0.6532	0.0412	0.5708
998	13	Overqwil	2	0.6907	0.4935	0.2671	0.6532	0	0.6907
998	14	Overqwil	2	0.7378	0.4757	0.3103	0.6532	0	0.7378
998	15	Overqwil	2	0.6858	0.4634	0.2385	0.6532	0	0.6858
998	16	Overqwil	2	0.6532	0.3664	0.2491	0.6532	0	0.6532
998	17	Overqwil	2	0.6316	0.4266	0.189	0.6532	0.0216	0.61
998	18	Overqwil	2	0.6399	0.3713	0.1921	0.6532	0.0133	0.6266
998	19	Overqwil	2	0.7128	0.3998	0.3152	0.6532	0	0.7128
999	3	Sneasel-Hisui	1	0.5712	0.4917	0.0382	0.6134	0.0422	0.529
999	4	Sneasel-Hisui	1	0.5491	0.4686	-0.07	0.6134	0.0643	0.4848
999	5	Sneasel-Hisui	1	0.5099	0.4163	-0.0257	0.6134	0.1035	0.4064
999	6	Sneasel-Hisui	1	0.6134	0.3691	0.13	0.6134	0	0.6134
999	7	Sneasel-Hisui	1	0.5566	0.3767	0.0597	0.6134	0.0568	0.4998
999	8	Sneasler	2	0.6885	0.4041	0.21	0.6134	0	0.6885
999	9	Sneasler	2	0.6501	0.4422	0.1703	0.6134	0	0.6501
999	10	Sneasler	2	0.6588	0.4328	0.1733	0.6134	0	0.6588
999	11	Sneasler	2	0.6822	0.4302	0.1653	0.6134	0	0.6822
999	12	Sneasler	2	0.6252	0.452	0.1591	0.6134	0	0.6252
999	13	Sneasler	2	0.5461	0.414	0.075	0.6134	0.0673	0.4788
999	14	Sneasler	2	0.6755	0.4798	0.1705	0.6134	0	0.6755
999	15	Sneasler	2	0.5577	0.3732	0.0551	0.6134	0.0557	0.502
999	16	Sneasler	2	0.6265	0.4301	0.1583	0.6134	0	0.6265
999	17	Sneasler	2	0.5427	0.4223	0.1001	0.6134	0.0707	0.472
999	18	Sneasler	2	0.604	0.4016	0.1668	0.6134	0.0094	0.5946
999	19	Sneasler	2	0.6502	0.4188	0.2012	0.6134	0	0.6502
